[INFO] [launch]: All log files can be found below /home/sanket/.ros/log/2026-07-27-17-17-55-438038-sanket-Victus-by-HP-Laptop-16-d0xxx-12497
[INFO] [launch]: Default logging verbosity is set to INFO
[INFO] [gzserver-1]: process started with pid [12499]
[INFO] [gzclient-2]: process started with pid [12501]
[INFO] [rviz2-3]: process started with pid [12503]
[INFO] [map_server-4]: process started with pid [12505]
[INFO] [lifecycle_manager-5]: process started with pid [12507]
[INFO] [robot_state_publisher-6]: process started with pid [12509]
[INFO] [spawn_entity.py-7]: process started with pid [12511]
[INFO] [ekf_node-8]: process started with pid [12513]
[INFO] [amcl-9]: process started with pid [12515]
[INFO] [tf_to_odom-10]: process started with pid [12517]
[INFO] [ros2-11]: process started with pid [12519]
[lifecycle_manager-5] [INFO] [1785152875.621238418] [lifecycle_manager_localization]: Creating
[lifecycle_manager-5] [INFO] [1785152875.634971206] [lifecycle_manager_localization]: [34m[1mCreating and initializing lifecycle service clients[0m[0m
[amcl-9] [INFO] [1785152875.653900162] [amcl3]: 
[amcl-9] 	amcl3 lifecycle node launched. 
[amcl-9] 	Waiting on external lifecycle transitions to activate
[amcl-9] 	See https://design.ros2.org/articles/node_lifecycle.html for more information.
[amcl-9] [INFO] [1785152875.654397907] [amcl3]: Creating
[map_server-4] [INFO] [1785152875.678595722] [map_server]: 
[map_server-4] 	map_server lifecycle node launched. 
[map_server-4] 	Waiting on external lifecycle transitions to activate
[map_server-4] 	See https://design.ros2.org/articles/node_lifecycle.html for more information.
[map_server-4] [INFO] [1785152875.678752901] [map_server]: Creating
[robot_state_publisher-6] [INFO] [1785152875.868824143] [robot3.robot_state_publisher]: got segment robot3/AGV_Body-v1
[robot_state_publisher-6] [INFO] [1785152875.868964789] [robot3.robot_state_publisher]: got segment robot3/ZLtech_6.5inch-v3
[robot_state_publisher-6] [INFO] [1785152875.868973588] [robot3.robot_state_publisher]: got segment robot3/ZLtech_6.5inch-v3-1
[robot_state_publisher-6] [INFO] [1785152875.868980152] [robot3.robot_state_publisher]: got segment robot3/base_link
[robot_state_publisher-6] [INFO] [1785152875.868985359] [robot3.robot_state_publisher]: got segment robot3/caster_back
[robot_state_publisher-6] [INFO] [1785152875.868990233] [robot3.robot_state_publisher]: got segment robot3/caster_front
[robot_state_publisher-6] [INFO] [1785152875.868995478] [robot3.robot_state_publisher]: got segment robot3/front_indicator
[robot_state_publisher-6] [INFO] [1785152875.869000341] [robot3.robot_state_publisher]: got segment robot3/laser_frame
[robot_state_publisher-6] [INFO] [1785152875.869011315] [robot3.robot_state_publisher]: got segment robot3/scanner-v2
[ros2-11] [INFO] [launch]: All log files can be found below /home/sanket/.ros/log/2026-07-27-17-17-55-975012-sanket-Victus-by-HP-Laptop-16-d0xxx-12519
[ros2-11] [INFO] [launch]: Default logging verbosity is set to INFO
[lifecycle_manager-5] [INFO] [1785152876.110999498] [lifecycle_manager_localization]: [34m[1mStarting managed nodes bringup...[0m[0m
[lifecycle_manager-5] [INFO] [1785152876.111072729] [lifecycle_manager_localization]: [34m[1mConfiguring map_server[0m[0m
[map_server-4] [INFO] [1785152876.113178652] [map_server]: Configuring
[map_server-4] [INFO] [1785152876.113251059] [map_io]: Loading yaml file: /home/sanket/Documents/XP_Robotics/StepFile_gazebo/AGV/agv_simulation_workspace/install/agv/share/agv/maps/my_new_map.yaml
[map_server-4] [INFO] [1785152876.113484899] [map_io]: resolution: 0.05
[map_server-4] [INFO] [1785152876.113493603] [map_io]: origin[0]: -7.275
[map_server-4] [INFO] [1785152876.113496836] [map_io]: origin[1]: -6.625
[map_server-4] [INFO] [1785152876.113499747] [map_io]: origin[2]: 0
[map_server-4] [INFO] [1785152876.113503292] [map_io]: free_thresh: 0.25
[map_server-4] [INFO] [1785152876.113506227] [map_io]: occupied_thresh: 0.65
[map_server-4] [INFO] [1785152876.113509678] [map_io]: mode: trinary
[map_server-4] [INFO] [1785152876.113517800] [map_io]: negate: 0
[map_server-4] [INFO] [1785152876.113677070] [map_io]: Loading image_file: /home/sanket/Documents/XP_Robotics/StepFile_gazebo/AGV/agv_simulation_workspace/install/agv/share/agv/maps/my_new_map.pgm
[map_server-4] [INFO] [1785152876.126435227] [map_io]: Read map /home/sanket/Documents/XP_Robotics/StepFile_gazebo/AGV/agv_simulation_workspace/install/agv/share/agv/maps/my_new_map.pgm: 275 X 241 map @ 0.05 m/cell
[lifecycle_manager-5] [INFO] [1785152876.149532226] [lifecycle_manager_localization]: [34m[1mConfiguring amcl3[0m[0m
[amcl-9] [INFO] [1785152876.150210199] [amcl3]: Configuring
[amcl-9] [INFO] [1785152876.150875502] [amcl3]: initTransforms
[amcl-9] [INFO] [1785152876.184902403] [amcl3]: initPubSub
[amcl-9] [INFO] [1785152876.205343792] [amcl3]: Subscribed to map topic.
[lifecycle_manager-5] [INFO] [1785152876.217132279] [lifecycle_manager_localization]: [34m[1mActivating map_server[0m[0m
[map_server-4] [INFO] [1785152876.217308863] [map_server]: Activating
[map_server-4] [INFO] [1785152876.217560778] [map_server]: Creating bond (map_server) to lifecycle manager.
[amcl-9] [INFO] [1785152876.217756702] [amcl3]: Received a 275 X 241 map @ 0.050 m/pix
[ros2-11] [INFO] [controller_server-1]: process started with pid [12625]
[ros2-11] [INFO] [smoother_server-2]: process started with pid [12627]
[ros2-11] [INFO] [planner_server-3]: process started with pid [12629]
[ros2-11] [INFO] [behavior_server-4]: process started with pid [12631]
[ros2-11] [INFO] [bt_navigator-5]: process started with pid [12635]
[ros2-11] [INFO] [waypoint_follower-6]: process started with pid [12638]
[ros2-11] [INFO] [velocity_smoother-7]: process started with pid [12647]
[ros2-11] [INFO] [lifecycle_manager-8]: process started with pid [12649]
[lifecycle_manager-5] [INFO] [1785152876.277941981] [lifecycle_manager_localization]: Server map_server connected with bond.
[lifecycle_manager-5] [INFO] [1785152876.278025218] [lifecycle_manager_localization]: [34m[1mActivating amcl3[0m[0m
[amcl-9] [INFO] [1785152876.282865632] [amcl3]: Activating
[amcl-9] [INFO] [1785152876.283000072] [amcl3]: initialPoseReceived
[amcl-9] [INFO] [1785152876.283152072] [amcl3]: Setting pose (0.000000): 0.000 3.000 0.000
[amcl-9] [INFO] [1785152876.283730403] [amcl3]: Creating bond (amcl3) to lifecycle manager.
[lifecycle_manager-5] [INFO] [1785152876.346775655] [lifecycle_manager_localization]: Server amcl3 connected with bond.
[lifecycle_manager-5] [INFO] [1785152876.346928731] [lifecycle_manager_localization]: [34m[1mManaged nodes are active[0m[0m
[lifecycle_manager-5] [INFO] [1785152876.346948539] [lifecycle_manager_localization]: [34m[1mCreating bond timer...[0m[0m
[ros2-11] [smoother_server-2] [INFO] [1785152876.355692371] [robot3.smoother_server]: 
[ros2-11] [smoother_server-2] 	smoother_server lifecycle node launched. 
[ros2-11] [smoother_server-2] 	Waiting on external lifecycle transitions to activate
[ros2-11] [smoother_server-2] 	See https://design.ros2.org/articles/node_lifecycle.html for more information.
[ros2-11] [smoother_server-2] [INFO] [1785152876.357220414] [robot3.smoother_server]: Creating smoother server
[ros2-11] [planner_server-3] [INFO] [1785152876.372500636] [robot3.planner_server]: 
[ros2-11] [planner_server-3] 	planner_server lifecycle node launched. 
[ros2-11] [planner_server-3] 	Waiting on external lifecycle transitions to activate
[ros2-11] [planner_server-3] 	See https://design.ros2.org/articles/node_lifecycle.html for more information.
[ros2-11] [planner_server-3] [INFO] [1785152876.374101257] [robot3.planner_server]: Creating
[ros2-11] [planner_server-3] [INFO] [1785152876.476040070] [robot3.global_costmap.global_costmap]: 
[ros2-11] [planner_server-3] 	global_costmap lifecycle node launched. 
[ros2-11] [planner_server-3] 	Waiting on external lifecycle transitions to activate
[ros2-11] [planner_server-3] 	See https://design.ros2.org/articles/node_lifecycle.html for more information.
[ros2-11] [planner_server-3] [INFO] [1785152876.478979781] [robot3.global_costmap.global_costmap]: Creating Costmap
[ros2-11] [waypoint_follower-6] [INFO] [1785152876.485782931] [robot3.waypoint_follower]: 
[ros2-11] [waypoint_follower-6] 	waypoint_follower lifecycle node launched. 
[ros2-11] [waypoint_follower-6] 	Waiting on external lifecycle transitions to activate
[ros2-11] [waypoint_follower-6] 	See https://design.ros2.org/articles/node_lifecycle.html for more information.
[ros2-11] [waypoint_follower-6] [INFO] [1785152876.500330998] [robot3.waypoint_follower]: Creating
[ros2-11] [behavior_server-4] [INFO] [1785152876.505371179] [robot3.behavior_server]: 
[ros2-11] [behavior_server-4] 	behavior_server lifecycle node launched. 
[ros2-11] [behavior_server-4] 	Waiting on external lifecycle transitions to activate
[ros2-11] [behavior_server-4] 	See https://design.ros2.org/articles/node_lifecycle.html for more information.
[ros2-11] [lifecycle_manager-8] [INFO] [1785152876.506499858] [robot3.lifecycle_manager_navigation]: Creating
[ros2-11] [velocity_smoother-7] [INFO] [1785152876.507447889] [robot3.velocity_smoother]: 
[ros2-11] [velocity_smoother-7] 	velocity_smoother lifecycle node launched. 
[ros2-11] [velocity_smoother-7] 	Waiting on external lifecycle transitions to activate
[ros2-11] [velocity_smoother-7] 	See https://design.ros2.org/articles/node_lifecycle.html for more information.
[ros2-11] [lifecycle_manager-8] [INFO] [1785152876.508750366] [robot3.lifecycle_manager_navigation]: [34m[1mCreating and initializing lifecycle service clients[0m[0m
[ros2-11] [controller_server-1] [INFO] [1785152876.528207918] [robot3.controller_server]: 
[ros2-11] [controller_server-1] 	controller_server lifecycle node launched. 
[ros2-11] [controller_server-1] 	Waiting on external lifecycle transitions to activate
[ros2-11] [controller_server-1] 	See https://design.ros2.org/articles/node_lifecycle.html for more information.
[ros2-11] [controller_server-1] [INFO] [1785152876.549427121] [robot3.controller_server]: Creating controller server
[ros2-11] [bt_navigator-5] [INFO] [1785152876.605355769] [robot3.bt_navigator]: 
[ros2-11] [bt_navigator-5] 	bt_navigator lifecycle node launched. 
[ros2-11] [bt_navigator-5] 	Waiting on external lifecycle transitions to activate
[ros2-11] [bt_navigator-5] 	See https://design.ros2.org/articles/node_lifecycle.html for more information.
[ros2-11] [bt_navigator-5] [INFO] [1785152876.606306504] [robot3.bt_navigator]: Creating
[ros2-11] [controller_server-1] [INFO] [1785152876.756687685] [robot3.local_costmap.local_costmap]: 
[ros2-11] [controller_server-1] 	local_costmap lifecycle node launched. 
[ros2-11] [controller_server-1] 	Waiting on external lifecycle transitions to activate
[ros2-11] [controller_server-1] 	See https://design.ros2.org/articles/node_lifecycle.html for more information.
[ros2-11] [controller_server-1] [INFO] [1785152876.757273052] [robot3.local_costmap.local_costmap]: Creating Costmap
[spawn_entity.py-7] [INFO] [1785152876.763654634] [spawn_entity]: Spawn Entity started
[spawn_entity.py-7] [INFO] [1785152876.764143533] [spawn_entity]: Loading entity published on topic /robot3/robot_description
[spawn_entity.py-7] [INFO] [1785152876.788648281] [spawn_entity]: Waiting for entity xml on /robot3/robot_description
[tf_to_odom-10] [INFO] [1785152877.107466601] [robot3.tf_to_odom]: Publishing TF (map -> robot3/base_link) to odometry/filtered
[rviz2-3] [INFO] [1785152877.266429917] [rviz2]: Stereo is NOT SUPPORTED
[rviz2-3] [INFO] [1785152877.266583656] [rviz2]: OpenGl version: 4.6 (GLSL 4.6)
[rviz2-3] [INFO] [1785152877.286555283] [rviz2]: Stereo is NOT SUPPORTED
[ros2-11] [lifecycle_manager-8] [INFO] [1785152877.597504488] [robot3.lifecycle_manager_navigation]: [34m[1mStarting managed nodes bringup...[0m[0m
[ros2-11] [lifecycle_manager-8] [INFO] [1785152877.597580945] [robot3.lifecycle_manager_navigation]: [34m[1mConfiguring controller_server[0m[0m
[ros2-11] [controller_server-1] [INFO] [1785152877.598077498] [robot3.controller_server]: Configuring controller interface
[ros2-11] [controller_server-1] [INFO] [1785152877.600590757] [robot3.controller_server]: getting goal checker plugins..
[ros2-11] [controller_server-1] [INFO] [1785152877.602866919] [robot3.controller_server]: Controller frequency set to 20.0000Hz
[ros2-11] [controller_server-1] [INFO] [1785152877.602975378] [robot3.local_costmap.local_costmap]: Configuring
[ros2-11] [controller_server-1] [INFO] [1785152877.624807598] [robot3.local_costmap.local_costmap]: Using plugin "voxel_layer"
[ros2-11] [controller_server-1] [INFO] [1785152877.629532158] [robot3.local_costmap.local_costmap]: Subscribed to Topics: scan
[ros2-11] [controller_server-1] [INFO] [1785152877.654306610] [robot3.local_costmap.local_costmap]: Initialized plugin "voxel_layer"
[ros2-11] [controller_server-1] [INFO] [1785152877.654365257] [robot3.local_costmap.local_costmap]: Using plugin "inflation_layer"
[ros2-11] [controller_server-1] [INFO] [1785152877.657446820] [robot3.local_costmap.local_costmap]: Initialized plugin "inflation_layer"
[ros2-11] [controller_server-1] [INFO] [1785152877.682535130] [robot3.controller_server]: Created progress_checker : progress_checker of type nav2_controller::SimpleProgressChecker
[ros2-11] [controller_server-1] [INFO] [1785152877.684099108] [robot3.controller_server]: Created goal checker : general_goal_checker of type nav2_controller::SimpleGoalChecker
[ros2-11] [controller_server-1] [INFO] [1785152877.684441915] [robot3.controller_server]: Controller Server has general_goal_checker  goal checkers available.
[ros2-11] [controller_server-1] [INFO] [1785152877.685481274] [robot3.controller_server]: Created controller : FollowPath of type nav2_regulated_pure_pursuit_controller::RegulatedPurePursuitController
[ros2-11] [controller_server-1] [INFO] [1785152877.690759158] [robot3.controller_server]: Controller Server has FollowPath  controllers available.
[ros2-11] [lifecycle_manager-8] [INFO] [1785152877.715547249] [robot3.lifecycle_manager_navigation]: [34m[1mConfiguring smoother_server[0m[0m
[ros2-11] [smoother_server-2] [INFO] [1785152877.716001279] [robot3.smoother_server]: Configuring smoother server
[ros2-11] [smoother_server-2] [INFO] [1785152877.737391750] [robot3.smoother_server]: Created smoother : simple_smoother of type nav2_smoother::SimpleSmoother
[ros2-11] [smoother_server-2] [INFO] [1785152877.738570881] [robot3.smoother_server]: Smoother Server has simple_smoother  smoothers available.
[ros2-11] [lifecycle_manager-8] [INFO] [1785152877.759958313] [robot3.lifecycle_manager_navigation]: [34m[1mConfiguring planner_server[0m[0m
[ros2-11] [planner_server-3] [INFO] [1785152877.760345214] [robot3.planner_server]: Configuring
[ros2-11] [planner_server-3] [INFO] [1785152877.760404636] [robot3.global_costmap.global_costmap]: Configuring
[ros2-11] [planner_server-3] [INFO] [1785152877.777575989] [robot3.global_costmap.global_costmap]: Using plugin "static_layer"
[ros2-11] [planner_server-3] [INFO] [1785152877.781033065] [robot3.global_costmap.global_costmap]: Subscribing to the map topic (/map) with transient local durability
[ros2-11] [planner_server-3] [INFO] [1785152877.784324888] [robot3.global_costmap.global_costmap]: Initialized plugin "static_layer"
[ros2-11] [planner_server-3] [INFO] [1785152877.784415697] [robot3.global_costmap.global_costmap]: Using plugin "obstacle_layer"
[ros2-11] [planner_server-3] [INFO] [1785152877.785078698] [robot3.global_costmap.global_costmap]: Subscribed to Topics: scan
[ros2-11] [planner_server-3] [INFO] [1785152877.791762803] [robot3.global_costmap.global_costmap]: Initialized plugin "obstacle_layer"
[ros2-11] [planner_server-3] [INFO] [1785152877.791879254] [robot3.global_costmap.global_costmap]: Using plugin "inflation_layer"
[ros2-11] [planner_server-3] [INFO] [1785152877.792728302] [robot3.global_costmap.global_costmap]: Initialized plugin "inflation_layer"
[ros2-11] [planner_server-3] [INFO] [1785152877.816040404] [robot3.planner_server]: Created global planner plugin GridBased of type nav2_navfn_planner/NavfnPlanner
[ros2-11] [planner_server-3] [INFO] [1785152877.816109604] [robot3.planner_server]: Configuring plugin GridBased of type NavfnPlanner
[ros2-11] [planner_server-3] [INFO] [1785152877.818187010] [robot3.planner_server]: Planner Server has GridBased  planners available.
[ros2-11] [lifecycle_manager-8] [INFO] [1785152877.859752926] [robot3.lifecycle_manager_navigation]: [34m[1mConfiguring behavior_server[0m[0m
[ros2-11] [planner_server-3] [INFO] [1785152878.283343429] [robot3.global_costmap.global_costmap]: StaticLayer: Resizing costmap to 275 X 241 at 0.050000 m/pix
[rviz2-3] [INFO] [1785152878.368800237] [rviz2]: Trying to create a map of size 275 x 241 using 1 swatches
[ros2-11] [behavior_server-4] [INFO] [1785152878.463329520] [robot3.behavior_server]: Configuring
[ros2-11] [behavior_server-4] [INFO] [1785152878.475455126] [robot3.behavior_server]: Creating behavior plugin spin of type nav2_behaviors/Spin
[ros2-11] [behavior_server-4] [INFO] [1785152878.476354095] [robot3.behavior_server]: Configuring spin
[ros2-11] [behavior_server-4] [INFO] [1785152878.488094314] [robot3.behavior_server]: Creating behavior plugin backup of type nav2_behaviors/BackUp
[ros2-11] [behavior_server-4] [INFO] [1785152878.488933836] [robot3.behavior_server]: Configuring backup
[ros2-11] [behavior_server-4] [INFO] [1785152878.498172936] [robot3.behavior_server]: Creating behavior plugin drive_on_heading of type nav2_behaviors/DriveOnHeading
[ros2-11] [behavior_server-4] [INFO] [1785152878.499502461] [robot3.behavior_server]: Configuring drive_on_heading
[ros2-11] [behavior_server-4] [INFO] [1785152878.507223240] [robot3.behavior_server]: Creating behavior plugin assisted_teleop of type nav2_behaviors/AssistedTeleop
[ros2-11] [behavior_server-4] [INFO] [1785152878.508564138] [robot3.behavior_server]: Configuring assisted_teleop
[ros2-11] [behavior_server-4] [INFO] [1785152878.517473246] [robot3.behavior_server]: Creating behavior plugin wait of type nav2_behaviors/Wait
[ros2-11] [behavior_server-4] [INFO] [1785152878.518273670] [robot3.behavior_server]: Configuring wait
[ros2-11] [lifecycle_manager-8] [INFO] [1785152878.525761755] [robot3.lifecycle_manager_navigation]: [34m[1mConfiguring bt_navigator[0m[0m
[ros2-11] [bt_navigator-5] [INFO] [1785152878.526269204] [robot3.bt_navigator]: Configuring
[ros2-11] [lifecycle_manager-8] [INFO] [1785152878.583564986] [robot3.lifecycle_manager_navigation]: [34m[1mConfiguring waypoint_follower[0m[0m
[ros2-11] [waypoint_follower-6] [INFO] [1785152878.699200676] [robot3.waypoint_follower]: Configuring
[ros2-11] [waypoint_follower-6] [INFO] [1785152878.716351350] [robot3.waypoint_follower]: Created waypoint_task_executor : wait_at_waypoint of type nav2_waypoint_follower::WaitAtWaypoint
[ros2-11] [lifecycle_manager-8] [INFO] [1785152878.717314671] [robot3.lifecycle_manager_navigation]: [34m[1mConfiguring velocity_smoother[0m[0m
[ros2-11] [velocity_smoother-7] [INFO] [1785152878.717647740] [robot3.velocity_smoother]: Configuring velocity smoother
[ros2-11] [lifecycle_manager-8] [INFO] [1785152878.723744330] [robot3.lifecycle_manager_navigation]: [34m[1mActivating controller_server[0m[0m
[ros2-11] [controller_server-1] [INFO] [1785152878.724027940] [robot3.controller_server]: Activating
[ros2-11] [controller_server-1] [INFO] [1785152878.724093527] [robot3.local_costmap.local_costmap]: Activating
[ros2-11] [controller_server-1] [INFO] [1785152878.724113039] [robot3.local_costmap.local_costmap]: Checking transform
[ros2-11] [controller_server-1] [INFO] [1785152878.724146188] [robot3.local_costmap.local_costmap]: Timed out waiting for transform from robot3/base_link to robot3/odom to become available, tf error: Invalid frame ID "robot3/odom" passed to canTransform argument target_frame - frame does not exist
[spawn_entity.py-7] [INFO] [1785152878.974896466] [spawn_entity]: Waiting for service /spawn_entity, timeout = 30
[spawn_entity.py-7] [INFO] [1785152878.975172005] [spawn_entity]: Waiting for service /spawn_entity
[spawn_entity.py-7] [INFO] [1785152878.980256579] [spawn_entity]: Calling service /spawn_entity
[ros2-11] [controller_server-1] [INFO] [1785152879.224199033] [robot3.local_costmap.local_costmap]: Timed out waiting for transform from robot3/base_link to robot3/odom to become available, tf error: Invalid frame ID "robot3/odom" passed to canTransform argument target_frame - frame does not exist
[spawn_entity.py-7] [INFO] [1785152879.239843699] [spawn_entity]: Spawn status: SpawnEntity: Successfully spawned entity [robot3]
[gzserver-1] [INFO] [1785152879.395471463] [robot3.diff_drive]: Wheel pair 1 separation set to [0.560000m]
[gzserver-1] [INFO] [1785152879.396276527] [robot3.diff_drive]: Wheel pair 1 diameter set to [0.165000m]
[gzserver-1] [INFO] [1785152879.401337103] [robot3.diff_drive]: Subscribed to [/robot3/cmd_vel]
[gzserver-1] [INFO] [1785152879.405378782] [robot3.diff_drive]: Advertise odometry on [/robot3/odom]
[gzserver-1] [INFO] [1785152879.434922823] [robot3.joint_state]: Going to publish joint [robot3/AGV_Body-v1_Revolute-2]
[gzserver-1] [INFO] [1785152879.435003681] [robot3.joint_state]: Going to publish joint [robot3/AGV_Body-v1_Revolute-3]
[INFO] [spawn_entity.py-7]: process has finished cleanly [pid 12511]
[ros2-11] [controller_server-1] [INFO] [1785152879.724233241] [robot3.local_costmap.local_costmap]: start
[ros2-11] [controller_server-1] [INFO] [1785152879.926146032] [robot3.controller_server]: Activating controller: FollowPath of type regulated_pure_pursuit_controller::RegulatedPurePursuitController
[ros2-11] [controller_server-1] [INFO] [1785152879.926187816] [robot3.controller_server]: Creating bond (controller_server) to lifecycle manager.
[ros2-11] [lifecycle_manager-8] [INFO] [1785152879.976178623] [robot3.lifecycle_manager_navigation]: Server controller_server connected with bond.
[ros2-11] [lifecycle_manager-8] [INFO] [1785152879.976237688] [robot3.lifecycle_manager_navigation]: [34m[1mActivating smoother_server[0m[0m
[ros2-11] [smoother_server-2] [INFO] [1785152879.976755129] [robot3.smoother_server]: Activating
[ros2-11] [smoother_server-2] [INFO] [1785152879.976800998] [robot3.smoother_server]: Creating bond (smoother_server) to lifecycle manager.
[ros2-11] [lifecycle_manager-8] [INFO] [1785152880.084370358] [robot3.lifecycle_manager_navigation]: Server smoother_server connected with bond.
[ros2-11] [lifecycle_manager-8] [INFO] [1785152880.084418726] [robot3.lifecycle_manager_navigation]: [34m[1mActivating planner_server[0m[0m
[ros2-11] [planner_server-3] [INFO] [1785152880.084878679] [robot3.planner_server]: Activating
[ros2-11] [planner_server-3] [INFO] [1785152880.084924449] [robot3.global_costmap.global_costmap]: Activating
[ros2-11] [planner_server-3] [INFO] [1785152880.084934924] [robot3.global_costmap.global_costmap]: Checking transform
[ros2-11] [planner_server-3] [INFO] [1785152880.084968754] [robot3.global_costmap.global_costmap]: Timed out waiting for transform from robot3/base_link to map to become available, tf error: Invalid frame ID "map" passed to canTransform argument target_frame - frame does not exist
[amcl-9] [INFO] [1785152880.196151676] [amcl3]: createLaserObject
[ros2-11] [planner_server-3] [INFO] [1785152880.585043150] [robot3.global_costmap.global_costmap]: Timed out waiting for transform from robot3/base_link to map to become available, tf error: Lookup would require extrapolation into the past.  Requested time 1.983000 but the earliest data is at time 2.643000, when looking up transform from frame [robot3/base_link] to frame [map]
[ros2-11] [planner_server-3] [INFO] [1785152881.085028867] [robot3.global_costmap.global_costmap]: Timed out waiting for transform from robot3/base_link to map to become available, tf error: Lookup would require extrapolation into the past.  Requested time 2.485000 but the earliest data is at time 2.643000, when looking up transform from frame [robot3/base_link] to frame [map]
[ros2-11] [planner_server-3] [INFO] [1785152881.585159340] [robot3.global_costmap.global_costmap]: start
[ros2-11] [planner_server-3] [INFO] [1785152884.323123048] [robot3.global_costmap.global_costmap]: Message Filter dropping message: frame 'robot3/laser_frame' at time 3.343 for reason 'the timestamp on the message is earlier than all the data in the transform cache'
[ros2-11] [planner_server-3] [INFO] [1785152884.339183426] [robot3.planner_server]: Activating plugin GridBased of type NavfnPlanner
[ros2-11] [planner_server-3] [INFO] [1785152884.342620861] [robot3.planner_server]: Creating bond (planner_server) to lifecycle manager.
[ros2-11] [lifecycle_manager-8] [INFO] [1785152884.456486604] [robot3.lifecycle_manager_navigation]: Server planner_server connected with bond.
[ros2-11] [lifecycle_manager-8] [INFO] [1785152884.456548059] [robot3.lifecycle_manager_navigation]: [34m[1mActivating behavior_server[0m[0m
[ros2-11] [behavior_server-4] [INFO] [1785152884.485399757] [robot3.behavior_server]: Activating
[ros2-11] [behavior_server-4] [INFO] [1785152884.485446605] [robot3.behavior_server]: Activating spin
[ros2-11] [behavior_server-4] [INFO] [1785152884.485461897] [robot3.behavior_server]: Activating backup
[ros2-11] [behavior_server-4] [INFO] [1785152884.485474424] [robot3.behavior_server]: Activating drive_on_heading
[ros2-11] [behavior_server-4] [INFO] [1785152884.485485364] [robot3.behavior_server]: Activating assisted_teleop
[ros2-11] [behavior_server-4] [INFO] [1785152884.485496942] [robot3.behavior_server]: Activating wait
[ros2-11] [behavior_server-4] [INFO] [1785152884.485513677] [robot3.behavior_server]: Creating bond (behavior_server) to lifecycle manager.
[ros2-11] [lifecycle_manager-8] [INFO] [1785152884.603247340] [robot3.lifecycle_manager_navigation]: Server behavior_server connected with bond.
[ros2-11] [lifecycle_manager-8] [INFO] [1785152884.603291462] [robot3.lifecycle_manager_navigation]: [34m[1mActivating bt_navigator[0m[0m
[ros2-11] [bt_navigator-5] [INFO] [1785152884.604285986] [robot3.bt_navigator]: Activating
[ros2-11] [bt_navigator-5] [INFO] [1785152884.800459908] [robot3.bt_navigator]: Creating bond (bt_navigator) to lifecycle manager.
[ros2-11] [lifecycle_manager-8] [INFO] [1785152884.918840049] [robot3.lifecycle_manager_navigation]: Server bt_navigator connected with bond.
[ros2-11] [lifecycle_manager-8] [INFO] [1785152884.918903651] [robot3.lifecycle_manager_navigation]: [34m[1mActivating waypoint_follower[0m[0m
[ros2-11] [waypoint_follower-6] [INFO] [1785152884.920350448] [robot3.waypoint_follower]: Activating
[ros2-11] [waypoint_follower-6] [INFO] [1785152884.920416070] [robot3.waypoint_follower]: Creating bond (waypoint_follower) to lifecycle manager.
[ros2-11] [lifecycle_manager-8] [INFO] [1785152885.034252414] [robot3.lifecycle_manager_navigation]: Server waypoint_follower connected with bond.
[ros2-11] [lifecycle_manager-8] [INFO] [1785152885.034300692] [robot3.lifecycle_manager_navigation]: [34m[1mActivating velocity_smoother[0m[0m
[ros2-11] [velocity_smoother-7] [INFO] [1785152885.034766104] [robot3.velocity_smoother]: Activating
[ros2-11] [velocity_smoother-7] [INFO] [1785152885.034825267] [robot3.velocity_smoother]: Creating bond (velocity_smoother) to lifecycle manager.
[ros2-11] [lifecycle_manager-8] [INFO] [1785152885.154449964] [robot3.lifecycle_manager_navigation]: Server velocity_smoother connected with bond.
[ros2-11] [lifecycle_manager-8] [INFO] [1785152885.154528070] [robot3.lifecycle_manager_navigation]: [34m[1mManaged nodes are active[0m[0m
[ros2-11] [lifecycle_manager-8] [INFO] [1785152885.154541167] [robot3.lifecycle_manager_navigation]: [34m[1mCreating bond timer...[0m[0m
[ros2-11] [planner_server-3] [INFO] [1785152894.816323220] [robot3.global_costmap.global_costmap]: Message Filter dropping message: frame 'robot3/laser_frame' at time 13.943 for reason 'the timestamp on the message is earlier than all the data in the transform cache'
[ros2-11] [planner_server-3] [INFO] [1785152897.333208618] [robot3.global_costmap.global_costmap]: Message Filter dropping message: frame 'robot3/laser_frame' at time 16.443 for reason 'the timestamp on the message is earlier than all the data in the transform cache'
[ros2-11] [planner_server-3] [INFO] [1785152899.842108506] [robot3.global_costmap.global_costmap]: Message Filter dropping message: frame 'robot3/laser_frame' at time 18.943 for reason 'the timestamp on the message is earlier than all the data in the transform cache'
[ros2-11] [bt_navigator-5] [INFO] [1785152901.812522713] [robot3.bt_navigator]: Begin navigating from current location (0.00, 3.00) to (-3.50, 3.50)
[ros2-11] [controller_server-1] [INFO] [1785152901.833315725] [robot3.controller_server]: Received a goal, begin computing control effort.
[ros2-11] [controller_server-1] [WARN] [1785152901.833423031] [robot3.controller_server]: No goal checker was specified in parameter 'current_goal_checker'. Server will use only plugin loaded general_goal_checker . This warning will appear once.
[ros2-11] [controller_server-1] [ERROR] [1785152901.964867525] [robot3.controller_server]: Exception in transformPose: Lookup would require extrapolation into the future.  Requested time 21.088000 but the latest data is at time 13.943000, when looking up transform from frame [robot3/odom] to frame [map]
[ros2-11] [controller_server-1] [WARN] [1785152901.964951768] [robot3.controller_server]: Unable to transform robot pose into global plan's frame
[ros2-11] [controller_server-1] [ERROR] [1785152901.965082667] [tf_help]: Transform data too old when converting from map to robot3/odom
[ros2-11] [controller_server-1] [ERROR] [1785152901.965105699] [tf_help]: Data time: 21s 100000000ns, Transform time: 13s 943000000ns
[ros2-11] [controller_server-1] [WARN] [1785152901.965115812] [robot3.controller_server]: Control loop missed its desired rate of 20.0000Hz
[ros2-11] [controller_server-1] [ERROR] [1785152902.167070369] [robot3.controller_server]: Exception in transformPose: Lookup would require extrapolation into the future.  Requested time 21.288000 but the latest data is at time 13.943000, when looking up transform from frame [robot3/odom] to frame [map]
[ros2-11] [controller_server-1] [WARN] [1785152902.167215164] [robot3.controller_server]: Unable to transform robot pose into global plan's frame
[ros2-11] [controller_server-1] [ERROR] [1785152902.167258562] [robot3.controller_server]: Controller patience exceeded
[ros2-11] [controller_server-1] [WARN] [1785152902.167335093] [robot3.controller_server]: [follow_path] [ActionServer] Aborting handle.
[ros2-11] [controller_server-1] [INFO] [1785152902.182797249] [robot3.local_costmap.local_costmap]: Received request to clear entirely the local_costmap
[ros2-11] [controller_server-1] [INFO] [1785152902.183455035] [robot3.controller_server]: Received a goal, begin computing control effort.
[ros2-11] [planner_server-3] [INFO] [1785152902.359469766] [robot3.global_costmap.global_costmap]: Message Filter dropping message: frame 'robot3/laser_frame' at time 21.443 for reason 'the timestamp on the message is earlier than all the data in the transform cache'
[ros2-11] [controller_server-1] [ERROR] [1785152902.464851792] [robot3.controller_server]: Exception in transformPose: Lookup would require extrapolation into the future.  Requested time 21.588000 but the latest data is at time 13.943000, when looking up transform from frame [robot3/odom] to frame [map]
[ros2-11] [controller_server-1] [WARN] [1785152902.464919957] [robot3.controller_server]: Unable to transform robot pose into global plan's frame
[ros2-11] [controller_server-1] [ERROR] [1785152902.465006502] [tf_help]: Transform data too old when converting from map to robot3/odom
[ros2-11] [controller_server-1] [ERROR] [1785152902.465024646] [tf_help]: Data time: 21s 100000000ns, Transform time: 13s 943000000ns
[ros2-11] [controller_server-1] [WARN] [1785152902.465032190] [robot3.controller_server]: Control loop missed its desired rate of 20.0000Hz
[ros2-11] [controller_server-1] [ERROR] [1785152902.666936777] [robot3.controller_server]: Exception in transformPose: Lookup would require extrapolation into the future.  Requested time 21.788000 but the latest data is at time 13.943000, when looking up transform from frame [robot3/odom] to frame [map]
[ros2-11] [controller_server-1] [WARN] [1785152902.667061287] [robot3.controller_server]: Unable to transform robot pose into global plan's frame
[ros2-11] [controller_server-1] [ERROR] [1785152902.667084983] [robot3.controller_server]: Controller patience exceeded
[ros2-11] [controller_server-1] [WARN] [1785152902.667159222] [robot3.controller_server]: [follow_path] [ActionServer] Aborting handle.
[ros2-11] [controller_server-1] [INFO] [1785152902.682790461] [robot3.local_costmap.local_costmap]: Received request to clear entirely the local_costmap
[ros2-11] [planner_server-3] [INFO] [1785152902.683088459] [robot3.global_costmap.global_costmap]: Received request to clear entirely the global_costmap
[ros2-11] [planner_server-3] [WARN] [1785152903.594171493] [robot3.planner_server]: Planner loop missed its desired rate of 20.0000 Hz. Current loop rate is 1.1111 Hz
[ros2-11] [controller_server-1] [INFO] [1785152903.612997116] [robot3.controller_server]: Received a goal, begin computing control effort.
[ros2-11] [controller_server-1] [ERROR] [1785152903.764524035] [robot3.controller_server]: Exception in transformPose: Lookup would require extrapolation into the future.  Requested time 22.888000 but the latest data is at time 13.943000, when looking up transform from frame [robot3/odom] to frame [map]
[ros2-11] [controller_server-1] [WARN] [1785152903.764662857] [robot3.controller_server]: Unable to transform robot pose into global plan's frame
[ros2-11] [controller_server-1] [ERROR] [1785152903.764869931] [tf_help]: Transform data too old when converting from map to robot3/odom
[ros2-11] [controller_server-1] [ERROR] [1785152903.764882517] [tf_help]: Data time: 22s 900000000ns, Transform time: 13s 943000000ns
[ros2-11] [controller_server-1] [WARN] [1785152903.764897328] [robot3.controller_server]: Control loop missed its desired rate of 20.0000Hz
[ros2-11] [controller_server-1] [ERROR] [1785152903.978806656] [robot3.controller_server]: Exception in transformPose: Lookup would require extrapolation into the future.  Requested time 23.088000 but the latest data is at time 13.943000, when looking up transform from frame [robot3/odom] to frame [map]
[ros2-11] [controller_server-1] [WARN] [1785152903.978929773] [robot3.controller_server]: Unable to transform robot pose into global plan's frame
[ros2-11] [controller_server-1] [ERROR] [1785152903.978956032] [robot3.controller_server]: Controller patience exceeded
[ros2-11] [controller_server-1] [WARN] [1785152903.979055283] [robot3.controller_server]: [follow_path] [ActionServer] Aborting handle.
[ros2-11] [controller_server-1] [INFO] [1785152903.994260038] [robot3.local_costmap.local_costmap]: Received request to clear entirely the local_costmap
[ros2-11] [controller_server-1] [INFO] [1785152903.995249600] [robot3.controller_server]: Received a goal, begin computing control effort.
[ros2-11] [controller_server-1] [ERROR] [1785152904.266610453] [robot3.controller_server]: Exception in transformPose: Lookup would require extrapolation into the future.  Requested time 23.389000 but the latest data is at time 13.943000, when looking up transform from frame [robot3/odom] to frame [map]
[ros2-11] [controller_server-1] [WARN] [1785152904.266746947] [robot3.controller_server]: Unable to transform robot pose into global plan's frame
[ros2-11] [controller_server-1] [ERROR] [1785152904.266904815] [tf_help]: Transform data too old when converting from map to robot3/odom
[ros2-11] [controller_server-1] [ERROR] [1785152904.266919609] [tf_help]: Data time: 22s 900000000ns, Transform time: 13s 943000000ns
[ros2-11] [controller_server-1] [WARN] [1785152904.266928511] [robot3.controller_server]: Control loop missed its desired rate of 20.0000Hz
[ros2-11] [controller_server-1] [ERROR] [1785152904.468618934] [robot3.controller_server]: Exception in transformPose: Lookup would require extrapolation into the future.  Requested time 23.489000 but the latest data is at time 13.943000, when looking up transform from frame [robot3/odom] to frame [map]
[ros2-11] [controller_server-1] [WARN] [1785152904.468694791] [robot3.controller_server]: Unable to transform robot pose into global plan's frame
[ros2-11] [controller_server-1] [ERROR] [1785152904.468717379] [robot3.controller_server]: Controller patience exceeded
[ros2-11] [controller_server-1] [WARN] [1785152904.468761164] [robot3.controller_server]: [follow_path] [ActionServer] Aborting handle.
[ros2-11] [behavior_server-4] [INFO] [1785152904.483098252] [robot3.behavior_server]: Running spin
[ros2-11] [behavior_server-4] [INFO] [1785152904.483240373] [robot3.behavior_server]: Turning 1.57 for spin behavior.
[ros2-11] [bt_navigator-5] [ERROR] [1785152904.773760913] [transformPoseInTargetFrame]: Extrapolation Error looking up target frame: Lookup would require extrapolation into the past.  Requested time 13.943000 but the earliest data is at time 14.088000, when looking up transform from frame [robot3/base_link] to frame [map]
[ros2-11] [bt_navigator-5] 
[ros2-11] [bt_navigator-5] [WARN] [1785152904.773935460] [BehaviorTreeEngine]: Behavior Tree tick rate 100.00 was exceeded!
[ros2-11] [planner_server-3] [INFO] [1785152904.866752643] [robot3.global_costmap.global_costmap]: Message Filter dropping message: frame 'robot3/laser_frame' at time 23.943 for reason 'the timestamp on the message is earlier than all the data in the transform cache'
[ros2-11] [bt_navigator-5] [ERROR] [1785152904.875049605] [transformPoseInTargetFrame]: Extrapolation Error looking up target frame: Lookup would require extrapolation into the past.  Requested time 13.943000 but the earliest data is at time 14.188000, when looking up transform from frame [robot3/base_link] to frame [map]
[ros2-11] [bt_navigator-5] 
[ros2-11] [bt_navigator-5] [WARN] [1785152904.875284329] [BehaviorTreeEngine]: Behavior Tree tick rate 100.00 was exceeded!
[ros2-11] [bt_navigator-5] [ERROR] [1785152904.976369041] [transformPoseInTargetFrame]: Extrapolation Error looking up target frame: Lookup would require extrapolation into the past.  Requested time 13.943000 but the earliest data is at time 14.288000, when looking up transform from frame [robot3/base_link] to frame [map]
[ros2-11] [bt_navigator-5] 
[ros2-11] [bt_navigator-5] [WARN] [1785152904.976489954] [BehaviorTreeEngine]: Behavior Tree tick rate 100.00 was exceeded!
[ros2-11] [bt_navigator-5] [ERROR] [1785152905.067360891] [transformPoseInTargetFrame]: Extrapolation Error looking up target frame: Lookup would require extrapolation into the past.  Requested time 13.943000 but the earliest data is at time 14.388000, when looking up transform from frame [robot3/base_link] to frame [map]
[ros2-11] [bt_navigator-5] 
[ros2-11] [bt_navigator-5] [WARN] [1785152905.067515770] [BehaviorTreeEngine]: Behavior Tree tick rate 100.00 was exceeded!
[ros2-11] [bt_navigator-5] [ERROR] [1785152905.168552697] [transformPoseInTargetFrame]: Extrapolation Error looking up target frame: Lookup would require extrapolation into the past.  Requested time 13.943000 but the earliest data is at time 14.488000, when looking up transform from frame [robot3/base_link] to frame [map]
[ros2-11] [bt_navigator-5] 
[ros2-11] [bt_navigator-5] [WARN] [1785152905.168690142] [BehaviorTreeEngine]: Behavior Tree tick rate 100.00 was exceeded!
[ros2-11] [bt_navigator-5] [ERROR] [1785152905.269679254] [transformPoseInTargetFrame]: Extrapolation Error looking up target frame: Lookup would require extrapolation into the past.  Requested time 13.943000 but the earliest data is at time 14.588000, when looking up transform from frame [robot3/base_link] to frame [map]
[ros2-11] [bt_navigator-5] 
[ros2-11] [bt_navigator-5] [WARN] [1785152905.269803073] [BehaviorTreeEngine]: Behavior Tree tick rate 100.00 was exceeded!
[ros2-11] [bt_navigator-5] [ERROR] [1785152905.370769974] [transformPoseInTargetFrame]: Extrapolation Error looking up target frame: Lookup would require extrapolation into the past.  Requested time 13.943000 but the earliest data is at time 14.688000, when looking up transform from frame [robot3/base_link] to frame [map]
[ros2-11] [bt_navigator-5] 
[ros2-11] [bt_navigator-5] [WARN] [1785152905.370924046] [BehaviorTreeEngine]: Behavior Tree tick rate 100.00 was exceeded!
[ros2-11] [bt_navigator-5] [ERROR] [1785152905.471963846] [transformPoseInTargetFrame]: Extrapolation Error looking up target frame: Lookup would require extrapolation into the past.  Requested time 13.943000 but the earliest data is at time 14.788000, when looking up transform from frame [robot3/base_link] to frame [map]
[ros2-11] [bt_navigator-5] 
[ros2-11] [bt_navigator-5] [WARN] [1785152905.472133708] [BehaviorTreeEngine]: Behavior Tree tick rate 100.00 was exceeded!
[ros2-11] [bt_navigator-5] [ERROR] [1785152905.573160488] [transformPoseInTargetFrame]: Extrapolation Error looking up target frame: Lookup would require extrapolation into the past.  Requested time 13.943000 but the earliest data is at time 14.888000, when looking up transform from frame [robot3/base_link] to frame [map]
[ros2-11] [bt_navigator-5] 
[ros2-11] [bt_navigator-5] [WARN] [1785152905.573320452] [BehaviorTreeEngine]: Behavior Tree tick rate 100.00 was exceeded!
[ros2-11] [bt_navigator-5] [ERROR] [1785152905.674269358] [transformPoseInTargetFrame]: Extrapolation Error looking up target frame: Lookup would require extrapolation into the past.  Requested time 13.943000 but the earliest data is at time 14.988000, when looking up transform from frame [robot3/base_link] to frame [map]
[ros2-11] [bt_navigator-5] 
[ros2-11] [bt_navigator-5] [WARN] [1785152905.674437422] [BehaviorTreeEngine]: Behavior Tree tick rate 100.00 was exceeded!
[ros2-11] [bt_navigator-5] [ERROR] [1785152905.775464879] [transformPoseInTargetFrame]: Extrapolation Error looking up target frame: Lookup would require extrapolation into the past.  Requested time 13.943000 but the earliest data is at time 15.088000, when looking up transform from frame [robot3/base_link] to frame [map]
[ros2-11] [bt_navigator-5] 
[ros2-11] [bt_navigator-5] [WARN] [1785152905.775603591] [BehaviorTreeEngine]: Behavior Tree tick rate 100.00 was exceeded!
[ros2-11] [planner_server-3] [ERROR] [1785152905.867900265] [transformPoseInTargetFrame]: Extrapolation Error looking up target frame: Lookup would require extrapolation into the past.  Requested time 13.943000 but the earliest data is at time 15.188000, when looking up transform from frame [robot3/base_link] to frame [map]
[ros2-11] [planner_server-3] 
[ros2-11] [bt_navigator-5] [ERROR] [1785152905.876683289] [transformPoseInTargetFrame]: Extrapolation Error looking up target frame: Lookup would require extrapolation into the past.  Requested time 13.943000 but the earliest data is at time 15.188000, when looking up transform from frame [robot3/base_link] to frame [map]
[ros2-11] [bt_navigator-5] 
[ros2-11] [bt_navigator-5] [WARN] [1785152905.876832156] [BehaviorTreeEngine]: Behavior Tree tick rate 100.00 was exceeded!
[ros2-11] [bt_navigator-5] [ERROR] [1785152905.967746598] [transformPoseInTargetFrame]: Extrapolation Error looking up target frame: Lookup would require extrapolation into the past.  Requested time 13.943000 but the earliest data is at time 15.288000, when looking up transform from frame [robot3/base_link] to frame [map]
[ros2-11] [bt_navigator-5] 
[ros2-11] [bt_navigator-5] [WARN] [1785152905.967908222] [BehaviorTreeEngine]: Behavior Tree tick rate 100.00 was exceeded!
[ros2-11] [bt_navigator-5] [ERROR] [1785152906.068884725] [transformPoseInTargetFrame]: Extrapolation Error looking up target frame: Lookup would require extrapolation into the past.  Requested time 13.943000 but the earliest data is at time 15.388000, when looking up transform from frame [robot3/base_link] to frame [map]
[ros2-11] [bt_navigator-5] 
[ros2-11] [bt_navigator-5] [WARN] [1785152906.069143924] [BehaviorTreeEngine]: Behavior Tree tick rate 100.00 was exceeded!
[ros2-11] [bt_navigator-5] [ERROR] [1785152906.170214042] [transformPoseInTargetFrame]: Extrapolation Error looking up target frame: Lookup would require extrapolation into the past.  Requested time 13.943000 but the earliest data is at time 15.488000, when looking up transform from frame [robot3/base_link] to frame [map]
[ros2-11] [bt_navigator-5] 
[ros2-11] [bt_navigator-5] [WARN] [1785152906.170376287] [BehaviorTreeEngine]: Behavior Tree tick rate 100.00 was exceeded!
[ros2-11] [bt_navigator-5] [ERROR] [1785152906.271355537] [transformPoseInTargetFrame]: Extrapolation Error looking up target frame: Lookup would require extrapolation into the past.  Requested time 13.943000 but the earliest data is at time 15.588000, when looking up transform from frame [robot3/base_link] to frame [map]
[ros2-11] [bt_navigator-5] 
[ros2-11] [bt_navigator-5] [WARN] [1785152906.271482763] [BehaviorTreeEngine]: Behavior Tree tick rate 100.00 was exceeded!
[ros2-11] [bt_navigator-5] [ERROR] [1785152906.372586566] [transformPoseInTargetFrame]: Extrapolation Error looking up target frame: Lookup would require extrapolation into the past.  Requested time 13.943000 but the earliest data is at time 15.688000, when looking up transform from frame [robot3/base_link] to frame [map]
[ros2-11] [bt_navigator-5] 
[ros2-11] [bt_navigator-5] [WARN] [1785152906.372705632] [BehaviorTreeEngine]: Behavior Tree tick rate 100.00 was exceeded!
[ros2-11] [bt_navigator-5] [ERROR] [1785152906.473689556] [transformPoseInTargetFrame]: Extrapolation Error looking up target frame: Lookup would require extrapolation into the past.  Requested time 13.943000 but the earliest data is at time 15.788000, when looking up transform from frame [robot3/base_link] to frame [map]
[ros2-11] [bt_navigator-5] 
[ros2-11] [bt_navigator-5] [WARN] [1785152906.473817655] [BehaviorTreeEngine]: Behavior Tree tick rate 100.00 was exceeded!
[ros2-11] [bt_navigator-5] [ERROR] [1785152906.574887061] [transformPoseInTargetFrame]: Extrapolation Error looking up target frame: Lookup would require extrapolation into the past.  Requested time 13.943000 but the earliest data is at time 15.888000, when looking up transform from frame [robot3/base_link] to frame [map]
[ros2-11] [bt_navigator-5] 
[ros2-11] [bt_navigator-5] [WARN] [1785152906.575000948] [BehaviorTreeEngine]: Behavior Tree tick rate 100.00 was exceeded!
[ros2-11] [bt_navigator-5] [ERROR] [1785152906.676112948] [transformPoseInTargetFrame]: Extrapolation Error looking up target frame: Lookup would require extrapolation into the past.  Requested time 13.943000 but the earliest data is at time 15.988000, when looking up transform from frame [robot3/base_link] to frame [map]
[ros2-11] [bt_navigator-5] 
[ros2-11] [bt_navigator-5] [WARN] [1785152906.676266649] [BehaviorTreeEngine]: Behavior Tree tick rate 100.00 was exceeded!
[ros2-11] [bt_navigator-5] [ERROR] [1785152906.777107410] [transformPoseInTargetFrame]: Extrapolation Error looking up target frame: Lookup would require extrapolation into the past.  Requested time 13.943000 but the earliest data is at time 16.088000, when looking up transform from frame [robot3/base_link] to frame [map]
[ros2-11] [bt_navigator-5] 
[ros2-11] [bt_navigator-5] [WARN] [1785152906.777293618] [BehaviorTreeEngine]: Behavior Tree tick rate 100.00 was exceeded!
[ros2-11] [planner_server-3] [ERROR] [1785152906.877858739] [transformPoseInTargetFrame]: Extrapolation Error looking up target frame: Lookup would require extrapolation into the past.  Requested time 13.943000 but the earliest data is at time 16.188000, when looking up transform from frame [robot3/base_link] to frame [map]
[ros2-11] [planner_server-3] 
[ros2-11] [bt_navigator-5] [ERROR] [1785152906.878333512] [transformPoseInTargetFrame]: Extrapolation Error looking up target frame: Lookup would require extrapolation into the past.  Requested time 13.943000 but the earliest data is at time 16.188000, when looking up transform from frame [robot3/base_link] to frame [map]
[ros2-11] [bt_navigator-5] 
[ros2-11] [bt_navigator-5] [WARN] [1785152906.878518828] [BehaviorTreeEngine]: Behavior Tree tick rate 100.00 was exceeded!
[ros2-11] [behavior_server-4] [INFO] [1785152906.883469849] [robot3.behavior_server]: spin completed successfully
[ros2-11] [bt_navigator-5] [ERROR] [1785152906.979797773] [transformPoseInTargetFrame]: Extrapolation Error looking up target frame: Lookup would require extrapolation into the past.  Requested time 13.943000 but the earliest data is at time 16.288000, when looking up transform from frame [robot3/base_link] to frame [map]
[ros2-11] [bt_navigator-5] 
[ros2-11] [bt_navigator-5] [WARN] [1785152906.980010034] [BehaviorTreeEngine]: Behavior Tree tick rate 100.00 was exceeded!
[ros2-11] [bt_navigator-5] [ERROR] [1785152907.071983013] [transformPoseInTargetFrame]: Extrapolation Error looking up target frame: Lookup would require extrapolation into the past.  Requested time 13.943000 but the earliest data is at time 16.288000, when looking up transform from frame [robot3/base_link] to frame [map]
[ros2-11] [bt_navigator-5] 
[ros2-11] [bt_navigator-5] [WARN] [1785152907.072138767] [BehaviorTreeEngine]: Behavior Tree tick rate 100.00 was exceeded!
[ros2-11] [bt_navigator-5] [ERROR] [1785152907.173148333] [transformPoseInTargetFrame]: Extrapolation Error looking up target frame: Lookup would require extrapolation into the past.  Requested time 13.943000 but the earliest data is at time 16.488000, when looking up transform from frame [robot3/base_link] to frame [map]
[ros2-11] [bt_navigator-5] 
[ros2-11] [bt_navigator-5] [WARN] [1785152907.173341207] [BehaviorTreeEngine]: Behavior Tree tick rate 100.00 was exceeded!
[ros2-11] [bt_navigator-5] [ERROR] [1785152907.274778633] [transformPoseInTargetFrame]: Extrapolation Error looking up target frame: Lookup would require extrapolation into the past.  Requested time 13.943000 but the earliest data is at time 16.588000, when looking up transform from frame [robot3/base_link] to frame [map]
[ros2-11] [bt_navigator-5] 
[ros2-11] [bt_navigator-5] [WARN] [1785152907.274906925] [BehaviorTreeEngine]: Behavior Tree tick rate 100.00 was exceeded!
[ros2-11] [planner_server-3] [INFO] [1785152907.371188078] [robot3.global_costmap.global_costmap]: Message Filter dropping message: frame 'robot3/laser_frame' at time 26.443 for reason 'the timestamp on the message is earlier than all the data in the transform cache'
[ros2-11] [bt_navigator-5] [ERROR] [1785152907.375834791] [transformPoseInTargetFrame]: Extrapolation Error looking up target frame: Lookup would require extrapolation into the past.  Requested time 13.943000 but the earliest data is at time 16.688000, when looking up transform from frame [robot3/base_link] to frame [map]
[ros2-11] [bt_navigator-5] 
[ros2-11] [bt_navigator-5] [WARN] [1785152907.376001510] [BehaviorTreeEngine]: Behavior Tree tick rate 100.00 was exceeded!
[ros2-11] [planner_server-3] [ERROR] [1785152907.476672968] [transformPoseInTargetFrame]: Extrapolation Error looking up target frame: Lookup would require extrapolation into the past.  Requested time 13.943000 but the earliest data is at time 16.788000, when looking up transform from frame [robot3/base_link] to frame [map]
[ros2-11] [planner_server-3] 
[ros2-11] [planner_server-3] [WARN] [1785152907.476751782] [robot3.planner_server]: [compute_path_to_pose] [ActionServer] Aborting handle.
[ros2-11] [bt_navigator-5] [ERROR] [1785152907.477081591] [transformPoseInTargetFrame]: Extrapolation Error looking up target frame: Lookup would require extrapolation into the past.  Requested time 13.943000 but the earliest data is at time 16.788000, when looking up transform from frame [robot3/base_link] to frame [map]
[ros2-11] [bt_navigator-5] 
[ros2-11] [bt_navigator-5] [WARN] [1785152907.477178263] [BehaviorTreeEngine]: Behavior Tree tick rate 100.00 was exceeded!
[ros2-11] [bt_navigator-5] [ERROR] [1785152907.578139490] [transformPoseInTargetFrame]: Extrapolation Error looking up target frame: Lookup would require extrapolation into the past.  Requested time 13.943000 but the earliest data is at time 16.888000, when looking up transform from frame [robot3/base_link] to frame [map]
[ros2-11] [bt_navigator-5] 
[ros2-11] [bt_navigator-5] [WARN] [1785152907.578269140] [BehaviorTreeEngine]: Behavior Tree tick rate 100.00 was exceeded!
[ros2-11] [planner_server-3] [INFO] [1785152907.578437738] [robot3.global_costmap.global_costmap]: Received request to clear entirely the global_costmap
[ros2-11] [bt_navigator-5] [ERROR] [1785152907.679852670] [transformPoseInTargetFrame]: Extrapolation Error looking up target frame: Lookup would require extrapolation into the past.  Requested time 13.943000 but the earliest data is at time 16.988000, when looking up transform from frame [robot3/base_link] to frame [map]
[ros2-11] [bt_navigator-5] 
[ros2-11] [bt_navigator-5] [WARN] [1785152907.680050692] [BehaviorTreeEngine]: Behavior Tree tick rate 100.00 was exceeded!
[ros2-11] [bt_navigator-5] [ERROR] [1785152907.781026475] [transformPoseInTargetFrame]: Extrapolation Error looking up target frame: Lookup would require extrapolation into the past.  Requested time 13.943000 but the earliest data is at time 17.088000, when looking up transform from frame [robot3/base_link] to frame [map]
[ros2-11] [bt_navigator-5] 
[ros2-11] [bt_navigator-5] [WARN] [1785152907.781141542] [BehaviorTreeEngine]: Behavior Tree tick rate 100.00 was exceeded!
[ros2-11] [bt_navigator-5] [ERROR] [1785152907.872075936] [transformPoseInTargetFrame]: Extrapolation Error looking up target frame: Lookup would require extrapolation into the past.  Requested time 13.943000 but the earliest data is at time 17.188000, when looking up transform from frame [robot3/base_link] to frame [map]
[ros2-11] [bt_navigator-5] 
[ros2-11] [bt_navigator-5] [WARN] [1785152907.872236624] [BehaviorTreeEngine]: Behavior Tree tick rate 100.00 was exceeded!
[ros2-11] [planner_server-3] [ERROR] [1785152907.877972938] [transformPoseInTargetFrame]: Extrapolation Error looking up target frame: Lookup would require extrapolation into the past.  Requested time 13.943000 but the earliest data is at time 17.188000, when looking up transform from frame [robot3/base_link] to frame [map]
[ros2-11] [planner_server-3] 
[ros2-11] [bt_navigator-5] [ERROR] [1785152907.973550747] [transformPoseInTargetFrame]: Extrapolation Error looking up target frame: Lookup would require extrapolation into the past.  Requested time 13.943000 but the earliest data is at time 17.288000, when looking up transform from frame [robot3/base_link] to frame [map]
[ros2-11] [bt_navigator-5] 
[ros2-11] [bt_navigator-5] [WARN] [1785152907.973715084] [BehaviorTreeEngine]: Behavior Tree tick rate 100.00 was exceeded!
[ros2-11] [bt_navigator-5] [ERROR] [1785152908.074821360] [transformPoseInTargetFrame]: Extrapolation Error looking up target frame: Lookup would require extrapolation into the past.  Requested time 13.943000 but the earliest data is at time 17.388000, when looking up transform from frame [robot3/base_link] to frame [map]
[ros2-11] [bt_navigator-5] 
[ros2-11] [bt_navigator-5] [WARN] [1785152908.074925632] [BehaviorTreeEngine]: Behavior Tree tick rate 100.00 was exceeded!
[ros2-11] [bt_navigator-5] [ERROR] [1785152908.175982238] [transformPoseInTargetFrame]: Extrapolation Error looking up target frame: Lookup would require extrapolation into the past.  Requested time 13.943000 but the earliest data is at time 17.488000, when looking up transform from frame [robot3/base_link] to frame [map]
[ros2-11] [bt_navigator-5] 
[ros2-11] [bt_navigator-5] [WARN] [1785152908.176110449] [BehaviorTreeEngine]: Behavior Tree tick rate 100.00 was exceeded!
[ros2-11] [bt_navigator-5] [ERROR] [1785152908.277187943] [transformPoseInTargetFrame]: Extrapolation Error looking up target frame: Lookup would require extrapolation into the past.  Requested time 13.943000 but the earliest data is at time 17.588000, when looking up transform from frame [robot3/base_link] to frame [map]
[ros2-11] [bt_navigator-5] 
[ros2-11] [bt_navigator-5] [WARN] [1785152908.277313724] [BehaviorTreeEngine]: Behavior Tree tick rate 100.00 was exceeded!
[ros2-11] [bt_navigator-5] [ERROR] [1785152908.378299725] [transformPoseInTargetFrame]: Extrapolation Error looking up target frame: Lookup would require extrapolation into the past.  Requested time 13.943000 but the earliest data is at time 17.688000, when looking up transform from frame [robot3/base_link] to frame [map]
[ros2-11] [bt_navigator-5] 
[ros2-11] [bt_navigator-5] [WARN] [1785152908.378413849] [BehaviorTreeEngine]: Behavior Tree tick rate 100.00 was exceeded!
[ros2-11] [bt_navigator-5] [ERROR] [1785152908.479516403] [transformPoseInTargetFrame]: Extrapolation Error looking up target frame: Lookup would require extrapolation into the past.  Requested time 13.943000 but the earliest data is at time 17.788000, when looking up transform from frame [robot3/base_link] to frame [map]
[ros2-11] [bt_navigator-5] 
[ros2-11] [bt_navigator-5] [WARN] [1785152908.479624778] [BehaviorTreeEngine]: Behavior Tree tick rate 100.00 was exceeded!
[ros2-11] [bt_navigator-5] [ERROR] [1785152908.580660108] [transformPoseInTargetFrame]: Extrapolation Error looking up target frame: Lookup would require extrapolation into the past.  Requested time 13.943000 but the earliest data is at time 17.888000, when looking up transform from frame [robot3/base_link] to frame [map]
[ros2-11] [bt_navigator-5] 
[ros2-11] [bt_navigator-5] [WARN] [1785152908.580775807] [BehaviorTreeEngine]: Behavior Tree tick rate 100.00 was exceeded!
[ros2-11] [bt_navigator-5] [ERROR] [1785152908.681959208] [transformPoseInTargetFrame]: Extrapolation Error looking up target frame: Lookup would require extrapolation into the past.  Requested time 13.943000 but the earliest data is at time 17.988000, when looking up transform from frame [robot3/base_link] to frame [map]
[ros2-11] [bt_navigator-5] 
[ros2-11] [bt_navigator-5] [WARN] [1785152908.682085694] [BehaviorTreeEngine]: Behavior Tree tick rate 100.00 was exceeded!
[ros2-11] [bt_navigator-5] [ERROR] [1785152908.773068328] [transformPoseInTargetFrame]: Extrapolation Error looking up target frame: Lookup would require extrapolation into the past.  Requested time 13.943000 but the earliest data is at time 18.088000, when looking up transform from frame [robot3/base_link] to frame [map]
[ros2-11] [bt_navigator-5] 
[ros2-11] [bt_navigator-5] [WARN] [1785152908.773254313] [BehaviorTreeEngine]: Behavior Tree tick rate 100.00 was exceeded!
[ros2-11] [bt_navigator-5] [ERROR] [1785152908.874278626] [transformPoseInTargetFrame]: Extrapolation Error looking up target frame: Lookup would require extrapolation into the past.  Requested time 13.943000 but the earliest data is at time 18.188000, when looking up transform from frame [robot3/base_link] to frame [map]
[ros2-11] [bt_navigator-5] 
[ros2-11] [bt_navigator-5] [WARN] [1785152908.874479656] [BehaviorTreeEngine]: Behavior Tree tick rate 100.00 was exceeded!
[ros2-11] [planner_server-3] [ERROR] [1785152908.877823574] [transformPoseInTargetFrame]: Extrapolation Error looking up target frame: Lookup would require extrapolation into the past.  Requested time 13.943000 but the earliest data is at time 18.188000, when looking up transform from frame [robot3/base_link] to frame [map]
[ros2-11] [planner_server-3] 
[ros2-11] [bt_navigator-5] [ERROR] [1785152908.975513923] [transformPoseInTargetFrame]: Extrapolation Error looking up target frame: Lookup would require extrapolation into the past.  Requested time 13.943000 but the earliest data is at time 18.288000, when looking up transform from frame [robot3/base_link] to frame [map]
[ros2-11] [bt_navigator-5] 
[ros2-11] [bt_navigator-5] [WARN] [1785152908.975626260] [BehaviorTreeEngine]: Behavior Tree tick rate 100.00 was exceeded!
[ros2-11] [bt_navigator-5] [ERROR] [1785152909.076653516] [transformPoseInTargetFrame]: Extrapolation Error looking up target frame: Lookup would require extrapolation into the past.  Requested time 13.943000 but the earliest data is at time 18.388000, when looking up transform from frame [robot3/base_link] to frame [map]
[ros2-11] [bt_navigator-5] 
[ros2-11] [bt_navigator-5] [WARN] [1785152909.076960767] [BehaviorTreeEngine]: Behavior Tree tick rate 100.00 was exceeded!
[ros2-11] [bt_navigator-5] [ERROR] [1785152909.178017400] [transformPoseInTargetFrame]: Extrapolation Error looking up target frame: Lookup would require extrapolation into the past.  Requested time 13.943000 but the earliest data is at time 18.488000, when looking up transform from frame [robot3/base_link] to frame [map]
[ros2-11] [bt_navigator-5] 
[ros2-11] [bt_navigator-5] [WARN] [1785152909.178140614] [BehaviorTreeEngine]: Behavior Tree tick rate 100.00 was exceeded!
[ros2-11] [bt_navigator-5] [ERROR] [1785152909.279197519] [transformPoseInTargetFrame]: Extrapolation Error looking up target frame: Lookup would require extrapolation into the past.  Requested time 13.943000 but the earliest data is at time 18.588000, when looking up transform from frame [robot3/base_link] to frame [map]
[ros2-11] [bt_navigator-5] 
[ros2-11] [bt_navigator-5] [WARN] [1785152909.279333670] [BehaviorTreeEngine]: Behavior Tree tick rate 100.00 was exceeded!
[ros2-11] [bt_navigator-5] [ERROR] [1785152909.380345855] [transformPoseInTargetFrame]: Extrapolation Error looking up target frame: Lookup would require extrapolation into the past.  Requested time 13.943000 but the earliest data is at time 18.688000, when looking up transform from frame [robot3/base_link] to frame [map]
[ros2-11] [bt_navigator-5] 
[ros2-11] [bt_navigator-5] [WARN] [1785152909.380506182] [BehaviorTreeEngine]: Behavior Tree tick rate 100.00 was exceeded!
[ros2-11] [bt_navigator-5] [ERROR] [1785152909.481574033] [transformPoseInTargetFrame]: Extrapolation Error looking up target frame: Lookup would require extrapolation into the past.  Requested time 13.943000 but the earliest data is at time 18.788000, when looking up transform from frame [robot3/base_link] to frame [map]
[ros2-11] [bt_navigator-5] 
[ros2-11] [bt_navigator-5] [WARN] [1785152909.481676556] [BehaviorTreeEngine]: Behavior Tree tick rate 100.00 was exceeded!
[ros2-11] [bt_navigator-5] [ERROR] [1785152909.582685128] [transformPoseInTargetFrame]: Extrapolation Error looking up target frame: Lookup would require extrapolation into the past.  Requested time 13.943000 but the earliest data is at time 18.888000, when looking up transform from frame [robot3/base_link] to frame [map]
[ros2-11] [bt_navigator-5] 
[ros2-11] [bt_navigator-5] [WARN] [1785152909.582845701] [BehaviorTreeEngine]: Behavior Tree tick rate 100.00 was exceeded!
[ros2-11] [bt_navigator-5] [ERROR] [1785152909.683905819] [transformPoseInTargetFrame]: Extrapolation Error looking up target frame: Lookup would require extrapolation into the past.  Requested time 13.943000 but the earliest data is at time 18.988000, when looking up transform from frame [robot3/base_link] to frame [map]
[ros2-11] [bt_navigator-5] 
[ros2-11] [bt_navigator-5] [WARN] [1785152909.684020684] [BehaviorTreeEngine]: Behavior Tree tick rate 100.00 was exceeded!
[ros2-11] [bt_navigator-5] [ERROR] [1785152909.775056697] [transformPoseInTargetFrame]: Extrapolation Error looking up target frame: Lookup would require extrapolation into the past.  Requested time 13.943000 but the earliest data is at time 19.088000, when looking up transform from frame [robot3/base_link] to frame [map]
[ros2-11] [bt_navigator-5] 
[ros2-11] [bt_navigator-5] [WARN] [1785152909.775208392] [BehaviorTreeEngine]: Behavior Tree tick rate 100.00 was exceeded!
[ros2-11] [planner_server-3] [INFO] [1785152909.876203669] [robot3.global_costmap.global_costmap]: Message Filter dropping message: frame 'robot3/laser_frame' at time 28.943 for reason 'the timestamp on the message is earlier than all the data in the transform cache'
[ros2-11] [bt_navigator-5] [ERROR] [1785152909.876225942] [transformPoseInTargetFrame]: Extrapolation Error looking up target frame: Lookup would require extrapolation into the past.  Requested time 13.943000 but the earliest data is at time 19.088000, when looking up transform from frame [robot3/base_link] to frame [map]
[ros2-11] [bt_navigator-5] 
[ros2-11] [bt_navigator-5] [WARN] [1785152909.876419206] [BehaviorTreeEngine]: Behavior Tree tick rate 100.00 was exceeded!
[ros2-11] [planner_server-3] [ERROR] [1785152909.878139427] [transformPoseInTargetFrame]: Extrapolation Error looking up target frame: Lookup would require extrapolation into the past.  Requested time 13.943000 but the earliest data is at time 19.188000, when looking up transform from frame [robot3/base_link] to frame [map]
[ros2-11] [planner_server-3] 
[ros2-11] [bt_navigator-5] [ERROR] [1785152909.978048078] [transformPoseInTargetFrame]: Extrapolation Error looking up target frame: Lookup would require extrapolation into the past.  Requested time 13.943000 but the earliest data is at time 19.288000, when looking up transform from frame [robot3/base_link] to frame [map]
[ros2-11] [bt_navigator-5] 
[ros2-11] [bt_navigator-5] [WARN] [1785152909.978232160] [BehaviorTreeEngine]: Behavior Tree tick rate 100.00 was exceeded!
[ros2-11] [bt_navigator-5] [ERROR] [1785152910.079244394] [transformPoseInTargetFrame]: Extrapolation Error looking up target frame: Lookup would require extrapolation into the past.  Requested time 13.943000 but the earliest data is at time 19.388000, when looking up transform from frame [robot3/base_link] to frame [map]
[ros2-11] [bt_navigator-5] 
[ros2-11] [bt_navigator-5] [WARN] [1785152910.079378976] [BehaviorTreeEngine]: Behavior Tree tick rate 100.00 was exceeded!
[ros2-11] [bt_navigator-5] [ERROR] [1785152910.180387694] [transformPoseInTargetFrame]: Extrapolation Error looking up target frame: Lookup would require extrapolation into the past.  Requested time 13.943000 but the earliest data is at time 19.488000, when looking up transform from frame [robot3/base_link] to frame [map]
[ros2-11] [bt_navigator-5] 
[ros2-11] [bt_navigator-5] [WARN] [1785152910.180488116] [BehaviorTreeEngine]: Behavior Tree tick rate 100.00 was exceeded!
[ros2-11] [bt_navigator-5] [ERROR] [1785152910.281522235] [transformPoseInTargetFrame]: Extrapolation Error looking up target frame: Lookup would require extrapolation into the past.  Requested time 13.943000 but the earliest data is at time 19.588000, when looking up transform from frame [robot3/base_link] to frame [map]
[ros2-11] [bt_navigator-5] 
[ros2-11] [bt_navigator-5] [WARN] [1785152910.281625832] [BehaviorTreeEngine]: Behavior Tree tick rate 100.00 was exceeded!
[ros2-11] [bt_navigator-5] [ERROR] [1785152910.382567130] [transformPoseInTargetFrame]: Extrapolation Error looking up target frame: Lookup would require extrapolation into the past.  Requested time 13.943000 but the earliest data is at time 19.688000, when looking up transform from frame [robot3/base_link] to frame [map]
[ros2-11] [bt_navigator-5] 
[ros2-11] [bt_navigator-5] [WARN] [1785152910.382684464] [BehaviorTreeEngine]: Behavior Tree tick rate 100.00 was exceeded!
[ros2-11] [bt_navigator-5] [ERROR] [1785152910.483699257] [transformPoseInTargetFrame]: Extrapolation Error looking up target frame: Lookup would require extrapolation into the past.  Requested time 13.943000 but the earliest data is at time 19.788000, when looking up transform from frame [robot3/base_link] to frame [map]
[ros2-11] [bt_navigator-5] 
[ros2-11] [bt_navigator-5] [WARN] [1785152910.483824330] [BehaviorTreeEngine]: Behavior Tree tick rate 100.00 was exceeded!
[ros2-11] [bt_navigator-5] [ERROR] [1785152910.584927181] [transformPoseInTargetFrame]: Extrapolation Error looking up target frame: Lookup would require extrapolation into the past.  Requested time 13.943000 but the earliest data is at time 19.888000, when looking up transform from frame [robot3/base_link] to frame [map]
[ros2-11] [bt_navigator-5] 
[ros2-11] [bt_navigator-5] [WARN] [1785152910.585051119] [BehaviorTreeEngine]: Behavior Tree tick rate 100.00 was exceeded!
[ros2-11] [bt_navigator-5] [ERROR] [1785152910.676029909] [transformPoseInTargetFrame]: Extrapolation Error looking up target frame: Lookup would require extrapolation into the past.  Requested time 13.943000 but the earliest data is at time 19.988000, when looking up transform from frame [robot3/base_link] to frame [map]
[ros2-11] [bt_navigator-5] 
[ros2-11] [bt_navigator-5] [WARN] [1785152910.676229758] [BehaviorTreeEngine]: Behavior Tree tick rate 100.00 was exceeded!
[ros2-11] [bt_navigator-5] [ERROR] [1785152910.777523882] [transformPoseInTargetFrame]: Extrapolation Error looking up target frame: Lookup would require extrapolation into the past.  Requested time 13.943000 but the earliest data is at time 20.088000, when looking up transform from frame [robot3/base_link] to frame [map]
[ros2-11] [bt_navigator-5] 
[ros2-11] [bt_navigator-5] [WARN] [1785152910.777711583] [BehaviorTreeEngine]: Behavior Tree tick rate 100.00 was exceeded!
[ros2-11] [planner_server-3] [ERROR] [1785152910.877896152] [transformPoseInTargetFrame]: Extrapolation Error looking up target frame: Lookup would require extrapolation into the past.  Requested time 13.943000 but the earliest data is at time 20.188000, when looking up transform from frame [robot3/base_link] to frame [map]
[ros2-11] [planner_server-3] 
[ros2-11] [bt_navigator-5] [ERROR] [1785152910.878712965] [transformPoseInTargetFrame]: Extrapolation Error looking up target frame: Lookup would require extrapolation into the past.  Requested time 13.943000 but the earliest data is at time 20.188000, when looking up transform from frame [robot3/base_link] to frame [map]
[ros2-11] [bt_navigator-5] 
[ros2-11] [bt_navigator-5] [WARN] [1785152910.878851890] [BehaviorTreeEngine]: Behavior Tree tick rate 100.00 was exceeded!
[ros2-11] [bt_navigator-5] [ERROR] [1785152910.979872368] [transformPoseInTargetFrame]: Extrapolation Error looking up target frame: Lookup would require extrapolation into the past.  Requested time 13.943000 but the earliest data is at time 20.288000, when looking up transform from frame [robot3/base_link] to frame [map]
[ros2-11] [bt_navigator-5] 
[ros2-11] [bt_navigator-5] [WARN] [1785152910.980031497] [BehaviorTreeEngine]: Behavior Tree tick rate 100.00 was exceeded!
[ros2-11] [bt_navigator-5] [ERROR] [1785152911.081228368] [transformPoseInTargetFrame]: Extrapolation Error looking up target frame: Lookup would require extrapolation into the past.  Requested time 13.943000 but the earliest data is at time 20.388000, when looking up transform from frame [robot3/base_link] to frame [map]
[ros2-11] [bt_navigator-5] 
[ros2-11] [bt_navigator-5] [WARN] [1785152911.081336133] [BehaviorTreeEngine]: Behavior Tree tick rate 100.00 was exceeded!
[ros2-11] [bt_navigator-5] [ERROR] [1785152911.182281298] [transformPoseInTargetFrame]: Extrapolation Error looking up target frame: Lookup would require extrapolation into the past.  Requested time 13.943000 but the earliest data is at time 20.488000, when looking up transform from frame [robot3/base_link] to frame [map]
[ros2-11] [bt_navigator-5] 
[ros2-11] [bt_navigator-5] [WARN] [1785152911.182391541] [BehaviorTreeEngine]: Behavior Tree tick rate 100.00 was exceeded!
[ros2-11] [bt_navigator-5] [ERROR] [1785152911.283360900] [transformPoseInTargetFrame]: Extrapolation Error looking up target frame: Lookup would require extrapolation into the past.  Requested time 13.943000 but the earliest data is at time 20.588000, when looking up transform from frame [robot3/base_link] to frame [map]
[ros2-11] [bt_navigator-5] 
[ros2-11] [bt_navigator-5] [WARN] [1785152911.283463159] [BehaviorTreeEngine]: Behavior Tree tick rate 100.00 was exceeded!
[ros2-11] [bt_navigator-5] [ERROR] [1785152911.384464748] [transformPoseInTargetFrame]: Extrapolation Error looking up target frame: Lookup would require extrapolation into the past.  Requested time 13.943000 but the earliest data is at time 20.688000, when looking up transform from frame [robot3/base_link] to frame [map]
[ros2-11] [bt_navigator-5] 
[ros2-11] [bt_navigator-5] [WARN] [1785152911.384595665] [BehaviorTreeEngine]: Behavior Tree tick rate 100.00 was exceeded!
[ros2-11] [bt_navigator-5] [ERROR] [1785152911.485670987] [transformPoseInTargetFrame]: Extrapolation Error looking up target frame: Lookup would require extrapolation into the past.  Requested time 13.943000 but the earliest data is at time 20.788000, when looking up transform from frame [robot3/base_link] to frame [map]
[ros2-11] [bt_navigator-5] 
[ros2-11] [bt_navigator-5] [WARN] [1785152911.485781867] [BehaviorTreeEngine]: Behavior Tree tick rate 100.00 was exceeded!
[ros2-11] [bt_navigator-5] [ERROR] [1785152911.586848173] [transformPoseInTargetFrame]: Extrapolation Error looking up target frame: Lookup would require extrapolation into the past.  Requested time 13.943000 but the earliest data is at time 20.888000, when looking up transform from frame [robot3/base_link] to frame [map]
[ros2-11] [bt_navigator-5] 
[ros2-11] [bt_navigator-5] [WARN] [1785152911.586977696] [BehaviorTreeEngine]: Behavior Tree tick rate 100.00 was exceeded!
[ros2-11] [bt_navigator-5] [ERROR] [1785152911.677916895] [transformPoseInTargetFrame]: Extrapolation Error looking up target frame: Lookup would require extrapolation into the past.  Requested time 13.943000 but the earliest data is at time 20.988000, when looking up transform from frame [robot3/base_link] to frame [map]
[ros2-11] [bt_navigator-5] 
[ros2-11] [bt_navigator-5] [WARN] [1785152911.678077062] [BehaviorTreeEngine]: Behavior Tree tick rate 100.00 was exceeded!
[ros2-11] [bt_navigator-5] [ERROR] [1785152911.779133821] [transformPoseInTargetFrame]: Extrapolation Error looking up target frame: Lookup would require extrapolation into the past.  Requested time 13.943000 but the earliest data is at time 21.088000, when looking up transform from frame [robot3/base_link] to frame [map]
[ros2-11] [bt_navigator-5] 
[ros2-11] [bt_navigator-5] [WARN] [1785152911.779302274] [BehaviorTreeEngine]: Behavior Tree tick rate 100.00 was exceeded!
[ros2-11] [planner_server-3] [ERROR] [1785152911.877857408] [transformPoseInTargetFrame]: Extrapolation Error looking up target frame: Lookup would require extrapolation into the past.  Requested time 13.943000 but the earliest data is at time 21.188000, when looking up transform from frame [robot3/base_link] to frame [map]
[ros2-11] [planner_server-3] 
[ros2-11] [bt_navigator-5] [ERROR] [1785152911.880352276] [transformPoseInTargetFrame]: Extrapolation Error looking up target frame: Lookup would require extrapolation into the past.  Requested time 13.943000 but the earliest data is at time 21.188000, when looking up transform from frame [robot3/base_link] to frame [map]
[ros2-11] [bt_navigator-5] 
[ros2-11] [bt_navigator-5] [WARN] [1785152911.880527615] [BehaviorTreeEngine]: Behavior Tree tick rate 100.00 was exceeded!
[ros2-11] [bt_navigator-5] [ERROR] [1785152911.981529034] [transformPoseInTargetFrame]: Extrapolation Error looking up target frame: Lookup would require extrapolation into the past.  Requested time 13.943000 but the earliest data is at time 21.288000, when looking up transform from frame [robot3/base_link] to frame [map]
[ros2-11] [bt_navigator-5] 
[ros2-11] [bt_navigator-5] [WARN] [1785152911.981626583] [BehaviorTreeEngine]: Behavior Tree tick rate 100.00 was exceeded!
[ros2-11] [bt_navigator-5] [ERROR] [1785152912.082695979] [transformPoseInTargetFrame]: Extrapolation Error looking up target frame: Lookup would require extrapolation into the past.  Requested time 13.943000 but the earliest data is at time 21.388000, when looking up transform from frame [robot3/base_link] to frame [map]
[ros2-11] [bt_navigator-5] 
[ros2-11] [bt_navigator-5] [WARN] [1785152912.082818063] [BehaviorTreeEngine]: Behavior Tree tick rate 100.00 was exceeded!
[ros2-11] [bt_navigator-5] [ERROR] [1785152912.183944913] [transformPoseInTargetFrame]: Extrapolation Error looking up target frame: Lookup would require extrapolation into the past.  Requested time 13.943000 but the earliest data is at time 21.488000, when looking up transform from frame [robot3/base_link] to frame [map]
[ros2-11] [bt_navigator-5] 
[ros2-11] [bt_navigator-5] [WARN] [1785152912.184073550] [BehaviorTreeEngine]: Behavior Tree tick rate 100.00 was exceeded!
[ros2-11] [bt_navigator-5] [ERROR] [1785152912.285126590] [transformPoseInTargetFrame]: Extrapolation Error looking up target frame: Lookup would require extrapolation into the past.  Requested time 13.943000 but the earliest data is at time 21.588000, when looking up transform from frame [robot3/base_link] to frame [map]
[ros2-11] [bt_navigator-5] 
[ros2-11] [bt_navigator-5] [WARN] [1785152912.285285139] [BehaviorTreeEngine]: Behavior Tree tick rate 100.00 was exceeded!
[ros2-11] [planner_server-3] [INFO] [1785152912.378528055] [robot3.global_costmap.global_costmap]: Message Filter dropping message: frame 'robot3/laser_frame' at time 31.443 for reason 'the timestamp on the message is earlier than all the data in the transform cache'
[ros2-11] [bt_navigator-5] [ERROR] [1785152912.386347681] [transformPoseInTargetFrame]: Extrapolation Error looking up target frame: Lookup would require extrapolation into the past.  Requested time 13.943000 but the earliest data is at time 21.688000, when looking up transform from frame [robot3/base_link] to frame [map]
[ros2-11] [bt_navigator-5] 
[ros2-11] [bt_navigator-5] [WARN] [1785152912.386529651] [BehaviorTreeEngine]: Behavior Tree tick rate 100.00 was exceeded!
[ros2-11] [bt_navigator-5] [ERROR] [1785152912.487634138] [transformPoseInTargetFrame]: Extrapolation Error looking up target frame: Lookup would require extrapolation into the past.  Requested time 13.943000 but the earliest data is at time 21.788000, when looking up transform from frame [robot3/base_link] to frame [map]
[ros2-11] [bt_navigator-5] 
[ros2-11] [bt_navigator-5] [WARN] [1785152912.487802110] [BehaviorTreeEngine]: Behavior Tree tick rate 100.00 was exceeded!
[ros2-11] [bt_navigator-5] [ERROR] [1785152912.588944414] [transformPoseInTargetFrame]: Extrapolation Error looking up target frame: Lookup would require extrapolation into the past.  Requested time 13.943000 but the earliest data is at time 21.888000, when looking up transform from frame [robot3/base_link] to frame [map]
[ros2-11] [bt_navigator-5] 
[ros2-11] [bt_navigator-5] [WARN] [1785152912.589163058] [BehaviorTreeEngine]: Behavior Tree tick rate 100.00 was exceeded!
[ros2-11] [bt_navigator-5] [ERROR] [1785152912.680109957] [transformPoseInTargetFrame]: Extrapolation Error looking up target frame: Lookup would require extrapolation into the past.  Requested time 13.943000 but the earliest data is at time 21.888000, when looking up transform from frame [robot3/base_link] to frame [map]
[ros2-11] [bt_navigator-5] 
[ros2-11] [bt_navigator-5] [WARN] [1785152912.680263547] [BehaviorTreeEngine]: Behavior Tree tick rate 100.00 was exceeded!
[ros2-11] [bt_navigator-5] [ERROR] [1785152912.781265139] [transformPoseInTargetFrame]: Extrapolation Error looking up target frame: Lookup would require extrapolation into the past.  Requested time 13.943000 but the earliest data is at time 22.088000, when looking up transform from frame [robot3/base_link] to frame [map]
[ros2-11] [bt_navigator-5] 
[ros2-11] [bt_navigator-5] [WARN] [1785152912.781400022] [BehaviorTreeEngine]: Behavior Tree tick rate 100.00 was exceeded!
[ros2-11] [bt_navigator-5] [ERROR] [1785152912.882845467] [transformPoseInTargetFrame]: Extrapolation Error looking up target frame: Lookup would require extrapolation into the past.  Requested time 13.943000 but the earliest data is at time 22.188000, when looking up transform from frame [robot3/base_link] to frame [map]
[ros2-11] [bt_navigator-5] 
[ros2-11] [bt_navigator-5] [WARN] [1785152912.883072228] [BehaviorTreeEngine]: Behavior Tree tick rate 100.00 was exceeded!
[ros2-11] [planner_server-3] [ERROR] [1785152912.888365455] [transformPoseInTargetFrame]: Extrapolation Error looking up target frame: Lookup would require extrapolation into the past.  Requested time 13.943000 but the earliest data is at time 22.188000, when looking up transform from frame [robot3/base_link] to frame [map]
[ros2-11] [planner_server-3] 
[ros2-11] [bt_navigator-5] [ERROR] [1785152912.984179947] [transformPoseInTargetFrame]: Extrapolation Error looking up target frame: Lookup would require extrapolation into the past.  Requested time 13.943000 but the earliest data is at time 22.288000, when looking up transform from frame [robot3/base_link] to frame [map]
[ros2-11] [bt_navigator-5] 
[ros2-11] [bt_navigator-5] [WARN] [1785152912.984373771] [BehaviorTreeEngine]: Behavior Tree tick rate 100.00 was exceeded!
[ros2-11] [bt_navigator-5] [ERROR] [1785152913.085472032] [transformPoseInTargetFrame]: Extrapolation Error looking up target frame: Lookup would require extrapolation into the past.  Requested time 13.943000 but the earliest data is at time 22.388000, when looking up transform from frame [robot3/base_link] to frame [map]
[ros2-11] [bt_navigator-5] 
[ros2-11] [bt_navigator-5] [WARN] [1785152913.085659764] [BehaviorTreeEngine]: Behavior Tree tick rate 100.00 was exceeded!
[ros2-11] [bt_navigator-5] [ERROR] [1785152913.186873709] [transformPoseInTargetFrame]: Extrapolation Error looking up target frame: Lookup would require extrapolation into the past.  Requested time 13.943000 but the earliest data is at time 22.488000, when looking up transform from frame [robot3/base_link] to frame [map]
[ros2-11] [bt_navigator-5] 
[ros2-11] [bt_navigator-5] [WARN] [1785152913.187064007] [BehaviorTreeEngine]: Behavior Tree tick rate 100.00 was exceeded!
[ros2-11] [bt_navigator-5] [ERROR] [1785152913.288088612] [transformPoseInTargetFrame]: Extrapolation Error looking up target frame: Lookup would require extrapolation into the past.  Requested time 13.943000 but the earliest data is at time 22.588000, when looking up transform from frame [robot3/base_link] to frame [map]
[ros2-11] [bt_navigator-5] 
[ros2-11] [bt_navigator-5] [WARN] [1785152913.288223187] [BehaviorTreeEngine]: Behavior Tree tick rate 100.00 was exceeded!
[ros2-11] [bt_navigator-5] [ERROR] [1785152913.392589924] [transformPoseInTargetFrame]: Extrapolation Error looking up target frame: Lookup would require extrapolation into the past.  Requested time 13.943000 but the earliest data is at time 22.688000, when looking up transform from frame [robot3/base_link] to frame [map]
[ros2-11] [bt_navigator-5] 
[ros2-11] [bt_navigator-5] [WARN] [1785152913.392811162] [BehaviorTreeEngine]: Behavior Tree tick rate 100.00 was exceeded!
[ros2-11] [bt_navigator-5] [ERROR] [1785152913.494287115] [transformPoseInTargetFrame]: Extrapolation Error looking up target frame: Lookup would require extrapolation into the past.  Requested time 13.943000 but the earliest data is at time 22.788000, when looking up transform from frame [robot3/base_link] to frame [map]
[ros2-11] [bt_navigator-5] 
[ros2-11] [bt_navigator-5] [WARN] [1785152913.494438592] [BehaviorTreeEngine]: Behavior Tree tick rate 100.00 was exceeded!
[ros2-11] [bt_navigator-5] [ERROR] [1785152913.585359232] [transformPoseInTargetFrame]: Extrapolation Error looking up target frame: Lookup would require extrapolation into the past.  Requested time 13.943000 but the earliest data is at time 22.888000, when looking up transform from frame [robot3/base_link] to frame [map]
[ros2-11] [bt_navigator-5] 
[ros2-11] [bt_navigator-5] [WARN] [1785152913.585529516] [BehaviorTreeEngine]: Behavior Tree tick rate 100.00 was exceeded!
[ros2-11] [bt_navigator-5] [ERROR] [1785152913.686526869] [transformPoseInTargetFrame]: Extrapolation Error looking up target frame: Lookup would require extrapolation into the past.  Requested time 13.943000 but the earliest data is at time 22.988000, when looking up transform from frame [robot3/base_link] to frame [map]
[ros2-11] [bt_navigator-5] 
[ros2-11] [bt_navigator-5] [WARN] [1785152913.686641047] [BehaviorTreeEngine]: Behavior Tree tick rate 100.00 was exceeded!
[ros2-11] [bt_navigator-5] [ERROR] [1785152913.787611063] [transformPoseInTargetFrame]: Extrapolation Error looking up target frame: Lookup would require extrapolation into the past.  Requested time 13.943000 but the earliest data is at time 23.088000, when looking up transform from frame [robot3/base_link] to frame [map]
[ros2-11] [bt_navigator-5] 
[ros2-11] [bt_navigator-5] [WARN] [1785152913.787730872] [BehaviorTreeEngine]: Behavior Tree tick rate 100.00 was exceeded!
[ros2-11] [planner_server-3] [ERROR] [1785152913.887930559] [transformPoseInTargetFrame]: Extrapolation Error looking up target frame: Lookup would require extrapolation into the past.  Requested time 13.943000 but the earliest data is at time 23.188000, when looking up transform from frame [robot3/base_link] to frame [map]
[ros2-11] [planner_server-3] 
[ros2-11] [bt_navigator-5] [ERROR] [1785152913.888733926] [transformPoseInTargetFrame]: Extrapolation Error looking up target frame: Lookup would require extrapolation into the past.  Requested time 13.943000 but the earliest data is at time 23.188000, when looking up transform from frame [robot3/base_link] to frame [map]
[ros2-11] [bt_navigator-5] 
[ros2-11] [bt_navigator-5] [WARN] [1785152913.888879350] [BehaviorTreeEngine]: Behavior Tree tick rate 100.00 was exceeded!
[ros2-11] [bt_navigator-5] [ERROR] [1785152913.989956892] [transformPoseInTargetFrame]: Extrapolation Error looking up target frame: Lookup would require extrapolation into the past.  Requested time 13.943000 but the earliest data is at time 23.289000, when looking up transform from frame [robot3/base_link] to frame [map]
[ros2-11] [bt_navigator-5] 
[ros2-11] [bt_navigator-5] [WARN] [1785152913.990099045] [BehaviorTreeEngine]: Behavior Tree tick rate 100.00 was exceeded!
[ros2-11] [bt_navigator-5] [ERROR] [1785152914.091179825] [transformPoseInTargetFrame]: Extrapolation Error looking up target frame: Lookup would require extrapolation into the past.  Requested time 13.943000 but the earliest data is at time 23.289000, when looking up transform from frame [robot3/base_link] to frame [map]
[ros2-11] [bt_navigator-5] 
[ros2-11] [bt_navigator-5] [WARN] [1785152914.091311563] [BehaviorTreeEngine]: Behavior Tree tick rate 100.00 was exceeded!
[ros2-11] [bt_navigator-5] [ERROR] [1785152914.192306090] [transformPoseInTargetFrame]: Extrapolation Error looking up target frame: Lookup would require extrapolation into the past.  Requested time 13.943000 but the earliest data is at time 23.389000, when looking up transform from frame [robot3/base_link] to frame [map]
[ros2-11] [bt_navigator-5] 
[ros2-11] [bt_navigator-5] [WARN] [1785152914.192481145] [BehaviorTreeEngine]: Behavior Tree tick rate 100.00 was exceeded!
[ros2-11] [bt_navigator-5] [ERROR] [1785152914.293491343] [transformPoseInTargetFrame]: Extrapolation Error looking up target frame: Lookup would require extrapolation into the past.  Requested time 13.943000 but the earliest data is at time 23.489000, when looking up transform from frame [robot3/base_link] to frame [map]
[ros2-11] [bt_navigator-5] 
[ros2-11] [bt_navigator-5] [WARN] [1785152914.293630310] [BehaviorTreeEngine]: Behavior Tree tick rate 100.00 was exceeded!
[ros2-11] [bt_navigator-5] [ERROR] [1785152914.384568880] [transformPoseInTargetFrame]: Extrapolation Error looking up target frame: Lookup would require extrapolation into the past.  Requested time 13.943000 but the earliest data is at time 23.489000, when looking up transform from frame [robot3/base_link] to frame [map]
[ros2-11] [bt_navigator-5] 
[ros2-11] [bt_navigator-5] [WARN] [1785152914.384739558] [BehaviorTreeEngine]: Behavior Tree tick rate 100.00 was exceeded!
[ros2-11] [bt_navigator-5] [ERROR] [1785152914.485784291] [transformPoseInTargetFrame]: Extrapolation Error looking up target frame: Lookup would require extrapolation into the past.  Requested time 13.943000 but the earliest data is at time 23.689000, when looking up transform from frame [robot3/base_link] to frame [map]
[ros2-11] [bt_navigator-5] 
[ros2-11] [bt_navigator-5] [WARN] [1785152914.485919384] [BehaviorTreeEngine]: Behavior Tree tick rate 100.00 was exceeded!
[ros2-11] [bt_navigator-5] [ERROR] [1785152914.586961600] [transformPoseInTargetFrame]: Extrapolation Error looking up target frame: Lookup would require extrapolation into the past.  Requested time 13.943000 but the earliest data is at time 23.789000, when looking up transform from frame [robot3/base_link] to frame [map]
[ros2-11] [bt_navigator-5] 
[ros2-11] [bt_navigator-5] [WARN] [1785152914.587092971] [BehaviorTreeEngine]: Behavior Tree tick rate 100.00 was exceeded!
[ros2-11] [bt_navigator-5] [ERROR] [1785152914.688024371] [transformPoseInTargetFrame]: Extrapolation Error looking up target frame: Lookup would require extrapolation into the past.  Requested time 13.943000 but the earliest data is at time 23.889000, when looking up transform from frame [robot3/base_link] to frame [map]
[ros2-11] [bt_navigator-5] 
[ros2-11] [bt_navigator-5] [WARN] [1785152914.688157032] [BehaviorTreeEngine]: Behavior Tree tick rate 100.00 was exceeded!
[ros2-11] [bt_navigator-5] [ERROR] [1785152914.789149718] [transformPoseInTargetFrame]: Extrapolation Error looking up target frame: Lookup would require extrapolation into the past.  Requested time 13.943000 but the earliest data is at time 23.989000, when looking up transform from frame [robot3/base_link] to frame [map]
[ros2-11] [bt_navigator-5] 
[ros2-11] [bt_navigator-5] [WARN] [1785152914.789279943] [BehaviorTreeEngine]: Behavior Tree tick rate 100.00 was exceeded!
[ros2-11] [planner_server-3] [INFO] [1785152914.884278150] [robot3.global_costmap.global_costmap]: Message Filter dropping message: frame 'robot3/laser_frame' at time 33.945 for reason 'the timestamp on the message is earlier than all the data in the transform cache'
[ros2-11] [planner_server-3] [ERROR] [1785152914.888016114] [transformPoseInTargetFrame]: Extrapolation Error looking up target frame: Lookup would require extrapolation into the past.  Requested time 13.943000 but the earliest data is at time 24.089000, when looking up transform from frame [robot3/base_link] to frame [map]
[ros2-11] [planner_server-3] 
[ros2-11] [bt_navigator-5] [ERROR] [1785152914.890298078] [transformPoseInTargetFrame]: Extrapolation Error looking up target frame: Lookup would require extrapolation into the past.  Requested time 13.943000 but the earliest data is at time 24.089000, when looking up transform from frame [robot3/base_link] to frame [map]
[ros2-11] [bt_navigator-5] 
[ros2-11] [bt_navigator-5] [WARN] [1785152914.890401893] [BehaviorTreeEngine]: Behavior Tree tick rate 100.00 was exceeded!
[ros2-11] [bt_navigator-5] [ERROR] [1785152914.991342830] [transformPoseInTargetFrame]: Extrapolation Error looking up target frame: Lookup would require extrapolation into the past.  Requested time 13.943000 but the earliest data is at time 24.189000, when looking up transform from frame [robot3/base_link] to frame [map]
[ros2-11] [bt_navigator-5] 
[ros2-11] [bt_navigator-5] [WARN] [1785152914.991558567] [BehaviorTreeEngine]: Behavior Tree tick rate 100.00 was exceeded!
[ros2-11] [bt_navigator-5] [ERROR] [1785152915.092602573] [transformPoseInTargetFrame]: Extrapolation Error looking up target frame: Lookup would require extrapolation into the past.  Requested time 13.943000 but the earliest data is at time 24.289000, when looking up transform from frame [robot3/base_link] to frame [map]
[ros2-11] [bt_navigator-5] 
[ros2-11] [bt_navigator-5] [WARN] [1785152915.092734587] [BehaviorTreeEngine]: Behavior Tree tick rate 100.00 was exceeded!
[ros2-11] [bt_navigator-5] [ERROR] [1785152915.193800237] [transformPoseInTargetFrame]: Extrapolation Error looking up target frame: Lookup would require extrapolation into the past.  Requested time 13.943000 but the earliest data is at time 24.389000, when looking up transform from frame [robot3/base_link] to frame [map]
[ros2-11] [bt_navigator-5] 
[ros2-11] [bt_navigator-5] [WARN] [1785152915.193922762] [BehaviorTreeEngine]: Behavior Tree tick rate 100.00 was exceeded!
[ros2-11] [bt_navigator-5] [ERROR] [1785152915.294959419] [transformPoseInTargetFrame]: Extrapolation Error looking up target frame: Lookup would require extrapolation into the past.  Requested time 13.943000 but the earliest data is at time 24.489000, when looking up transform from frame [robot3/base_link] to frame [map]
[ros2-11] [bt_navigator-5] 
[ros2-11] [bt_navigator-5] [WARN] [1785152915.295091322] [BehaviorTreeEngine]: Behavior Tree tick rate 100.00 was exceeded!
[ros2-11] [bt_navigator-5] [ERROR] [1785152915.386125009] [transformPoseInTargetFrame]: Extrapolation Error looking up target frame: Lookup would require extrapolation into the past.  Requested time 13.943000 but the earliest data is at time 24.589000, when looking up transform from frame [robot3/base_link] to frame [map]
[ros2-11] [bt_navigator-5] 
[ros2-11] [bt_navigator-5] [WARN] [1785152915.386262460] [BehaviorTreeEngine]: Behavior Tree tick rate 100.00 was exceeded!
[ros2-11] [bt_navigator-5] [ERROR] [1785152915.487284208] [transformPoseInTargetFrame]: Extrapolation Error looking up target frame: Lookup would require extrapolation into the past.  Requested time 13.943000 but the earliest data is at time 24.689000, when looking up transform from frame [robot3/base_link] to frame [map]
[ros2-11] [bt_navigator-5] 
[ros2-11] [bt_navigator-5] [WARN] [1785152915.487426688] [BehaviorTreeEngine]: Behavior Tree tick rate 100.00 was exceeded!
[ros2-11] [bt_navigator-5] [ERROR] [1785152915.588501640] [transformPoseInTargetFrame]: Extrapolation Error looking up target frame: Lookup would require extrapolation into the past.  Requested time 13.943000 but the earliest data is at time 24.789000, when looking up transform from frame [robot3/base_link] to frame [map]
[ros2-11] [bt_navigator-5] 
[ros2-11] [bt_navigator-5] [WARN] [1785152915.588635426] [BehaviorTreeEngine]: Behavior Tree tick rate 100.00 was exceeded!
[ros2-11] [bt_navigator-5] [ERROR] [1785152915.689597863] [transformPoseInTargetFrame]: Extrapolation Error looking up target frame: Lookup would require extrapolation into the past.  Requested time 13.943000 but the earliest data is at time 24.889000, when looking up transform from frame [robot3/base_link] to frame [map]
[ros2-11] [bt_navigator-5] 
[ros2-11] [bt_navigator-5] [WARN] [1785152915.689713546] [BehaviorTreeEngine]: Behavior Tree tick rate 100.00 was exceeded!
[ros2-11] [bt_navigator-5] [ERROR] [1785152915.790722626] [transformPoseInTargetFrame]: Extrapolation Error looking up target frame: Lookup would require extrapolation into the past.  Requested time 13.943000 but the earliest data is at time 24.989000, when looking up transform from frame [robot3/base_link] to frame [map]
[ros2-11] [bt_navigator-5] 
[ros2-11] [bt_navigator-5] [WARN] [1785152915.790834581] [BehaviorTreeEngine]: Behavior Tree tick rate 100.00 was exceeded!
[ros2-11] [planner_server-3] [ERROR] [1785152915.888067903] [transformPoseInTargetFrame]: Extrapolation Error looking up target frame: Lookup would require extrapolation into the past.  Requested time 13.943000 but the earliest data is at time 25.089000, when looking up transform from frame [robot3/base_link] to frame [map]
[ros2-11] [planner_server-3] 
[ros2-11] [bt_navigator-5] [ERROR] [1785152915.891846437] [transformPoseInTargetFrame]: Extrapolation Error looking up target frame: Lookup would require extrapolation into the past.  Requested time 13.943000 but the earliest data is at time 25.089000, when looking up transform from frame [robot3/base_link] to frame [map]
[ros2-11] [bt_navigator-5] 
[ros2-11] [bt_navigator-5] [WARN] [1785152915.891979974] [BehaviorTreeEngine]: Behavior Tree tick rate 100.00 was exceeded!
[ros2-11] [bt_navigator-5] [ERROR] [1785152915.993047225] [transformPoseInTargetFrame]: Extrapolation Error looking up target frame: Lookup would require extrapolation into the past.  Requested time 13.943000 but the earliest data is at time 25.189000, when looking up transform from frame [robot3/base_link] to frame [map]
[ros2-11] [bt_navigator-5] 
[ros2-11] [bt_navigator-5] [WARN] [1785152915.993193856] [BehaviorTreeEngine]: Behavior Tree tick rate 100.00 was exceeded!
[ros2-11] [bt_navigator-5] [ERROR] [1785152916.094284380] [transformPoseInTargetFrame]: Extrapolation Error looking up target frame: Lookup would require extrapolation into the past.  Requested time 13.943000 but the earliest data is at time 25.289000, when looking up transform from frame [robot3/base_link] to frame [map]
[ros2-11] [bt_navigator-5] 
[ros2-11] [bt_navigator-5] [WARN] [1785152916.094432521] [BehaviorTreeEngine]: Behavior Tree tick rate 100.00 was exceeded!
[ros2-11] [bt_navigator-5] [ERROR] [1785152916.195473414] [transformPoseInTargetFrame]: Extrapolation Error looking up target frame: Lookup would require extrapolation into the past.  Requested time 13.943000 but the earliest data is at time 25.389000, when looking up transform from frame [robot3/base_link] to frame [map]
[ros2-11] [bt_navigator-5] 
[ros2-11] [bt_navigator-5] [WARN] [1785152916.195628409] [BehaviorTreeEngine]: Behavior Tree tick rate 100.00 was exceeded!
[ros2-11] [bt_navigator-5] [ERROR] [1785152916.296646398] [transformPoseInTargetFrame]: Extrapolation Error looking up target frame: Lookup would require extrapolation into the past.  Requested time 13.943000 but the earliest data is at time 25.489000, when looking up transform from frame [robot3/base_link] to frame [map]
[ros2-11] [bt_navigator-5] 
[ros2-11] [bt_navigator-5] [WARN] [1785152916.296840102] [BehaviorTreeEngine]: Behavior Tree tick rate 100.00 was exceeded!
[ros2-11] [bt_navigator-5] [ERROR] [1785152916.387979146] [transformPoseInTargetFrame]: Extrapolation Error looking up target frame: Lookup would require extrapolation into the past.  Requested time 13.943000 but the earliest data is at time 25.589000, when looking up transform from frame [robot3/base_link] to frame [map]
[ros2-11] [bt_navigator-5] 
[ros2-11] [bt_navigator-5] [WARN] [1785152916.388212995] [BehaviorTreeEngine]: Behavior Tree tick rate 100.00 was exceeded!
[ros2-11] [bt_navigator-5] [ERROR] [1785152916.489260408] [transformPoseInTargetFrame]: Extrapolation Error looking up target frame: Lookup would require extrapolation into the past.  Requested time 13.943000 but the earliest data is at time 25.689000, when looking up transform from frame [robot3/base_link] to frame [map]
[ros2-11] [bt_navigator-5] 
[ros2-11] [bt_navigator-5] [WARN] [1785152916.489361749] [BehaviorTreeEngine]: Behavior Tree tick rate 100.00 was exceeded!
[ros2-11] [bt_navigator-5] [ERROR] [1785152916.590464772] [transformPoseInTargetFrame]: Extrapolation Error looking up target frame: Lookup would require extrapolation into the past.  Requested time 13.943000 but the earliest data is at time 25.789000, when looking up transform from frame [robot3/base_link] to frame [map]
[ros2-11] [bt_navigator-5] 
[ros2-11] [bt_navigator-5] [WARN] [1785152916.590631432] [BehaviorTreeEngine]: Behavior Tree tick rate 100.00 was exceeded!
[ros2-11] [bt_navigator-5] [ERROR] [1785152916.691685970] [transformPoseInTargetFrame]: Extrapolation Error looking up target frame: Lookup would require extrapolation into the past.  Requested time 13.943000 but the earliest data is at time 25.889000, when looking up transform from frame [robot3/base_link] to frame [map]
[ros2-11] [bt_navigator-5] 
[ros2-11] [bt_navigator-5] [WARN] [1785152916.691806208] [BehaviorTreeEngine]: Behavior Tree tick rate 100.00 was exceeded!
[ros2-11] [bt_navigator-5] [ERROR] [1785152916.792806627] [transformPoseInTargetFrame]: Extrapolation Error looking up target frame: Lookup would require extrapolation into the past.  Requested time 13.943000 but the earliest data is at time 25.989000, when looking up transform from frame [robot3/base_link] to frame [map]
[ros2-11] [bt_navigator-5] 
[ros2-11] [bt_navigator-5] [WARN] [1785152916.792969809] [BehaviorTreeEngine]: Behavior Tree tick rate 100.00 was exceeded!
[ros2-11] [planner_server-3] [ERROR] [1785152916.797397892] [transformPoseInTargetFrame]: Extrapolation Error looking up target frame: Lookup would require extrapolation into the past.  Requested time 13.943000 but the earliest data is at time 25.989000, when looking up transform from frame [robot3/base_link] to frame [map]
[ros2-11] [planner_server-3] 
[ros2-11] [bt_navigator-5] [ERROR] [1785152916.893941227] [transformPoseInTargetFrame]: Extrapolation Error looking up target frame: Lookup would require extrapolation into the past.  Requested time 13.943000 but the earliest data is at time 26.089000, when looking up transform from frame [robot3/base_link] to frame [map]
[ros2-11] [bt_navigator-5] 
[ros2-11] [bt_navigator-5] [WARN] [1785152916.894110261] [BehaviorTreeEngine]: Behavior Tree tick rate 100.00 was exceeded!
[ros2-11] [bt_navigator-5] [ERROR] [1785152916.995159096] [transformPoseInTargetFrame]: Extrapolation Error looking up target frame: Lookup would require extrapolation into the past.  Requested time 13.943000 but the earliest data is at time 26.189000, when looking up transform from frame [robot3/base_link] to frame [map]
[ros2-11] [bt_navigator-5] 
[ros2-11] [bt_navigator-5] [WARN] [1785152916.995298364] [BehaviorTreeEngine]: Behavior Tree tick rate 100.00 was exceeded!
[ros2-11] [bt_navigator-5] [ERROR] [1785152917.096604120] [transformPoseInTargetFrame]: Extrapolation Error looking up target frame: Lookup would require extrapolation into the past.  Requested time 13.943000 but the earliest data is at time 26.289000, when looking up transform from frame [robot3/base_link] to frame [map]
[ros2-11] [bt_navigator-5] 
[ros2-11] [bt_navigator-5] [WARN] [1785152917.096741498] [BehaviorTreeEngine]: Behavior Tree tick rate 100.00 was exceeded!
[ros2-11] [bt_navigator-5] [ERROR] [1785152917.197756894] [transformPoseInTargetFrame]: Extrapolation Error looking up target frame: Lookup would require extrapolation into the past.  Requested time 13.943000 but the earliest data is at time 26.389000, when looking up transform from frame [robot3/base_link] to frame [map]
[ros2-11] [bt_navigator-5] 
[ros2-11] [bt_navigator-5] [WARN] [1785152917.197871143] [BehaviorTreeEngine]: Behavior Tree tick rate 100.00 was exceeded!
[ros2-11] [bt_navigator-5] [ERROR] [1785152917.288831414] [transformPoseInTargetFrame]: Extrapolation Error looking up target frame: Lookup would require extrapolation into the past.  Requested time 13.943000 but the earliest data is at time 26.489000, when looking up transform from frame [robot3/base_link] to frame [map]
[ros2-11] [bt_navigator-5] 
[ros2-11] [bt_navigator-5] [WARN] [1785152917.288980226] [BehaviorTreeEngine]: Behavior Tree tick rate 100.00 was exceeded!
[ros2-11] [planner_server-3] [INFO] [1785152917.388429752] [robot3.global_costmap.global_costmap]: Message Filter dropping message: frame 'robot3/laser_frame' at time 36.445 for reason 'the timestamp on the message is earlier than all the data in the transform cache'
[ros2-11] [bt_navigator-5] [ERROR] [1785152917.390111475] [transformPoseInTargetFrame]: Extrapolation Error looking up target frame: Lookup would require extrapolation into the past.  Requested time 13.943000 but the earliest data is at time 26.589000, when looking up transform from frame [robot3/base_link] to frame [map]
[ros2-11] [bt_navigator-5] 
[ros2-11] [bt_navigator-5] [WARN] [1785152917.390237376] [BehaviorTreeEngine]: Behavior Tree tick rate 100.00 was exceeded!
[ros2-11] [bt_navigator-5] [ERROR] [1785152917.491323645] [transformPoseInTargetFrame]: Extrapolation Error looking up target frame: Lookup would require extrapolation into the past.  Requested time 13.943000 but the earliest data is at time 26.689000, when looking up transform from frame [robot3/base_link] to frame [map]
[ros2-11] [bt_navigator-5] 
[ros2-11] [bt_navigator-5] [WARN] [1785152917.491482083] [BehaviorTreeEngine]: Behavior Tree tick rate 100.00 was exceeded!
[ros2-11] [bt_navigator-5] [ERROR] [1785152917.592457004] [transformPoseInTargetFrame]: Extrapolation Error looking up target frame: Lookup would require extrapolation into the past.  Requested time 13.943000 but the earliest data is at time 26.789000, when looking up transform from frame [robot3/base_link] to frame [map]
[ros2-11] [bt_navigator-5] 
[ros2-11] [bt_navigator-5] [WARN] [1785152917.592580728] [BehaviorTreeEngine]: Behavior Tree tick rate 100.00 was exceeded!
[ros2-11] [bt_navigator-5] [ERROR] [1785152917.693530525] [transformPoseInTargetFrame]: Extrapolation Error looking up target frame: Lookup would require extrapolation into the past.  Requested time 13.943000 but the earliest data is at time 26.889000, when looking up transform from frame [robot3/base_link] to frame [map]
[ros2-11] [bt_navigator-5] 
[ros2-11] [bt_navigator-5] [WARN] [1785152917.693653658] [BehaviorTreeEngine]: Behavior Tree tick rate 100.00 was exceeded!
[ros2-11] [bt_navigator-5] [ERROR] [1785152917.794656826] [transformPoseInTargetFrame]: Extrapolation Error looking up target frame: Lookup would require extrapolation into the past.  Requested time 13.943000 but the earliest data is at time 26.989000, when looking up transform from frame [robot3/base_link] to frame [map]
[ros2-11] [bt_navigator-5] 
[ros2-11] [bt_navigator-5] [WARN] [1785152917.794794337] [BehaviorTreeEngine]: Behavior Tree tick rate 100.00 was exceeded!
[ros2-11] [planner_server-3] [ERROR] [1785152917.797098407] [transformPoseInTargetFrame]: Extrapolation Error looking up target frame: Lookup would require extrapolation into the past.  Requested time 13.943000 but the earliest data is at time 26.989000, when looking up transform from frame [robot3/base_link] to frame [map]
[ros2-11] [planner_server-3] 
[ros2-11] [bt_navigator-5] [ERROR] [1785152917.895857670] [transformPoseInTargetFrame]: Extrapolation Error looking up target frame: Lookup would require extrapolation into the past.  Requested time 13.943000 but the earliest data is at time 27.089000, when looking up transform from frame [robot3/base_link] to frame [map]
[ros2-11] [bt_navigator-5] 
[ros2-11] [bt_navigator-5] [WARN] [1785152917.895989185] [BehaviorTreeEngine]: Behavior Tree tick rate 100.00 was exceeded!
[ros2-11] [bt_navigator-5] [ERROR] [1785152917.997048285] [transformPoseInTargetFrame]: Extrapolation Error looking up target frame: Lookup would require extrapolation into the past.  Requested time 13.943000 but the earliest data is at time 27.189000, when looking up transform from frame [robot3/base_link] to frame [map]
[ros2-11] [bt_navigator-5] 
[ros2-11] [bt_navigator-5] [WARN] [1785152917.997182894] [BehaviorTreeEngine]: Behavior Tree tick rate 100.00 was exceeded!
[ros2-11] [bt_navigator-5] [ERROR] [1785152918.098274844] [transformPoseInTargetFrame]: Extrapolation Error looking up target frame: Lookup would require extrapolation into the past.  Requested time 13.943000 but the earliest data is at time 27.289000, when looking up transform from frame [robot3/base_link] to frame [map]
[ros2-11] [bt_navigator-5] 
[ros2-11] [bt_navigator-5] [WARN] [1785152918.098436556] [BehaviorTreeEngine]: Behavior Tree tick rate 100.00 was exceeded!
[ros2-11] [bt_navigator-5] [ERROR] [1785152918.189411468] [transformPoseInTargetFrame]: Extrapolation Error looking up target frame: Lookup would require extrapolation into the past.  Requested time 13.943000 but the earliest data is at time 27.289000, when looking up transform from frame [robot3/base_link] to frame [map]
[ros2-11] [bt_navigator-5] 
[ros2-11] [bt_navigator-5] [WARN] [1785152918.189603873] [BehaviorTreeEngine]: Behavior Tree tick rate 100.00 was exceeded!
[ros2-11] [bt_navigator-5] [ERROR] [1785152918.300745130] [transformPoseInTargetFrame]: Extrapolation Error looking up target frame: Lookup would require extrapolation into the past.  Requested time 13.943000 but the earliest data is at time 27.489000, when looking up transform from frame [robot3/base_link] to frame [map]
[ros2-11] [bt_navigator-5] 
[ros2-11] [bt_navigator-5] [WARN] [1785152918.300878114] [BehaviorTreeEngine]: Behavior Tree tick rate 100.00 was exceeded!
[ros2-11] [bt_navigator-5] [ERROR] [1785152918.391861937] [transformPoseInTargetFrame]: Extrapolation Error looking up target frame: Lookup would require extrapolation into the past.  Requested time 13.943000 but the earliest data is at time 27.589000, when looking up transform from frame [robot3/base_link] to frame [map]
[ros2-11] [bt_navigator-5] 
[ros2-11] [bt_navigator-5] [WARN] [1785152918.392008023] [BehaviorTreeEngine]: Behavior Tree tick rate 100.00 was exceeded!
[ros2-11] [bt_navigator-5] [ERROR] [1785152918.492939776] [transformPoseInTargetFrame]: Extrapolation Error looking up target frame: Lookup would require extrapolation into the past.  Requested time 13.943000 but the earliest data is at time 27.689000, when looking up transform from frame [robot3/base_link] to frame [map]
[ros2-11] [bt_navigator-5] 
[ros2-11] [bt_navigator-5] [WARN] [1785152918.493091334] [BehaviorTreeEngine]: Behavior Tree tick rate 100.00 was exceeded!
[ros2-11] [bt_navigator-5] [ERROR] [1785152918.594144488] [transformPoseInTargetFrame]: Extrapolation Error looking up target frame: Lookup would require extrapolation into the past.  Requested time 13.943000 but the earliest data is at time 27.789000, when looking up transform from frame [robot3/base_link] to frame [map]
[ros2-11] [bt_navigator-5] 
[ros2-11] [bt_navigator-5] [WARN] [1785152918.594268670] [BehaviorTreeEngine]: Behavior Tree tick rate 100.00 was exceeded!
[ros2-11] [bt_navigator-5] [ERROR] [1785152918.695342067] [transformPoseInTargetFrame]: Extrapolation Error looking up target frame: Lookup would require extrapolation into the past.  Requested time 13.943000 but the earliest data is at time 27.889000, when looking up transform from frame [robot3/base_link] to frame [map]
[ros2-11] [bt_navigator-5] 
[ros2-11] [bt_navigator-5] [WARN] [1785152918.695480656] [BehaviorTreeEngine]: Behavior Tree tick rate 100.00 was exceeded!
[ros2-11] [bt_navigator-5] [ERROR] [1785152918.796496948] [transformPoseInTargetFrame]: Extrapolation Error looking up target frame: Lookup would require extrapolation into the past.  Requested time 13.943000 but the earliest data is at time 27.989000, when looking up transform from frame [robot3/base_link] to frame [map]
[ros2-11] [bt_navigator-5] 
[ros2-11] [bt_navigator-5] [WARN] [1785152918.796688382] [BehaviorTreeEngine]: Behavior Tree tick rate 100.00 was exceeded!
[ros2-11] [planner_server-3] [ERROR] [1785152918.796994412] [transformPoseInTargetFrame]: Extrapolation Error looking up target frame: Lookup would require extrapolation into the past.  Requested time 13.943000 but the earliest data is at time 27.989000, when looking up transform from frame [robot3/base_link] to frame [map]
[ros2-11] [planner_server-3] 
[ros2-11] [bt_navigator-5] [ERROR] [1785152918.897832435] [transformPoseInTargetFrame]: Extrapolation Error looking up target frame: Lookup would require extrapolation into the past.  Requested time 13.943000 but the earliest data is at time 28.089000, when looking up transform from frame [robot3/base_link] to frame [map]
[ros2-11] [bt_navigator-5] 
[ros2-11] [bt_navigator-5] [WARN] [1785152918.897967500] [BehaviorTreeEngine]: Behavior Tree tick rate 100.00 was exceeded!
[ros2-11] [bt_navigator-5] [ERROR] [1785152918.999049093] [transformPoseInTargetFrame]: Extrapolation Error looking up target frame: Lookup would require extrapolation into the past.  Requested time 13.943000 but the earliest data is at time 28.189000, when looking up transform from frame [robot3/base_link] to frame [map]
[ros2-11] [bt_navigator-5] 
[ros2-11] [bt_navigator-5] [WARN] [1785152918.999160135] [BehaviorTreeEngine]: Behavior Tree tick rate 100.00 was exceeded!
[ros2-11] [bt_navigator-5] [ERROR] [1785152919.100297566] [transformPoseInTargetFrame]: Extrapolation Error looking up target frame: Lookup would require extrapolation into the past.  Requested time 13.943000 but the earliest data is at time 28.289000, when looking up transform from frame [robot3/base_link] to frame [map]
[ros2-11] [bt_navigator-5] 
[ros2-11] [bt_navigator-5] [WARN] [1785152919.100455285] [BehaviorTreeEngine]: Behavior Tree tick rate 100.00 was exceeded!
[ros2-11] [bt_navigator-5] [ERROR] [1785152919.191352758] [transformPoseInTargetFrame]: Extrapolation Error looking up target frame: Lookup would require extrapolation into the past.  Requested time 13.943000 but the earliest data is at time 28.389000, when looking up transform from frame [robot3/base_link] to frame [map]
[ros2-11] [bt_navigator-5] 
[ros2-11] [bt_navigator-5] [WARN] [1785152919.191469137] [BehaviorTreeEngine]: Behavior Tree tick rate 100.00 was exceeded!
[ros2-11] [bt_navigator-5] [ERROR] [1785152919.292504103] [transformPoseInTargetFrame]: Extrapolation Error looking up target frame: Lookup would require extrapolation into the past.  Requested time 13.943000 but the earliest data is at time 28.489000, when looking up transform from frame [robot3/base_link] to frame [map]
[ros2-11] [bt_navigator-5] 
[ros2-11] [bt_navigator-5] [WARN] [1785152919.292656288] [BehaviorTreeEngine]: Behavior Tree tick rate 100.00 was exceeded!
[ros2-11] [bt_navigator-5] [ERROR] [1785152919.393854790] [transformPoseInTargetFrame]: Extrapolation Error looking up target frame: Lookup would require extrapolation into the past.  Requested time 13.943000 but the earliest data is at time 28.589000, when looking up transform from frame [robot3/base_link] to frame [map]
[ros2-11] [bt_navigator-5] 
[ros2-11] [bt_navigator-5] [WARN] [1785152919.393990956] [BehaviorTreeEngine]: Behavior Tree tick rate 100.00 was exceeded!
[ros2-11] [bt_navigator-5] [ERROR] [1785152919.495012617] [transformPoseInTargetFrame]: Extrapolation Error looking up target frame: Lookup would require extrapolation into the past.  Requested time 13.943000 but the earliest data is at time 28.689000, when looking up transform from frame [robot3/base_link] to frame [map]
[ros2-11] [bt_navigator-5] 
[ros2-11] [bt_navigator-5] [WARN] [1785152919.495131300] [BehaviorTreeEngine]: Behavior Tree tick rate 100.00 was exceeded!
[ros2-11] [bt_navigator-5] [ERROR] [1785152919.596177468] [transformPoseInTargetFrame]: Extrapolation Error looking up target frame: Lookup would require extrapolation into the past.  Requested time 13.943000 but the earliest data is at time 28.789000, when looking up transform from frame [robot3/base_link] to frame [map]
[ros2-11] [bt_navigator-5] 
[ros2-11] [bt_navigator-5] [WARN] [1785152919.596304588] [BehaviorTreeEngine]: Behavior Tree tick rate 100.00 was exceeded!
[ros2-11] [bt_navigator-5] [ERROR] [1785152919.697327154] [transformPoseInTargetFrame]: Extrapolation Error looking up target frame: Lookup would require extrapolation into the past.  Requested time 13.943000 but the earliest data is at time 28.889000, when looking up transform from frame [robot3/base_link] to frame [map]
[ros2-11] [bt_navigator-5] 
[ros2-11] [bt_navigator-5] [WARN] [1785152919.697447296] [BehaviorTreeEngine]: Behavior Tree tick rate 100.00 was exceeded!
[ros2-11] [planner_server-3] [ERROR] [1785152919.797222263] [transformPoseInTargetFrame]: Extrapolation Error looking up target frame: Lookup would require extrapolation into the past.  Requested time 13.943000 but the earliest data is at time 28.989000, when looking up transform from frame [robot3/base_link] to frame [map]
[ros2-11] [planner_server-3] 
[ros2-11] [bt_navigator-5] [ERROR] [1785152919.798426944] [transformPoseInTargetFrame]: Extrapolation Error looking up target frame: Lookup would require extrapolation into the past.  Requested time 13.943000 but the earliest data is at time 28.989000, when looking up transform from frame [robot3/base_link] to frame [map]
[ros2-11] [bt_navigator-5] 
[ros2-11] [bt_navigator-5] [WARN] [1785152919.798574680] [BehaviorTreeEngine]: Behavior Tree tick rate 100.00 was exceeded!
[ros2-11] [planner_server-3] [INFO] [1785152919.891980063] [robot3.global_costmap.global_costmap]: Message Filter dropping message: frame 'robot3/laser_frame' at time 38.945 for reason 'the timestamp on the message is earlier than all the data in the transform cache'
[ros2-11] [bt_navigator-5] [ERROR] [1785152919.899679115] [transformPoseInTargetFrame]: Extrapolation Error looking up target frame: Lookup would require extrapolation into the past.  Requested time 13.943000 but the earliest data is at time 29.089000, when looking up transform from frame [robot3/base_link] to frame [map]
[ros2-11] [bt_navigator-5] 
[ros2-11] [bt_navigator-5] [WARN] [1785152919.899822031] [BehaviorTreeEngine]: Behavior Tree tick rate 100.00 was exceeded!
[ros2-11] [bt_navigator-5] [ERROR] [1785152920.000862959] [transformPoseInTargetFrame]: Extrapolation Error looking up target frame: Lookup would require extrapolation into the past.  Requested time 13.943000 but the earliest data is at time 29.189000, when looking up transform from frame [robot3/base_link] to frame [map]
[ros2-11] [bt_navigator-5] 
[ros2-11] [bt_navigator-5] [WARN] [1785152920.001019984] [BehaviorTreeEngine]: Behavior Tree tick rate 100.00 was exceeded!
[ros2-11] [bt_navigator-5] [ERROR] [1785152920.102097342] [transformPoseInTargetFrame]: Extrapolation Error looking up target frame: Lookup would require extrapolation into the past.  Requested time 13.943000 but the earliest data is at time 29.289000, when looking up transform from frame [robot3/base_link] to frame [map]
[ros2-11] [bt_navigator-5] 
[ros2-11] [bt_navigator-5] [WARN] [1785152920.102208032] [BehaviorTreeEngine]: Behavior Tree tick rate 100.00 was exceeded!
[ros2-11] [bt_navigator-5] [ERROR] [1785152920.193135578] [transformPoseInTargetFrame]: Extrapolation Error looking up target frame: Lookup would require extrapolation into the past.  Requested time 13.943000 but the earliest data is at time 29.289000, when looking up transform from frame [robot3/base_link] to frame [map]
[ros2-11] [bt_navigator-5] 
[ros2-11] [bt_navigator-5] [WARN] [1785152920.193314874] [BehaviorTreeEngine]: Behavior Tree tick rate 100.00 was exceeded!
[ros2-11] [bt_navigator-5] [ERROR] [1785152920.294467343] [transformPoseInTargetFrame]: Extrapolation Error looking up target frame: Lookup would require extrapolation into the past.  Requested time 13.943000 but the earliest data is at time 29.489000, when looking up transform from frame [robot3/base_link] to frame [map]
[ros2-11] [bt_navigator-5] 
[ros2-11] [bt_navigator-5] [WARN] [1785152920.294570813] [BehaviorTreeEngine]: Behavior Tree tick rate 100.00 was exceeded!
[ros2-11] [bt_navigator-5] [ERROR] [1785152920.395632317] [transformPoseInTargetFrame]: Extrapolation Error looking up target frame: Lookup would require extrapolation into the past.  Requested time 13.943000 but the earliest data is at time 29.589000, when looking up transform from frame [robot3/base_link] to frame [map]
[ros2-11] [bt_navigator-5] 
[ros2-11] [bt_navigator-5] [WARN] [1785152920.395754347] [BehaviorTreeEngine]: Behavior Tree tick rate 100.00 was exceeded!
[ros2-11] [bt_navigator-5] [ERROR] [1785152920.496735095] [transformPoseInTargetFrame]: Extrapolation Error looking up target frame: Lookup would require extrapolation into the past.  Requested time 13.943000 but the earliest data is at time 29.689000, when looking up transform from frame [robot3/base_link] to frame [map]
[ros2-11] [bt_navigator-5] 
[ros2-11] [bt_navigator-5] [WARN] [1785152920.496865822] [BehaviorTreeEngine]: Behavior Tree tick rate 100.00 was exceeded!
[ros2-11] [bt_navigator-5] [ERROR] [1785152920.597880732] [transformPoseInTargetFrame]: Extrapolation Error looking up target frame: Lookup would require extrapolation into the past.  Requested time 13.943000 but the earliest data is at time 29.789000, when looking up transform from frame [robot3/base_link] to frame [map]
[ros2-11] [bt_navigator-5] 
[ros2-11] [bt_navigator-5] [WARN] [1785152920.598009470] [BehaviorTreeEngine]: Behavior Tree tick rate 100.00 was exceeded!
[ros2-11] [bt_navigator-5] [ERROR] [1785152920.698945513] [transformPoseInTargetFrame]: Extrapolation Error looking up target frame: Lookup would require extrapolation into the past.  Requested time 13.943000 but the earliest data is at time 29.889000, when looking up transform from frame [robot3/base_link] to frame [map]
[ros2-11] [bt_navigator-5] 
[ros2-11] [bt_navigator-5] [WARN] [1785152920.699118875] [BehaviorTreeEngine]: Behavior Tree tick rate 100.00 was exceeded!
[ros2-11] [planner_server-3] [ERROR] [1785152920.797107265] [transformPoseInTargetFrame]: Extrapolation Error looking up target frame: Lookup would require extrapolation into the past.  Requested time 13.943000 but the earliest data is at time 29.989000, when looking up transform from frame [robot3/base_link] to frame [map]
[ros2-11] [planner_server-3] 
[ros2-11] [bt_navigator-5] [ERROR] [1785152920.800137579] [transformPoseInTargetFrame]: Extrapolation Error looking up target frame: Lookup would require extrapolation into the past.  Requested time 13.943000 but the earliest data is at time 29.989000, when looking up transform from frame [robot3/base_link] to frame [map]
[ros2-11] [bt_navigator-5] 
[ros2-11] [bt_navigator-5] [WARN] [1785152920.800306364] [BehaviorTreeEngine]: Behavior Tree tick rate 100.00 was exceeded!
[ros2-11] [bt_navigator-5] [ERROR] [1785152920.901320449] [transformPoseInTargetFrame]: Extrapolation Error looking up target frame: Lookup would require extrapolation into the past.  Requested time 13.943000 but the earliest data is at time 30.089000, when looking up transform from frame [robot3/base_link] to frame [map]
[ros2-11] [bt_navigator-5] 
[ros2-11] [bt_navigator-5] [WARN] [1785152920.901425923] [BehaviorTreeEngine]: Behavior Tree tick rate 100.00 was exceeded!
[ros2-11] [bt_navigator-5] [ERROR] [1785152921.002436533] [transformPoseInTargetFrame]: Extrapolation Error looking up target frame: Lookup would require extrapolation into the past.  Requested time 13.943000 but the earliest data is at time 30.189000, when looking up transform from frame [robot3/base_link] to frame [map]
[ros2-11] [bt_navigator-5] 
[ros2-11] [bt_navigator-5] [WARN] [1785152921.002545472] [BehaviorTreeEngine]: Behavior Tree tick rate 100.00 was exceeded!
[ros2-11] [bt_navigator-5] [ERROR] [1785152921.093498453] [transformPoseInTargetFrame]: Extrapolation Error looking up target frame: Lookup would require extrapolation into the past.  Requested time 13.943000 but the earliest data is at time 30.189000, when looking up transform from frame [robot3/base_link] to frame [map]
[ros2-11] [bt_navigator-5] 
[ros2-11] [bt_navigator-5] [WARN] [1785152921.093675243] [BehaviorTreeEngine]: Behavior Tree tick rate 100.00 was exceeded!
[ros2-11] [bt_navigator-5] [ERROR] [1785152921.194659657] [transformPoseInTargetFrame]: Extrapolation Error looking up target frame: Lookup would require extrapolation into the past.  Requested time 13.943000 but the earliest data is at time 30.389000, when looking up transform from frame [robot3/base_link] to frame [map]
[ros2-11] [bt_navigator-5] 
[ros2-11] [bt_navigator-5] [WARN] [1785152921.194842328] [BehaviorTreeEngine]: Behavior Tree tick rate 100.00 was exceeded!
[ros2-11] [bt_navigator-5] [ERROR] [1785152921.295909863] [transformPoseInTargetFrame]: Extrapolation Error looking up target frame: Lookup would require extrapolation into the past.  Requested time 13.943000 but the earliest data is at time 30.489000, when looking up transform from frame [robot3/base_link] to frame [map]
[ros2-11] [bt_navigator-5] 
[ros2-11] [bt_navigator-5] [WARN] [1785152921.296208355] [BehaviorTreeEngine]: Behavior Tree tick rate 100.00 was exceeded!
[ros2-11] [bt_navigator-5] [ERROR] [1785152921.397268961] [transformPoseInTargetFrame]: Extrapolation Error looking up target frame: Lookup would require extrapolation into the past.  Requested time 13.943000 but the earliest data is at time 30.589000, when looking up transform from frame [robot3/base_link] to frame [map]
[ros2-11] [bt_navigator-5] 
[ros2-11] [bt_navigator-5] [WARN] [1785152921.397390248] [BehaviorTreeEngine]: Behavior Tree tick rate 100.00 was exceeded!
[ros2-11] [bt_navigator-5] [ERROR] [1785152921.498339983] [transformPoseInTargetFrame]: Extrapolation Error looking up target frame: Lookup would require extrapolation into the past.  Requested time 13.943000 but the earliest data is at time 30.689000, when looking up transform from frame [robot3/base_link] to frame [map]
[ros2-11] [bt_navigator-5] 
[ros2-11] [bt_navigator-5] [WARN] [1785152921.498482151] [BehaviorTreeEngine]: Behavior Tree tick rate 100.00 was exceeded!
[ros2-11] [bt_navigator-5] [ERROR] [1785152921.599442820] [transformPoseInTargetFrame]: Extrapolation Error looking up target frame: Lookup would require extrapolation into the past.  Requested time 13.943000 but the earliest data is at time 30.789000, when looking up transform from frame [robot3/base_link] to frame [map]
[ros2-11] [bt_navigator-5] 
[ros2-11] [bt_navigator-5] [WARN] [1785152921.599556479] [BehaviorTreeEngine]: Behavior Tree tick rate 100.00 was exceeded!
[ros2-11] [bt_navigator-5] [ERROR] [1785152921.700584425] [transformPoseInTargetFrame]: Extrapolation Error looking up target frame: Lookup would require extrapolation into the past.  Requested time 13.943000 but the earliest data is at time 30.889000, when looking up transform from frame [robot3/base_link] to frame [map]
[ros2-11] [bt_navigator-5] 
[ros2-11] [bt_navigator-5] [WARN] [1785152921.700695329] [BehaviorTreeEngine]: Behavior Tree tick rate 100.00 was exceeded!
[ros2-11] [planner_server-3] [ERROR] [1785152921.797208233] [transformPoseInTargetFrame]: Extrapolation Error looking up target frame: Lookup would require extrapolation into the past.  Requested time 13.943000 but the earliest data is at time 30.989000, when looking up transform from frame [robot3/base_link] to frame [map]
[ros2-11] [planner_server-3] 
[ros2-11] [bt_navigator-5] [ERROR] [1785152921.801705015] [transformPoseInTargetFrame]: Extrapolation Error looking up target frame: Lookup would require extrapolation into the past.  Requested time 13.943000 but the earliest data is at time 30.989000, when looking up transform from frame [robot3/base_link] to frame [map]
[ros2-11] [bt_navigator-5] 
[ros2-11] [bt_navigator-5] [WARN] [1785152921.801815823] [BehaviorTreeEngine]: Behavior Tree tick rate 100.00 was exceeded!
[ros2-11] [bt_navigator-5] [ERROR] [1785152921.902821324] [transformPoseInTargetFrame]: Extrapolation Error looking up target frame: Lookup would require extrapolation into the past.  Requested time 13.943000 but the earliest data is at time 31.089000, when looking up transform from frame [robot3/base_link] to frame [map]
[ros2-11] [bt_navigator-5] 
[ros2-11] [bt_navigator-5] [WARN] [1785152921.902950459] [BehaviorTreeEngine]: Behavior Tree tick rate 100.00 was exceeded!
[ros2-11] [bt_navigator-5] [ERROR] [1785152921.993964015] [transformPoseInTargetFrame]: Extrapolation Error looking up target frame: Lookup would require extrapolation into the past.  Requested time 13.943000 but the earliest data is at time 31.189000, when looking up transform from frame [robot3/base_link] to frame [map]
[ros2-11] [bt_navigator-5] 
[ros2-11] [bt_navigator-5] [WARN] [1785152921.994124436] [BehaviorTreeEngine]: Behavior Tree tick rate 100.00 was exceeded!
[ros2-11] [bt_navigator-5] [ERROR] [1785152922.095228845] [transformPoseInTargetFrame]: Extrapolation Error looking up target frame: Lookup would require extrapolation into the past.  Requested time 13.943000 but the earliest data is at time 31.289000, when looking up transform from frame [robot3/base_link] to frame [map]
[ros2-11] [bt_navigator-5] 
[ros2-11] [bt_navigator-5] [WARN] [1785152922.095381076] [BehaviorTreeEngine]: Behavior Tree tick rate 100.00 was exceeded!
[ros2-11] [bt_navigator-5] [ERROR] [1785152922.196483737] [transformPoseInTargetFrame]: Extrapolation Error looking up target frame: Lookup would require extrapolation into the past.  Requested time 13.943000 but the earliest data is at time 31.389000, when looking up transform from frame [robot3/base_link] to frame [map]
[ros2-11] [bt_navigator-5] 
[ros2-11] [bt_navigator-5] [WARN] [1785152922.196633646] [BehaviorTreeEngine]: Behavior Tree tick rate 100.00 was exceeded!
[ros2-11] [bt_navigator-5] [ERROR] [1785152922.297684164] [transformPoseInTargetFrame]: Extrapolation Error looking up target frame: Lookup would require extrapolation into the past.  Requested time 13.943000 but the earliest data is at time 31.489000, when looking up transform from frame [robot3/base_link] to frame [map]
[ros2-11] [bt_navigator-5] 
[ros2-11] [bt_navigator-5] [WARN] [1785152922.297793584] [BehaviorTreeEngine]: Behavior Tree tick rate 100.00 was exceeded!
[ros2-11] [planner_server-3] [INFO] [1785152922.395415639] [robot3.global_costmap.global_costmap]: Message Filter dropping message: frame 'robot3/laser_frame' at time 41.445 for reason 'the timestamp on the message is earlier than all the data in the transform cache'
[ros2-11] [bt_navigator-5] [ERROR] [1785152922.398846262] [transformPoseInTargetFrame]: Extrapolation Error looking up target frame: Lookup would require extrapolation into the past.  Requested time 13.943000 but the earliest data is at time 31.589000, when looking up transform from frame [robot3/base_link] to frame [map]
[ros2-11] [bt_navigator-5] 
[ros2-11] [bt_navigator-5] [WARN] [1785152922.398950706] [BehaviorTreeEngine]: Behavior Tree tick rate 100.00 was exceeded!
[ros2-11] [bt_navigator-5] [ERROR] [1785152922.499935143] [transformPoseInTargetFrame]: Extrapolation Error looking up target frame: Lookup would require extrapolation into the past.  Requested time 13.943000 but the earliest data is at time 31.689000, when looking up transform from frame [robot3/base_link] to frame [map]
[ros2-11] [bt_navigator-5] 
[ros2-11] [bt_navigator-5] [WARN] [1785152922.500131981] [BehaviorTreeEngine]: Behavior Tree tick rate 100.00 was exceeded!
[ros2-11] [bt_navigator-5] [ERROR] [1785152922.601123118] [transformPoseInTargetFrame]: Extrapolation Error looking up target frame: Lookup would require extrapolation into the past.  Requested time 13.943000 but the earliest data is at time 31.789000, when looking up transform from frame [robot3/base_link] to frame [map]
[ros2-11] [bt_navigator-5] 
[ros2-11] [bt_navigator-5] [WARN] [1785152922.601277700] [BehaviorTreeEngine]: Behavior Tree tick rate 100.00 was exceeded!
[ros2-11] [bt_navigator-5] [ERROR] [1785152922.702314442] [transformPoseInTargetFrame]: Extrapolation Error looking up target frame: Lookup would require extrapolation into the past.  Requested time 13.943000 but the earliest data is at time 31.889000, when looking up transform from frame [robot3/base_link] to frame [map]
[ros2-11] [bt_navigator-5] 
[ros2-11] [bt_navigator-5] [WARN] [1785152922.702440300] [BehaviorTreeEngine]: Behavior Tree tick rate 100.00 was exceeded!
[ros2-11] [planner_server-3] [ERROR] [1785152922.797111562] [transformPoseInTargetFrame]: Extrapolation Error looking up target frame: Lookup would require extrapolation into the past.  Requested time 13.943000 but the earliest data is at time 31.989000, when looking up transform from frame [robot3/base_link] to frame [map]
[ros2-11] [planner_server-3] 
[ros2-11] [bt_navigator-5] [ERROR] [1785152922.803462320] [transformPoseInTargetFrame]: Extrapolation Error looking up target frame: Lookup would require extrapolation into the past.  Requested time 13.943000 but the earliest data is at time 31.989000, when looking up transform from frame [robot3/base_link] to frame [map]
[ros2-11] [bt_navigator-5] 
[ros2-11] [bt_navigator-5] [WARN] [1785152922.803580232] [BehaviorTreeEngine]: Behavior Tree tick rate 100.00 was exceeded!
[ros2-11] [bt_navigator-5] [ERROR] [1785152922.904614298] [transformPoseInTargetFrame]: Extrapolation Error looking up target frame: Lookup would require extrapolation into the past.  Requested time 13.943000 but the earliest data is at time 32.089000, when looking up transform from frame [robot3/base_link] to frame [map]
[ros2-11] [bt_navigator-5] 
[ros2-11] [bt_navigator-5] [WARN] [1785152922.904715069] [BehaviorTreeEngine]: Behavior Tree tick rate 100.00 was exceeded!
[ros2-11] [bt_navigator-5] [ERROR] [1785152923.005690644] [transformPoseInTargetFrame]: Extrapolation Error looking up target frame: Lookup would require extrapolation into the past.  Requested time 13.943000 but the earliest data is at time 32.189000, when looking up transform from frame [robot3/base_link] to frame [map]
[ros2-11] [bt_navigator-5] 
[ros2-11] [bt_navigator-5] [WARN] [1785152923.005809034] [BehaviorTreeEngine]: Behavior Tree tick rate 100.00 was exceeded!
[ros2-11] [bt_navigator-5] [ERROR] [1785152923.096782053] [transformPoseInTargetFrame]: Extrapolation Error looking up target frame: Lookup would require extrapolation into the past.  Requested time 13.943000 but the earliest data is at time 32.289000, when looking up transform from frame [robot3/base_link] to frame [map]
[ros2-11] [bt_navigator-5] 
[ros2-11] [bt_navigator-5] [WARN] [1785152923.096961721] [BehaviorTreeEngine]: Behavior Tree tick rate 100.00 was exceeded!
[ros2-11] [bt_navigator-5] [ERROR] [1785152923.198023801] [transformPoseInTargetFrame]: Extrapolation Error looking up target frame: Lookup would require extrapolation into the past.  Requested time 13.943000 but the earliest data is at time 32.389000, when looking up transform from frame [robot3/base_link] to frame [map]
[ros2-11] [bt_navigator-5] 
[ros2-11] [bt_navigator-5] [WARN] [1785152923.198235506] [BehaviorTreeEngine]: Behavior Tree tick rate 100.00 was exceeded!
[ros2-11] [bt_navigator-5] [ERROR] [1785152923.299405296] [transformPoseInTargetFrame]: Extrapolation Error looking up target frame: Lookup would require extrapolation into the past.  Requested time 13.943000 but the earliest data is at time 32.489000, when looking up transform from frame [robot3/base_link] to frame [map]
[ros2-11] [bt_navigator-5] 
[ros2-11] [bt_navigator-5] [WARN] [1785152923.299532766] [BehaviorTreeEngine]: Behavior Tree tick rate 100.00 was exceeded!
[ros2-11] [bt_navigator-5] [ERROR] [1785152923.400533788] [transformPoseInTargetFrame]: Extrapolation Error looking up target frame: Lookup would require extrapolation into the past.  Requested time 13.943000 but the earliest data is at time 32.589000, when looking up transform from frame [robot3/base_link] to frame [map]
[ros2-11] [bt_navigator-5] 
[ros2-11] [bt_navigator-5] [WARN] [1785152923.400645536] [BehaviorTreeEngine]: Behavior Tree tick rate 100.00 was exceeded!
[ros2-11] [bt_navigator-5] [ERROR] [1785152923.501705264] [transformPoseInTargetFrame]: Extrapolation Error looking up target frame: Lookup would require extrapolation into the past.  Requested time 13.943000 but the earliest data is at time 32.689000, when looking up transform from frame [robot3/base_link] to frame [map]
[ros2-11] [bt_navigator-5] 
[ros2-11] [bt_navigator-5] [WARN] [1785152923.501821531] [BehaviorTreeEngine]: Behavior Tree tick rate 100.00 was exceeded!
[ros2-11] [bt_navigator-5] [ERROR] [1785152923.602841502] [transformPoseInTargetFrame]: Extrapolation Error looking up target frame: Lookup would require extrapolation into the past.  Requested time 13.943000 but the earliest data is at time 32.789000, when looking up transform from frame [robot3/base_link] to frame [map]
[ros2-11] [bt_navigator-5] 
[ros2-11] [bt_navigator-5] [WARN] [1785152923.602970216] [BehaviorTreeEngine]: Behavior Tree tick rate 100.00 was exceeded!
[ros2-11] [bt_navigator-5] [ERROR] [1785152923.703943677] [transformPoseInTargetFrame]: Extrapolation Error looking up target frame: Lookup would require extrapolation into the past.  Requested time 13.943000 but the earliest data is at time 32.889000, when looking up transform from frame [robot3/base_link] to frame [map]
[ros2-11] [bt_navigator-5] 
[ros2-11] [bt_navigator-5] [WARN] [1785152923.704042639] [BehaviorTreeEngine]: Behavior Tree tick rate 100.00 was exceeded!
[ros2-11] [bt_navigator-5] [ERROR] [1785152923.804958817] [transformPoseInTargetFrame]: Extrapolation Error looking up target frame: Lookup would require extrapolation into the past.  Requested time 13.943000 but the earliest data is at time 32.989000, when looking up transform from frame [robot3/base_link] to frame [map]
[ros2-11] [bt_navigator-5] 
[ros2-11] [bt_navigator-5] [WARN] [1785152923.805106129] [BehaviorTreeEngine]: Behavior Tree tick rate 100.00 was exceeded!
[ros2-11] [planner_server-3] [ERROR] [1785152923.807263162] [transformPoseInTargetFrame]: Extrapolation Error looking up target frame: Lookup would require extrapolation into the past.  Requested time 13.943000 but the earliest data is at time 32.989000, when looking up transform from frame [robot3/base_link] to frame [map]
[ros2-11] [planner_server-3] 
[ros2-11] [bt_navigator-5] [ERROR] [1785152923.906216767] [transformPoseInTargetFrame]: Extrapolation Error looking up target frame: Lookup would require extrapolation into the past.  Requested time 13.943000 but the earliest data is at time 33.089000, when looking up transform from frame [robot3/base_link] to frame [map]
[ros2-11] [bt_navigator-5] 
[ros2-11] [bt_navigator-5] [WARN] [1785152923.906377956] [BehaviorTreeEngine]: Behavior Tree tick rate 100.00 was exceeded!
[ros2-11] [bt_navigator-5] [ERROR] [1785152924.007391042] [transformPoseInTargetFrame]: Extrapolation Error looking up target frame: Lookup would require extrapolation into the past.  Requested time 13.943000 but the earliest data is at time 33.189000, when looking up transform from frame [robot3/base_link] to frame [map]
[ros2-11] [bt_navigator-5] 
[ros2-11] [bt_navigator-5] [WARN] [1785152924.007518065] [BehaviorTreeEngine]: Behavior Tree tick rate 100.00 was exceeded!
[ros2-11] [bt_navigator-5] [ERROR] [1785152924.098474426] [transformPoseInTargetFrame]: Extrapolation Error looking up target frame: Lookup would require extrapolation into the past.  Requested time 13.943000 but the earliest data is at time 33.189000, when looking up transform from frame [robot3/base_link] to frame [map]
[ros2-11] [bt_navigator-5] 
[ros2-11] [bt_navigator-5] [WARN] [1785152924.098631667] [BehaviorTreeEngine]: Behavior Tree tick rate 100.00 was exceeded!
[ros2-11] [bt_navigator-5] [ERROR] [1785152924.199670280] [transformPoseInTargetFrame]: Extrapolation Error looking up target frame: Lookup would require extrapolation into the past.  Requested time 13.943000 but the earliest data is at time 33.389000, when looking up transform from frame [robot3/base_link] to frame [map]
[ros2-11] [bt_navigator-5] 
[ros2-11] [bt_navigator-5] [WARN] [1785152924.199810595] [BehaviorTreeEngine]: Behavior Tree tick rate 100.00 was exceeded!
[ros2-11] [bt_navigator-5] [ERROR] [1785152924.300874599] [transformPoseInTargetFrame]: Extrapolation Error looking up target frame: Lookup would require extrapolation into the past.  Requested time 13.943000 but the earliest data is at time 33.489000, when looking up transform from frame [robot3/base_link] to frame [map]
[ros2-11] [bt_navigator-5] 
[ros2-11] [bt_navigator-5] [WARN] [1785152924.301032111] [BehaviorTreeEngine]: Behavior Tree tick rate 100.00 was exceeded!
[ros2-11] [bt_navigator-5] [ERROR] [1785152924.402049823] [transformPoseInTargetFrame]: Extrapolation Error looking up target frame: Lookup would require extrapolation into the past.  Requested time 13.943000 but the earliest data is at time 33.589000, when looking up transform from frame [robot3/base_link] to frame [map]
[ros2-11] [bt_navigator-5] 
[ros2-11] [bt_navigator-5] [WARN] [1785152924.402166655] [BehaviorTreeEngine]: Behavior Tree tick rate 100.00 was exceeded!
[ros2-11] [bt_navigator-5] [ERROR] [1785152924.503172284] [transformPoseInTargetFrame]: Extrapolation Error looking up target frame: Lookup would require extrapolation into the past.  Requested time 13.943000 but the earliest data is at time 33.689000, when looking up transform from frame [robot3/base_link] to frame [map]
[ros2-11] [bt_navigator-5] 
[ros2-11] [bt_navigator-5] [WARN] [1785152924.503379633] [BehaviorTreeEngine]: Behavior Tree tick rate 100.00 was exceeded!
[ros2-11] [bt_navigator-5] [ERROR] [1785152924.604402173] [transformPoseInTargetFrame]: Extrapolation Error looking up target frame: Lookup would require extrapolation into the past.  Requested time 13.943000 but the earliest data is at time 33.789000, when looking up transform from frame [robot3/base_link] to frame [map]
[ros2-11] [bt_navigator-5] 
[ros2-11] [bt_navigator-5] [WARN] [1785152924.604541660] [BehaviorTreeEngine]: Behavior Tree tick rate 100.00 was exceeded!
[ros2-11] [bt_navigator-5] [ERROR] [1785152924.705536708] [transformPoseInTargetFrame]: Extrapolation Error looking up target frame: Lookup would require extrapolation into the past.  Requested time 13.943000 but the earliest data is at time 33.889000, when looking up transform from frame [robot3/base_link] to frame [map]
[ros2-11] [bt_navigator-5] 
[ros2-11] [bt_navigator-5] [WARN] [1785152924.705634868] [BehaviorTreeEngine]: Behavior Tree tick rate 100.00 was exceeded!
[ros2-11] [bt_navigator-5] [ERROR] [1785152924.806657859] [transformPoseInTargetFrame]: Extrapolation Error looking up target frame: Lookup would require extrapolation into the past.  Requested time 13.943000 but the earliest data is at time 33.989000, when looking up transform from frame [robot3/base_link] to frame [map]
[ros2-11] [bt_navigator-5] 
[ros2-11] [bt_navigator-5] [WARN] [1785152924.806793224] [BehaviorTreeEngine]: Behavior Tree tick rate 100.00 was exceeded!
[ros2-11] [planner_server-3] [ERROR] [1785152924.807261537] [transformPoseInTargetFrame]: Extrapolation Error looking up target frame: Lookup would require extrapolation into the past.  Requested time 13.943000 but the earliest data is at time 33.989000, when looking up transform from frame [robot3/base_link] to frame [map]
[ros2-11] [planner_server-3] 
[ros2-11] [planner_server-3] [INFO] [1785152924.898378206] [robot3.global_costmap.global_costmap]: Message Filter dropping message: frame 'robot3/laser_frame' at time 43.945 for reason 'the timestamp on the message is earlier than all the data in the transform cache'
[ros2-11] [bt_navigator-5] [ERROR] [1785152924.907803531] [transformPoseInTargetFrame]: Extrapolation Error looking up target frame: Lookup would require extrapolation into the past.  Requested time 13.943000 but the earliest data is at time 34.089000, when looking up transform from frame [robot3/base_link] to frame [map]
[ros2-11] [bt_navigator-5] 
[ros2-11] [bt_navigator-5] [WARN] [1785152924.907916183] [BehaviorTreeEngine]: Behavior Tree tick rate 100.00 was exceeded!
[ros2-11] [bt_navigator-5] [ERROR] [1785152924.998798304] [transformPoseInTargetFrame]: Extrapolation Error looking up target frame: Lookup would require extrapolation into the past.  Requested time 13.943000 but the earliest data is at time 34.089000, when looking up transform from frame [robot3/base_link] to frame [map]
[ros2-11] [bt_navigator-5] 
[ros2-11] [bt_navigator-5] [WARN] [1785152924.998974194] [BehaviorTreeEngine]: Behavior Tree tick rate 100.00 was exceeded!
[ros2-11] [bt_navigator-5] [ERROR] [1785152925.099996839] [transformPoseInTargetFrame]: Extrapolation Error looking up target frame: Lookup would require extrapolation into the past.  Requested time 13.943000 but the earliest data is at time 34.289000, when looking up transform from frame [robot3/base_link] to frame [map]
[ros2-11] [bt_navigator-5] 
[ros2-11] [bt_navigator-5] [WARN] [1785152925.100108805] [BehaviorTreeEngine]: Behavior Tree tick rate 100.00 was exceeded!
[ros2-11] [bt_navigator-5] [ERROR] [1785152925.201093276] [transformPoseInTargetFrame]: Extrapolation Error looking up target frame: Lookup would require extrapolation into the past.  Requested time 13.943000 but the earliest data is at time 34.389000, when looking up transform from frame [robot3/base_link] to frame [map]
[ros2-11] [bt_navigator-5] 
[ros2-11] [bt_navigator-5] [WARN] [1785152925.201236693] [BehaviorTreeEngine]: Behavior Tree tick rate 100.00 was exceeded!
[ros2-11] [bt_navigator-5] [ERROR] [1785152925.302284670] [transformPoseInTargetFrame]: Extrapolation Error looking up target frame: Lookup would require extrapolation into the past.  Requested time 13.943000 but the earliest data is at time 34.489000, when looking up transform from frame [robot3/base_link] to frame [map]
[ros2-11] [bt_navigator-5] 
[ros2-11] [bt_navigator-5] [WARN] [1785152925.302433694] [BehaviorTreeEngine]: Behavior Tree tick rate 100.00 was exceeded!
[ros2-11] [bt_navigator-5] [ERROR] [1785152925.403395091] [transformPoseInTargetFrame]: Extrapolation Error looking up target frame: Lookup would require extrapolation into the past.  Requested time 13.943000 but the earliest data is at time 34.589000, when looking up transform from frame [robot3/base_link] to frame [map]
[ros2-11] [bt_navigator-5] 
[ros2-11] [bt_navigator-5] [WARN] [1785152925.403537245] [BehaviorTreeEngine]: Behavior Tree tick rate 100.00 was exceeded!
[ros2-11] [bt_navigator-5] [ERROR] [1785152925.504631555] [transformPoseInTargetFrame]: Extrapolation Error looking up target frame: Lookup would require extrapolation into the past.  Requested time 13.943000 but the earliest data is at time 34.689000, when looking up transform from frame [robot3/base_link] to frame [map]
[ros2-11] [bt_navigator-5] 
[ros2-11] [bt_navigator-5] [WARN] [1785152925.504731525] [BehaviorTreeEngine]: Behavior Tree tick rate 100.00 was exceeded!
[ros2-11] [bt_navigator-5] [ERROR] [1785152925.605717790] [transformPoseInTargetFrame]: Extrapolation Error looking up target frame: Lookup would require extrapolation into the past.  Requested time 13.943000 but the earliest data is at time 34.789000, when looking up transform from frame [robot3/base_link] to frame [map]
[ros2-11] [bt_navigator-5] 
[ros2-11] [bt_navigator-5] [WARN] [1785152925.605842117] [BehaviorTreeEngine]: Behavior Tree tick rate 100.00 was exceeded!
[ros2-11] [bt_navigator-5] [ERROR] [1785152925.706881694] [transformPoseInTargetFrame]: Extrapolation Error looking up target frame: Lookup would require extrapolation into the past.  Requested time 13.943000 but the earliest data is at time 34.889000, when looking up transform from frame [robot3/base_link] to frame [map]
[ros2-11] [bt_navigator-5] 
[ros2-11] [bt_navigator-5] [WARN] [1785152925.707000399] [BehaviorTreeEngine]: Behavior Tree tick rate 100.00 was exceeded!
[ros2-11] [planner_server-3] [ERROR] [1785152925.807295282] [transformPoseInTargetFrame]: Extrapolation Error looking up target frame: Lookup would require extrapolation into the past.  Requested time 13.943000 but the earliest data is at time 34.989000, when looking up transform from frame [robot3/base_link] to frame [map]
[ros2-11] [planner_server-3] 
[ros2-11] [bt_navigator-5] [ERROR] [1785152925.807949085] [transformPoseInTargetFrame]: Extrapolation Error looking up target frame: Lookup would require extrapolation into the past.  Requested time 13.943000 but the earliest data is at time 34.989000, when looking up transform from frame [robot3/base_link] to frame [map]
[ros2-11] [bt_navigator-5] 
[ros2-11] [bt_navigator-5] [WARN] [1785152925.808058336] [BehaviorTreeEngine]: Behavior Tree tick rate 100.00 was exceeded!
[ros2-11] [bt_navigator-5] [ERROR] [1785152925.909021912] [transformPoseInTargetFrame]: Extrapolation Error looking up target frame: Lookup would require extrapolation into the past.  Requested time 13.943000 but the earliest data is at time 35.089000, when looking up transform from frame [robot3/base_link] to frame [map]
[ros2-11] [bt_navigator-5] 
[ros2-11] [bt_navigator-5] [WARN] [1785152925.909153748] [BehaviorTreeEngine]: Behavior Tree tick rate 100.00 was exceeded!
[ros2-11] [bt_navigator-5] [ERROR] [1785152926.001167809] [transformPoseInTargetFrame]: Extrapolation Error looking up target frame: Lookup would require extrapolation into the past.  Requested time 13.943000 but the earliest data is at time 35.189000, when looking up transform from frame [robot3/base_link] to frame [map]
[ros2-11] [bt_navigator-5] 
[ros2-11] [bt_navigator-5] [WARN] [1785152926.001316413] [BehaviorTreeEngine]: Behavior Tree tick rate 100.00 was exceeded!
[ros2-11] [bt_navigator-5] [ERROR] [1785152926.102443617] [transformPoseInTargetFrame]: Extrapolation Error looking up target frame: Lookup would require extrapolation into the past.  Requested time 13.943000 but the earliest data is at time 35.289000, when looking up transform from frame [robot3/base_link] to frame [map]
[ros2-11] [bt_navigator-5] 
[ros2-11] [bt_navigator-5] [WARN] [1785152926.102560767] [BehaviorTreeEngine]: Behavior Tree tick rate 100.00 was exceeded!
[ros2-11] [bt_navigator-5] [ERROR] [1785152926.203533606] [transformPoseInTargetFrame]: Extrapolation Error looking up target frame: Lookup would require extrapolation into the past.  Requested time 13.943000 but the earliest data is at time 35.389000, when looking up transform from frame [robot3/base_link] to frame [map]
[ros2-11] [bt_navigator-5] 
[ros2-11] [bt_navigator-5] [WARN] [1785152926.203634487] [BehaviorTreeEngine]: Behavior Tree tick rate 100.00 was exceeded!
[ros2-11] [bt_navigator-5] [ERROR] [1785152926.304640139] [transformPoseInTargetFrame]: Extrapolation Error looking up target frame: Lookup would require extrapolation into the past.  Requested time 13.943000 but the earliest data is at time 35.489000, when looking up transform from frame [robot3/base_link] to frame [map]
[ros2-11] [bt_navigator-5] 
[ros2-11] [bt_navigator-5] [WARN] [1785152926.304740547] [BehaviorTreeEngine]: Behavior Tree tick rate 100.00 was exceeded!
[ros2-11] [bt_navigator-5] [ERROR] [1785152926.405660051] [transformPoseInTargetFrame]: Extrapolation Error looking up target frame: Lookup would require extrapolation into the past.  Requested time 13.943000 but the earliest data is at time 35.589000, when looking up transform from frame [robot3/base_link] to frame [map]
[ros2-11] [bt_navigator-5] 
[ros2-11] [bt_navigator-5] [WARN] [1785152926.405823858] [BehaviorTreeEngine]: Behavior Tree tick rate 100.00 was exceeded!
[ros2-11] [bt_navigator-5] [ERROR] [1785152926.506809530] [transformPoseInTargetFrame]: Extrapolation Error looking up target frame: Lookup would require extrapolation into the past.  Requested time 13.943000 but the earliest data is at time 35.689000, when looking up transform from frame [robot3/base_link] to frame [map]
[ros2-11] [bt_navigator-5] 
[ros2-11] [bt_navigator-5] [WARN] [1785152926.506930206] [BehaviorTreeEngine]: Behavior Tree tick rate 100.00 was exceeded!
[ros2-11] [bt_navigator-5] [ERROR] [1785152926.609202470] [transformPoseInTargetFrame]: Extrapolation Error looking up target frame: Lookup would require extrapolation into the past.  Requested time 13.943000 but the earliest data is at time 35.789000, when looking up transform from frame [robot3/base_link] to frame [map]
[ros2-11] [bt_navigator-5] 
[ros2-11] [bt_navigator-5] [WARN] [1785152926.609618984] [BehaviorTreeEngine]: Behavior Tree tick rate 100.00 was exceeded!
[ros2-11] [bt_navigator-5] [ERROR] [1785152926.713213143] [transformPoseInTargetFrame]: Extrapolation Error looking up target frame: Lookup would require extrapolation into the past.  Requested time 13.943000 but the earliest data is at time 35.889000, when looking up transform from frame [robot3/base_link] to frame [map]
[ros2-11] [bt_navigator-5] 
[ros2-11] [bt_navigator-5] [WARN] [1785152926.713327856] [BehaviorTreeEngine]: Behavior Tree tick rate 100.00 was exceeded!
[ros2-11] [planner_server-3] [ERROR] [1785152926.810629058] [transformPoseInTargetFrame]: Extrapolation Error looking up target frame: Lookup would require extrapolation into the past.  Requested time 13.943000 but the earliest data is at time 35.989000, when looking up transform from frame [robot3/base_link] to frame [map]
[ros2-11] [planner_server-3] 
[ros2-11] [bt_navigator-5] [ERROR] [1785152926.814497179] [transformPoseInTargetFrame]: Extrapolation Error looking up target frame: Lookup would require extrapolation into the past.  Requested time 13.943000 but the earliest data is at time 35.989000, when looking up transform from frame [robot3/base_link] to frame [map]
[ros2-11] [bt_navigator-5] 
[ros2-11] [bt_navigator-5] [WARN] [1785152926.814610623] [BehaviorTreeEngine]: Behavior Tree tick rate 100.00 was exceeded!
[ros2-11] [bt_navigator-5] [ERROR] [1785152926.905489117] [transformPoseInTargetFrame]: Extrapolation Error looking up target frame: Lookup would require extrapolation into the past.  Requested time 13.943000 but the earliest data is at time 36.089000, when looking up transform from frame [robot3/base_link] to frame [map]
[ros2-11] [bt_navigator-5] 
[ros2-11] [bt_navigator-5] [WARN] [1785152926.905622450] [BehaviorTreeEngine]: Behavior Tree tick rate 100.00 was exceeded!
[ros2-11] [bt_navigator-5] [ERROR] [1785152927.006605686] [transformPoseInTargetFrame]: Extrapolation Error looking up target frame: Lookup would require extrapolation into the past.  Requested time 13.943000 but the earliest data is at time 36.189000, when looking up transform from frame [robot3/base_link] to frame [map]
[ros2-11] [bt_navigator-5] 
[ros2-11] [bt_navigator-5] [WARN] [1785152927.006721536] [BehaviorTreeEngine]: Behavior Tree tick rate 100.00 was exceeded!
[ros2-11] [bt_navigator-5] [ERROR] [1785152927.107693286] [transformPoseInTargetFrame]: Extrapolation Error looking up target frame: Lookup would require extrapolation into the past.  Requested time 13.943000 but the earliest data is at time 36.289000, when looking up transform from frame [robot3/base_link] to frame [map]
[ros2-11] [bt_navigator-5] 
[ros2-11] [bt_navigator-5] [WARN] [1785152927.107821157] [BehaviorTreeEngine]: Behavior Tree tick rate 100.00 was exceeded!
[ros2-11] [bt_navigator-5] [ERROR] [1785152927.208832394] [transformPoseInTargetFrame]: Extrapolation Error looking up target frame: Lookup would require extrapolation into the past.  Requested time 13.943000 but the earliest data is at time 36.389000, when looking up transform from frame [robot3/base_link] to frame [map]
[ros2-11] [bt_navigator-5] 
[ros2-11] [bt_navigator-5] [WARN] [1785152927.208969623] [BehaviorTreeEngine]: Behavior Tree tick rate 100.00 was exceeded!
[ros2-11] [bt_navigator-5] [ERROR] [1785152927.310017604] [transformPoseInTargetFrame]: Extrapolation Error looking up target frame: Lookup would require extrapolation into the past.  Requested time 13.943000 but the earliest data is at time 36.489000, when looking up transform from frame [robot3/base_link] to frame [map]
[ros2-11] [bt_navigator-5] 
[ros2-11] [bt_navigator-5] [WARN] [1785152927.310137395] [BehaviorTreeEngine]: Behavior Tree tick rate 100.00 was exceeded!
[ros2-11] [planner_server-3] [INFO] [1785152927.402275969] [robot3.global_costmap.global_costmap]: Message Filter dropping message: frame 'robot3/laser_frame' at time 46.445 for reason 'the timestamp on the message is earlier than all the data in the transform cache'
[ros2-11] [bt_navigator-5] [ERROR] [1785152927.411146087] [transformPoseInTargetFrame]: Extrapolation Error looking up target frame: Lookup would require extrapolation into the past.  Requested time 13.943000 but the earliest data is at time 36.589000, when looking up transform from frame [robot3/base_link] to frame [map]
[ros2-11] [bt_navigator-5] 
[ros2-11] [bt_navigator-5] [WARN] [1785152927.411279499] [BehaviorTreeEngine]: Behavior Tree tick rate 100.00 was exceeded!
[ros2-11] [bt_navigator-5] [ERROR] [1785152927.512397064] [transformPoseInTargetFrame]: Extrapolation Error looking up target frame: Lookup would require extrapolation into the past.  Requested time 13.943000 but the earliest data is at time 36.689000, when looking up transform from frame [robot3/base_link] to frame [map]
[ros2-11] [bt_navigator-5] 
[ros2-11] [bt_navigator-5] [WARN] [1785152927.512514306] [BehaviorTreeEngine]: Behavior Tree tick rate 100.00 was exceeded!
[ros2-11] [bt_navigator-5] [ERROR] [1785152927.603477769] [transformPoseInTargetFrame]: Extrapolation Error looking up target frame: Lookup would require extrapolation into the past.  Requested time 13.943000 but the earliest data is at time 36.789000, when looking up transform from frame [robot3/base_link] to frame [map]
[ros2-11] [bt_navigator-5] 
[ros2-11] [bt_navigator-5] [WARN] [1785152927.603581689] [BehaviorTreeEngine]: Behavior Tree tick rate 100.00 was exceeded!
[ros2-11] [bt_navigator-5] [ERROR] [1785152927.704656525] [transformPoseInTargetFrame]: Extrapolation Error looking up target frame: Lookup would require extrapolation into the past.  Requested time 13.943000 but the earliest data is at time 36.889000, when looking up transform from frame [robot3/base_link] to frame [map]
[ros2-11] [bt_navigator-5] 
[ros2-11] [bt_navigator-5] [WARN] [1785152927.704813853] [BehaviorTreeEngine]: Behavior Tree tick rate 100.00 was exceeded!
[ros2-11] [bt_navigator-5] [ERROR] [1785152927.805904007] [transformPoseInTargetFrame]: Extrapolation Error looking up target frame: Lookup would require extrapolation into the past.  Requested time 13.943000 but the earliest data is at time 36.989000, when looking up transform from frame [robot3/base_link] to frame [map]
[ros2-11] [bt_navigator-5] 
[ros2-11] [bt_navigator-5] [WARN] [1785152927.806089044] [BehaviorTreeEngine]: Behavior Tree tick rate 100.00 was exceeded!
[ros2-11] [planner_server-3] [ERROR] [1785152927.807150139] [transformPoseInTargetFrame]: Extrapolation Error looking up target frame: Lookup would require extrapolation into the past.  Requested time 13.943000 but the earliest data is at time 36.989000, when looking up transform from frame [robot3/base_link] to frame [map]
[ros2-11] [planner_server-3] 
[ros2-11] [bt_navigator-5] [ERROR] [1785152927.907132665] [transformPoseInTargetFrame]: Extrapolation Error looking up target frame: Lookup would require extrapolation into the past.  Requested time 13.943000 but the earliest data is at time 37.089000, when looking up transform from frame [robot3/base_link] to frame [map]
[ros2-11] [bt_navigator-5] 
[ros2-11] [bt_navigator-5] [WARN] [1785152927.907256164] [BehaviorTreeEngine]: Behavior Tree tick rate 100.00 was exceeded!
[ros2-11] [bt_navigator-5] [ERROR] [1785152928.008272541] [transformPoseInTargetFrame]: Extrapolation Error looking up target frame: Lookup would require extrapolation into the past.  Requested time 13.943000 but the earliest data is at time 37.189000, when looking up transform from frame [robot3/base_link] to frame [map]
[ros2-11] [bt_navigator-5] 
[ros2-11] [bt_navigator-5] [WARN] [1785152928.008392299] [BehaviorTreeEngine]: Behavior Tree tick rate 100.00 was exceeded!
[ros2-11] [bt_navigator-5] [ERROR] [1785152928.109386662] [transformPoseInTargetFrame]: Extrapolation Error looking up target frame: Lookup would require extrapolation into the past.  Requested time 13.943000 but the earliest data is at time 37.289000, when looking up transform from frame [robot3/base_link] to frame [map]
[ros2-11] [bt_navigator-5] 
[ros2-11] [bt_navigator-5] [WARN] [1785152928.109495288] [BehaviorTreeEngine]: Behavior Tree tick rate 100.00 was exceeded!
[ros2-11] [bt_navigator-5] [ERROR] [1785152928.210488044] [transformPoseInTargetFrame]: Extrapolation Error looking up target frame: Lookup would require extrapolation into the past.  Requested time 13.943000 but the earliest data is at time 37.389000, when looking up transform from frame [robot3/base_link] to frame [map]
[ros2-11] [bt_navigator-5] 
[ros2-11] [bt_navigator-5] [WARN] [1785152928.210626577] [BehaviorTreeEngine]: Behavior Tree tick rate 100.00 was exceeded!
[ros2-11] [bt_navigator-5] [ERROR] [1785152928.311630979] [transformPoseInTargetFrame]: Extrapolation Error looking up target frame: Lookup would require extrapolation into the past.  Requested time 13.943000 but the earliest data is at time 37.489000, when looking up transform from frame [robot3/base_link] to frame [map]
[ros2-11] [bt_navigator-5] 
[ros2-11] [bt_navigator-5] [WARN] [1785152928.311767854] [BehaviorTreeEngine]: Behavior Tree tick rate 100.00 was exceeded!
[ros2-11] [bt_navigator-5] [ERROR] [1785152928.412696838] [transformPoseInTargetFrame]: Extrapolation Error looking up target frame: Lookup would require extrapolation into the past.  Requested time 13.943000 but the earliest data is at time 37.589000, when looking up transform from frame [robot3/base_link] to frame [map]
[ros2-11] [bt_navigator-5] 
[ros2-11] [bt_navigator-5] [WARN] [1785152928.412893980] [BehaviorTreeEngine]: Behavior Tree tick rate 100.00 was exceeded!
[ros2-11] [bt_navigator-5] [ERROR] [1785152928.513948468] [transformPoseInTargetFrame]: Extrapolation Error looking up target frame: Lookup would require extrapolation into the past.  Requested time 13.943000 but the earliest data is at time 37.689000, when looking up transform from frame [robot3/base_link] to frame [map]
[ros2-11] [bt_navigator-5] 
[ros2-11] [bt_navigator-5] [WARN] [1785152928.514117142] [BehaviorTreeEngine]: Behavior Tree tick rate 100.00 was exceeded!
[ros2-11] [bt_navigator-5] [ERROR] [1785152928.605073320] [transformPoseInTargetFrame]: Extrapolation Error looking up target frame: Lookup would require extrapolation into the past.  Requested time 13.943000 but the earliest data is at time 37.789000, when looking up transform from frame [robot3/base_link] to frame [map]
[ros2-11] [bt_navigator-5] 
[ros2-11] [bt_navigator-5] [WARN] [1785152928.605220081] [BehaviorTreeEngine]: Behavior Tree tick rate 100.00 was exceeded!
[ros2-11] [bt_navigator-5] [ERROR] [1785152928.706267563] [transformPoseInTargetFrame]: Extrapolation Error looking up target frame: Lookup would require extrapolation into the past.  Requested time 13.943000 but the earliest data is at time 37.889000, when looking up transform from frame [robot3/base_link] to frame [map]
[ros2-11] [bt_navigator-5] 
[ros2-11] [bt_navigator-5] [WARN] [1785152928.706383051] [BehaviorTreeEngine]: Behavior Tree tick rate 100.00 was exceeded!
[ros2-11] [planner_server-3] [ERROR] [1785152928.807151039] [transformPoseInTargetFrame]: Extrapolation Error looking up target frame: Lookup would require extrapolation into the past.  Requested time 13.943000 but the earliest data is at time 37.989000, when looking up transform from frame [robot3/base_link] to frame [map]
[ros2-11] [planner_server-3] 
[ros2-11] [bt_navigator-5] [ERROR] [1785152928.807308660] [transformPoseInTargetFrame]: Extrapolation Error looking up target frame: Lookup would require extrapolation into the past.  Requested time 13.943000 but the earliest data is at time 37.989000, when looking up transform from frame [robot3/base_link] to frame [map]
[ros2-11] [bt_navigator-5] 
[ros2-11] [bt_navigator-5] [WARN] [1785152928.807417273] [BehaviorTreeEngine]: Behavior Tree tick rate 100.00 was exceeded!
[ros2-11] [bt_navigator-5] [ERROR] [1785152928.908353714] [transformPoseInTargetFrame]: Extrapolation Error looking up target frame: Lookup would require extrapolation into the past.  Requested time 13.943000 but the earliest data is at time 38.089000, when looking up transform from frame [robot3/base_link] to frame [map]
[ros2-11] [bt_navigator-5] 
[ros2-11] [bt_navigator-5] [WARN] [1785152928.908460065] [BehaviorTreeEngine]: Behavior Tree tick rate 100.00 was exceeded!
[ros2-11] [bt_navigator-5] [ERROR] [1785152929.009452119] [transformPoseInTargetFrame]: Extrapolation Error looking up target frame: Lookup would require extrapolation into the past.  Requested time 13.943000 but the earliest data is at time 38.189000, when looking up transform from frame [robot3/base_link] to frame [map]
[ros2-11] [bt_navigator-5] 
[ros2-11] [bt_navigator-5] [WARN] [1785152929.009686374] [BehaviorTreeEngine]: Behavior Tree tick rate 100.00 was exceeded!
[ros2-11] [bt_navigator-5] [ERROR] [1785152929.110785682] [transformPoseInTargetFrame]: Extrapolation Error looking up target frame: Lookup would require extrapolation into the past.  Requested time 13.943000 but the earliest data is at time 38.289000, when looking up transform from frame [robot3/base_link] to frame [map]
[ros2-11] [bt_navigator-5] 
[ros2-11] [bt_navigator-5] [WARN] [1785152929.110918229] [BehaviorTreeEngine]: Behavior Tree tick rate 100.00 was exceeded!
[ros2-11] [bt_navigator-5] [ERROR] [1785152929.211942991] [transformPoseInTargetFrame]: Extrapolation Error looking up target frame: Lookup would require extrapolation into the past.  Requested time 13.943000 but the earliest data is at time 38.389000, when looking up transform from frame [robot3/base_link] to frame [map]
[ros2-11] [bt_navigator-5] 
[ros2-11] [bt_navigator-5] [WARN] [1785152929.212073918] [BehaviorTreeEngine]: Behavior Tree tick rate 100.00 was exceeded!
[ros2-11] [bt_navigator-5] [ERROR] [1785152929.313211388] [transformPoseInTargetFrame]: Extrapolation Error looking up target frame: Lookup would require extrapolation into the past.  Requested time 13.943000 but the earliest data is at time 38.489000, when looking up transform from frame [robot3/base_link] to frame [map]
[ros2-11] [bt_navigator-5] 
[ros2-11] [bt_navigator-5] [WARN] [1785152929.313331588] [BehaviorTreeEngine]: Behavior Tree tick rate 100.00 was exceeded!
[ros2-11] [bt_navigator-5] [ERROR] [1785152929.414324030] [transformPoseInTargetFrame]: Extrapolation Error looking up target frame: Lookup would require extrapolation into the past.  Requested time 13.943000 but the earliest data is at time 38.589000, when looking up transform from frame [robot3/base_link] to frame [map]
[ros2-11] [bt_navigator-5] 
[ros2-11] [bt_navigator-5] [WARN] [1785152929.414436032] [BehaviorTreeEngine]: Behavior Tree tick rate 100.00 was exceeded!
[ros2-11] [bt_navigator-5] [ERROR] [1785152929.505379241] [transformPoseInTargetFrame]: Extrapolation Error looking up target frame: Lookup would require extrapolation into the past.  Requested time 13.943000 but the earliest data is at time 38.589000, when looking up transform from frame [robot3/base_link] to frame [map]
[ros2-11] [bt_navigator-5] 
[ros2-11] [bt_navigator-5] [WARN] [1785152929.505576092] [BehaviorTreeEngine]: Behavior Tree tick rate 100.00 was exceeded!
[ros2-11] [bt_navigator-5] [ERROR] [1785152929.606653215] [transformPoseInTargetFrame]: Extrapolation Error looking up target frame: Lookup would require extrapolation into the past.  Requested time 13.943000 but the earliest data is at time 38.789000, when looking up transform from frame [robot3/base_link] to frame [map]
[ros2-11] [bt_navigator-5] 
[ros2-11] [bt_navigator-5] [WARN] [1785152929.606785316] [BehaviorTreeEngine]: Behavior Tree tick rate 100.00 was exceeded!
[ros2-11] [bt_navigator-5] [ERROR] [1785152929.707730179] [transformPoseInTargetFrame]: Extrapolation Error looking up target frame: Lookup would require extrapolation into the past.  Requested time 13.943000 but the earliest data is at time 38.889000, when looking up transform from frame [robot3/base_link] to frame [map]
[ros2-11] [bt_navigator-5] 
[ros2-11] [bt_navigator-5] [WARN] [1785152929.707878958] [BehaviorTreeEngine]: Behavior Tree tick rate 100.00 was exceeded!
[ros2-11] [planner_server-3] [ERROR] [1785152929.807276709] [transformPoseInTargetFrame]: Extrapolation Error looking up target frame: Lookup would require extrapolation into the past.  Requested time 13.943000 but the earliest data is at time 38.989000, when looking up transform from frame [robot3/base_link] to frame [map]
[ros2-11] [planner_server-3] 
[ros2-11] [bt_navigator-5] [ERROR] [1785152929.808903460] [transformPoseInTargetFrame]: Extrapolation Error looking up target frame: Lookup would require extrapolation into the past.  Requested time 13.943000 but the earliest data is at time 38.989000, when looking up transform from frame [robot3/base_link] to frame [map]
[ros2-11] [bt_navigator-5] 
[ros2-11] [bt_navigator-5] [WARN] [1785152929.808992211] [BehaviorTreeEngine]: Behavior Tree tick rate 100.00 was exceeded!
[ros2-11] [planner_server-3] [INFO] [1785152929.905903727] [robot3.global_costmap.global_costmap]: Message Filter dropping message: frame 'robot3/laser_frame' at time 48.945 for reason 'the timestamp on the message is earlier than all the data in the transform cache'
[ros2-11] [bt_navigator-5] [ERROR] [1785152929.910085575] [transformPoseInTargetFrame]: Extrapolation Error looking up target frame: Lookup would require extrapolation into the past.  Requested time 13.943000 but the earliest data is at time 39.089000, when looking up transform from frame [robot3/base_link] to frame [map]
[ros2-11] [bt_navigator-5] 
[ros2-11] [bt_navigator-5] [WARN] [1785152929.910222248] [BehaviorTreeEngine]: Behavior Tree tick rate 100.00 was exceeded!
[ros2-11] [bt_navigator-5] [ERROR] [1785152930.011169583] [transformPoseInTargetFrame]: Extrapolation Error looking up target frame: Lookup would require extrapolation into the past.  Requested time 13.943000 but the earliest data is at time 39.189000, when looking up transform from frame [robot3/base_link] to frame [map]
[ros2-11] [bt_navigator-5] 
[ros2-11] [bt_navigator-5] [WARN] [1785152930.011285380] [BehaviorTreeEngine]: Behavior Tree tick rate 100.00 was exceeded!
[ros2-11] [bt_navigator-5] [ERROR] [1785152930.112275575] [transformPoseInTargetFrame]: Extrapolation Error looking up target frame: Lookup would require extrapolation into the past.  Requested time 13.943000 but the earliest data is at time 39.289000, when looking up transform from frame [robot3/base_link] to frame [map]
[ros2-11] [bt_navigator-5] 
[ros2-11] [bt_navigator-5] [WARN] [1785152930.112404385] [BehaviorTreeEngine]: Behavior Tree tick rate 100.00 was exceeded!
[ros2-11] [bt_navigator-5] [ERROR] [1785152930.213374517] [transformPoseInTargetFrame]: Extrapolation Error looking up target frame: Lookup would require extrapolation into the past.  Requested time 13.943000 but the earliest data is at time 39.389000, when looking up transform from frame [robot3/base_link] to frame [map]
[ros2-11] [bt_navigator-5] 
[ros2-11] [bt_navigator-5] [WARN] [1785152930.213482615] [BehaviorTreeEngine]: Behavior Tree tick rate 100.00 was exceeded!
[ros2-11] [bt_navigator-5] [ERROR] [1785152930.314532493] [transformPoseInTargetFrame]: Extrapolation Error looking up target frame: Lookup would require extrapolation into the past.  Requested time 13.943000 but the earliest data is at time 39.489000, when looking up transform from frame [robot3/base_link] to frame [map]
[ros2-11] [bt_navigator-5] 
[ros2-11] [bt_navigator-5] [WARN] [1785152930.314654231] [BehaviorTreeEngine]: Behavior Tree tick rate 100.00 was exceeded!
[ros2-11] [bt_navigator-5] [ERROR] [1785152930.415631363] [transformPoseInTargetFrame]: Extrapolation Error looking up target frame: Lookup would require extrapolation into the past.  Requested time 13.943000 but the earliest data is at time 39.589000, when looking up transform from frame [robot3/base_link] to frame [map]
[ros2-11] [bt_navigator-5] 
[ros2-11] [bt_navigator-5] [WARN] [1785152930.415767915] [BehaviorTreeEngine]: Behavior Tree tick rate 100.00 was exceeded!
[ros2-11] [bt_navigator-5] [ERROR] [1785152930.506750501] [transformPoseInTargetFrame]: Extrapolation Error looking up target frame: Lookup would require extrapolation into the past.  Requested time 13.943000 but the earliest data is at time 39.589000, when looking up transform from frame [robot3/base_link] to frame [map]
[ros2-11] [bt_navigator-5] 
[ros2-11] [bt_navigator-5] [WARN] [1785152930.506938137] [BehaviorTreeEngine]: Behavior Tree tick rate 100.00 was exceeded!
[ros2-11] [bt_navigator-5] [ERROR] [1785152930.608008183] [transformPoseInTargetFrame]: Extrapolation Error looking up target frame: Lookup would require extrapolation into the past.  Requested time 13.943000 but the earliest data is at time 39.789000, when looking up transform from frame [robot3/base_link] to frame [map]
[ros2-11] [bt_navigator-5] 
[ros2-11] [bt_navigator-5] [WARN] [1785152930.608141928] [BehaviorTreeEngine]: Behavior Tree tick rate 100.00 was exceeded!
[ros2-11] [bt_navigator-5] [ERROR] [1785152930.709255459] [transformPoseInTargetFrame]: Extrapolation Error looking up target frame: Lookup would require extrapolation into the past.  Requested time 13.943000 but the earliest data is at time 39.889000, when looking up transform from frame [robot3/base_link] to frame [map]
[ros2-11] [bt_navigator-5] 
[ros2-11] [bt_navigator-5] [WARN] [1785152930.709416311] [BehaviorTreeEngine]: Behavior Tree tick rate 100.00 was exceeded!
[ros2-11] [planner_server-3] [ERROR] [1785152930.807395211] [transformPoseInTargetFrame]: Extrapolation Error looking up target frame: Lookup would require extrapolation into the past.  Requested time 13.943000 but the earliest data is at time 39.889000, when looking up transform from frame [robot3/base_link] to frame [map]
[ros2-11] [planner_server-3] 
[ros2-11] [bt_navigator-5] [ERROR] [1785152930.810421906] [transformPoseInTargetFrame]: Extrapolation Error looking up target frame: Lookup would require extrapolation into the past.  Requested time 13.943000 but the earliest data is at time 39.989000, when looking up transform from frame [robot3/base_link] to frame [map]
[ros2-11] [bt_navigator-5] 
[ros2-11] [bt_navigator-5] [WARN] [1785152930.810517335] [BehaviorTreeEngine]: Behavior Tree tick rate 100.00 was exceeded!
[ros2-11] [bt_navigator-5] [ERROR] [1785152930.911468141] [transformPoseInTargetFrame]: Extrapolation Error looking up target frame: Lookup would require extrapolation into the past.  Requested time 13.943000 but the earliest data is at time 40.089000, when looking up transform from frame [robot3/base_link] to frame [map]
[ros2-11] [bt_navigator-5] 
[ros2-11] [bt_navigator-5] [WARN] [1785152930.911584991] [BehaviorTreeEngine]: Behavior Tree tick rate 100.00 was exceeded!
[ros2-11] [bt_navigator-5] [ERROR] [1785152931.012603780] [transformPoseInTargetFrame]: Extrapolation Error looking up target frame: Lookup would require extrapolation into the past.  Requested time 13.943000 but the earliest data is at time 40.189000, when looking up transform from frame [robot3/base_link] to frame [map]
[ros2-11] [bt_navigator-5] 
[ros2-11] [bt_navigator-5] [WARN] [1785152931.012709353] [BehaviorTreeEngine]: Behavior Tree tick rate 100.00 was exceeded!
[ros2-11] [bt_navigator-5] [ERROR] [1785152931.113715097] [transformPoseInTargetFrame]: Extrapolation Error looking up target frame: Lookup would require extrapolation into the past.  Requested time 13.943000 but the earliest data is at time 40.289000, when looking up transform from frame [robot3/base_link] to frame [map]
[ros2-11] [bt_navigator-5] 
[ros2-11] [bt_navigator-5] [WARN] [1785152931.113910769] [BehaviorTreeEngine]: Behavior Tree tick rate 100.00 was exceeded!
[ros2-11] [bt_navigator-5] [ERROR] [1785152931.215025341] [transformPoseInTargetFrame]: Extrapolation Error looking up target frame: Lookup would require extrapolation into the past.  Requested time 13.943000 but the earliest data is at time 40.389000, when looking up transform from frame [robot3/base_link] to frame [map]
[ros2-11] [bt_navigator-5] 
[ros2-11] [bt_navigator-5] [WARN] [1785152931.215165578] [BehaviorTreeEngine]: Behavior Tree tick rate 100.00 was exceeded!
[ros2-11] [bt_navigator-5] [ERROR] [1785152931.316195106] [transformPoseInTargetFrame]: Extrapolation Error looking up target frame: Lookup would require extrapolation into the past.  Requested time 13.943000 but the earliest data is at time 40.489000, when looking up transform from frame [robot3/base_link] to frame [map]
[ros2-11] [bt_navigator-5] 
[ros2-11] [bt_navigator-5] [WARN] [1785152931.316406052] [BehaviorTreeEngine]: Behavior Tree tick rate 100.00 was exceeded!
[ros2-11] [bt_navigator-5] [ERROR] [1785152931.407428148] [transformPoseInTargetFrame]: Extrapolation Error looking up target frame: Lookup would require extrapolation into the past.  Requested time 13.943000 but the earliest data is at time 40.489000, when looking up transform from frame [robot3/base_link] to frame [map]
[ros2-11] [bt_navigator-5] 
[ros2-11] [bt_navigator-5] [WARN] [1785152931.407581247] [BehaviorTreeEngine]: Behavior Tree tick rate 100.00 was exceeded!
[ros2-11] [bt_navigator-5] [ERROR] [1785152931.508642542] [transformPoseInTargetFrame]: Extrapolation Error looking up target frame: Lookup would require extrapolation into the past.  Requested time 13.943000 but the earliest data is at time 40.689000, when looking up transform from frame [robot3/base_link] to frame [map]
[ros2-11] [bt_navigator-5] 
[ros2-11] [bt_navigator-5] [WARN] [1785152931.508767457] [BehaviorTreeEngine]: Behavior Tree tick rate 100.00 was exceeded!
[ros2-11] [bt_navigator-5] [ERROR] [1785152931.609776694] [transformPoseInTargetFrame]: Extrapolation Error looking up target frame: Lookup would require extrapolation into the past.  Requested time 13.943000 but the earliest data is at time 40.789000, when looking up transform from frame [robot3/base_link] to frame [map]
[ros2-11] [bt_navigator-5] 
[ros2-11] [bt_navigator-5] [WARN] [1785152931.609905978] [BehaviorTreeEngine]: Behavior Tree tick rate 100.00 was exceeded!
[ros2-11] [bt_navigator-5] [ERROR] [1785152931.710947837] [transformPoseInTargetFrame]: Extrapolation Error looking up target frame: Lookup would require extrapolation into the past.  Requested time 13.943000 but the earliest data is at time 40.889000, when looking up transform from frame [robot3/base_link] to frame [map]
[ros2-11] [bt_navigator-5] 
[ros2-11] [bt_navigator-5] [WARN] [1785152931.711113773] [BehaviorTreeEngine]: Behavior Tree tick rate 100.00 was exceeded!
[ros2-11] [bt_navigator-5] [ERROR] [1785152931.812122541] [transformPoseInTargetFrame]: Extrapolation Error looking up target frame: Lookup would require extrapolation into the past.  Requested time 13.943000 but the earliest data is at time 40.989000, when looking up transform from frame [robot3/base_link] to frame [map]
[ros2-11] [bt_navigator-5] 
[ros2-11] [bt_navigator-5] [WARN] [1785152931.812250079] [BehaviorTreeEngine]: Behavior Tree tick rate 100.00 was exceeded!
[ros2-11] [planner_server-3] [ERROR] [1785152931.817267517] [transformPoseInTargetFrame]: Extrapolation Error looking up target frame: Lookup would require extrapolation into the past.  Requested time 13.943000 but the earliest data is at time 40.989000, when looking up transform from frame [robot3/base_link] to frame [map]
[ros2-11] [planner_server-3] 
[ros2-11] [bt_navigator-5] [ERROR] [1785152931.913263945] [transformPoseInTargetFrame]: Extrapolation Error looking up target frame: Lookup would require extrapolation into the past.  Requested time 13.943000 but the earliest data is at time 41.089000, when looking up transform from frame [robot3/base_link] to frame [map]
[ros2-11] [bt_navigator-5] 
[ros2-11] [bt_navigator-5] [WARN] [1785152931.913366304] [BehaviorTreeEngine]: Behavior Tree tick rate 100.00 was exceeded!
[ros2-11] [bt_navigator-5] [ERROR] [1785152932.014389962] [transformPoseInTargetFrame]: Extrapolation Error looking up target frame: Lookup would require extrapolation into the past.  Requested time 13.943000 but the earliest data is at time 41.189000, when looking up transform from frame [robot3/base_link] to frame [map]
[ros2-11] [bt_navigator-5] 
[ros2-11] [bt_navigator-5] [WARN] [1785152932.014517921] [BehaviorTreeEngine]: Behavior Tree tick rate 100.00 was exceeded!
[ros2-11] [bt_navigator-5] [ERROR] [1785152932.115759958] [transformPoseInTargetFrame]: Extrapolation Error looking up target frame: Lookup would require extrapolation into the past.  Requested time 13.943000 but the earliest data is at time 41.289000, when looking up transform from frame [robot3/base_link] to frame [map]
[ros2-11] [bt_navigator-5] 
[ros2-11] [bt_navigator-5] [WARN] [1785152932.115866107] [BehaviorTreeEngine]: Behavior Tree tick rate 100.00 was exceeded!
[ros2-11] [bt_navigator-5] [ERROR] [1785152932.216947886] [transformPoseInTargetFrame]: Extrapolation Error looking up target frame: Lookup would require extrapolation into the past.  Requested time 13.943000 but the earliest data is at time 41.389000, when looking up transform from frame [robot3/base_link] to frame [map]
[ros2-11] [bt_navigator-5] 
[ros2-11] [bt_navigator-5] [WARN] [1785152932.217070489] [BehaviorTreeEngine]: Behavior Tree tick rate 100.00 was exceeded!
[ros2-11] [bt_navigator-5] [ERROR] [1785152932.318021873] [transformPoseInTargetFrame]: Extrapolation Error looking up target frame: Lookup would require extrapolation into the past.  Requested time 13.943000 but the earliest data is at time 41.489000, when looking up transform from frame [robot3/base_link] to frame [map]
[ros2-11] [bt_navigator-5] 
[ros2-11] [bt_navigator-5] [WARN] [1785152932.318180440] [BehaviorTreeEngine]: Behavior Tree tick rate 100.00 was exceeded!
[ros2-11] [planner_server-3] [INFO] [1785152932.408717755] [robot3.global_costmap.global_costmap]: Message Filter dropping message: frame 'robot3/laser_frame' at time 51.445 for reason 'the timestamp on the message is earlier than all the data in the transform cache'
[ros2-11] [bt_navigator-5] [ERROR] [1785152932.409204510] [transformPoseInTargetFrame]: Extrapolation Error looking up target frame: Lookup would require extrapolation into the past.  Requested time 13.943000 but the earliest data is at time 41.589000, when looking up transform from frame [robot3/base_link] to frame [map]
[ros2-11] [bt_navigator-5] 
[ros2-11] [bt_navigator-5] [WARN] [1785152932.409401182] [BehaviorTreeEngine]: Behavior Tree tick rate 100.00 was exceeded!
[ros2-11] [bt_navigator-5] [ERROR] [1785152932.510405599] [transformPoseInTargetFrame]: Extrapolation Error looking up target frame: Lookup would require extrapolation into the past.  Requested time 13.943000 but the earliest data is at time 41.689000, when looking up transform from frame [robot3/base_link] to frame [map]
[ros2-11] [bt_navigator-5] 
[ros2-11] [bt_navigator-5] [WARN] [1785152932.510515186] [BehaviorTreeEngine]: Behavior Tree tick rate 100.00 was exceeded!
[ros2-11] [bt_navigator-5] [ERROR] [1785152932.611588155] [transformPoseInTargetFrame]: Extrapolation Error looking up target frame: Lookup would require extrapolation into the past.  Requested time 13.943000 but the earliest data is at time 41.789000, when looking up transform from frame [robot3/base_link] to frame [map]
[ros2-11] [bt_navigator-5] 
[ros2-11] [bt_navigator-5] [WARN] [1785152932.611746345] [BehaviorTreeEngine]: Behavior Tree tick rate 100.00 was exceeded!
[ros2-11] [bt_navigator-5] [ERROR] [1785152932.712773915] [transformPoseInTargetFrame]: Extrapolation Error looking up target frame: Lookup would require extrapolation into the past.  Requested time 13.943000 but the earliest data is at time 41.889000, when looking up transform from frame [robot3/base_link] to frame [map]
[ros2-11] [bt_navigator-5] 
[ros2-11] [bt_navigator-5] [WARN] [1785152932.712878705] [BehaviorTreeEngine]: Behavior Tree tick rate 100.00 was exceeded!
[ros2-11] [bt_navigator-5] [ERROR] [1785152932.813899699] [transformPoseInTargetFrame]: Extrapolation Error looking up target frame: Lookup would require extrapolation into the past.  Requested time 13.943000 but the earliest data is at time 41.989000, when looking up transform from frame [robot3/base_link] to frame [map]
[ros2-11] [bt_navigator-5] 
[ros2-11] [bt_navigator-5] [WARN] [1785152932.814031952] [BehaviorTreeEngine]: Behavior Tree tick rate 100.00 was exceeded!
[ros2-11] [planner_server-3] [ERROR] [1785152932.817600265] [transformPoseInTargetFrame]: Extrapolation Error looking up target frame: Lookup would require extrapolation into the past.  Requested time 13.943000 but the earliest data is at time 41.989000, when looking up transform from frame [robot3/base_link] to frame [map]
[ros2-11] [planner_server-3] 
[ros2-11] [bt_navigator-5] [ERROR] [1785152932.914995005] [transformPoseInTargetFrame]: Extrapolation Error looking up target frame: Lookup would require extrapolation into the past.  Requested time 13.943000 but the earliest data is at time 42.089000, when looking up transform from frame [robot3/base_link] to frame [map]
[ros2-11] [bt_navigator-5] 
[ros2-11] [bt_navigator-5] [WARN] [1785152932.915147026] [BehaviorTreeEngine]: Behavior Tree tick rate 100.00 was exceeded!
[ros2-11] [bt_navigator-5] [ERROR] [1785152933.016149794] [transformPoseInTargetFrame]: Extrapolation Error looking up target frame: Lookup would require extrapolation into the past.  Requested time 13.943000 but the earliest data is at time 42.189000, when looking up transform from frame [robot3/base_link] to frame [map]
[ros2-11] [bt_navigator-5] 
[ros2-11] [bt_navigator-5] [WARN] [1785152933.016324040] [BehaviorTreeEngine]: Behavior Tree tick rate 100.00 was exceeded!
[ros2-11] [bt_navigator-5] [ERROR] [1785152933.117392282] [transformPoseInTargetFrame]: Extrapolation Error looking up target frame: Lookup would require extrapolation into the past.  Requested time 13.943000 but the earliest data is at time 42.289000, when looking up transform from frame [robot3/base_link] to frame [map]
[ros2-11] [bt_navigator-5] 
[ros2-11] [bt_navigator-5] [WARN] [1785152933.117548319] [BehaviorTreeEngine]: Behavior Tree tick rate 100.00 was exceeded!
[ros2-11] [bt_navigator-5] [ERROR] [1785152933.218539717] [transformPoseInTargetFrame]: Extrapolation Error looking up target frame: Lookup would require extrapolation into the past.  Requested time 13.943000 but the earliest data is at time 42.389000, when looking up transform from frame [robot3/base_link] to frame [map]
[ros2-11] [bt_navigator-5] 
[ros2-11] [bt_navigator-5] [WARN] [1785152933.218676616] [BehaviorTreeEngine]: Behavior Tree tick rate 100.00 was exceeded!
[ros2-11] [bt_navigator-5] [ERROR] [1785152933.319738351] [transformPoseInTargetFrame]: Extrapolation Error looking up target frame: Lookup would require extrapolation into the past.  Requested time 13.943000 but the earliest data is at time 42.489000, when looking up transform from frame [robot3/base_link] to frame [map]
[ros2-11] [bt_navigator-5] 
[ros2-11] [bt_navigator-5] [WARN] [1785152933.319872149] [BehaviorTreeEngine]: Behavior Tree tick rate 100.00 was exceeded!
[ros2-11] [bt_navigator-5] [ERROR] [1785152933.410828679] [transformPoseInTargetFrame]: Extrapolation Error looking up target frame: Lookup would require extrapolation into the past.  Requested time 13.943000 but the earliest data is at time 42.489000, when looking up transform from frame [robot3/base_link] to frame [map]
[ros2-11] [bt_navigator-5] 
[ros2-11] [bt_navigator-5] [WARN] [1785152933.410997888] [BehaviorTreeEngine]: Behavior Tree tick rate 100.00 was exceeded!
[ros2-11] [bt_navigator-5] [ERROR] [1785152933.512023367] [transformPoseInTargetFrame]: Extrapolation Error looking up target frame: Lookup would require extrapolation into the past.  Requested time 13.943000 but the earliest data is at time 42.689000, when looking up transform from frame [robot3/base_link] to frame [map]
[ros2-11] [bt_navigator-5] 
[ros2-11] [bt_navigator-5] [WARN] [1785152933.512132059] [BehaviorTreeEngine]: Behavior Tree tick rate 100.00 was exceeded!
[ros2-11] [bt_navigator-5] [ERROR] [1785152933.613127056] [transformPoseInTargetFrame]: Extrapolation Error looking up target frame: Lookup would require extrapolation into the past.  Requested time 13.943000 but the earliest data is at time 42.789000, when looking up transform from frame [robot3/base_link] to frame [map]
[ros2-11] [bt_navigator-5] 
[ros2-11] [bt_navigator-5] [WARN] [1785152933.613331156] [BehaviorTreeEngine]: Behavior Tree tick rate 100.00 was exceeded!
[ros2-11] [bt_navigator-5] [ERROR] [1785152933.714422813] [transformPoseInTargetFrame]: Extrapolation Error looking up target frame: Lookup would require extrapolation into the past.  Requested time 13.943000 but the earliest data is at time 42.889000, when looking up transform from frame [robot3/base_link] to frame [map]
[ros2-11] [bt_navigator-5] 
[ros2-11] [bt_navigator-5] [WARN] [1785152933.714562020] [BehaviorTreeEngine]: Behavior Tree tick rate 100.00 was exceeded!
[ros2-11] [bt_navigator-5] [ERROR] [1785152933.815595431] [transformPoseInTargetFrame]: Extrapolation Error looking up target frame: Lookup would require extrapolation into the past.  Requested time 13.943000 but the earliest data is at time 42.989000, when looking up transform from frame [robot3/base_link] to frame [map]
[ros2-11] [bt_navigator-5] 
[ros2-11] [bt_navigator-5] [WARN] [1785152933.815712663] [BehaviorTreeEngine]: Behavior Tree tick rate 100.00 was exceeded!
[ros2-11] [planner_server-3] [ERROR] [1785152933.817370411] [transformPoseInTargetFrame]: Extrapolation Error looking up target frame: Lookup would require extrapolation into the past.  Requested time 13.943000 but the earliest data is at time 42.989000, when looking up transform from frame [robot3/base_link] to frame [map]
[ros2-11] [planner_server-3] 
[ros2-11] [bt_navigator-5] [ERROR] [1785152933.916746344] [transformPoseInTargetFrame]: Extrapolation Error looking up target frame: Lookup would require extrapolation into the past.  Requested time 13.943000 but the earliest data is at time 43.089000, when looking up transform from frame [robot3/base_link] to frame [map]
[ros2-11] [bt_navigator-5] 
[ros2-11] [bt_navigator-5] [WARN] [1785152933.916877794] [BehaviorTreeEngine]: Behavior Tree tick rate 100.00 was exceeded!
[ros2-11] [bt_navigator-5] [ERROR] [1785152934.017943399] [transformPoseInTargetFrame]: Extrapolation Error looking up target frame: Lookup would require extrapolation into the past.  Requested time 13.943000 but the earliest data is at time 43.189000, when looking up transform from frame [robot3/base_link] to frame [map]
[ros2-11] [bt_navigator-5] 
[ros2-11] [bt_navigator-5] [WARN] [1785152934.018069869] [BehaviorTreeEngine]: Behavior Tree tick rate 100.00 was exceeded!
[ros2-11] [bt_navigator-5] [ERROR] [1785152934.119029729] [transformPoseInTargetFrame]: Extrapolation Error looking up target frame: Lookup would require extrapolation into the past.  Requested time 13.943000 but the earliest data is at time 43.289000, when looking up transform from frame [robot3/base_link] to frame [map]
[ros2-11] [bt_navigator-5] 
[ros2-11] [bt_navigator-5] [WARN] [1785152934.119160627] [BehaviorTreeEngine]: Behavior Tree tick rate 100.00 was exceeded!
[ros2-11] [bt_navigator-5] [ERROR] [1785152934.220219974] [transformPoseInTargetFrame]: Extrapolation Error looking up target frame: Lookup would require extrapolation into the past.  Requested time 13.943000 but the earliest data is at time 43.389000, when looking up transform from frame [robot3/base_link] to frame [map]
[ros2-11] [bt_navigator-5] 
[ros2-11] [bt_navigator-5] [WARN] [1785152934.220348128] [BehaviorTreeEngine]: Behavior Tree tick rate 100.00 was exceeded!
[ros2-11] [bt_navigator-5] [ERROR] [1785152934.321622215] [transformPoseInTargetFrame]: Extrapolation Error looking up target frame: Lookup would require extrapolation into the past.  Requested time 13.943000 but the earliest data is at time 43.489000, when looking up transform from frame [robot3/base_link] to frame [map]
[ros2-11] [bt_navigator-5] 
[ros2-11] [bt_navigator-5] [WARN] [1785152934.321822136] [BehaviorTreeEngine]: Behavior Tree tick rate 100.00 was exceeded!
[ros2-11] [bt_navigator-5] [ERROR] [1785152934.412957128] [transformPoseInTargetFrame]: Extrapolation Error looking up target frame: Lookup would require extrapolation into the past.  Requested time 13.943000 but the earliest data is at time 43.589000, when looking up transform from frame [robot3/base_link] to frame [map]
[ros2-11] [bt_navigator-5] 
[ros2-11] [bt_navigator-5] [WARN] [1785152934.413104013] [BehaviorTreeEngine]: Behavior Tree tick rate 100.00 was exceeded!
[ros2-11] [bt_navigator-5] [ERROR] [1785152934.514079527] [transformPoseInTargetFrame]: Extrapolation Error looking up target frame: Lookup would require extrapolation into the past.  Requested time 13.943000 but the earliest data is at time 43.689000, when looking up transform from frame [robot3/base_link] to frame [map]
[ros2-11] [bt_navigator-5] 
[ros2-11] [bt_navigator-5] [WARN] [1785152934.514243656] [BehaviorTreeEngine]: Behavior Tree tick rate 100.00 was exceeded!
[ros2-11] [bt_navigator-5] [ERROR] [1785152934.615247371] [transformPoseInTargetFrame]: Extrapolation Error looking up target frame: Lookup would require extrapolation into the past.  Requested time 13.943000 but the earliest data is at time 43.789000, when looking up transform from frame [robot3/base_link] to frame [map]
[ros2-11] [bt_navigator-5] 
[ros2-11] [bt_navigator-5] [WARN] [1785152934.615400680] [BehaviorTreeEngine]: Behavior Tree tick rate 100.00 was exceeded!
[ros2-11] [bt_navigator-5] [ERROR] [1785152934.716402828] [transformPoseInTargetFrame]: Extrapolation Error looking up target frame: Lookup would require extrapolation into the past.  Requested time 13.943000 but the earliest data is at time 43.889000, when looking up transform from frame [robot3/base_link] to frame [map]
[ros2-11] [bt_navigator-5] 
[ros2-11] [bt_navigator-5] [WARN] [1785152934.716516910] [BehaviorTreeEngine]: Behavior Tree tick rate 100.00 was exceeded!
[ros2-11] [planner_server-3] [ERROR] [1785152934.817255118] [transformPoseInTargetFrame]: Extrapolation Error looking up target frame: Lookup would require extrapolation into the past.  Requested time 13.943000 but the earliest data is at time 43.989000, when looking up transform from frame [robot3/base_link] to frame [map]
[ros2-11] [planner_server-3] 
[ros2-11] [bt_navigator-5] [ERROR] [1785152934.817491310] [transformPoseInTargetFrame]: Extrapolation Error looking up target frame: Lookup would require extrapolation into the past.  Requested time 13.943000 but the earliest data is at time 43.989000, when looking up transform from frame [robot3/base_link] to frame [map]
[ros2-11] [bt_navigator-5] 
[ros2-11] [bt_navigator-5] [WARN] [1785152934.817581113] [BehaviorTreeEngine]: Behavior Tree tick rate 100.00 was exceeded!
[ros2-11] [planner_server-3] [INFO] [1785152934.913032693] [robot3.global_costmap.global_costmap]: Message Filter dropping message: frame 'robot3/laser_frame' at time 53.945 for reason 'the timestamp on the message is earlier than all the data in the transform cache'
[ros2-11] [bt_navigator-5] [ERROR] [1785152934.918611167] [transformPoseInTargetFrame]: Extrapolation Error looking up target frame: Lookup would require extrapolation into the past.  Requested time 13.943000 but the earliest data is at time 44.089000, when looking up transform from frame [robot3/base_link] to frame [map]
[ros2-11] [bt_navigator-5] 
[ros2-11] [bt_navigator-5] [WARN] [1785152934.918765569] [BehaviorTreeEngine]: Behavior Tree tick rate 100.00 was exceeded!
[ros2-11] [bt_navigator-5] [ERROR] [1785152935.019940191] [transformPoseInTargetFrame]: Extrapolation Error looking up target frame: Lookup would require extrapolation into the past.  Requested time 13.943000 but the earliest data is at time 44.189000, when looking up transform from frame [robot3/base_link] to frame [map]
[ros2-11] [bt_navigator-5] 
[ros2-11] [bt_navigator-5] [WARN] [1785152935.020087661] [BehaviorTreeEngine]: Behavior Tree tick rate 100.00 was exceeded!
[ros2-11] [bt_navigator-5] [ERROR] [1785152935.121121589] [transformPoseInTargetFrame]: Extrapolation Error looking up target frame: Lookup would require extrapolation into the past.  Requested time 13.943000 but the earliest data is at time 44.289000, when looking up transform from frame [robot3/base_link] to frame [map]
[ros2-11] [bt_navigator-5] 
[ros2-11] [bt_navigator-5] [WARN] [1785152935.121254828] [BehaviorTreeEngine]: Behavior Tree tick rate 100.00 was exceeded!
[ros2-11] [bt_navigator-5] [ERROR] [1785152935.222263908] [transformPoseInTargetFrame]: Extrapolation Error looking up target frame: Lookup would require extrapolation into the past.  Requested time 13.943000 but the earliest data is at time 44.389000, when looking up transform from frame [robot3/base_link] to frame [map]
[ros2-11] [bt_navigator-5] 
[ros2-11] [bt_navigator-5] [WARN] [1785152935.222391919] [BehaviorTreeEngine]: Behavior Tree tick rate 100.00 was exceeded!
[ros2-11] [bt_navigator-5] [ERROR] [1785152935.313330473] [transformPoseInTargetFrame]: Extrapolation Error looking up target frame: Lookup would require extrapolation into the past.  Requested time 13.943000 but the earliest data is at time 44.489000, when looking up transform from frame [robot3/base_link] to frame [map]
[ros2-11] [bt_navigator-5] 
[ros2-11] [bt_navigator-5] [WARN] [1785152935.313537354] [BehaviorTreeEngine]: Behavior Tree tick rate 100.00 was exceeded!
[ros2-11] [bt_navigator-5] [ERROR] [1785152935.414559846] [transformPoseInTargetFrame]: Extrapolation Error looking up target frame: Lookup would require extrapolation into the past.  Requested time 13.943000 but the earliest data is at time 44.589000, when looking up transform from frame [robot3/base_link] to frame [map]
[ros2-11] [bt_navigator-5] 
[ros2-11] [bt_navigator-5] [WARN] [1785152935.414683818] [BehaviorTreeEngine]: Behavior Tree tick rate 100.00 was exceeded!
[ros2-11] [bt_navigator-5] [ERROR] [1785152935.515653976] [transformPoseInTargetFrame]: Extrapolation Error looking up target frame: Lookup would require extrapolation into the past.  Requested time 13.943000 but the earliest data is at time 44.689000, when looking up transform from frame [robot3/base_link] to frame [map]
[ros2-11] [bt_navigator-5] 
[ros2-11] [bt_navigator-5] [WARN] [1785152935.515783381] [BehaviorTreeEngine]: Behavior Tree tick rate 100.00 was exceeded!
[ros2-11] [bt_navigator-5] [ERROR] [1785152935.616841041] [transformPoseInTargetFrame]: Extrapolation Error looking up target frame: Lookup would require extrapolation into the past.  Requested time 13.943000 but the earliest data is at time 44.789000, when looking up transform from frame [robot3/base_link] to frame [map]
[ros2-11] [bt_navigator-5] 
[ros2-11] [bt_navigator-5] [WARN] [1785152935.616997580] [BehaviorTreeEngine]: Behavior Tree tick rate 100.00 was exceeded!
[ros2-11] [bt_navigator-5] [ERROR] [1785152935.718013078] [transformPoseInTargetFrame]: Extrapolation Error looking up target frame: Lookup would require extrapolation into the past.  Requested time 13.943000 but the earliest data is at time 44.889000, when looking up transform from frame [robot3/base_link] to frame [map]
[ros2-11] [bt_navigator-5] 
[ros2-11] [bt_navigator-5] [WARN] [1785152935.718152340] [BehaviorTreeEngine]: Behavior Tree tick rate 100.00 was exceeded!
[ros2-11] [planner_server-3] [ERROR] [1785152935.817449459] [transformPoseInTargetFrame]: Extrapolation Error looking up target frame: Lookup would require extrapolation into the past.  Requested time 13.943000 but the earliest data is at time 44.989000, when looking up transform from frame [robot3/base_link] to frame [map]
[ros2-11] [planner_server-3] 
[ros2-11] [bt_navigator-5] [ERROR] [1785152935.819187755] [transformPoseInTargetFrame]: Extrapolation Error looking up target frame: Lookup would require extrapolation into the past.  Requested time 13.943000 but the earliest data is at time 44.989000, when looking up transform from frame [robot3/base_link] to frame [map]
[ros2-11] [bt_navigator-5] 
[ros2-11] [bt_navigator-5] [WARN] [1785152935.819342732] [BehaviorTreeEngine]: Behavior Tree tick rate 100.00 was exceeded!
[ros2-11] [bt_navigator-5] [ERROR] [1785152935.920276570] [transformPoseInTargetFrame]: Extrapolation Error looking up target frame: Lookup would require extrapolation into the past.  Requested time 13.943000 but the earliest data is at time 45.089000, when looking up transform from frame [robot3/base_link] to frame [map]
[ros2-11] [bt_navigator-5] 
[ros2-11] [bt_navigator-5] [WARN] [1785152935.920385267] [BehaviorTreeEngine]: Behavior Tree tick rate 100.00 was exceeded!
[ros2-11] [bt_navigator-5] [ERROR] [1785152936.021434605] [transformPoseInTargetFrame]: Extrapolation Error looking up target frame: Lookup would require extrapolation into the past.  Requested time 13.943000 but the earliest data is at time 45.189000, when looking up transform from frame [robot3/base_link] to frame [map]
[ros2-11] [bt_navigator-5] 
[ros2-11] [bt_navigator-5] [WARN] [1785152936.021568789] [BehaviorTreeEngine]: Behavior Tree tick rate 100.00 was exceeded!
[ros2-11] [bt_navigator-5] [ERROR] [1785152936.122601218] [transformPoseInTargetFrame]: Extrapolation Error looking up target frame: Lookup would require extrapolation into the past.  Requested time 13.943000 but the earliest data is at time 45.289000, when looking up transform from frame [robot3/base_link] to frame [map]
[ros2-11] [bt_navigator-5] 
[ros2-11] [bt_navigator-5] [WARN] [1785152936.122741416] [BehaviorTreeEngine]: Behavior Tree tick rate 100.00 was exceeded!
[ros2-11] [bt_navigator-5] [ERROR] [1785152936.223787181] [transformPoseInTargetFrame]: Extrapolation Error looking up target frame: Lookup would require extrapolation into the past.  Requested time 13.943000 but the earliest data is at time 45.389000, when looking up transform from frame [robot3/base_link] to frame [map]
[ros2-11] [bt_navigator-5] 
[ros2-11] [bt_navigator-5] [WARN] [1785152936.223908380] [BehaviorTreeEngine]: Behavior Tree tick rate 100.00 was exceeded!
[ros2-11] [bt_navigator-5] [ERROR] [1785152936.315091728] [transformPoseInTargetFrame]: Extrapolation Error looking up target frame: Lookup would require extrapolation into the past.  Requested time 13.943000 but the earliest data is at time 45.389000, when looking up transform from frame [robot3/base_link] to frame [map]
[ros2-11] [bt_navigator-5] 
[ros2-11] [bt_navigator-5] [WARN] [1785152936.315387845] [BehaviorTreeEngine]: Behavior Tree tick rate 100.00 was exceeded!
[ros2-11] [bt_navigator-5] [ERROR] [1785152936.416452992] [transformPoseInTargetFrame]: Extrapolation Error looking up target frame: Lookup would require extrapolation into the past.  Requested time 13.943000 but the earliest data is at time 45.589000, when looking up transform from frame [robot3/base_link] to frame [map]
[ros2-11] [bt_navigator-5] 
[ros2-11] [bt_navigator-5] [WARN] [1785152936.416579842] [BehaviorTreeEngine]: Behavior Tree tick rate 100.00 was exceeded!
[ros2-11] [bt_navigator-5] [ERROR] [1785152936.517627957] [transformPoseInTargetFrame]: Extrapolation Error looking up target frame: Lookup would require extrapolation into the past.  Requested time 13.943000 but the earliest data is at time 45.689000, when looking up transform from frame [robot3/base_link] to frame [map]
[ros2-11] [bt_navigator-5] 
[ros2-11] [bt_navigator-5] [WARN] [1785152936.517757801] [BehaviorTreeEngine]: Behavior Tree tick rate 100.00 was exceeded!
[ros2-11] [bt_navigator-5] [ERROR] [1785152936.618705906] [transformPoseInTargetFrame]: Extrapolation Error looking up target frame: Lookup would require extrapolation into the past.  Requested time 13.943000 but the earliest data is at time 45.789000, when looking up transform from frame [robot3/base_link] to frame [map]
[ros2-11] [bt_navigator-5] 
[ros2-11] [bt_navigator-5] [WARN] [1785152936.618813557] [BehaviorTreeEngine]: Behavior Tree tick rate 100.00 was exceeded!
[ros2-11] [bt_navigator-5] [ERROR] [1785152936.719813760] [transformPoseInTargetFrame]: Extrapolation Error looking up target frame: Lookup would require extrapolation into the past.  Requested time 13.943000 but the earliest data is at time 45.889000, when looking up transform from frame [robot3/base_link] to frame [map]
[ros2-11] [bt_navigator-5] 
[ros2-11] [bt_navigator-5] [WARN] [1785152936.719922375] [BehaviorTreeEngine]: Behavior Tree tick rate 100.00 was exceeded!
[ros2-11] [planner_server-3] [ERROR] [1785152936.817584230] [transformPoseInTargetFrame]: Extrapolation Error looking up target frame: Lookup would require extrapolation into the past.  Requested time 13.943000 but the earliest data is at time 45.989000, when looking up transform from frame [robot3/base_link] to frame [map]
[ros2-11] [planner_server-3] 
[ros2-11] [bt_navigator-5] [ERROR] [1785152936.820932692] [transformPoseInTargetFrame]: Extrapolation Error looking up target frame: Lookup would require extrapolation into the past.  Requested time 13.943000 but the earliest data is at time 45.989000, when looking up transform from frame [robot3/base_link] to frame [map]
[ros2-11] [bt_navigator-5] 
[ros2-11] [bt_navigator-5] [WARN] [1785152936.821089686] [BehaviorTreeEngine]: Behavior Tree tick rate 100.00 was exceeded!
[ros2-11] [bt_navigator-5] [ERROR] [1785152936.922110481] [transformPoseInTargetFrame]: Extrapolation Error looking up target frame: Lookup would require extrapolation into the past.  Requested time 13.943000 but the earliest data is at time 46.089000, when looking up transform from frame [robot3/base_link] to frame [map]
[ros2-11] [bt_navigator-5] 
[ros2-11] [bt_navigator-5] [WARN] [1785152936.922205936] [BehaviorTreeEngine]: Behavior Tree tick rate 100.00 was exceeded!
[ros2-11] [bt_navigator-5] [ERROR] [1785152937.023251417] [transformPoseInTargetFrame]: Extrapolation Error looking up target frame: Lookup would require extrapolation into the past.  Requested time 13.943000 but the earliest data is at time 46.189000, when looking up transform from frame [robot3/base_link] to frame [map]
[ros2-11] [bt_navigator-5] 
[ros2-11] [bt_navigator-5] [WARN] [1785152937.023426342] [BehaviorTreeEngine]: Behavior Tree tick rate 100.00 was exceeded!
[ros2-11] [bt_navigator-5] [ERROR] [1785152937.124479832] [transformPoseInTargetFrame]: Extrapolation Error looking up target frame: Lookup would require extrapolation into the past.  Requested time 13.943000 but the earliest data is at time 46.289000, when looking up transform from frame [robot3/base_link] to frame [map]
[ros2-11] [bt_navigator-5] 
[ros2-11] [bt_navigator-5] [WARN] [1785152937.124616175] [BehaviorTreeEngine]: Behavior Tree tick rate 100.00 was exceeded!
[ros2-11] [bt_navigator-5] [ERROR] [1785152937.215576876] [transformPoseInTargetFrame]: Extrapolation Error looking up target frame: Lookup would require extrapolation into the past.  Requested time 13.943000 but the earliest data is at time 46.289000, when looking up transform from frame [robot3/base_link] to frame [map]
[ros2-11] [bt_navigator-5] 
[ros2-11] [bt_navigator-5] [WARN] [1785152937.215745678] [BehaviorTreeEngine]: Behavior Tree tick rate 100.00 was exceeded!
[ros2-11] [bt_navigator-5] [ERROR] [1785152937.316807772] [transformPoseInTargetFrame]: Extrapolation Error looking up target frame: Lookup would require extrapolation into the past.  Requested time 13.943000 but the earliest data is at time 46.489000, when looking up transform from frame [robot3/base_link] to frame [map]
[ros2-11] [bt_navigator-5] 
[ros2-11] [bt_navigator-5] [WARN] [1785152937.316959552] [BehaviorTreeEngine]: Behavior Tree tick rate 100.00 was exceeded!
[ros2-11] [planner_server-3] [INFO] [1785152937.415445883] [robot3.global_costmap.global_costmap]: Message Filter dropping message: frame 'robot3/laser_frame' at time 56.445 for reason 'the timestamp on the message is earlier than all the data in the transform cache'
[ros2-11] [bt_navigator-5] [ERROR] [1785152937.417927278] [transformPoseInTargetFrame]: Extrapolation Error looking up target frame: Lookup would require extrapolation into the past.  Requested time 13.943000 but the earliest data is at time 46.589000, when looking up transform from frame [robot3/base_link] to frame [map]
[ros2-11] [bt_navigator-5] 
[ros2-11] [bt_navigator-5] [WARN] [1785152937.418084279] [BehaviorTreeEngine]: Behavior Tree tick rate 100.00 was exceeded!
[ros2-11] [bt_navigator-5] [ERROR] [1785152937.519119262] [transformPoseInTargetFrame]: Extrapolation Error looking up target frame: Lookup would require extrapolation into the past.  Requested time 13.943000 but the earliest data is at time 46.689000, when looking up transform from frame [robot3/base_link] to frame [map]
[ros2-11] [bt_navigator-5] 
[ros2-11] [bt_navigator-5] [WARN] [1785152937.519239321] [BehaviorTreeEngine]: Behavior Tree tick rate 100.00 was exceeded!
[ros2-11] [bt_navigator-5] [ERROR] [1785152937.620300825] [transformPoseInTargetFrame]: Extrapolation Error looking up target frame: Lookup would require extrapolation into the past.  Requested time 13.943000 but the earliest data is at time 46.789000, when looking up transform from frame [robot3/base_link] to frame [map]
[ros2-11] [bt_navigator-5] 
[ros2-11] [bt_navigator-5] [WARN] [1785152937.620434449] [BehaviorTreeEngine]: Behavior Tree tick rate 100.00 was exceeded!
[ros2-11] [bt_navigator-5] [ERROR] [1785152937.721457094] [transformPoseInTargetFrame]: Extrapolation Error looking up target frame: Lookup would require extrapolation into the past.  Requested time 13.943000 but the earliest data is at time 46.889000, when looking up transform from frame [robot3/base_link] to frame [map]
[ros2-11] [bt_navigator-5] 
[ros2-11] [bt_navigator-5] [WARN] [1785152937.721581615] [BehaviorTreeEngine]: Behavior Tree tick rate 100.00 was exceeded!
[ros2-11] [planner_server-3] [ERROR] [1785152937.817370529] [transformPoseInTargetFrame]: Extrapolation Error looking up target frame: Lookup would require extrapolation into the past.  Requested time 13.943000 but the earliest data is at time 46.989000, when looking up transform from frame [robot3/base_link] to frame [map]
[ros2-11] [planner_server-3] 
[ros2-11] [bt_navigator-5] [ERROR] [1785152937.822473171] [transformPoseInTargetFrame]: Extrapolation Error looking up target frame: Lookup would require extrapolation into the past.  Requested time 13.943000 but the earliest data is at time 46.989000, when looking up transform from frame [robot3/base_link] to frame [map]
[ros2-11] [bt_navigator-5] 
[ros2-11] [bt_navigator-5] [WARN] [1785152937.822603497] [BehaviorTreeEngine]: Behavior Tree tick rate 100.00 was exceeded!
[ros2-11] [bt_navigator-5] [ERROR] [1785152937.923936397] [transformPoseInTargetFrame]: Extrapolation Error looking up target frame: Lookup would require extrapolation into the past.  Requested time 13.943000 but the earliest data is at time 47.089000, when looking up transform from frame [robot3/base_link] to frame [map]
[ros2-11] [bt_navigator-5] 
[ros2-11] [bt_navigator-5] [WARN] [1785152937.924041816] [BehaviorTreeEngine]: Behavior Tree tick rate 100.00 was exceeded!
[ros2-11] [bt_navigator-5] [ERROR] [1785152938.025054162] [transformPoseInTargetFrame]: Extrapolation Error looking up target frame: Lookup would require extrapolation into the past.  Requested time 13.943000 but the earliest data is at time 47.189000, when looking up transform from frame [robot3/base_link] to frame [map]
[ros2-11] [bt_navigator-5] 
[ros2-11] [bt_navigator-5] [WARN] [1785152938.025175482] [BehaviorTreeEngine]: Behavior Tree tick rate 100.00 was exceeded!
[ros2-11] [bt_navigator-5] [ERROR] [1785152938.126209423] [transformPoseInTargetFrame]: Extrapolation Error looking up target frame: Lookup would require extrapolation into the past.  Requested time 13.943000 but the earliest data is at time 47.289000, when looking up transform from frame [robot3/base_link] to frame [map]
[ros2-11] [bt_navigator-5] 
[ros2-11] [bt_navigator-5] [WARN] [1785152938.126358887] [BehaviorTreeEngine]: Behavior Tree tick rate 100.00 was exceeded!
[ros2-11] [bt_navigator-5] [ERROR] [1785152938.217335436] [transformPoseInTargetFrame]: Extrapolation Error looking up target frame: Lookup would require extrapolation into the past.  Requested time 13.943000 but the earliest data is at time 47.289000, when looking up transform from frame [robot3/base_link] to frame [map]
[ros2-11] [bt_navigator-5] 
[ros2-11] [bt_navigator-5] [WARN] [1785152938.217603943] [BehaviorTreeEngine]: Behavior Tree tick rate 100.00 was exceeded!
[ros2-11] [bt_navigator-5] [ERROR] [1785152938.318874314] [transformPoseInTargetFrame]: Extrapolation Error looking up target frame: Lookup would require extrapolation into the past.  Requested time 13.943000 but the earliest data is at time 47.489000, when looking up transform from frame [robot3/base_link] to frame [map]
[ros2-11] [bt_navigator-5] 
[ros2-11] [bt_navigator-5] [WARN] [1785152938.319026995] [BehaviorTreeEngine]: Behavior Tree tick rate 100.00 was exceeded!
[ros2-11] [bt_navigator-5] [ERROR] [1785152938.420098342] [transformPoseInTargetFrame]: Extrapolation Error looking up target frame: Lookup would require extrapolation into the past.  Requested time 13.943000 but the earliest data is at time 47.589000, when looking up transform from frame [robot3/base_link] to frame [map]
[ros2-11] [bt_navigator-5] 
[ros2-11] [bt_navigator-5] [WARN] [1785152938.420207757] [BehaviorTreeEngine]: Behavior Tree tick rate 100.00 was exceeded!
[ros2-11] [bt_navigator-5] [ERROR] [1785152938.521219285] [transformPoseInTargetFrame]: Extrapolation Error looking up target frame: Lookup would require extrapolation into the past.  Requested time 13.943000 but the earliest data is at time 47.689000, when looking up transform from frame [robot3/base_link] to frame [map]
[ros2-11] [bt_navigator-5] 
[ros2-11] [bt_navigator-5] [WARN] [1785152938.521320353] [BehaviorTreeEngine]: Behavior Tree tick rate 100.00 was exceeded!
[ros2-11] [bt_navigator-5] [ERROR] [1785152938.622352392] [transformPoseInTargetFrame]: Extrapolation Error looking up target frame: Lookup would require extrapolation into the past.  Requested time 13.943000 but the earliest data is at time 47.789000, when looking up transform from frame [robot3/base_link] to frame [map]
[ros2-11] [bt_navigator-5] 
[ros2-11] [bt_navigator-5] [WARN] [1785152938.622475190] [BehaviorTreeEngine]: Behavior Tree tick rate 100.00 was exceeded!
[ros2-11] [bt_navigator-5] [ERROR] [1785152938.723461269] [transformPoseInTargetFrame]: Extrapolation Error looking up target frame: Lookup would require extrapolation into the past.  Requested time 13.943000 but the earliest data is at time 47.889000, when looking up transform from frame [robot3/base_link] to frame [map]
[ros2-11] [bt_navigator-5] 
[ros2-11] [bt_navigator-5] [WARN] [1785152938.723580191] [BehaviorTreeEngine]: Behavior Tree tick rate 100.00 was exceeded!
[ros2-11] [planner_server-3] [ERROR] [1785152938.817332115] [transformPoseInTargetFrame]: Extrapolation Error looking up target frame: Lookup would require extrapolation into the past.  Requested time 13.943000 but the earliest data is at time 47.889000, when looking up transform from frame [robot3/base_link] to frame [map]
[ros2-11] [planner_server-3] 
[ros2-11] [bt_navigator-5] [ERROR] [1785152938.824657484] [transformPoseInTargetFrame]: Extrapolation Error looking up target frame: Lookup would require extrapolation into the past.  Requested time 13.943000 but the earliest data is at time 47.989000, when looking up transform from frame [robot3/base_link] to frame [map]
[ros2-11] [bt_navigator-5] 
[ros2-11] [bt_navigator-5] [WARN] [1785152938.824850945] [BehaviorTreeEngine]: Behavior Tree tick rate 100.00 was exceeded!
[ros2-11] [bt_navigator-5] [ERROR] [1785152938.925950439] [transformPoseInTargetFrame]: Extrapolation Error looking up target frame: Lookup would require extrapolation into the past.  Requested time 13.943000 but the earliest data is at time 48.089000, when looking up transform from frame [robot3/base_link] to frame [map]
[ros2-11] [bt_navigator-5] 
[ros2-11] [bt_navigator-5] [WARN] [1785152938.926080239] [BehaviorTreeEngine]: Behavior Tree tick rate 100.00 was exceeded!
[ros2-11] [bt_navigator-5] [ERROR] [1785152939.027192154] [transformPoseInTargetFrame]: Extrapolation Error looking up target frame: Lookup would require extrapolation into the past.  Requested time 13.943000 but the earliest data is at time 48.189000, when looking up transform from frame [robot3/base_link] to frame [map]
[ros2-11] [bt_navigator-5] 
[ros2-11] [bt_navigator-5] [WARN] [1785152939.027305395] [BehaviorTreeEngine]: Behavior Tree tick rate 100.00 was exceeded!
[ros2-11] [bt_navigator-5] [ERROR] [1785152939.118251456] [transformPoseInTargetFrame]: Extrapolation Error looking up target frame: Lookup would require extrapolation into the past.  Requested time 13.943000 but the earliest data is at time 48.189000, when looking up transform from frame [robot3/base_link] to frame [map]
[ros2-11] [bt_navigator-5] 
[ros2-11] [bt_navigator-5] [WARN] [1785152939.118394195] [BehaviorTreeEngine]: Behavior Tree tick rate 100.00 was exceeded!
[ros2-11] [bt_navigator-5] [ERROR] [1785152939.219424268] [transformPoseInTargetFrame]: Extrapolation Error looking up target frame: Lookup would require extrapolation into the past.  Requested time 13.943000 but the earliest data is at time 48.389000, when looking up transform from frame [robot3/base_link] to frame [map]
[ros2-11] [bt_navigator-5] 
[ros2-11] [bt_navigator-5] [WARN] [1785152939.220153102] [BehaviorTreeEngine]: Behavior Tree tick rate 100.00 was exceeded!
[ros2-11] [bt_navigator-5] [ERROR] [1785152939.321272381] [transformPoseInTargetFrame]: Extrapolation Error looking up target frame: Lookup would require extrapolation into the past.  Requested time 13.943000 but the earliest data is at time 48.489000, when looking up transform from frame [robot3/base_link] to frame [map]
[ros2-11] [bt_navigator-5] 
[ros2-11] [bt_navigator-5] [WARN] [1785152939.321460146] [BehaviorTreeEngine]: Behavior Tree tick rate 100.00 was exceeded!
[ros2-11] [bt_navigator-5] [ERROR] [1785152939.422553291] [transformPoseInTargetFrame]: Extrapolation Error looking up target frame: Lookup would require extrapolation into the past.  Requested time 13.943000 but the earliest data is at time 48.589000, when looking up transform from frame [robot3/base_link] to frame [map]
[ros2-11] [bt_navigator-5] 
[ros2-11] [bt_navigator-5] [WARN] [1785152939.422665538] [BehaviorTreeEngine]: Behavior Tree tick rate 100.00 was exceeded!
[ros2-11] [bt_navigator-5] [ERROR] [1785152939.523632802] [transformPoseInTargetFrame]: Extrapolation Error looking up target frame: Lookup would require extrapolation into the past.  Requested time 13.943000 but the earliest data is at time 48.689000, when looking up transform from frame [robot3/base_link] to frame [map]
[ros2-11] [bt_navigator-5] 
[ros2-11] [bt_navigator-5] [WARN] [1785152939.523742109] [BehaviorTreeEngine]: Behavior Tree tick rate 100.00 was exceeded!
[ros2-11] [bt_navigator-5] [ERROR] [1785152939.635638822] [transformPoseInTargetFrame]: Extrapolation Error looking up target frame: Lookup would require extrapolation into the past.  Requested time 13.943000 but the earliest data is at time 48.789000, when looking up transform from frame [robot3/base_link] to frame [map]
[ros2-11] [bt_navigator-5] 
[ros2-11] [bt_navigator-5] [WARN] [1785152939.635926931] [BehaviorTreeEngine]: Behavior Tree tick rate 100.00 was exceeded!
[ros2-11] [bt_navigator-5] [ERROR] [1785152939.728014811] [transformPoseInTargetFrame]: Extrapolation Error looking up target frame: Lookup would require extrapolation into the past.  Requested time 13.943000 but the earliest data is at time 48.989000, when looking up transform from frame [robot3/base_link] to frame [map]
[ros2-11] [bt_navigator-5] 
[ros2-11] [bt_navigator-5] [WARN] [1785152939.728113903] [BehaviorTreeEngine]: Behavior Tree tick rate 100.00 was exceeded!
[ros2-11] [planner_server-3] [ERROR] [1785152939.828872637] [transformPoseInTargetFrame]: Extrapolation Error looking up target frame: Lookup would require extrapolation into the past.  Requested time 13.943000 but the earliest data is at time 49.089000, when looking up transform from frame [robot3/base_link] to frame [map]
[ros2-11] [planner_server-3] 
[ros2-11] [bt_navigator-5] [ERROR] [1785152939.829054805] [transformPoseInTargetFrame]: Extrapolation Error looking up target frame: Lookup would require extrapolation into the past.  Requested time 13.943000 but the earliest data is at time 49.089000, when looking up transform from frame [robot3/base_link] to frame [map]
[ros2-11] [bt_navigator-5] 
[ros2-11] [bt_navigator-5] [WARN] [1785152939.829210030] [BehaviorTreeEngine]: Behavior Tree tick rate 100.00 was exceeded!
[ros2-11] [planner_server-3] [INFO] [1785152939.920647512] [robot3.global_costmap.global_costmap]: Message Filter dropping message: frame 'robot3/laser_frame' at time 58.946 for reason 'the timestamp on the message is earlier than all the data in the transform cache'
[ros2-11] [bt_navigator-5] [ERROR] [1785152939.930252251] [transformPoseInTargetFrame]: Extrapolation Error looking up target frame: Lookup would require extrapolation into the past.  Requested time 13.943000 but the earliest data is at time 49.189000, when looking up transform from frame [robot3/base_link] to frame [map]
[ros2-11] [bt_navigator-5] 
[ros2-11] [bt_navigator-5] [WARN] [1785152939.930371862] [BehaviorTreeEngine]: Behavior Tree tick rate 100.00 was exceeded!
[ros2-11] [bt_navigator-5] [ERROR] [1785152940.021259278] [transformPoseInTargetFrame]: Extrapolation Error looking up target frame: Lookup would require extrapolation into the past.  Requested time 13.943000 but the earliest data is at time 49.289000, when looking up transform from frame [robot3/base_link] to frame [map]
[ros2-11] [bt_navigator-5] 
[ros2-11] [bt_navigator-5] [WARN] [1785152940.021389453] [BehaviorTreeEngine]: Behavior Tree tick rate 100.00 was exceeded!
[ros2-11] [bt_navigator-5] [ERROR] [1785152940.122376354] [transformPoseInTargetFrame]: Extrapolation Error looking up target frame: Lookup would require extrapolation into the past.  Requested time 13.943000 but the earliest data is at time 49.389000, when looking up transform from frame [robot3/base_link] to frame [map]
[ros2-11] [bt_navigator-5] 
[ros2-11] [bt_navigator-5] [WARN] [1785152940.122501805] [BehaviorTreeEngine]: Behavior Tree tick rate 100.00 was exceeded!
[ros2-11] [bt_navigator-5] [ERROR] [1785152940.223613241] [transformPoseInTargetFrame]: Extrapolation Error looking up target frame: Lookup would require extrapolation into the past.  Requested time 13.943000 but the earliest data is at time 49.489000, when looking up transform from frame [robot3/base_link] to frame [map]
[ros2-11] [bt_navigator-5] 
[ros2-11] [bt_navigator-5] [WARN] [1785152940.223763291] [BehaviorTreeEngine]: Behavior Tree tick rate 100.00 was exceeded!
[ros2-11] [bt_navigator-5] [ERROR] [1785152940.324748785] [transformPoseInTargetFrame]: Extrapolation Error looking up target frame: Lookup would require extrapolation into the past.  Requested time 13.943000 but the earliest data is at time 49.589000, when looking up transform from frame [robot3/base_link] to frame [map]
[ros2-11] [bt_navigator-5] 
[ros2-11] [bt_navigator-5] [WARN] [1785152940.324904865] [BehaviorTreeEngine]: Behavior Tree tick rate 100.00 was exceeded!
[ros2-11] [bt_navigator-5] [ERROR] [1785152940.425937891] [transformPoseInTargetFrame]: Extrapolation Error looking up target frame: Lookup would require extrapolation into the past.  Requested time 13.943000 but the earliest data is at time 49.689000, when looking up transform from frame [robot3/base_link] to frame [map]
[ros2-11] [bt_navigator-5] 
[ros2-11] [bt_navigator-5] [WARN] [1785152940.426047628] [BehaviorTreeEngine]: Behavior Tree tick rate 100.00 was exceeded!
[ros2-11] [bt_navigator-5] [ERROR] [1785152940.527121284] [transformPoseInTargetFrame]: Extrapolation Error looking up target frame: Lookup would require extrapolation into the past.  Requested time 13.943000 but the earliest data is at time 49.789000, when looking up transform from frame [robot3/base_link] to frame [map]
[ros2-11] [bt_navigator-5] 
[ros2-11] [bt_navigator-5] [WARN] [1785152940.527237586] [BehaviorTreeEngine]: Behavior Tree tick rate 100.00 was exceeded!
[ros2-11] [bt_navigator-5] [ERROR] [1785152940.628273217] [transformPoseInTargetFrame]: Extrapolation Error looking up target frame: Lookup would require extrapolation into the past.  Requested time 13.943000 but the earliest data is at time 49.889000, when looking up transform from frame [robot3/base_link] to frame [map]
[ros2-11] [bt_navigator-5] 
[ros2-11] [bt_navigator-5] [WARN] [1785152940.628418021] [BehaviorTreeEngine]: Behavior Tree tick rate 100.00 was exceeded!
[ros2-11] [bt_navigator-5] [ERROR] [1785152940.729460040] [transformPoseInTargetFrame]: Extrapolation Error looking up target frame: Lookup would require extrapolation into the past.  Requested time 13.943000 but the earliest data is at time 49.989000, when looking up transform from frame [robot3/base_link] to frame [map]
[ros2-11] [bt_navigator-5] 
[ros2-11] [bt_navigator-5] [WARN] [1785152940.729586351] [BehaviorTreeEngine]: Behavior Tree tick rate 100.00 was exceeded!
[ros2-11] [planner_server-3] [ERROR] [1785152940.827594899] [transformPoseInTargetFrame]: Extrapolation Error looking up target frame: Lookup would require extrapolation into the past.  Requested time 13.943000 but the earliest data is at time 50.089000, when looking up transform from frame [robot3/base_link] to frame [map]
[ros2-11] [planner_server-3] 
[ros2-11] [bt_navigator-5] [ERROR] [1785152940.830816543] [transformPoseInTargetFrame]: Extrapolation Error looking up target frame: Lookup would require extrapolation into the past.  Requested time 13.943000 but the earliest data is at time 50.089000, when looking up transform from frame [robot3/base_link] to frame [map]
[ros2-11] [bt_navigator-5] 
[ros2-11] [bt_navigator-5] [WARN] [1785152940.830925336] [BehaviorTreeEngine]: Behavior Tree tick rate 100.00 was exceeded!
[ros2-11] [bt_navigator-5] [ERROR] [1785152940.922019284] [transformPoseInTargetFrame]: Extrapolation Error looking up target frame: Lookup would require extrapolation into the past.  Requested time 13.943000 but the earliest data is at time 50.189000, when looking up transform from frame [robot3/base_link] to frame [map]
[ros2-11] [bt_navigator-5] 
[ros2-11] [bt_navigator-5] [WARN] [1785152940.922198216] [BehaviorTreeEngine]: Behavior Tree tick rate 100.00 was exceeded!
[ros2-11] [bt_navigator-5] [ERROR] [1785152941.023406616] [transformPoseInTargetFrame]: Extrapolation Error looking up target frame: Lookup would require extrapolation into the past.  Requested time 13.943000 but the earliest data is at time 50.289000, when looking up transform from frame [robot3/base_link] to frame [map]
[ros2-11] [bt_navigator-5] 
[ros2-11] [bt_navigator-5] [WARN] [1785152941.023531962] [BehaviorTreeEngine]: Behavior Tree tick rate 100.00 was exceeded!
[ros2-11] [bt_navigator-5] [ERROR] [1785152941.124624960] [transformPoseInTargetFrame]: Extrapolation Error looking up target frame: Lookup would require extrapolation into the past.  Requested time 13.943000 but the earliest data is at time 50.389000, when looking up transform from frame [robot3/base_link] to frame [map]
[ros2-11] [bt_navigator-5] 
[ros2-11] [bt_navigator-5] [WARN] [1785152941.124746350] [BehaviorTreeEngine]: Behavior Tree tick rate 100.00 was exceeded!
[ros2-11] [bt_navigator-5] [ERROR] [1785152941.225750424] [transformPoseInTargetFrame]: Extrapolation Error looking up target frame: Lookup would require extrapolation into the past.  Requested time 13.943000 but the earliest data is at time 50.489000, when looking up transform from frame [robot3/base_link] to frame [map]
[ros2-11] [bt_navigator-5] 
[ros2-11] [bt_navigator-5] [WARN] [1785152941.225875931] [BehaviorTreeEngine]: Behavior Tree tick rate 100.00 was exceeded!
[ros2-11] [bt_navigator-5] [ERROR] [1785152941.326927640] [transformPoseInTargetFrame]: Extrapolation Error looking up target frame: Lookup would require extrapolation into the past.  Requested time 13.943000 but the earliest data is at time 50.589000, when looking up transform from frame [robot3/base_link] to frame [map]
[ros2-11] [bt_navigator-5] 
[ros2-11] [bt_navigator-5] [WARN] [1785152941.327043973] [BehaviorTreeEngine]: Behavior Tree tick rate 100.00 was exceeded!
[ros2-11] [bt_navigator-5] [ERROR] [1785152941.428099029] [transformPoseInTargetFrame]: Extrapolation Error looking up target frame: Lookup would require extrapolation into the past.  Requested time 13.943000 but the earliest data is at time 50.689000, when looking up transform from frame [robot3/base_link] to frame [map]
[ros2-11] [bt_navigator-5] 
[ros2-11] [bt_navigator-5] [WARN] [1785152941.428249722] [BehaviorTreeEngine]: Behavior Tree tick rate 100.00 was exceeded!
[ros2-11] [bt_navigator-5] [ERROR] [1785152941.529274042] [transformPoseInTargetFrame]: Extrapolation Error looking up target frame: Lookup would require extrapolation into the past.  Requested time 13.943000 but the earliest data is at time 50.789000, when looking up transform from frame [robot3/base_link] to frame [map]
[ros2-11] [bt_navigator-5] 
[ros2-11] [bt_navigator-5] [WARN] [1785152941.529434563] [BehaviorTreeEngine]: Behavior Tree tick rate 100.00 was exceeded!
[ros2-11] [bt_navigator-5] [ERROR] [1785152941.630375147] [transformPoseInTargetFrame]: Extrapolation Error looking up target frame: Lookup would require extrapolation into the past.  Requested time 13.943000 but the earliest data is at time 50.889000, when looking up transform from frame [robot3/base_link] to frame [map]
[ros2-11] [bt_navigator-5] 
[ros2-11] [bt_navigator-5] [WARN] [1785152941.630536085] [BehaviorTreeEngine]: Behavior Tree tick rate 100.00 was exceeded!
[ros2-11] [bt_navigator-5] [ERROR] [1785152941.731591299] [transformPoseInTargetFrame]: Extrapolation Error looking up target frame: Lookup would require extrapolation into the past.  Requested time 13.943000 but the earliest data is at time 50.989000, when looking up transform from frame [robot3/base_link] to frame [map]
[ros2-11] [bt_navigator-5] 
[ros2-11] [bt_navigator-5] [WARN] [1785152941.731724080] [BehaviorTreeEngine]: Behavior Tree tick rate 100.00 was exceeded!
[ros2-11] [planner_server-3] [ERROR] [1785152941.827426117] [transformPoseInTargetFrame]: Extrapolation Error looking up target frame: Lookup would require extrapolation into the past.  Requested time 13.943000 but the earliest data is at time 51.089000, when looking up transform from frame [robot3/base_link] to frame [map]
[ros2-11] [planner_server-3] 
[ros2-11] [bt_navigator-5] [ERROR] [1785152941.832817086] [transformPoseInTargetFrame]: Extrapolation Error looking up target frame: Lookup would require extrapolation into the past.  Requested time 13.943000 but the earliest data is at time 51.089000, when looking up transform from frame [robot3/base_link] to frame [map]
[ros2-11] [bt_navigator-5] 
[ros2-11] [bt_navigator-5] [WARN] [1785152941.832926828] [BehaviorTreeEngine]: Behavior Tree tick rate 100.00 was exceeded!
[ros2-11] [bt_navigator-5] [ERROR] [1785152941.923825024] [transformPoseInTargetFrame]: Extrapolation Error looking up target frame: Lookup would require extrapolation into the past.  Requested time 13.943000 but the earliest data is at time 51.089000, when looking up transform from frame [robot3/base_link] to frame [map]
[ros2-11] [bt_navigator-5] 
[ros2-11] [bt_navigator-5] [WARN] [1785152941.924009112] [BehaviorTreeEngine]: Behavior Tree tick rate 100.00 was exceeded!
[ros2-11] [bt_navigator-5] [ERROR] [1785152942.025118788] [transformPoseInTargetFrame]: Extrapolation Error looking up target frame: Lookup would require extrapolation into the past.  Requested time 13.943000 but the earliest data is at time 51.289000, when looking up transform from frame [robot3/base_link] to frame [map]
[ros2-11] [bt_navigator-5] 
[ros2-11] [bt_navigator-5] [WARN] [1785152942.025259565] [BehaviorTreeEngine]: Behavior Tree tick rate 100.00 was exceeded!
[ros2-11] [bt_navigator-5] [ERROR] [1785152942.126343363] [transformPoseInTargetFrame]: Extrapolation Error looking up target frame: Lookup would require extrapolation into the past.  Requested time 13.943000 but the earliest data is at time 51.389000, when looking up transform from frame [robot3/base_link] to frame [map]
[ros2-11] [bt_navigator-5] 
[ros2-11] [bt_navigator-5] [WARN] [1785152942.126504995] [BehaviorTreeEngine]: Behavior Tree tick rate 100.00 was exceeded!
[ros2-11] [bt_navigator-5] [ERROR] [1785152942.227564430] [transformPoseInTargetFrame]: Extrapolation Error looking up target frame: Lookup would require extrapolation into the past.  Requested time 13.943000 but the earliest data is at time 51.489000, when looking up transform from frame [robot3/base_link] to frame [map]
[ros2-11] [bt_navigator-5] 
[ros2-11] [bt_navigator-5] [WARN] [1785152942.227711989] [BehaviorTreeEngine]: Behavior Tree tick rate 100.00 was exceeded!
[ros2-11] [bt_navigator-5] [ERROR] [1785152942.328707434] [transformPoseInTargetFrame]: Extrapolation Error looking up target frame: Lookup would require extrapolation into the past.  Requested time 13.943000 but the earliest data is at time 51.589000, when looking up transform from frame [robot3/base_link] to frame [map]
[ros2-11] [bt_navigator-5] 
[ros2-11] [bt_navigator-5] [WARN] [1785152942.328814874] [BehaviorTreeEngine]: Behavior Tree tick rate 100.00 was exceeded!
[ros2-11] [planner_server-3] [INFO] [1785152942.423338382] [robot3.global_costmap.global_costmap]: Message Filter dropping message: frame 'robot3/laser_frame' at time 61.445 for reason 'the timestamp on the message is earlier than all the data in the transform cache'
[ros2-11] [bt_navigator-5] [ERROR] [1785152942.429853405] [transformPoseInTargetFrame]: Extrapolation Error looking up target frame: Lookup would require extrapolation into the past.  Requested time 13.943000 but the earliest data is at time 51.689000, when looking up transform from frame [robot3/base_link] to frame [map]
[ros2-11] [bt_navigator-5] 
[ros2-11] [bt_navigator-5] [WARN] [1785152942.429988915] [BehaviorTreeEngine]: Behavior Tree tick rate 100.00 was exceeded!
[ros2-11] [bt_navigator-5] [ERROR] [1785152942.531043397] [transformPoseInTargetFrame]: Extrapolation Error looking up target frame: Lookup would require extrapolation into the past.  Requested time 13.943000 but the earliest data is at time 51.789000, when looking up transform from frame [robot3/base_link] to frame [map]
[ros2-11] [bt_navigator-5] 
[ros2-11] [bt_navigator-5] [WARN] [1785152942.531152184] [BehaviorTreeEngine]: Behavior Tree tick rate 100.00 was exceeded!
[ros2-11] [bt_navigator-5] [ERROR] [1785152942.632109675] [transformPoseInTargetFrame]: Extrapolation Error looking up target frame: Lookup would require extrapolation into the past.  Requested time 13.943000 but the earliest data is at time 51.889000, when looking up transform from frame [robot3/base_link] to frame [map]
[ros2-11] [bt_navigator-5] 
[ros2-11] [bt_navigator-5] [WARN] [1785152942.632220644] [BehaviorTreeEngine]: Behavior Tree tick rate 100.00 was exceeded!
[ros2-11] [bt_navigator-5] [ERROR] [1785152942.733319076] [transformPoseInTargetFrame]: Extrapolation Error looking up target frame: Lookup would require extrapolation into the past.  Requested time 13.943000 but the earliest data is at time 51.989000, when looking up transform from frame [robot3/base_link] to frame [map]
[ros2-11] [bt_navigator-5] 
[ros2-11] [bt_navigator-5] [WARN] [1785152942.733428609] [BehaviorTreeEngine]: Behavior Tree tick rate 100.00 was exceeded!
[ros2-11] [bt_navigator-5] [ERROR] [1785152942.824275564] [transformPoseInTargetFrame]: Extrapolation Error looking up target frame: Lookup would require extrapolation into the past.  Requested time 13.943000 but the earliest data is at time 52.089000, when looking up transform from frame [robot3/base_link] to frame [map]
[ros2-11] [bt_navigator-5] 
[ros2-11] [bt_navigator-5] [WARN] [1785152942.824442841] [BehaviorTreeEngine]: Behavior Tree tick rate 100.00 was exceeded!
[ros2-11] [planner_server-3] [ERROR] [1785152942.827409066] [transformPoseInTargetFrame]: Extrapolation Error looking up target frame: Lookup would require extrapolation into the past.  Requested time 13.943000 but the earliest data is at time 52.089000, when looking up transform from frame [robot3/base_link] to frame [map]
[ros2-11] [planner_server-3] 
[ros2-11] [bt_navigator-5] [ERROR] [1785152942.925640980] [transformPoseInTargetFrame]: Extrapolation Error looking up target frame: Lookup would require extrapolation into the past.  Requested time 13.943000 but the earliest data is at time 52.189000, when looking up transform from frame [robot3/base_link] to frame [map]
[ros2-11] [bt_navigator-5] 
[ros2-11] [bt_navigator-5] [WARN] [1785152942.925768892] [BehaviorTreeEngine]: Behavior Tree tick rate 100.00 was exceeded!
[ros2-11] [bt_navigator-5] [ERROR] [1785152943.026718720] [transformPoseInTargetFrame]: Extrapolation Error looking up target frame: Lookup would require extrapolation into the past.  Requested time 13.943000 but the earliest data is at time 52.289000, when looking up transform from frame [robot3/base_link] to frame [map]
[ros2-11] [bt_navigator-5] 
[ros2-11] [bt_navigator-5] [WARN] [1785152943.026899979] [BehaviorTreeEngine]: Behavior Tree tick rate 100.00 was exceeded!
[ros2-11] [bt_navigator-5] [ERROR] [1785152943.127954048] [transformPoseInTargetFrame]: Extrapolation Error looking up target frame: Lookup would require extrapolation into the past.  Requested time 13.943000 but the earliest data is at time 52.389000, when looking up transform from frame [robot3/base_link] to frame [map]
[ros2-11] [bt_navigator-5] 
[ros2-11] [bt_navigator-5] [WARN] [1785152943.128094750] [BehaviorTreeEngine]: Behavior Tree tick rate 100.00 was exceeded!
[ros2-11] [bt_navigator-5] [ERROR] [1785152943.229185614] [transformPoseInTargetFrame]: Extrapolation Error looking up target frame: Lookup would require extrapolation into the past.  Requested time 13.943000 but the earliest data is at time 52.489000, when looking up transform from frame [robot3/base_link] to frame [map]
[ros2-11] [bt_navigator-5] 
[ros2-11] [bt_navigator-5] [WARN] [1785152943.229298310] [BehaviorTreeEngine]: Behavior Tree tick rate 100.00 was exceeded!
[ros2-11] [bt_navigator-5] [ERROR] [1785152943.330285291] [transformPoseInTargetFrame]: Extrapolation Error looking up target frame: Lookup would require extrapolation into the past.  Requested time 13.943000 but the earliest data is at time 52.589000, when looking up transform from frame [robot3/base_link] to frame [map]
[ros2-11] [bt_navigator-5] 
[ros2-11] [bt_navigator-5] [WARN] [1785152943.330419654] [BehaviorTreeEngine]: Behavior Tree tick rate 100.00 was exceeded!
[ros2-11] [bt_navigator-5] [ERROR] [1785152943.431457557] [transformPoseInTargetFrame]: Extrapolation Error looking up target frame: Lookup would require extrapolation into the past.  Requested time 13.943000 but the earliest data is at time 52.689000, when looking up transform from frame [robot3/base_link] to frame [map]
[ros2-11] [bt_navigator-5] 
[ros2-11] [bt_navigator-5] [WARN] [1785152943.431631558] [BehaviorTreeEngine]: Behavior Tree tick rate 100.00 was exceeded!
[ros2-11] [bt_navigator-5] [ERROR] [1785152943.533030398] [transformPoseInTargetFrame]: Extrapolation Error looking up target frame: Lookup would require extrapolation into the past.  Requested time 13.943000 but the earliest data is at time 52.789000, when looking up transform from frame [robot3/base_link] to frame [map]
[ros2-11] [bt_navigator-5] 
[ros2-11] [bt_navigator-5] [WARN] [1785152943.533166489] [BehaviorTreeEngine]: Behavior Tree tick rate 100.00 was exceeded!
[ros2-11] [bt_navigator-5] [ERROR] [1785152943.634222667] [transformPoseInTargetFrame]: Extrapolation Error looking up target frame: Lookup would require extrapolation into the past.  Requested time 13.943000 but the earliest data is at time 52.889000, when looking up transform from frame [robot3/base_link] to frame [map]
[ros2-11] [bt_navigator-5] 
[ros2-11] [bt_navigator-5] [WARN] [1785152943.634381620] [BehaviorTreeEngine]: Behavior Tree tick rate 100.00 was exceeded!
[ros2-11] [bt_navigator-5] [ERROR] [1785152943.725332904] [transformPoseInTargetFrame]: Extrapolation Error looking up target frame: Lookup would require extrapolation into the past.  Requested time 13.943000 but the earliest data is at time 52.889000, when looking up transform from frame [robot3/base_link] to frame [map]
[ros2-11] [bt_navigator-5] 
[ros2-11] [bt_navigator-5] [WARN] [1785152943.725503013] [BehaviorTreeEngine]: Behavior Tree tick rate 100.00 was exceeded!
[ros2-11] [bt_navigator-5] [ERROR] [1785152943.826463299] [transformPoseInTargetFrame]: Extrapolation Error looking up target frame: Lookup would require extrapolation into the past.  Requested time 13.943000 but the earliest data is at time 53.089000, when looking up transform from frame [robot3/base_link] to frame [map]
[ros2-11] [bt_navigator-5] 
[ros2-11] [bt_navigator-5] [WARN] [1785152943.826592571] [BehaviorTreeEngine]: Behavior Tree tick rate 100.00 was exceeded!
[ros2-11] [planner_server-3] [ERROR] [1785152943.828940347] [transformPoseInTargetFrame]: Extrapolation Error looking up target frame: Lookup would require extrapolation into the past.  Requested time 13.943000 but the earliest data is at time 53.089000, when looking up transform from frame [robot3/base_link] to frame [map]
[ros2-11] [planner_server-3] 
[ros2-11] [bt_navigator-5] [ERROR] [1785152943.927562894] [transformPoseInTargetFrame]: Extrapolation Error looking up target frame: Lookup would require extrapolation into the past.  Requested time 13.943000 but the earliest data is at time 53.189000, when looking up transform from frame [robot3/base_link] to frame [map]
[ros2-11] [bt_navigator-5] 
[ros2-11] [bt_navigator-5] [WARN] [1785152943.927672273] [BehaviorTreeEngine]: Behavior Tree tick rate 100.00 was exceeded!
[ros2-11] [bt_navigator-5] [ERROR] [1785152944.028677938] [transformPoseInTargetFrame]: Extrapolation Error looking up target frame: Lookup would require extrapolation into the past.  Requested time 13.943000 but the earliest data is at time 53.289000, when looking up transform from frame [robot3/base_link] to frame [map]
[ros2-11] [bt_navigator-5] 
[ros2-11] [bt_navigator-5] [WARN] [1785152944.028874369] [BehaviorTreeEngine]: Behavior Tree tick rate 100.00 was exceeded!
[ros2-11] [bt_navigator-5] [ERROR] [1785152944.129931998] [transformPoseInTargetFrame]: Extrapolation Error looking up target frame: Lookup would require extrapolation into the past.  Requested time 13.943000 but the earliest data is at time 53.389000, when looking up transform from frame [robot3/base_link] to frame [map]
[ros2-11] [bt_navigator-5] 
[ros2-11] [bt_navigator-5] [WARN] [1785152944.130065436] [BehaviorTreeEngine]: Behavior Tree tick rate 100.00 was exceeded!
[ros2-11] [bt_navigator-5] [ERROR] [1785152944.231082249] [transformPoseInTargetFrame]: Extrapolation Error looking up target frame: Lookup would require extrapolation into the past.  Requested time 13.943000 but the earliest data is at time 53.489000, when looking up transform from frame [robot3/base_link] to frame [map]
[ros2-11] [bt_navigator-5] 
[ros2-11] [bt_navigator-5] [WARN] [1785152944.231182590] [BehaviorTreeEngine]: Behavior Tree tick rate 100.00 was exceeded!
[ros2-11] [bt_navigator-5] [ERROR] [1785152944.332154545] [transformPoseInTargetFrame]: Extrapolation Error looking up target frame: Lookup would require extrapolation into the past.  Requested time 13.943000 but the earliest data is at time 53.589000, when looking up transform from frame [robot3/base_link] to frame [map]
[ros2-11] [bt_navigator-5] 
[ros2-11] [bt_navigator-5] [WARN] [1785152944.332278854] [BehaviorTreeEngine]: Behavior Tree tick rate 100.00 was exceeded!
[ros2-11] [bt_navigator-5] [ERROR] [1785152944.433246662] [transformPoseInTargetFrame]: Extrapolation Error looking up target frame: Lookup would require extrapolation into the past.  Requested time 13.943000 but the earliest data is at time 53.689000, when looking up transform from frame [robot3/base_link] to frame [map]
[ros2-11] [bt_navigator-5] 
[ros2-11] [bt_navigator-5] [WARN] [1785152944.433361822] [BehaviorTreeEngine]: Behavior Tree tick rate 100.00 was exceeded!
[ros2-11] [bt_navigator-5] [ERROR] [1785152944.534397500] [transformPoseInTargetFrame]: Extrapolation Error looking up target frame: Lookup would require extrapolation into the past.  Requested time 13.943000 but the earliest data is at time 53.789000, when looking up transform from frame [robot3/base_link] to frame [map]
[ros2-11] [bt_navigator-5] 
[ros2-11] [bt_navigator-5] [WARN] [1785152944.534546943] [BehaviorTreeEngine]: Behavior Tree tick rate 100.00 was exceeded!
[ros2-11] [bt_navigator-5] [ERROR] [1785152944.635573188] [transformPoseInTargetFrame]: Extrapolation Error looking up target frame: Lookup would require extrapolation into the past.  Requested time 13.943000 but the earliest data is at time 53.889000, when looking up transform from frame [robot3/base_link] to frame [map]
[ros2-11] [bt_navigator-5] 
[ros2-11] [bt_navigator-5] [WARN] [1785152944.635714801] [BehaviorTreeEngine]: Behavior Tree tick rate 100.00 was exceeded!
[ros2-11] [bt_navigator-5] [ERROR] [1785152944.726647550] [transformPoseInTargetFrame]: Extrapolation Error looking up target frame: Lookup would require extrapolation into the past.  Requested time 13.943000 but the earliest data is at time 53.889000, when looking up transform from frame [robot3/base_link] to frame [map]
[ros2-11] [bt_navigator-5] 
[ros2-11] [bt_navigator-5] [WARN] [1785152944.726818373] [BehaviorTreeEngine]: Behavior Tree tick rate 100.00 was exceeded!
[ros2-11] [planner_server-3] [ERROR] [1785152944.827436056] [transformPoseInTargetFrame]: Extrapolation Error looking up target frame: Lookup would require extrapolation into the past.  Requested time 13.943000 but the earliest data is at time 54.089000, when looking up transform from frame [robot3/base_link] to frame [map]
[ros2-11] [planner_server-3] 
[ros2-11] [bt_navigator-5] [ERROR] [1785152944.827824914] [transformPoseInTargetFrame]: Extrapolation Error looking up target frame: Lookup would require extrapolation into the past.  Requested time 13.943000 but the earliest data is at time 54.089000, when looking up transform from frame [robot3/base_link] to frame [map]
[ros2-11] [bt_navigator-5] 
[ros2-11] [bt_navigator-5] [WARN] [1785152944.828038991] [BehaviorTreeEngine]: Behavior Tree tick rate 100.00 was exceeded!
[ros2-11] [planner_server-3] [INFO] [1785152944.927045930] [robot3.global_costmap.global_costmap]: Message Filter dropping message: frame 'robot3/laser_frame' at time 63.945 for reason 'the timestamp on the message is earlier than all the data in the transform cache'
[ros2-11] [bt_navigator-5] [ERROR] [1785152944.929105559] [transformPoseInTargetFrame]: Extrapolation Error looking up target frame: Lookup would require extrapolation into the past.  Requested time 13.943000 but the earliest data is at time 54.189000, when looking up transform from frame [robot3/base_link] to frame [map]
[ros2-11] [bt_navigator-5] 
[ros2-11] [bt_navigator-5] [WARN] [1785152944.929244431] [BehaviorTreeEngine]: Behavior Tree tick rate 100.00 was exceeded!
[ros2-11] [bt_navigator-5] [ERROR] [1785152945.030248908] [transformPoseInTargetFrame]: Extrapolation Error looking up target frame: Lookup would require extrapolation into the past.  Requested time 13.943000 but the earliest data is at time 54.289000, when looking up transform from frame [robot3/base_link] to frame [map]
[ros2-11] [bt_navigator-5] 
[ros2-11] [bt_navigator-5] [WARN] [1785152945.030360349] [BehaviorTreeEngine]: Behavior Tree tick rate 100.00 was exceeded!
[ros2-11] [bt_navigator-5] [ERROR] [1785152945.131582711] [transformPoseInTargetFrame]: Extrapolation Error looking up target frame: Lookup would require extrapolation into the past.  Requested time 13.943000 but the earliest data is at time 54.389000, when looking up transform from frame [robot3/base_link] to frame [map]
[ros2-11] [bt_navigator-5] 
[ros2-11] [bt_navigator-5] [WARN] [1785152945.131736185] [BehaviorTreeEngine]: Behavior Tree tick rate 100.00 was exceeded!
[ros2-11] [bt_navigator-5] [ERROR] [1785152945.232674622] [transformPoseInTargetFrame]: Extrapolation Error looking up target frame: Lookup would require extrapolation into the past.  Requested time 13.943000 but the earliest data is at time 54.489000, when looking up transform from frame [robot3/base_link] to frame [map]
[ros2-11] [bt_navigator-5] 
[ros2-11] [bt_navigator-5] [WARN] [1785152945.232786307] [BehaviorTreeEngine]: Behavior Tree tick rate 100.00 was exceeded!
[ros2-11] [bt_navigator-5] [ERROR] [1785152945.333822032] [transformPoseInTargetFrame]: Extrapolation Error looking up target frame: Lookup would require extrapolation into the past.  Requested time 13.943000 but the earliest data is at time 54.589000, when looking up transform from frame [robot3/base_link] to frame [map]
[ros2-11] [bt_navigator-5] 
[ros2-11] [bt_navigator-5] [WARN] [1785152945.333989762] [BehaviorTreeEngine]: Behavior Tree tick rate 100.00 was exceeded!
[ros2-11] [bt_navigator-5] [ERROR] [1785152945.435105719] [transformPoseInTargetFrame]: Extrapolation Error looking up target frame: Lookup would require extrapolation into the past.  Requested time 13.943000 but the earliest data is at time 54.689000, when looking up transform from frame [robot3/base_link] to frame [map]
[ros2-11] [bt_navigator-5] 
[ros2-11] [bt_navigator-5] [WARN] [1785152945.435224798] [BehaviorTreeEngine]: Behavior Tree tick rate 100.00 was exceeded!
[ros2-11] [bt_navigator-5] [ERROR] [1785152945.536256094] [transformPoseInTargetFrame]: Extrapolation Error looking up target frame: Lookup would require extrapolation into the past.  Requested time 13.943000 but the earliest data is at time 54.789000, when looking up transform from frame [robot3/base_link] to frame [map]
[ros2-11] [bt_navigator-5] 
[ros2-11] [bt_navigator-5] [WARN] [1785152945.536368995] [BehaviorTreeEngine]: Behavior Tree tick rate 100.00 was exceeded!
[ros2-11] [bt_navigator-5] [ERROR] [1785152945.637418501] [transformPoseInTargetFrame]: Extrapolation Error looking up target frame: Lookup would require extrapolation into the past.  Requested time 13.943000 but the earliest data is at time 54.889000, when looking up transform from frame [robot3/base_link] to frame [map]
[ros2-11] [bt_navigator-5] 
[ros2-11] [bt_navigator-5] [WARN] [1785152945.637546097] [BehaviorTreeEngine]: Behavior Tree tick rate 100.00 was exceeded!
[ros2-11] [bt_navigator-5] [ERROR] [1785152945.728417381] [transformPoseInTargetFrame]: Extrapolation Error looking up target frame: Lookup would require extrapolation into the past.  Requested time 13.943000 but the earliest data is at time 54.889000, when looking up transform from frame [robot3/base_link] to frame [map]
[ros2-11] [bt_navigator-5] 
[ros2-11] [bt_navigator-5] [WARN] [1785152945.728601700] [BehaviorTreeEngine]: Behavior Tree tick rate 100.00 was exceeded!
[ros2-11] [bt_navigator-5] [ERROR] [1785152945.829618814] [transformPoseInTargetFrame]: Extrapolation Error looking up target frame: Lookup would require extrapolation into the past.  Requested time 13.943000 but the earliest data is at time 55.089000, when looking up transform from frame [robot3/base_link] to frame [map]
[ros2-11] [bt_navigator-5] 
[ros2-11] [bt_navigator-5] [WARN] [1785152945.829769416] [BehaviorTreeEngine]: Behavior Tree tick rate 100.00 was exceeded!
[ros2-11] [planner_server-3] [ERROR] [1785152945.837604397] [transformPoseInTargetFrame]: Extrapolation Error looking up target frame: Lookup would require extrapolation into the past.  Requested time 13.943000 but the earliest data is at time 55.089000, when looking up transform from frame [robot3/base_link] to frame [map]
[ros2-11] [planner_server-3] 
[ros2-11] [bt_navigator-5] [ERROR] [1785152945.930825331] [transformPoseInTargetFrame]: Extrapolation Error looking up target frame: Lookup would require extrapolation into the past.  Requested time 13.943000 but the earliest data is at time 55.189000, when looking up transform from frame [robot3/base_link] to frame [map]
[ros2-11] [bt_navigator-5] 
[ros2-11] [bt_navigator-5] [WARN] [1785152945.930961749] [BehaviorTreeEngine]: Behavior Tree tick rate 100.00 was exceeded!
[ros2-11] [bt_navigator-5] [ERROR] [1785152946.031934204] [transformPoseInTargetFrame]: Extrapolation Error looking up target frame: Lookup would require extrapolation into the past.  Requested time 13.943000 but the earliest data is at time 55.289000, when looking up transform from frame [robot3/base_link] to frame [map]
[ros2-11] [bt_navigator-5] 
[ros2-11] [bt_navigator-5] [WARN] [1785152946.032039191] [BehaviorTreeEngine]: Behavior Tree tick rate 100.00 was exceeded!
[ros2-11] [bt_navigator-5] [ERROR] [1785152946.133013867] [transformPoseInTargetFrame]: Extrapolation Error looking up target frame: Lookup would require extrapolation into the past.  Requested time 13.943000 but the earliest data is at time 55.389000, when looking up transform from frame [robot3/base_link] to frame [map]
[ros2-11] [bt_navigator-5] 
[ros2-11] [bt_navigator-5] [WARN] [1785152946.133183136] [BehaviorTreeEngine]: Behavior Tree tick rate 100.00 was exceeded!
[ros2-11] [bt_navigator-5] [ERROR] [1785152946.234153153] [transformPoseInTargetFrame]: Extrapolation Error looking up target frame: Lookup would require extrapolation into the past.  Requested time 13.943000 but the earliest data is at time 55.489000, when looking up transform from frame [robot3/base_link] to frame [map]
[ros2-11] [bt_navigator-5] 
[ros2-11] [bt_navigator-5] [WARN] [1785152946.234347799] [BehaviorTreeEngine]: Behavior Tree tick rate 100.00 was exceeded!
[ros2-11] [bt_navigator-5] [ERROR] [1785152946.335454775] [transformPoseInTargetFrame]: Extrapolation Error looking up target frame: Lookup would require extrapolation into the past.  Requested time 13.943000 but the earliest data is at time 55.589000, when looking up transform from frame [robot3/base_link] to frame [map]
[ros2-11] [bt_navigator-5] 
[ros2-11] [bt_navigator-5] [WARN] [1785152946.335604123] [BehaviorTreeEngine]: Behavior Tree tick rate 100.00 was exceeded!
[ros2-11] [bt_navigator-5] [ERROR] [1785152946.436685493] [transformPoseInTargetFrame]: Extrapolation Error looking up target frame: Lookup would require extrapolation into the past.  Requested time 13.943000 but the earliest data is at time 55.689000, when looking up transform from frame [robot3/base_link] to frame [map]
[ros2-11] [bt_navigator-5] 
[ros2-11] [bt_navigator-5] [WARN] [1785152946.436796112] [BehaviorTreeEngine]: Behavior Tree tick rate 100.00 was exceeded!
[ros2-11] [bt_navigator-5] [ERROR] [1785152946.537872444] [transformPoseInTargetFrame]: Extrapolation Error looking up target frame: Lookup would require extrapolation into the past.  Requested time 13.943000 but the earliest data is at time 55.789000, when looking up transform from frame [robot3/base_link] to frame [map]
[ros2-11] [bt_navigator-5] 
[ros2-11] [bt_navigator-5] [WARN] [1785152946.538006051] [BehaviorTreeEngine]: Behavior Tree tick rate 100.00 was exceeded!
[ros2-11] [bt_navigator-5] [ERROR] [1785152946.639070609] [transformPoseInTargetFrame]: Extrapolation Error looking up target frame: Lookup would require extrapolation into the past.  Requested time 13.943000 but the earliest data is at time 55.889000, when looking up transform from frame [robot3/base_link] to frame [map]
[ros2-11] [bt_navigator-5] 
[ros2-11] [bt_navigator-5] [WARN] [1785152946.639207666] [BehaviorTreeEngine]: Behavior Tree tick rate 100.00 was exceeded!
[ros2-11] [bt_navigator-5] [ERROR] [1785152946.730158246] [transformPoseInTargetFrame]: Extrapolation Error looking up target frame: Lookup would require extrapolation into the past.  Requested time 13.943000 but the earliest data is at time 55.989000, when looking up transform from frame [robot3/base_link] to frame [map]
[ros2-11] [bt_navigator-5] 
[ros2-11] [bt_navigator-5] [WARN] [1785152946.730426071] [BehaviorTreeEngine]: Behavior Tree tick rate 100.00 was exceeded!
[ros2-11] [bt_navigator-5] [ERROR] [1785152946.831510615] [transformPoseInTargetFrame]: Extrapolation Error looking up target frame: Lookup would require extrapolation into the past.  Requested time 13.943000 but the earliest data is at time 56.089000, when looking up transform from frame [robot3/base_link] to frame [map]
[ros2-11] [bt_navigator-5] 
[ros2-11] [bt_navigator-5] [WARN] [1785152946.831672511] [BehaviorTreeEngine]: Behavior Tree tick rate 100.00 was exceeded!
[ros2-11] [planner_server-3] [ERROR] [1785152946.837723158] [transformPoseInTargetFrame]: Extrapolation Error looking up target frame: Lookup would require extrapolation into the past.  Requested time 13.943000 but the earliest data is at time 56.089000, when looking up transform from frame [robot3/base_link] to frame [map]
[ros2-11] [planner_server-3] 
[ros2-11] [bt_navigator-5] [ERROR] [1785152946.932702256] [transformPoseInTargetFrame]: Extrapolation Error looking up target frame: Lookup would require extrapolation into the past.  Requested time 13.943000 but the earliest data is at time 56.189000, when looking up transform from frame [robot3/base_link] to frame [map]
[ros2-11] [bt_navigator-5] 
[ros2-11] [bt_navigator-5] [WARN] [1785152946.932815938] [BehaviorTreeEngine]: Behavior Tree tick rate 100.00 was exceeded!
[ros2-11] [bt_navigator-5] [ERROR] [1785152947.033832040] [transformPoseInTargetFrame]: Extrapolation Error looking up target frame: Lookup would require extrapolation into the past.  Requested time 13.943000 but the earliest data is at time 56.289000, when looking up transform from frame [robot3/base_link] to frame [map]
[ros2-11] [bt_navigator-5] 
[ros2-11] [bt_navigator-5] [WARN] [1785152947.033946225] [BehaviorTreeEngine]: Behavior Tree tick rate 100.00 was exceeded!
[ros2-11] [bt_navigator-5] [ERROR] [1785152947.134948594] [transformPoseInTargetFrame]: Extrapolation Error looking up target frame: Lookup would require extrapolation into the past.  Requested time 13.943000 but the earliest data is at time 56.389000, when looking up transform from frame [robot3/base_link] to frame [map]
[ros2-11] [bt_navigator-5] 
[ros2-11] [bt_navigator-5] [WARN] [1785152947.135067961] [BehaviorTreeEngine]: Behavior Tree tick rate 100.00 was exceeded!
[ros2-11] [bt_navigator-5] [ERROR] [1785152947.236131114] [transformPoseInTargetFrame]: Extrapolation Error looking up target frame: Lookup would require extrapolation into the past.  Requested time 13.943000 but the earliest data is at time 56.489000, when looking up transform from frame [robot3/base_link] to frame [map]
[ros2-11] [bt_navigator-5] 
[ros2-11] [bt_navigator-5] [WARN] [1785152947.236273481] [BehaviorTreeEngine]: Behavior Tree tick rate 100.00 was exceeded!
[ros2-11] [bt_navigator-5] [ERROR] [1785152947.337305813] [transformPoseInTargetFrame]: Extrapolation Error looking up target frame: Lookup would require extrapolation into the past.  Requested time 13.943000 but the earliest data is at time 56.589000, when looking up transform from frame [robot3/base_link] to frame [map]
[ros2-11] [bt_navigator-5] 
[ros2-11] [bt_navigator-5] [WARN] [1785152947.337420834] [BehaviorTreeEngine]: Behavior Tree tick rate 100.00 was exceeded!
[ros2-11] [planner_server-3] [INFO] [1785152947.430677079] [robot3.global_costmap.global_costmap]: Message Filter dropping message: frame 'robot3/laser_frame' at time 66.445 for reason 'the timestamp on the message is earlier than all the data in the transform cache'
[ros2-11] [bt_navigator-5] [ERROR] [1785152947.438415432] [transformPoseInTargetFrame]: Extrapolation Error looking up target frame: Lookup would require extrapolation into the past.  Requested time 13.943000 but the earliest data is at time 56.689000, when looking up transform from frame [robot3/base_link] to frame [map]
[ros2-11] [bt_navigator-5] 
[ros2-11] [bt_navigator-5] [WARN] [1785152947.438532970] [BehaviorTreeEngine]: Behavior Tree tick rate 100.00 was exceeded!
[ros2-11] [bt_navigator-5] [ERROR] [1785152947.539560225] [transformPoseInTargetFrame]: Extrapolation Error looking up target frame: Lookup would require extrapolation into the past.  Requested time 13.943000 but the earliest data is at time 56.789000, when looking up transform from frame [robot3/base_link] to frame [map]
[ros2-11] [bt_navigator-5] 
[ros2-11] [bt_navigator-5] [WARN] [1785152947.539711119] [BehaviorTreeEngine]: Behavior Tree tick rate 100.00 was exceeded!
[ros2-11] [bt_navigator-5] [ERROR] [1785152947.630732198] [transformPoseInTargetFrame]: Extrapolation Error looking up target frame: Lookup would require extrapolation into the past.  Requested time 13.943000 but the earliest data is at time 56.789000, when looking up transform from frame [robot3/base_link] to frame [map]
[ros2-11] [bt_navigator-5] 
[ros2-11] [bt_navigator-5] [WARN] [1785152947.630901037] [BehaviorTreeEngine]: Behavior Tree tick rate 100.00 was exceeded!
[ros2-11] [bt_navigator-5] [ERROR] [1785152947.731934865] [transformPoseInTargetFrame]: Extrapolation Error looking up target frame: Lookup would require extrapolation into the past.  Requested time 13.943000 but the earliest data is at time 56.989000, when looking up transform from frame [robot3/base_link] to frame [map]
[ros2-11] [bt_navigator-5] 
[ros2-11] [bt_navigator-5] [WARN] [1785152947.732052429] [BehaviorTreeEngine]: Behavior Tree tick rate 100.00 was exceeded!
[ros2-11] [bt_navigator-5] [ERROR] [1785152947.833048465] [transformPoseInTargetFrame]: Extrapolation Error looking up target frame: Lookup would require extrapolation into the past.  Requested time 13.943000 but the earliest data is at time 57.089000, when looking up transform from frame [robot3/base_link] to frame [map]
[ros2-11] [bt_navigator-5] 
[ros2-11] [bt_navigator-5] [WARN] [1785152947.833173710] [BehaviorTreeEngine]: Behavior Tree tick rate 100.00 was exceeded!
[ros2-11] [planner_server-3] [ERROR] [1785152947.837535423] [transformPoseInTargetFrame]: Extrapolation Error looking up target frame: Lookup would require extrapolation into the past.  Requested time 13.943000 but the earliest data is at time 57.089000, when looking up transform from frame [robot3/base_link] to frame [map]
[ros2-11] [planner_server-3] 
[ros2-11] [bt_navigator-5] [ERROR] [1785152947.934161698] [transformPoseInTargetFrame]: Extrapolation Error looking up target frame: Lookup would require extrapolation into the past.  Requested time 13.943000 but the earliest data is at time 57.189000, when looking up transform from frame [robot3/base_link] to frame [map]
[ros2-11] [bt_navigator-5] 
[ros2-11] [bt_navigator-5] [WARN] [1785152947.934283653] [BehaviorTreeEngine]: Behavior Tree tick rate 100.00 was exceeded!
[ros2-11] [bt_navigator-5] [ERROR] [1785152948.035264446] [transformPoseInTargetFrame]: Extrapolation Error looking up target frame: Lookup would require extrapolation into the past.  Requested time 13.943000 but the earliest data is at time 57.289000, when looking up transform from frame [robot3/base_link] to frame [map]
[ros2-11] [bt_navigator-5] 
[ros2-11] [bt_navigator-5] [WARN] [1785152948.035392127] [BehaviorTreeEngine]: Behavior Tree tick rate 100.00 was exceeded!
[ros2-11] [bt_navigator-5] [ERROR] [1785152948.136441841] [transformPoseInTargetFrame]: Extrapolation Error looking up target frame: Lookup would require extrapolation into the past.  Requested time 13.943000 but the earliest data is at time 57.389000, when looking up transform from frame [robot3/base_link] to frame [map]
[ros2-11] [bt_navigator-5] 
[ros2-11] [bt_navigator-5] [WARN] [1785152948.136579728] [BehaviorTreeEngine]: Behavior Tree tick rate 100.00 was exceeded!
[ros2-11] [bt_navigator-5] [ERROR] [1785152948.237618740] [transformPoseInTargetFrame]: Extrapolation Error looking up target frame: Lookup would require extrapolation into the past.  Requested time 13.943000 but the earliest data is at time 57.489000, when looking up transform from frame [robot3/base_link] to frame [map]
[ros2-11] [bt_navigator-5] 
[ros2-11] [bt_navigator-5] [WARN] [1785152948.237752149] [BehaviorTreeEngine]: Behavior Tree tick rate 100.00 was exceeded!
[ros2-11] [bt_navigator-5] [ERROR] [1785152948.338793491] [transformPoseInTargetFrame]: Extrapolation Error looking up target frame: Lookup would require extrapolation into the past.  Requested time 13.943000 but the earliest data is at time 57.589000, when looking up transform from frame [robot3/base_link] to frame [map]
[ros2-11] [bt_navigator-5] 
[ros2-11] [bt_navigator-5] [WARN] [1785152948.338926552] [BehaviorTreeEngine]: Behavior Tree tick rate 100.00 was exceeded!
[ros2-11] [bt_navigator-5] [ERROR] [1785152948.439973138] [transformPoseInTargetFrame]: Extrapolation Error looking up target frame: Lookup would require extrapolation into the past.  Requested time 13.943000 but the earliest data is at time 57.689000, when looking up transform from frame [robot3/base_link] to frame [map]
[ros2-11] [bt_navigator-5] 
[ros2-11] [bt_navigator-5] [WARN] [1785152948.440127738] [BehaviorTreeEngine]: Behavior Tree tick rate 100.00 was exceeded!
[ros2-11] [bt_navigator-5] [ERROR] [1785152948.541122249] [transformPoseInTargetFrame]: Extrapolation Error looking up target frame: Lookup would require extrapolation into the past.  Requested time 13.943000 but the earliest data is at time 57.789000, when looking up transform from frame [robot3/base_link] to frame [map]
[ros2-11] [bt_navigator-5] 
[ros2-11] [bt_navigator-5] [WARN] [1785152948.541265318] [BehaviorTreeEngine]: Behavior Tree tick rate 100.00 was exceeded!
[ros2-11] [bt_navigator-5] [ERROR] [1785152948.642426915] [transformPoseInTargetFrame]: Extrapolation Error looking up target frame: Lookup would require extrapolation into the past.  Requested time 13.943000 but the earliest data is at time 57.889000, when looking up transform from frame [robot3/base_link] to frame [map]
[ros2-11] [bt_navigator-5] 
[ros2-11] [bt_navigator-5] [WARN] [1785152948.642548906] [BehaviorTreeEngine]: Behavior Tree tick rate 100.00 was exceeded!
[ros2-11] [bt_navigator-5] [ERROR] [1785152948.733489284] [transformPoseInTargetFrame]: Extrapolation Error looking up target frame: Lookup would require extrapolation into the past.  Requested time 13.943000 but the earliest data is at time 57.989000, when looking up transform from frame [robot3/base_link] to frame [map]
[ros2-11] [bt_navigator-5] 
[ros2-11] [bt_navigator-5] [WARN] [1785152948.733620402] [BehaviorTreeEngine]: Behavior Tree tick rate 100.00 was exceeded!
[ros2-11] [bt_navigator-5] [ERROR] [1785152948.834681098] [transformPoseInTargetFrame]: Extrapolation Error looking up target frame: Lookup would require extrapolation into the past.  Requested time 13.943000 but the earliest data is at time 58.089000, when looking up transform from frame [robot3/base_link] to frame [map]
[ros2-11] [bt_navigator-5] 
[ros2-11] [bt_navigator-5] [WARN] [1785152948.834817667] [BehaviorTreeEngine]: Behavior Tree tick rate 100.00 was exceeded!
[ros2-11] [planner_server-3] [ERROR] [1785152948.838313450] [transformPoseInTargetFrame]: Extrapolation Error looking up target frame: Lookup would require extrapolation into the past.  Requested time 13.943000 but the earliest data is at time 58.089000, when looking up transform from frame [robot3/base_link] to frame [map]
[ros2-11] [planner_server-3] 
[ros2-11] [bt_navigator-5] [ERROR] [1785152948.935843278] [transformPoseInTargetFrame]: Extrapolation Error looking up target frame: Lookup would require extrapolation into the past.  Requested time 13.943000 but the earliest data is at time 58.189000, when looking up transform from frame [robot3/base_link] to frame [map]
[ros2-11] [bt_navigator-5] 
[ros2-11] [bt_navigator-5] [WARN] [1785152948.935982484] [BehaviorTreeEngine]: Behavior Tree tick rate 100.00 was exceeded!
[ros2-11] [bt_navigator-5] [ERROR] [1785152949.037023364] [transformPoseInTargetFrame]: Extrapolation Error looking up target frame: Lookup would require extrapolation into the past.  Requested time 13.943000 but the earliest data is at time 58.289000, when looking up transform from frame [robot3/base_link] to frame [map]
[ros2-11] [bt_navigator-5] 
[ros2-11] [bt_navigator-5] [WARN] [1785152949.037141572] [BehaviorTreeEngine]: Behavior Tree tick rate 100.00 was exceeded!
[ros2-11] [bt_navigator-5] [ERROR] [1785152949.138179883] [transformPoseInTargetFrame]: Extrapolation Error looking up target frame: Lookup would require extrapolation into the past.  Requested time 13.943000 but the earliest data is at time 58.389000, when looking up transform from frame [robot3/base_link] to frame [map]
[ros2-11] [bt_navigator-5] 
[ros2-11] [bt_navigator-5] [WARN] [1785152949.138299633] [BehaviorTreeEngine]: Behavior Tree tick rate 100.00 was exceeded!
[ros2-11] [bt_navigator-5] [ERROR] [1785152949.239355958] [transformPoseInTargetFrame]: Extrapolation Error looking up target frame: Lookup would require extrapolation into the past.  Requested time 13.943000 but the earliest data is at time 58.489000, when looking up transform from frame [robot3/base_link] to frame [map]
[ros2-11] [bt_navigator-5] 
[ros2-11] [bt_navigator-5] [WARN] [1785152949.239511747] [BehaviorTreeEngine]: Behavior Tree tick rate 100.00 was exceeded!
[ros2-11] [bt_navigator-5] [ERROR] [1785152949.340479381] [transformPoseInTargetFrame]: Extrapolation Error looking up target frame: Lookup would require extrapolation into the past.  Requested time 13.943000 but the earliest data is at time 58.589000, when looking up transform from frame [robot3/base_link] to frame [map]
[ros2-11] [bt_navigator-5] 
[ros2-11] [bt_navigator-5] [WARN] [1785152949.340675513] [BehaviorTreeEngine]: Behavior Tree tick rate 100.00 was exceeded!
[ros2-11] [bt_navigator-5] [ERROR] [1785152949.441762805] [transformPoseInTargetFrame]: Extrapolation Error looking up target frame: Lookup would require extrapolation into the past.  Requested time 13.943000 but the earliest data is at time 58.689000, when looking up transform from frame [robot3/base_link] to frame [map]
[ros2-11] [bt_navigator-5] 
[ros2-11] [bt_navigator-5] [WARN] [1785152949.441898979] [BehaviorTreeEngine]: Behavior Tree tick rate 100.00 was exceeded!
[ros2-11] [bt_navigator-5] [ERROR] [1785152949.542947507] [transformPoseInTargetFrame]: Extrapolation Error looking up target frame: Lookup would require extrapolation into the past.  Requested time 13.943000 but the earliest data is at time 58.789000, when looking up transform from frame [robot3/base_link] to frame [map]
[ros2-11] [bt_navigator-5] 
[ros2-11] [bt_navigator-5] [WARN] [1785152949.543079948] [BehaviorTreeEngine]: Behavior Tree tick rate 100.00 was exceeded!
[ros2-11] [bt_navigator-5] [ERROR] [1785152949.634062123] [transformPoseInTargetFrame]: Extrapolation Error looking up target frame: Lookup would require extrapolation into the past.  Requested time 13.943000 but the earliest data is at time 58.891000, when looking up transform from frame [robot3/base_link] to frame [map]
[ros2-11] [bt_navigator-5] 
[ros2-11] [bt_navigator-5] [WARN] [1785152949.634221036] [BehaviorTreeEngine]: Behavior Tree tick rate 100.00 was exceeded!
[ros2-11] [bt_navigator-5] [ERROR] [1785152949.735201700] [transformPoseInTargetFrame]: Extrapolation Error looking up target frame: Lookup would require extrapolation into the past.  Requested time 13.943000 but the earliest data is at time 58.891000, when looking up transform from frame [robot3/base_link] to frame [map]
[ros2-11] [bt_navigator-5] 
[ros2-11] [bt_navigator-5] [WARN] [1785152949.735331692] [BehaviorTreeEngine]: Behavior Tree tick rate 100.00 was exceeded!
[ros2-11] [bt_navigator-5] [ERROR] [1785152949.836459334] [transformPoseInTargetFrame]: Extrapolation Error looking up target frame: Lookup would require extrapolation into the past.  Requested time 13.943000 but the earliest data is at time 58.991000, when looking up transform from frame [robot3/base_link] to frame [map]
[ros2-11] [bt_navigator-5] 
[ros2-11] [bt_navigator-5] [WARN] [1785152949.836575565] [BehaviorTreeEngine]: Behavior Tree tick rate 100.00 was exceeded!
[ros2-11] [planner_server-3] [ERROR] [1785152949.837573146] [transformPoseInTargetFrame]: Extrapolation Error looking up target frame: Lookup would require extrapolation into the past.  Requested time 13.943000 but the earliest data is at time 58.991000, when looking up transform from frame [robot3/base_link] to frame [map]
[ros2-11] [planner_server-3] 
[ros2-11] [planner_server-3] [INFO] [1785152949.933500898] [robot3.global_costmap.global_costmap]: Message Filter dropping message: frame 'robot3/laser_frame' at time 68.945 for reason 'the timestamp on the message is earlier than all the data in the transform cache'
[ros2-11] [bt_navigator-5] [ERROR] [1785152949.937668227] [transformPoseInTargetFrame]: Extrapolation Error looking up target frame: Lookup would require extrapolation into the past.  Requested time 13.943000 but the earliest data is at time 59.091000, when looking up transform from frame [robot3/base_link] to frame [map]
[ros2-11] [bt_navigator-5] 
[ros2-11] [bt_navigator-5] [WARN] [1785152949.937956425] [BehaviorTreeEngine]: Behavior Tree tick rate 100.00 was exceeded!
[ros2-11] [bt_navigator-5] [ERROR] [1785152950.039017827] [transformPoseInTargetFrame]: Extrapolation Error looking up target frame: Lookup would require extrapolation into the past.  Requested time 13.943000 but the earliest data is at time 59.191000, when looking up transform from frame [robot3/base_link] to frame [map]
[ros2-11] [bt_navigator-5] 
[ros2-11] [bt_navigator-5] [WARN] [1785152950.039168249] [BehaviorTreeEngine]: Behavior Tree tick rate 100.00 was exceeded!
[ros2-11] [bt_navigator-5] [ERROR] [1785152950.140170428] [transformPoseInTargetFrame]: Extrapolation Error looking up target frame: Lookup would require extrapolation into the past.  Requested time 13.943000 but the earliest data is at time 59.291000, when looking up transform from frame [robot3/base_link] to frame [map]
[ros2-11] [bt_navigator-5] 
[ros2-11] [bt_navigator-5] [WARN] [1785152950.140281243] [BehaviorTreeEngine]: Behavior Tree tick rate 100.00 was exceeded!
[ros2-11] [bt_navigator-5] [ERROR] [1785152950.241295756] [transformPoseInTargetFrame]: Extrapolation Error looking up target frame: Lookup would require extrapolation into the past.  Requested time 13.943000 but the earliest data is at time 59.391000, when looking up transform from frame [robot3/base_link] to frame [map]
[ros2-11] [bt_navigator-5] 
[ros2-11] [bt_navigator-5] [WARN] [1785152950.241484164] [BehaviorTreeEngine]: Behavior Tree tick rate 100.00 was exceeded!
[ros2-11] [bt_navigator-5] [ERROR] [1785152950.342454963] [transformPoseInTargetFrame]: Extrapolation Error looking up target frame: Lookup would require extrapolation into the past.  Requested time 13.943000 but the earliest data is at time 59.491000, when looking up transform from frame [robot3/base_link] to frame [map]
[ros2-11] [bt_navigator-5] 
[ros2-11] [bt_navigator-5] [WARN] [1785152950.342564537] [BehaviorTreeEngine]: Behavior Tree tick rate 100.00 was exceeded!
[ros2-11] [bt_navigator-5] [ERROR] [1785152950.443592726] [transformPoseInTargetFrame]: Extrapolation Error looking up target frame: Lookup would require extrapolation into the past.  Requested time 13.943000 but the earliest data is at time 59.591000, when looking up transform from frame [robot3/base_link] to frame [map]
[ros2-11] [bt_navigator-5] 
[ros2-11] [bt_navigator-5] [WARN] [1785152950.443726692] [BehaviorTreeEngine]: Behavior Tree tick rate 100.00 was exceeded!
[ros2-11] [bt_navigator-5] [ERROR] [1785152950.544802148] [transformPoseInTargetFrame]: Extrapolation Error looking up target frame: Lookup would require extrapolation into the past.  Requested time 13.943000 but the earliest data is at time 59.691000, when looking up transform from frame [robot3/base_link] to frame [map]
[ros2-11] [bt_navigator-5] 
[ros2-11] [bt_navigator-5] [WARN] [1785152950.544972656] [BehaviorTreeEngine]: Behavior Tree tick rate 100.00 was exceeded!
[ros2-11] [bt_navigator-5] [ERROR] [1785152950.635935085] [transformPoseInTargetFrame]: Extrapolation Error looking up target frame: Lookup would require extrapolation into the past.  Requested time 13.943000 but the earliest data is at time 59.791000, when looking up transform from frame [robot3/base_link] to frame [map]
[ros2-11] [bt_navigator-5] 
[ros2-11] [bt_navigator-5] [WARN] [1785152950.636050928] [BehaviorTreeEngine]: Behavior Tree tick rate 100.00 was exceeded!
[ros2-11] [bt_navigator-5] [ERROR] [1785152950.737030723] [transformPoseInTargetFrame]: Extrapolation Error looking up target frame: Lookup would require extrapolation into the past.  Requested time 13.943000 but the earliest data is at time 59.891000, when looking up transform from frame [robot3/base_link] to frame [map]
[ros2-11] [bt_navigator-5] 
[ros2-11] [bt_navigator-5] [WARN] [1785152950.737272057] [BehaviorTreeEngine]: Behavior Tree tick rate 100.00 was exceeded!
[ros2-11] [planner_server-3] [ERROR] [1785152950.837521597] [transformPoseInTargetFrame]: Extrapolation Error looking up target frame: Lookup would require extrapolation into the past.  Requested time 13.943000 but the earliest data is at time 59.991000, when looking up transform from frame [robot3/base_link] to frame [map]
[ros2-11] [planner_server-3] 
[ros2-11] [bt_navigator-5] [ERROR] [1785152950.838285366] [transformPoseInTargetFrame]: Extrapolation Error looking up target frame: Lookup would require extrapolation into the past.  Requested time 13.943000 but the earliest data is at time 59.991000, when looking up transform from frame [robot3/base_link] to frame [map]
[ros2-11] [bt_navigator-5] 
[ros2-11] [bt_navigator-5] [WARN] [1785152950.838413397] [BehaviorTreeEngine]: Behavior Tree tick rate 100.00 was exceeded!
[ros2-11] [bt_navigator-5] [ERROR] [1785152950.939392144] [transformPoseInTargetFrame]: Extrapolation Error looking up target frame: Lookup would require extrapolation into the past.  Requested time 13.943000 but the earliest data is at time 60.091000, when looking up transform from frame [robot3/base_link] to frame [map]
[ros2-11] [bt_navigator-5] 
[ros2-11] [bt_navigator-5] [WARN] [1785152950.939499175] [BehaviorTreeEngine]: Behavior Tree tick rate 100.00 was exceeded!
[ros2-11] [bt_navigator-5] [ERROR] [1785152951.040764185] [transformPoseInTargetFrame]: Extrapolation Error looking up target frame: Lookup would require extrapolation into the past.  Requested time 13.943000 but the earliest data is at time 60.191000, when looking up transform from frame [robot3/base_link] to frame [map]
[ros2-11] [bt_navigator-5] 
[ros2-11] [bt_navigator-5] [WARN] [1785152951.040896310] [BehaviorTreeEngine]: Behavior Tree tick rate 100.00 was exceeded!
[ros2-11] [bt_navigator-5] [ERROR] [1785152951.141858596] [transformPoseInTargetFrame]: Extrapolation Error looking up target frame: Lookup would require extrapolation into the past.  Requested time 13.943000 but the earliest data is at time 60.291000, when looking up transform from frame [robot3/base_link] to frame [map]
[ros2-11] [bt_navigator-5] 
[ros2-11] [bt_navigator-5] [WARN] [1785152951.141960677] [BehaviorTreeEngine]: Behavior Tree tick rate 100.00 was exceeded!
[ros2-11] [bt_navigator-5] [ERROR] [1785152951.242990665] [transformPoseInTargetFrame]: Extrapolation Error looking up target frame: Lookup would require extrapolation into the past.  Requested time 13.943000 but the earliest data is at time 60.391000, when looking up transform from frame [robot3/base_link] to frame [map]
[ros2-11] [bt_navigator-5] 
[ros2-11] [bt_navigator-5] [WARN] [1785152951.243171645] [BehaviorTreeEngine]: Behavior Tree tick rate 100.00 was exceeded!
[ros2-11] [bt_navigator-5] [ERROR] [1785152951.344153302] [transformPoseInTargetFrame]: Extrapolation Error looking up target frame: Lookup would require extrapolation into the past.  Requested time 13.943000 but the earliest data is at time 60.491000, when looking up transform from frame [robot3/base_link] to frame [map]
[ros2-11] [bt_navigator-5] 
[ros2-11] [bt_navigator-5] [WARN] [1785152951.344277640] [BehaviorTreeEngine]: Behavior Tree tick rate 100.00 was exceeded!
[ros2-11] [bt_navigator-5] [ERROR] [1785152951.445285370] [transformPoseInTargetFrame]: Extrapolation Error looking up target frame: Lookup would require extrapolation into the past.  Requested time 13.943000 but the earliest data is at time 60.591000, when looking up transform from frame [robot3/base_link] to frame [map]
[ros2-11] [bt_navigator-5] 
[ros2-11] [bt_navigator-5] [WARN] [1785152951.445418854] [BehaviorTreeEngine]: Behavior Tree tick rate 100.00 was exceeded!
[ros2-11] [bt_navigator-5] [ERROR] [1785152951.536949949] [transformPoseInTargetFrame]: Extrapolation Error looking up target frame: Lookup would require extrapolation into the past.  Requested time 13.943000 but the earliest data is at time 60.691000, when looking up transform from frame [robot3/base_link] to frame [map]
[ros2-11] [bt_navigator-5] 
[ros2-11] [bt_navigator-5] [WARN] [1785152951.537077168] [BehaviorTreeEngine]: Behavior Tree tick rate 100.00 was exceeded!
[ros2-11] [bt_navigator-5] [ERROR] [1785152951.638093706] [transformPoseInTargetFrame]: Extrapolation Error looking up target frame: Lookup would require extrapolation into the past.  Requested time 13.943000 but the earliest data is at time 60.791000, when looking up transform from frame [robot3/base_link] to frame [map]
[ros2-11] [bt_navigator-5] 
[ros2-11] [bt_navigator-5] [WARN] [1785152951.638196660] [BehaviorTreeEngine]: Behavior Tree tick rate 100.00 was exceeded!
[ros2-11] [bt_navigator-5] [ERROR] [1785152951.739141441] [transformPoseInTargetFrame]: Extrapolation Error looking up target frame: Lookup would require extrapolation into the past.  Requested time 13.943000 but the earliest data is at time 60.891000, when looking up transform from frame [robot3/base_link] to frame [map]
[ros2-11] [bt_navigator-5] 
[ros2-11] [bt_navigator-5] [WARN] [1785152951.739256377] [BehaviorTreeEngine]: Behavior Tree tick rate 100.00 was exceeded!
[ros2-11] [planner_server-3] [ERROR] [1785152951.837553297] [transformPoseInTargetFrame]: Extrapolation Error looking up target frame: Lookup would require extrapolation into the past.  Requested time 13.943000 but the earliest data is at time 60.991000, when looking up transform from frame [robot3/base_link] to frame [map]
[ros2-11] [planner_server-3] 
[ros2-11] [bt_navigator-5] [ERROR] [1785152951.840287944] [transformPoseInTargetFrame]: Extrapolation Error looking up target frame: Lookup would require extrapolation into the past.  Requested time 13.943000 but the earliest data is at time 60.991000, when looking up transform from frame [robot3/base_link] to frame [map]
[ros2-11] [bt_navigator-5] 
[ros2-11] [bt_navigator-5] [WARN] [1785152951.840470253] [BehaviorTreeEngine]: Behavior Tree tick rate 100.00 was exceeded!
[ros2-11] [bt_navigator-5] [ERROR] [1785152951.941568226] [transformPoseInTargetFrame]: Extrapolation Error looking up target frame: Lookup would require extrapolation into the past.  Requested time 13.943000 but the earliest data is at time 61.091000, when looking up transform from frame [robot3/base_link] to frame [map]
[ros2-11] [bt_navigator-5] 
[ros2-11] [bt_navigator-5] [WARN] [1785152951.941703378] [BehaviorTreeEngine]: Behavior Tree tick rate 100.00 was exceeded!
[ros2-11] [bt_navigator-5] [ERROR] [1785152952.042657395] [transformPoseInTargetFrame]: Extrapolation Error looking up target frame: Lookup would require extrapolation into the past.  Requested time 13.943000 but the earliest data is at time 61.191000, when looking up transform from frame [robot3/base_link] to frame [map]
[ros2-11] [bt_navigator-5] 
[ros2-11] [bt_navigator-5] [WARN] [1785152952.042797965] [BehaviorTreeEngine]: Behavior Tree tick rate 100.00 was exceeded!
[ros2-11] [bt_navigator-5] [ERROR] [1785152952.143839251] [transformPoseInTargetFrame]: Extrapolation Error looking up target frame: Lookup would require extrapolation into the past.  Requested time 13.943000 but the earliest data is at time 61.291000, when looking up transform from frame [robot3/base_link] to frame [map]
[ros2-11] [bt_navigator-5] 
[ros2-11] [bt_navigator-5] [WARN] [1785152952.143968923] [BehaviorTreeEngine]: Behavior Tree tick rate 100.00 was exceeded!
[ros2-11] [bt_navigator-5] [ERROR] [1785152952.244946753] [transformPoseInTargetFrame]: Extrapolation Error looking up target frame: Lookup would require extrapolation into the past.  Requested time 13.943000 but the earliest data is at time 61.391000, when looking up transform from frame [robot3/base_link] to frame [map]
[ros2-11] [bt_navigator-5] 
[ros2-11] [bt_navigator-5] [WARN] [1785152952.245071135] [BehaviorTreeEngine]: Behavior Tree tick rate 100.00 was exceeded!
[ros2-11] [bt_navigator-5] [ERROR] [1785152952.346122463] [transformPoseInTargetFrame]: Extrapolation Error looking up target frame: Lookup would require extrapolation into the past.  Requested time 13.943000 but the earliest data is at time 61.491000, when looking up transform from frame [robot3/base_link] to frame [map]
[ros2-11] [bt_navigator-5] 
[ros2-11] [bt_navigator-5] [WARN] [1785152952.346398337] [BehaviorTreeEngine]: Behavior Tree tick rate 100.00 was exceeded!
[ros2-11] [planner_server-3] [INFO] [1785152952.437700011] [robot3.global_costmap.global_costmap]: Message Filter dropping message: frame 'robot3/laser_frame' at time 71.445 for reason 'the timestamp on the message is earlier than all the data in the transform cache'
[ros2-11] [bt_navigator-5] [ERROR] [1785152952.447694507] [transformPoseInTargetFrame]: Extrapolation Error looking up target frame: Lookup would require extrapolation into the past.  Requested time 13.943000 but the earliest data is at time 61.591000, when looking up transform from frame [robot3/base_link] to frame [map]
[ros2-11] [bt_navigator-5] 
[ros2-11] [bt_navigator-5] [WARN] [1785152952.448017876] [BehaviorTreeEngine]: Behavior Tree tick rate 100.00 was exceeded!
[ros2-11] [bt_navigator-5] [ERROR] [1785152952.539107019] [transformPoseInTargetFrame]: Extrapolation Error looking up target frame: Lookup would require extrapolation into the past.  Requested time 13.943000 but the earliest data is at time 61.691000, when looking up transform from frame [robot3/base_link] to frame [map]
[ros2-11] [bt_navigator-5] 
[ros2-11] [bt_navigator-5] [WARN] [1785152952.539236362] [BehaviorTreeEngine]: Behavior Tree tick rate 100.00 was exceeded!
[ros2-11] [bt_navigator-5] [ERROR] [1785152952.652683660] [transformPoseInTargetFrame]: Extrapolation Error looking up target frame: Lookup would require extrapolation into the past.  Requested time 13.943000 but the earliest data is at time 61.791000, when looking up transform from frame [robot3/base_link] to frame [map]
[ros2-11] [bt_navigator-5] 
[ros2-11] [bt_navigator-5] [WARN] [1785152952.653648797] [BehaviorTreeEngine]: Behavior Tree tick rate 100.00 was exceeded!
[ros2-11] [bt_navigator-5] [ERROR] [1785152952.744795332] [transformPoseInTargetFrame]: Extrapolation Error looking up target frame: Lookup would require extrapolation into the past.  Requested time 13.943000 but the earliest data is at time 61.891000, when looking up transform from frame [robot3/base_link] to frame [map]
[ros2-11] [bt_navigator-5] 
[ros2-11] [bt_navigator-5] [WARN] [1785152952.744898177] [BehaviorTreeEngine]: Behavior Tree tick rate 100.00 was exceeded!
[ros2-11] [bt_navigator-5] [ERROR] [1785152952.845894624] [transformPoseInTargetFrame]: Extrapolation Error looking up target frame: Lookup would require extrapolation into the past.  Requested time 13.943000 but the earliest data is at time 61.991000, when looking up transform from frame [robot3/base_link] to frame [map]
[ros2-11] [bt_navigator-5] 
[ros2-11] [bt_navigator-5] [WARN] [1785152952.846023491] [BehaviorTreeEngine]: Behavior Tree tick rate 100.00 was exceeded!
[ros2-11] [planner_server-3] [ERROR] [1785152952.848028745] [transformPoseInTargetFrame]: Extrapolation Error looking up target frame: Lookup would require extrapolation into the past.  Requested time 13.943000 but the earliest data is at time 61.991000, when looking up transform from frame [robot3/base_link] to frame [map]
[ros2-11] [planner_server-3] 
[ros2-11] [bt_navigator-5] [ERROR] [1785152952.947012491] [transformPoseInTargetFrame]: Extrapolation Error looking up target frame: Lookup would require extrapolation into the past.  Requested time 13.943000 but the earliest data is at time 62.091000, when looking up transform from frame [robot3/base_link] to frame [map]
[ros2-11] [bt_navigator-5] 
[ros2-11] [bt_navigator-5] [WARN] [1785152952.947144409] [BehaviorTreeEngine]: Behavior Tree tick rate 100.00 was exceeded!
[ros2-11] [bt_navigator-5] [ERROR] [1785152953.048299352] [transformPoseInTargetFrame]: Extrapolation Error looking up target frame: Lookup would require extrapolation into the past.  Requested time 13.943000 but the earliest data is at time 62.191000, when looking up transform from frame [robot3/base_link] to frame [map]
[ros2-11] [bt_navigator-5] 
[ros2-11] [bt_navigator-5] [WARN] [1785152953.048509880] [BehaviorTreeEngine]: Behavior Tree tick rate 100.00 was exceeded!
[ros2-11] [bt_navigator-5] [ERROR] [1785152953.139519561] [transformPoseInTargetFrame]: Extrapolation Error looking up target frame: Lookup would require extrapolation into the past.  Requested time 13.943000 but the earliest data is at time 62.291000, when looking up transform from frame [robot3/base_link] to frame [map]
[ros2-11] [bt_navigator-5] 
[ros2-11] [bt_navigator-5] [WARN] [1785152953.139755259] [BehaviorTreeEngine]: Behavior Tree tick rate 100.00 was exceeded!
[ros2-11] [bt_navigator-5] [ERROR] [1785152953.240725541] [transformPoseInTargetFrame]: Extrapolation Error looking up target frame: Lookup would require extrapolation into the past.  Requested time 13.943000 but the earliest data is at time 62.391000, when looking up transform from frame [robot3/base_link] to frame [map]
[ros2-11] [bt_navigator-5] 
[ros2-11] [bt_navigator-5] [WARN] [1785152953.240829866] [BehaviorTreeEngine]: Behavior Tree tick rate 100.00 was exceeded!
[ros2-11] [bt_navigator-5] [ERROR] [1785152953.341862267] [transformPoseInTargetFrame]: Extrapolation Error looking up target frame: Lookup would require extrapolation into the past.  Requested time 13.943000 but the earliest data is at time 62.491000, when looking up transform from frame [robot3/base_link] to frame [map]
[ros2-11] [bt_navigator-5] 
[ros2-11] [bt_navigator-5] [WARN] [1785152953.342014694] [BehaviorTreeEngine]: Behavior Tree tick rate 100.00 was exceeded!
[ros2-11] [bt_navigator-5] [ERROR] [1785152953.442983419] [transformPoseInTargetFrame]: Extrapolation Error looking up target frame: Lookup would require extrapolation into the past.  Requested time 13.943000 but the earliest data is at time 62.591000, when looking up transform from frame [robot3/base_link] to frame [map]
[ros2-11] [bt_navigator-5] 
[ros2-11] [bt_navigator-5] [WARN] [1785152953.443095350] [BehaviorTreeEngine]: Behavior Tree tick rate 100.00 was exceeded!
[ros2-11] [bt_navigator-5] [ERROR] [1785152953.544034509] [transformPoseInTargetFrame]: Extrapolation Error looking up target frame: Lookup would require extrapolation into the past.  Requested time 13.943000 but the earliest data is at time 62.691000, when looking up transform from frame [robot3/base_link] to frame [map]
[ros2-11] [bt_navigator-5] 
[ros2-11] [bt_navigator-5] [WARN] [1785152953.544165864] [BehaviorTreeEngine]: Behavior Tree tick rate 100.00 was exceeded!
[ros2-11] [bt_navigator-5] [ERROR] [1785152953.645211886] [transformPoseInTargetFrame]: Extrapolation Error looking up target frame: Lookup would require extrapolation into the past.  Requested time 13.943000 but the earliest data is at time 62.791000, when looking up transform from frame [robot3/base_link] to frame [map]
[ros2-11] [bt_navigator-5] 
[ros2-11] [bt_navigator-5] [WARN] [1785152953.645373608] [BehaviorTreeEngine]: Behavior Tree tick rate 100.00 was exceeded!
[ros2-11] [bt_navigator-5] [ERROR] [1785152953.746386695] [transformPoseInTargetFrame]: Extrapolation Error looking up target frame: Lookup would require extrapolation into the past.  Requested time 13.943000 but the earliest data is at time 62.891000, when looking up transform from frame [robot3/base_link] to frame [map]
[ros2-11] [bt_navigator-5] 
[ros2-11] [bt_navigator-5] [WARN] [1785152953.746512078] [BehaviorTreeEngine]: Behavior Tree tick rate 100.00 was exceeded!
[ros2-11] [bt_navigator-5] [ERROR] [1785152953.847535563] [transformPoseInTargetFrame]: Extrapolation Error looking up target frame: Lookup would require extrapolation into the past.  Requested time 13.943000 but the earliest data is at time 62.991000, when looking up transform from frame [robot3/base_link] to frame [map]
[ros2-11] [bt_navigator-5] 
[ros2-11] [planner_server-3] [ERROR] [1785152953.847535529] [transformPoseInTargetFrame]: Extrapolation Error looking up target frame: Lookup would require extrapolation into the past.  Requested time 13.943000 but the earliest data is at time 62.991000, when looking up transform from frame [robot3/base_link] to frame [map]
[ros2-11] [planner_server-3] 
[ros2-11] [bt_navigator-5] [WARN] [1785152953.847668500] [BehaviorTreeEngine]: Behavior Tree tick rate 100.00 was exceeded!
[ros2-11] [bt_navigator-5] [ERROR] [1785152953.948680425] [transformPoseInTargetFrame]: Extrapolation Error looking up target frame: Lookup would require extrapolation into the past.  Requested time 13.943000 but the earliest data is at time 63.091000, when looking up transform from frame [robot3/base_link] to frame [map]
[ros2-11] [bt_navigator-5] 
[ros2-11] [bt_navigator-5] [WARN] [1785152953.948806066] [BehaviorTreeEngine]: Behavior Tree tick rate 100.00 was exceeded!
[ros2-11] [bt_navigator-5] [ERROR] [1785152954.039766597] [transformPoseInTargetFrame]: Extrapolation Error looking up target frame: Lookup would require extrapolation into the past.  Requested time 13.943000 but the earliest data is at time 63.091000, when looking up transform from frame [robot3/base_link] to frame [map]
[ros2-11] [bt_navigator-5] 
[ros2-11] [bt_navigator-5] [WARN] [1785152954.039968174] [BehaviorTreeEngine]: Behavior Tree tick rate 100.00 was exceeded!
[ros2-11] [bt_navigator-5] [ERROR] [1785152954.141141167] [transformPoseInTargetFrame]: Extrapolation Error looking up target frame: Lookup would require extrapolation into the past.  Requested time 13.943000 but the earliest data is at time 63.291000, when looking up transform from frame [robot3/base_link] to frame [map]
[ros2-11] [bt_navigator-5] 
[ros2-11] [bt_navigator-5] [WARN] [1785152954.141272434] [BehaviorTreeEngine]: Behavior Tree tick rate 100.00 was exceeded!
[ros2-11] [bt_navigator-5] [ERROR] [1785152954.242268309] [transformPoseInTargetFrame]: Extrapolation Error looking up target frame: Lookup would require extrapolation into the past.  Requested time 13.943000 but the earliest data is at time 63.391000, when looking up transform from frame [robot3/base_link] to frame [map]
[ros2-11] [bt_navigator-5] 
[ros2-11] [bt_navigator-5] [WARN] [1785152954.242407073] [BehaviorTreeEngine]: Behavior Tree tick rate 100.00 was exceeded!
[ros2-11] [bt_navigator-5] [ERROR] [1785152954.343530334] [transformPoseInTargetFrame]: Extrapolation Error looking up target frame: Lookup would require extrapolation into the past.  Requested time 13.943000 but the earliest data is at time 63.491000, when looking up transform from frame [robot3/base_link] to frame [map]
[ros2-11] [bt_navigator-5] 
[ros2-11] [bt_navigator-5] [WARN] [1785152954.343647891] [BehaviorTreeEngine]: Behavior Tree tick rate 100.00 was exceeded!
[ros2-11] [bt_navigator-5] [ERROR] [1785152954.444622433] [transformPoseInTargetFrame]: Extrapolation Error looking up target frame: Lookup would require extrapolation into the past.  Requested time 13.943000 but the earliest data is at time 63.591000, when looking up transform from frame [robot3/base_link] to frame [map]
[ros2-11] [bt_navigator-5] 
[ros2-11] [bt_navigator-5] [WARN] [1785152954.444759661] [BehaviorTreeEngine]: Behavior Tree tick rate 100.00 was exceeded!
[ros2-11] [bt_navigator-5] [ERROR] [1785152954.545740264] [transformPoseInTargetFrame]: Extrapolation Error looking up target frame: Lookup would require extrapolation into the past.  Requested time 13.943000 but the earliest data is at time 63.691000, when looking up transform from frame [robot3/base_link] to frame [map]
[ros2-11] [bt_navigator-5] 
[ros2-11] [bt_navigator-5] [WARN] [1785152954.545950602] [BehaviorTreeEngine]: Behavior Tree tick rate 100.00 was exceeded!
[ros2-11] [bt_navigator-5] [ERROR] [1785152954.647015365] [transformPoseInTargetFrame]: Extrapolation Error looking up target frame: Lookup would require extrapolation into the past.  Requested time 13.943000 but the earliest data is at time 63.791000, when looking up transform from frame [robot3/base_link] to frame [map]
[ros2-11] [bt_navigator-5] 
[ros2-11] [bt_navigator-5] [WARN] [1785152954.647141124] [BehaviorTreeEngine]: Behavior Tree tick rate 100.00 was exceeded!
[ros2-11] [bt_navigator-5] [ERROR] [1785152954.748122412] [transformPoseInTargetFrame]: Extrapolation Error looking up target frame: Lookup would require extrapolation into the past.  Requested time 13.943000 but the earliest data is at time 63.891000, when looking up transform from frame [robot3/base_link] to frame [map]
[ros2-11] [bt_navigator-5] 
[ros2-11] [bt_navigator-5] [WARN] [1785152954.748248909] [BehaviorTreeEngine]: Behavior Tree tick rate 100.00 was exceeded!
[ros2-11] [planner_server-3] [ERROR] [1785152954.847533095] [transformPoseInTargetFrame]: Extrapolation Error looking up target frame: Lookup would require extrapolation into the past.  Requested time 13.943000 but the earliest data is at time 63.991000, when looking up transform from frame [robot3/base_link] to frame [map]
[ros2-11] [planner_server-3] 
[ros2-11] [bt_navigator-5] [ERROR] [1785152954.849182407] [transformPoseInTargetFrame]: Extrapolation Error looking up target frame: Lookup would require extrapolation into the past.  Requested time 13.943000 but the earliest data is at time 63.991000, when looking up transform from frame [robot3/base_link] to frame [map]
[ros2-11] [bt_navigator-5] 
[ros2-11] [bt_navigator-5] [WARN] [1785152954.849286662] [BehaviorTreeEngine]: Behavior Tree tick rate 100.00 was exceeded!
[ros2-11] [planner_server-3] [INFO] [1785152954.941191843] [robot3.global_costmap.global_costmap]: Message Filter dropping message: frame 'robot3/laser_frame' at time 73.945 for reason 'the timestamp on the message is earlier than all the data in the transform cache'
[ros2-11] [bt_navigator-5] [ERROR] [1785152954.950295146] [transformPoseInTargetFrame]: Extrapolation Error looking up target frame: Lookup would require extrapolation into the past.  Requested time 13.943000 but the earliest data is at time 64.091000, when looking up transform from frame [robot3/base_link] to frame [map]
[ros2-11] [bt_navigator-5] 
[ros2-11] [bt_navigator-5] [WARN] [1785152954.950500306] [BehaviorTreeEngine]: Behavior Tree tick rate 100.00 was exceeded!
[ros2-11] [bt_navigator-5] [ERROR] [1785152955.042183177] [transformPoseInTargetFrame]: Extrapolation Error looking up target frame: Lookup would require extrapolation into the past.  Requested time 13.943000 but the earliest data is at time 64.091000, when looking up transform from frame [robot3/base_link] to frame [map]
[ros2-11] [bt_navigator-5] 
[ros2-11] [bt_navigator-5] [WARN] [1785152955.042386737] [BehaviorTreeEngine]: Behavior Tree tick rate 100.00 was exceeded!
[ros2-11] [bt_navigator-5] [ERROR] [1785152955.143425410] [transformPoseInTargetFrame]: Extrapolation Error looking up target frame: Lookup would require extrapolation into the past.  Requested time 13.943000 but the earliest data is at time 64.291000, when looking up transform from frame [robot3/base_link] to frame [map]
[ros2-11] [bt_navigator-5] 
[ros2-11] [bt_navigator-5] [WARN] [1785152955.143568501] [BehaviorTreeEngine]: Behavior Tree tick rate 100.00 was exceeded!
[ros2-11] [bt_navigator-5] [ERROR] [1785152955.244530399] [transformPoseInTargetFrame]: Extrapolation Error looking up target frame: Lookup would require extrapolation into the past.  Requested time 13.943000 but the earliest data is at time 64.391000, when looking up transform from frame [robot3/base_link] to frame [map]
[ros2-11] [bt_navigator-5] 
[ros2-11] [bt_navigator-5] [WARN] [1785152955.244630102] [BehaviorTreeEngine]: Behavior Tree tick rate 100.00 was exceeded!
[ros2-11] [bt_navigator-5] [ERROR] [1785152955.345678749] [transformPoseInTargetFrame]: Extrapolation Error looking up target frame: Lookup would require extrapolation into the past.  Requested time 13.943000 but the earliest data is at time 64.491000, when looking up transform from frame [robot3/base_link] to frame [map]
[ros2-11] [bt_navigator-5] 
[ros2-11] [bt_navigator-5] [WARN] [1785152955.345798226] [BehaviorTreeEngine]: Behavior Tree tick rate 100.00 was exceeded!
[ros2-11] [bt_navigator-5] [ERROR] [1785152955.446826392] [transformPoseInTargetFrame]: Extrapolation Error looking up target frame: Lookup would require extrapolation into the past.  Requested time 13.943000 but the earliest data is at time 64.591000, when looking up transform from frame [robot3/base_link] to frame [map]
[ros2-11] [bt_navigator-5] 
[ros2-11] [bt_navigator-5] [WARN] [1785152955.446957312] [BehaviorTreeEngine]: Behavior Tree tick rate 100.00 was exceeded!
[ros2-11] [bt_navigator-5] [ERROR] [1785152955.548011552] [transformPoseInTargetFrame]: Extrapolation Error looking up target frame: Lookup would require extrapolation into the past.  Requested time 13.943000 but the earliest data is at time 64.691000, when looking up transform from frame [robot3/base_link] to frame [map]
[ros2-11] [bt_navigator-5] 
[ros2-11] [bt_navigator-5] [WARN] [1785152955.548218891] [BehaviorTreeEngine]: Behavior Tree tick rate 100.00 was exceeded!
[ros2-11] [bt_navigator-5] [ERROR] [1785152955.649285781] [transformPoseInTargetFrame]: Extrapolation Error looking up target frame: Lookup would require extrapolation into the past.  Requested time 13.943000 but the earliest data is at time 64.791000, when looking up transform from frame [robot3/base_link] to frame [map]
[ros2-11] [bt_navigator-5] 
[ros2-11] [bt_navigator-5] [WARN] [1785152955.649397919] [BehaviorTreeEngine]: Behavior Tree tick rate 100.00 was exceeded!
[ros2-11] [bt_navigator-5] [ERROR] [1785152955.750489374] [transformPoseInTargetFrame]: Extrapolation Error looking up target frame: Lookup would require extrapolation into the past.  Requested time 13.943000 but the earliest data is at time 64.891000, when looking up transform from frame [robot3/base_link] to frame [map]
[ros2-11] [bt_navigator-5] 
[ros2-11] [bt_navigator-5] [WARN] [1785152955.750606535] [BehaviorTreeEngine]: Behavior Tree tick rate 100.00 was exceeded!
[ros2-11] [planner_server-3] [ERROR] [1785152955.847606632] [transformPoseInTargetFrame]: Extrapolation Error looking up target frame: Lookup would require extrapolation into the past.  Requested time 13.943000 but the earliest data is at time 64.991000, when looking up transform from frame [robot3/base_link] to frame [map]
[ros2-11] [planner_server-3] 
[ros2-11] [bt_navigator-5] [ERROR] [1785152955.851675959] [transformPoseInTargetFrame]: Extrapolation Error looking up target frame: Lookup would require extrapolation into the past.  Requested time 13.943000 but the earliest data is at time 64.991000, when looking up transform from frame [robot3/base_link] to frame [map]
[ros2-11] [bt_navigator-5] 
[ros2-11] [bt_navigator-5] [WARN] [1785152955.851824459] [BehaviorTreeEngine]: Behavior Tree tick rate 100.00 was exceeded!
[ros2-11] [bt_navigator-5] [ERROR] [1785152955.942723312] [transformPoseInTargetFrame]: Extrapolation Error looking up target frame: Lookup would require extrapolation into the past.  Requested time 13.943000 but the earliest data is at time 65.091000, when looking up transform from frame [robot3/base_link] to frame [map]
[ros2-11] [bt_navigator-5] 
[ros2-11] [bt_navigator-5] [WARN] [1785152955.942903419] [BehaviorTreeEngine]: Behavior Tree tick rate 100.00 was exceeded!
[ros2-11] [bt_navigator-5] [ERROR] [1785152956.043950458] [transformPoseInTargetFrame]: Extrapolation Error looking up target frame: Lookup would require extrapolation into the past.  Requested time 13.943000 but the earliest data is at time 65.191000, when looking up transform from frame [robot3/base_link] to frame [map]
[ros2-11] [bt_navigator-5] 
[ros2-11] [bt_navigator-5] [WARN] [1785152956.044139375] [BehaviorTreeEngine]: Behavior Tree tick rate 100.00 was exceeded!
[ros2-11] [bt_navigator-5] [ERROR] [1785152956.145226872] [transformPoseInTargetFrame]: Extrapolation Error looking up target frame: Lookup would require extrapolation into the past.  Requested time 13.943000 but the earliest data is at time 65.291000, when looking up transform from frame [robot3/base_link] to frame [map]
[ros2-11] [bt_navigator-5] 
[ros2-11] [bt_navigator-5] [WARN] [1785152956.145409643] [BehaviorTreeEngine]: Behavior Tree tick rate 100.00 was exceeded!
[ros2-11] [bt_navigator-5] [ERROR] [1785152956.246409974] [transformPoseInTargetFrame]: Extrapolation Error looking up target frame: Lookup would require extrapolation into the past.  Requested time 13.943000 but the earliest data is at time 65.391000, when looking up transform from frame [robot3/base_link] to frame [map]
[ros2-11] [bt_navigator-5] 
[ros2-11] [bt_navigator-5] [WARN] [1785152956.246509405] [BehaviorTreeEngine]: Behavior Tree tick rate 100.00 was exceeded!
[ros2-11] [bt_navigator-5] [ERROR] [1785152956.347478604] [transformPoseInTargetFrame]: Extrapolation Error looking up target frame: Lookup would require extrapolation into the past.  Requested time 13.943000 but the earliest data is at time 65.491000, when looking up transform from frame [robot3/base_link] to frame [map]
[ros2-11] [bt_navigator-5] 
[ros2-11] [bt_navigator-5] [WARN] [1785152956.347591986] [BehaviorTreeEngine]: Behavior Tree tick rate 100.00 was exceeded!
[ros2-11] [bt_navigator-5] [ERROR] [1785152956.448662799] [transformPoseInTargetFrame]: Extrapolation Error looking up target frame: Lookup would require extrapolation into the past.  Requested time 13.943000 but the earliest data is at time 65.591000, when looking up transform from frame [robot3/base_link] to frame [map]
[ros2-11] [bt_navigator-5] 
[ros2-11] [bt_navigator-5] [WARN] [1785152956.448764034] [BehaviorTreeEngine]: Behavior Tree tick rate 100.00 was exceeded!
[ros2-11] [bt_navigator-5] [ERROR] [1785152956.549741399] [transformPoseInTargetFrame]: Extrapolation Error looking up target frame: Lookup would require extrapolation into the past.  Requested time 13.943000 but the earliest data is at time 65.691000, when looking up transform from frame [robot3/base_link] to frame [map]
[ros2-11] [bt_navigator-5] 
[ros2-11] [bt_navigator-5] [WARN] [1785152956.549866815] [BehaviorTreeEngine]: Behavior Tree tick rate 100.00 was exceeded!
[ros2-11] [bt_navigator-5] [ERROR] [1785152956.650923361] [transformPoseInTargetFrame]: Extrapolation Error looking up target frame: Lookup would require extrapolation into the past.  Requested time 13.943000 but the earliest data is at time 65.791000, when looking up transform from frame [robot3/base_link] to frame [map]
[ros2-11] [bt_navigator-5] 
[ros2-11] [bt_navigator-5] [WARN] [1785152956.651038336] [BehaviorTreeEngine]: Behavior Tree tick rate 100.00 was exceeded!
[ros2-11] [bt_navigator-5] [ERROR] [1785152956.752044707] [transformPoseInTargetFrame]: Extrapolation Error looking up target frame: Lookup would require extrapolation into the past.  Requested time 13.943000 but the earliest data is at time 65.891000, when looking up transform from frame [robot3/base_link] to frame [map]
[ros2-11] [bt_navigator-5] 
[ros2-11] [bt_navigator-5] [WARN] [1785152956.752179316] [BehaviorTreeEngine]: Behavior Tree tick rate 100.00 was exceeded!
[ros2-11] [bt_navigator-5] [ERROR] [1785152956.843133983] [transformPoseInTargetFrame]: Extrapolation Error looking up target frame: Lookup would require extrapolation into the past.  Requested time 13.943000 but the earliest data is at time 65.891000, when looking up transform from frame [robot3/base_link] to frame [map]
[ros2-11] [bt_navigator-5] 
[ros2-11] [bt_navigator-5] [WARN] [1785152956.843274209] [BehaviorTreeEngine]: Behavior Tree tick rate 100.00 was exceeded!
[ros2-11] [planner_server-3] [ERROR] [1785152956.847805331] [transformPoseInTargetFrame]: Extrapolation Error looking up target frame: Lookup would require extrapolation into the past.  Requested time 13.943000 but the earliest data is at time 65.991000, when looking up transform from frame [robot3/base_link] to frame [map]
[ros2-11] [planner_server-3] 
[ros2-11] [bt_navigator-5] [ERROR] [1785152956.944885135] [transformPoseInTargetFrame]: Extrapolation Error looking up target frame: Lookup would require extrapolation into the past.  Requested time 13.943000 but the earliest data is at time 66.091000, when looking up transform from frame [robot3/base_link] to frame [map]
[ros2-11] [bt_navigator-5] 
[ros2-11] [bt_navigator-5] [WARN] [1785152956.945106195] [BehaviorTreeEngine]: Behavior Tree tick rate 100.00 was exceeded!
[ros2-11] [bt_navigator-5] [ERROR] [1785152957.046193225] [transformPoseInTargetFrame]: Extrapolation Error looking up target frame: Lookup would require extrapolation into the past.  Requested time 13.943000 but the earliest data is at time 66.191000, when looking up transform from frame [robot3/base_link] to frame [map]
[ros2-11] [bt_navigator-5] 
[ros2-11] [bt_navigator-5] [WARN] [1785152957.046358935] [BehaviorTreeEngine]: Behavior Tree tick rate 100.00 was exceeded!
[ros2-11] [bt_navigator-5] [ERROR] [1785152957.147328456] [transformPoseInTargetFrame]: Extrapolation Error looking up target frame: Lookup would require extrapolation into the past.  Requested time 13.943000 but the earliest data is at time 66.291000, when looking up transform from frame [robot3/base_link] to frame [map]
[ros2-11] [bt_navigator-5] 
[ros2-11] [bt_navigator-5] [WARN] [1785152957.147432568] [BehaviorTreeEngine]: Behavior Tree tick rate 100.00 was exceeded!
[ros2-11] [bt_navigator-5] [ERROR] [1785152957.248482009] [transformPoseInTargetFrame]: Extrapolation Error looking up target frame: Lookup would require extrapolation into the past.  Requested time 13.943000 but the earliest data is at time 66.391000, when looking up transform from frame [robot3/base_link] to frame [map]
[ros2-11] [bt_navigator-5] 
[ros2-11] [bt_navigator-5] [WARN] [1785152957.248587050] [BehaviorTreeEngine]: Behavior Tree tick rate 100.00 was exceeded!
[ros2-11] [bt_navigator-5] [ERROR] [1785152957.349572927] [transformPoseInTargetFrame]: Extrapolation Error looking up target frame: Lookup would require extrapolation into the past.  Requested time 13.943000 but the earliest data is at time 66.491000, when looking up transform from frame [robot3/base_link] to frame [map]
[ros2-11] [bt_navigator-5] 
[ros2-11] [bt_navigator-5] [WARN] [1785152957.349674547] [BehaviorTreeEngine]: Behavior Tree tick rate 100.00 was exceeded!
[ros2-11] [planner_server-3] [INFO] [1785152957.444538198] [robot3.global_costmap.global_costmap]: Message Filter dropping message: frame 'robot3/laser_frame' at time 76.445 for reason 'the timestamp on the message is earlier than all the data in the transform cache'
[ros2-11] [bt_navigator-5] [ERROR] [1785152957.450728225] [transformPoseInTargetFrame]: Extrapolation Error looking up target frame: Lookup would require extrapolation into the past.  Requested time 13.943000 but the earliest data is at time 66.591000, when looking up transform from frame [robot3/base_link] to frame [map]
[ros2-11] [bt_navigator-5] 
[ros2-11] [bt_navigator-5] [WARN] [1785152957.450902123] [BehaviorTreeEngine]: Behavior Tree tick rate 100.00 was exceeded!
[ros2-11] [bt_navigator-5] [ERROR] [1785152957.552049327] [transformPoseInTargetFrame]: Extrapolation Error looking up target frame: Lookup would require extrapolation into the past.  Requested time 13.943000 but the earliest data is at time 66.691000, when looking up transform from frame [robot3/base_link] to frame [map]
[ros2-11] [bt_navigator-5] 
[ros2-11] [bt_navigator-5] [WARN] [1785152957.552222736] [BehaviorTreeEngine]: Behavior Tree tick rate 100.00 was exceeded!
[ros2-11] [bt_navigator-5] [ERROR] [1785152957.653294266] [transformPoseInTargetFrame]: Extrapolation Error looking up target frame: Lookup would require extrapolation into the past.  Requested time 13.943000 but the earliest data is at time 66.791000, when looking up transform from frame [robot3/base_link] to frame [map]
[ros2-11] [bt_navigator-5] 
[ros2-11] [bt_navigator-5] [WARN] [1785152957.653443205] [BehaviorTreeEngine]: Behavior Tree tick rate 100.00 was exceeded!
[ros2-11] [bt_navigator-5] [ERROR] [1785152957.754458204] [transformPoseInTargetFrame]: Extrapolation Error looking up target frame: Lookup would require extrapolation into the past.  Requested time 13.943000 but the earliest data is at time 66.891000, when looking up transform from frame [robot3/base_link] to frame [map]
[ros2-11] [bt_navigator-5] 
[ros2-11] [bt_navigator-5] [WARN] [1785152957.754579375] [BehaviorTreeEngine]: Behavior Tree tick rate 100.00 was exceeded!
[ros2-11] [bt_navigator-5] [ERROR] [1785152957.845440996] [transformPoseInTargetFrame]: Extrapolation Error looking up target frame: Lookup would require extrapolation into the past.  Requested time 13.943000 but the earliest data is at time 66.991000, when looking up transform from frame [robot3/base_link] to frame [map]
[ros2-11] [bt_navigator-5] 
[ros2-11] [bt_navigator-5] [WARN] [1785152957.845570647] [BehaviorTreeEngine]: Behavior Tree tick rate 100.00 was exceeded!
[ros2-11] [planner_server-3] [ERROR] [1785152957.847693022] [transformPoseInTargetFrame]: Extrapolation Error looking up target frame: Lookup would require extrapolation into the past.  Requested time 13.943000 but the earliest data is at time 66.991000, when looking up transform from frame [robot3/base_link] to frame [map]
[ros2-11] [planner_server-3] 
[ros2-11] [bt_navigator-5] [ERROR] [1785152957.946532886] [transformPoseInTargetFrame]: Extrapolation Error looking up target frame: Lookup would require extrapolation into the past.  Requested time 13.943000 but the earliest data is at time 67.091000, when looking up transform from frame [robot3/base_link] to frame [map]
[ros2-11] [bt_navigator-5] 
[ros2-11] [bt_navigator-5] [WARN] [1785152957.946646233] [BehaviorTreeEngine]: Behavior Tree tick rate 100.00 was exceeded!
[ros2-11] [bt_navigator-5] [ERROR] [1785152958.047678353] [transformPoseInTargetFrame]: Extrapolation Error looking up target frame: Lookup would require extrapolation into the past.  Requested time 13.943000 but the earliest data is at time 67.191000, when looking up transform from frame [robot3/base_link] to frame [map]
[ros2-11] [bt_navigator-5] 
[ros2-11] [bt_navigator-5] [WARN] [1785152958.047972562] [BehaviorTreeEngine]: Behavior Tree tick rate 100.00 was exceeded!
[ros2-11] [bt_navigator-5] [ERROR] [1785152958.149011949] [transformPoseInTargetFrame]: Extrapolation Error looking up target frame: Lookup would require extrapolation into the past.  Requested time 13.943000 but the earliest data is at time 67.291000, when looking up transform from frame [robot3/base_link] to frame [map]
[ros2-11] [bt_navigator-5] 
[ros2-11] [bt_navigator-5] [WARN] [1785152958.149158281] [BehaviorTreeEngine]: Behavior Tree tick rate 100.00 was exceeded!
[ros2-11] [bt_navigator-5] [ERROR] [1785152958.250221188] [transformPoseInTargetFrame]: Extrapolation Error looking up target frame: Lookup would require extrapolation into the past.  Requested time 13.943000 but the earliest data is at time 67.391000, when looking up transform from frame [robot3/base_link] to frame [map]
[ros2-11] [bt_navigator-5] 
[ros2-11] [bt_navigator-5] [WARN] [1785152958.250348970] [BehaviorTreeEngine]: Behavior Tree tick rate 100.00 was exceeded!
[ros2-11] [bt_navigator-5] [ERROR] [1785152958.351433311] [transformPoseInTargetFrame]: Extrapolation Error looking up target frame: Lookup would require extrapolation into the past.  Requested time 13.943000 but the earliest data is at time 67.491000, when looking up transform from frame [robot3/base_link] to frame [map]
[ros2-11] [bt_navigator-5] 
[ros2-11] [bt_navigator-5] [WARN] [1785152958.351552414] [BehaviorTreeEngine]: Behavior Tree tick rate 100.00 was exceeded!
[ros2-11] [bt_navigator-5] [ERROR] [1785152958.452737330] [transformPoseInTargetFrame]: Extrapolation Error looking up target frame: Lookup would require extrapolation into the past.  Requested time 13.943000 but the earliest data is at time 67.591000, when looking up transform from frame [robot3/base_link] to frame [map]
[ros2-11] [bt_navigator-5] 
[ros2-11] [bt_navigator-5] [WARN] [1785152958.452889645] [BehaviorTreeEngine]: Behavior Tree tick rate 100.00 was exceeded!
[ros2-11] [bt_navigator-5] [ERROR] [1785152958.553969323] [transformPoseInTargetFrame]: Extrapolation Error looking up target frame: Lookup would require extrapolation into the past.  Requested time 13.943000 but the earliest data is at time 67.691000, when looking up transform from frame [robot3/base_link] to frame [map]
[ros2-11] [bt_navigator-5] 
[ros2-11] [bt_navigator-5] [WARN] [1785152958.554171805] [BehaviorTreeEngine]: Behavior Tree tick rate 100.00 was exceeded!
[ros2-11] [bt_navigator-5] [ERROR] [1785152958.655317811] [transformPoseInTargetFrame]: Extrapolation Error looking up target frame: Lookup would require extrapolation into the past.  Requested time 13.943000 but the earliest data is at time 67.791000, when looking up transform from frame [robot3/base_link] to frame [map]
[ros2-11] [bt_navigator-5] 
[ros2-11] [bt_navigator-5] [WARN] [1785152958.655436335] [BehaviorTreeEngine]: Behavior Tree tick rate 100.00 was exceeded!
[ros2-11] [bt_navigator-5] [ERROR] [1785152958.746400286] [transformPoseInTargetFrame]: Extrapolation Error looking up target frame: Lookup would require extrapolation into the past.  Requested time 13.943000 but the earliest data is at time 67.891000, when looking up transform from frame [robot3/base_link] to frame [map]
[ros2-11] [bt_navigator-5] 
[ros2-11] [bt_navigator-5] [WARN] [1785152958.746526825] [BehaviorTreeEngine]: Behavior Tree tick rate 100.00 was exceeded!
[ros2-11] [bt_navigator-5] [ERROR] [1785152958.847472483] [transformPoseInTargetFrame]: Extrapolation Error looking up target frame: Lookup would require extrapolation into the past.  Requested time 13.943000 but the earliest data is at time 67.991000, when looking up transform from frame [robot3/base_link] to frame [map]
[ros2-11] [bt_navigator-5] 
[ros2-11] [planner_server-3] [ERROR] [1785152958.847494260] [transformPoseInTargetFrame]: Extrapolation Error looking up target frame: Lookup would require extrapolation into the past.  Requested time 13.943000 but the earliest data is at time 67.991000, when looking up transform from frame [robot3/base_link] to frame [map]
[ros2-11] [planner_server-3] 
[ros2-11] [bt_navigator-5] [WARN] [1785152958.847638047] [BehaviorTreeEngine]: Behavior Tree tick rate 100.00 was exceeded!
[ros2-11] [bt_navigator-5] [ERROR] [1785152958.948752848] [transformPoseInTargetFrame]: Extrapolation Error looking up target frame: Lookup would require extrapolation into the past.  Requested time 13.943000 but the earliest data is at time 68.091000, when looking up transform from frame [robot3/base_link] to frame [map]
[ros2-11] [bt_navigator-5] 
[ros2-11] [bt_navigator-5] [WARN] [1785152958.948879628] [BehaviorTreeEngine]: Behavior Tree tick rate 100.00 was exceeded!
[ros2-11] [bt_navigator-5] [ERROR] [1785152959.049880183] [transformPoseInTargetFrame]: Extrapolation Error looking up target frame: Lookup would require extrapolation into the past.  Requested time 13.943000 but the earliest data is at time 68.191000, when looking up transform from frame [robot3/base_link] to frame [map]
[ros2-11] [bt_navigator-5] 
[ros2-11] [bt_navigator-5] [WARN] [1785152959.050034923] [BehaviorTreeEngine]: Behavior Tree tick rate 100.00 was exceeded!
[ros2-11] [bt_navigator-5] [ERROR] [1785152959.151019433] [transformPoseInTargetFrame]: Extrapolation Error looking up target frame: Lookup would require extrapolation into the past.  Requested time 13.943000 but the earliest data is at time 68.291000, when looking up transform from frame [robot3/base_link] to frame [map]
[ros2-11] [bt_navigator-5] 
[ros2-11] [bt_navigator-5] [WARN] [1785152959.151123759] [BehaviorTreeEngine]: Behavior Tree tick rate 100.00 was exceeded!
[ros2-11] [bt_navigator-5] [ERROR] [1785152959.252164480] [transformPoseInTargetFrame]: Extrapolation Error looking up target frame: Lookup would require extrapolation into the past.  Requested time 13.943000 but the earliest data is at time 68.391000, when looking up transform from frame [robot3/base_link] to frame [map]
[ros2-11] [bt_navigator-5] 
[ros2-11] [bt_navigator-5] [WARN] [1785152959.252280346] [BehaviorTreeEngine]: Behavior Tree tick rate 100.00 was exceeded!
[ros2-11] [bt_navigator-5] [ERROR] [1785152959.353270441] [transformPoseInTargetFrame]: Extrapolation Error looking up target frame: Lookup would require extrapolation into the past.  Requested time 13.943000 but the earliest data is at time 68.491000, when looking up transform from frame [robot3/base_link] to frame [map]
[ros2-11] [bt_navigator-5] 
[ros2-11] [bt_navigator-5] [WARN] [1785152959.353484661] [BehaviorTreeEngine]: Behavior Tree tick rate 100.00 was exceeded!
[ros2-11] [bt_navigator-5] [ERROR] [1785152959.454558756] [transformPoseInTargetFrame]: Extrapolation Error looking up target frame: Lookup would require extrapolation into the past.  Requested time 13.943000 but the earliest data is at time 68.591000, when looking up transform from frame [robot3/base_link] to frame [map]
[ros2-11] [bt_navigator-5] 
[ros2-11] [bt_navigator-5] [WARN] [1785152959.454673665] [BehaviorTreeEngine]: Behavior Tree tick rate 100.00 was exceeded!
[ros2-11] [bt_navigator-5] [ERROR] [1785152959.555683108] [transformPoseInTargetFrame]: Extrapolation Error looking up target frame: Lookup would require extrapolation into the past.  Requested time 13.943000 but the earliest data is at time 68.691000, when looking up transform from frame [robot3/base_link] to frame [map]
[ros2-11] [bt_navigator-5] 
[ros2-11] [bt_navigator-5] [WARN] [1785152959.555836168] [BehaviorTreeEngine]: Behavior Tree tick rate 100.00 was exceeded!
[ros2-11] [bt_navigator-5] [ERROR] [1785152959.656823812] [transformPoseInTargetFrame]: Extrapolation Error looking up target frame: Lookup would require extrapolation into the past.  Requested time 13.943000 but the earliest data is at time 68.791000, when looking up transform from frame [robot3/base_link] to frame [map]
[ros2-11] [bt_navigator-5] 
[ros2-11] [bt_navigator-5] [WARN] [1785152959.656994501] [BehaviorTreeEngine]: Behavior Tree tick rate 100.00 was exceeded!
[ros2-11] [bt_navigator-5] [ERROR] [1785152959.747900945] [transformPoseInTargetFrame]: Extrapolation Error looking up target frame: Lookup would require extrapolation into the past.  Requested time 13.943000 but the earliest data is at time 68.891000, when looking up transform from frame [robot3/base_link] to frame [map]
[ros2-11] [bt_navigator-5] 
[ros2-11] [bt_navigator-5] [WARN] [1785152959.748047357] [BehaviorTreeEngine]: Behavior Tree tick rate 100.00 was exceeded!
[ros2-11] [planner_server-3] [ERROR] [1785152959.847630628] [transformPoseInTargetFrame]: Extrapolation Error looking up target frame: Lookup would require extrapolation into the past.  Requested time 13.943000 but the earliest data is at time 68.891000, when looking up transform from frame [robot3/base_link] to frame [map]
[ros2-11] [planner_server-3] 
[ros2-11] [bt_navigator-5] [ERROR] [1785152959.849019827] [transformPoseInTargetFrame]: Extrapolation Error looking up target frame: Lookup would require extrapolation into the past.  Requested time 13.943000 but the earliest data is at time 68.991000, when looking up transform from frame [robot3/base_link] to frame [map]
[ros2-11] [bt_navigator-5] 
[ros2-11] [bt_navigator-5] [WARN] [1785152959.849126009] [BehaviorTreeEngine]: Behavior Tree tick rate 100.00 was exceeded!
[ros2-11] [planner_server-3] [INFO] [1785152959.947588433] [robot3.global_costmap.global_costmap]: Message Filter dropping message: frame 'robot3/laser_frame' at time 78.945 for reason 'the timestamp on the message is earlier than all the data in the transform cache'
[ros2-11] [bt_navigator-5] [ERROR] [1785152959.950141593] [transformPoseInTargetFrame]: Extrapolation Error looking up target frame: Lookup would require extrapolation into the past.  Requested time 13.943000 but the earliest data is at time 69.091000, when looking up transform from frame [robot3/base_link] to frame [map]
[ros2-11] [bt_navigator-5] 
[ros2-11] [bt_navigator-5] [WARN] [1785152959.950352903] [BehaviorTreeEngine]: Behavior Tree tick rate 100.00 was exceeded!
[ros2-11] [bt_navigator-5] [ERROR] [1785152960.051386672] [transformPoseInTargetFrame]: Extrapolation Error looking up target frame: Lookup would require extrapolation into the past.  Requested time 13.943000 but the earliest data is at time 69.191000, when looking up transform from frame [robot3/base_link] to frame [map]
[ros2-11] [bt_navigator-5] 
[ros2-11] [bt_navigator-5] [WARN] [1785152960.051511744] [BehaviorTreeEngine]: Behavior Tree tick rate 100.00 was exceeded!
[ros2-11] [bt_navigator-5] [ERROR] [1785152960.152553550] [transformPoseInTargetFrame]: Extrapolation Error looking up target frame: Lookup would require extrapolation into the past.  Requested time 13.943000 but the earliest data is at time 69.291000, when looking up transform from frame [robot3/base_link] to frame [map]
[ros2-11] [bt_navigator-5] 
[ros2-11] [bt_navigator-5] [WARN] [1785152960.152672548] [BehaviorTreeEngine]: Behavior Tree tick rate 100.00 was exceeded!
[ros2-11] [bt_navigator-5] [ERROR] [1785152960.253623546] [transformPoseInTargetFrame]: Extrapolation Error looking up target frame: Lookup would require extrapolation into the past.  Requested time 13.943000 but the earliest data is at time 69.391000, when looking up transform from frame [robot3/base_link] to frame [map]
[ros2-11] [bt_navigator-5] 
[ros2-11] [bt_navigator-5] [WARN] [1785152960.253730419] [BehaviorTreeEngine]: Behavior Tree tick rate 100.00 was exceeded!
[ros2-11] [bt_navigator-5] [ERROR] [1785152960.354709382] [transformPoseInTargetFrame]: Extrapolation Error looking up target frame: Lookup would require extrapolation into the past.  Requested time 13.943000 but the earliest data is at time 69.491000, when looking up transform from frame [robot3/base_link] to frame [map]
[ros2-11] [bt_navigator-5] 
[ros2-11] [bt_navigator-5] [WARN] [1785152960.354859577] [BehaviorTreeEngine]: Behavior Tree tick rate 100.00 was exceeded!
[ros2-11] [bt_navigator-5] [ERROR] [1785152960.455926755] [transformPoseInTargetFrame]: Extrapolation Error looking up target frame: Lookup would require extrapolation into the past.  Requested time 13.943000 but the earliest data is at time 69.591000, when looking up transform from frame [robot3/base_link] to frame [map]
[ros2-11] [bt_navigator-5] 
[ros2-11] [bt_navigator-5] [WARN] [1785152960.456060226] [BehaviorTreeEngine]: Behavior Tree tick rate 100.00 was exceeded!
[ros2-11] [bt_navigator-5] [ERROR] [1785152960.557101957] [transformPoseInTargetFrame]: Extrapolation Error looking up target frame: Lookup would require extrapolation into the past.  Requested time 13.943000 but the earliest data is at time 69.691000, when looking up transform from frame [robot3/base_link] to frame [map]
[ros2-11] [bt_navigator-5] 
[ros2-11] [bt_navigator-5] [WARN] [1785152960.557252486] [BehaviorTreeEngine]: Behavior Tree tick rate 100.00 was exceeded!
[ros2-11] [bt_navigator-5] [ERROR] [1785152960.658207530] [transformPoseInTargetFrame]: Extrapolation Error looking up target frame: Lookup would require extrapolation into the past.  Requested time 13.943000 but the earliest data is at time 69.791000, when looking up transform from frame [robot3/base_link] to frame [map]
[ros2-11] [bt_navigator-5] 
[ros2-11] [bt_navigator-5] [WARN] [1785152960.658421397] [BehaviorTreeEngine]: Behavior Tree tick rate 100.00 was exceeded!
[ros2-11] [bt_navigator-5] [ERROR] [1785152960.749386117] [transformPoseInTargetFrame]: Extrapolation Error looking up target frame: Lookup would require extrapolation into the past.  Requested time 13.943000 but the earliest data is at time 69.791000, when looking up transform from frame [robot3/base_link] to frame [map]
[ros2-11] [bt_navigator-5] 
[ros2-11] [bt_navigator-5] [WARN] [1785152960.749539681] [BehaviorTreeEngine]: Behavior Tree tick rate 100.00 was exceeded!
[ros2-11] [bt_navigator-5] [ERROR] [1785152960.850508002] [transformPoseInTargetFrame]: Extrapolation Error looking up target frame: Lookup would require extrapolation into the past.  Requested time 13.943000 but the earliest data is at time 69.891000, when looking up transform from frame [robot3/base_link] to frame [map]
[ros2-11] [bt_navigator-5] 
[ros2-11] [bt_navigator-5] [WARN] [1785152960.850633709] [BehaviorTreeEngine]: Behavior Tree tick rate 100.00 was exceeded!
[ros2-11] [planner_server-3] [ERROR] [1785152960.857745256] [transformPoseInTargetFrame]: Extrapolation Error looking up target frame: Lookup would require extrapolation into the past.  Requested time 13.943000 but the earliest data is at time 69.991000, when looking up transform from frame [robot3/base_link] to frame [map]
[ros2-11] [planner_server-3] 
[ros2-11] [bt_navigator-5] [ERROR] [1785152960.951739897] [transformPoseInTargetFrame]: Extrapolation Error looking up target frame: Lookup would require extrapolation into the past.  Requested time 13.943000 but the earliest data is at time 70.091000, when looking up transform from frame [robot3/base_link] to frame [map]
[ros2-11] [bt_navigator-5] 
[ros2-11] [bt_navigator-5] [WARN] [1785152960.951866890] [BehaviorTreeEngine]: Behavior Tree tick rate 100.00 was exceeded!
[ros2-11] [bt_navigator-5] [ERROR] [1785152961.052948711] [transformPoseInTargetFrame]: Extrapolation Error looking up target frame: Lookup would require extrapolation into the past.  Requested time 13.943000 but the earliest data is at time 70.191000, when looking up transform from frame [robot3/base_link] to frame [map]
[ros2-11] [bt_navigator-5] 
[ros2-11] [bt_navigator-5] [WARN] [1785152961.053071201] [BehaviorTreeEngine]: Behavior Tree tick rate 100.00 was exceeded!
[ros2-11] [bt_navigator-5] [ERROR] [1785152961.154124573] [transformPoseInTargetFrame]: Extrapolation Error looking up target frame: Lookup would require extrapolation into the past.  Requested time 13.943000 but the earliest data is at time 70.291000, when looking up transform from frame [robot3/base_link] to frame [map]
[ros2-11] [bt_navigator-5] 
[ros2-11] [bt_navigator-5] [WARN] [1785152961.154274219] [BehaviorTreeEngine]: Behavior Tree tick rate 100.00 was exceeded!
[ros2-11] [bt_navigator-5] [ERROR] [1785152961.255269300] [transformPoseInTargetFrame]: Extrapolation Error looking up target frame: Lookup would require extrapolation into the past.  Requested time 13.943000 but the earliest data is at time 70.391000, when looking up transform from frame [robot3/base_link] to frame [map]
[ros2-11] [bt_navigator-5] 
[ros2-11] [bt_navigator-5] [WARN] [1785152961.255416216] [BehaviorTreeEngine]: Behavior Tree tick rate 100.00 was exceeded!
[ros2-11] [bt_navigator-5] [ERROR] [1785152961.356497309] [transformPoseInTargetFrame]: Extrapolation Error looking up target frame: Lookup would require extrapolation into the past.  Requested time 13.943000 but the earliest data is at time 70.491000, when looking up transform from frame [robot3/base_link] to frame [map]
[ros2-11] [bt_navigator-5] 
[ros2-11] [bt_navigator-5] [WARN] [1785152961.356634228] [BehaviorTreeEngine]: Behavior Tree tick rate 100.00 was exceeded!
[ros2-11] [bt_navigator-5] [ERROR] [1785152961.457640408] [transformPoseInTargetFrame]: Extrapolation Error looking up target frame: Lookup would require extrapolation into the past.  Requested time 13.943000 but the earliest data is at time 70.591000, when looking up transform from frame [robot3/base_link] to frame [map]
[ros2-11] [bt_navigator-5] 
[ros2-11] [bt_navigator-5] [WARN] [1785152961.457793430] [BehaviorTreeEngine]: Behavior Tree tick rate 100.00 was exceeded!
[ros2-11] [bt_navigator-5] [ERROR] [1785152961.558898130] [transformPoseInTargetFrame]: Extrapolation Error looking up target frame: Lookup would require extrapolation into the past.  Requested time 13.943000 but the earliest data is at time 70.691000, when looking up transform from frame [robot3/base_link] to frame [map]
[ros2-11] [bt_navigator-5] 
[ros2-11] [bt_navigator-5] [WARN] [1785152961.559058529] [BehaviorTreeEngine]: Behavior Tree tick rate 100.00 was exceeded!
[ros2-11] [bt_navigator-5] [ERROR] [1785152961.650070820] [transformPoseInTargetFrame]: Extrapolation Error looking up target frame: Lookup would require extrapolation into the past.  Requested time 13.943000 but the earliest data is at time 70.691000, when looking up transform from frame [robot3/base_link] to frame [map]
[ros2-11] [bt_navigator-5] 
[ros2-11] [bt_navigator-5] [WARN] [1785152961.650255074] [BehaviorTreeEngine]: Behavior Tree tick rate 100.00 was exceeded!
[ros2-11] [bt_navigator-5] [ERROR] [1785152961.751295721] [transformPoseInTargetFrame]: Extrapolation Error looking up target frame: Lookup would require extrapolation into the past.  Requested time 13.943000 but the earliest data is at time 70.891000, when looking up transform from frame [robot3/base_link] to frame [map]
[ros2-11] [bt_navigator-5] 
[ros2-11] [bt_navigator-5] [WARN] [1785152961.751423181] [BehaviorTreeEngine]: Behavior Tree tick rate 100.00 was exceeded!
[ros2-11] [bt_navigator-5] [ERROR] [1785152961.852393760] [transformPoseInTargetFrame]: Extrapolation Error looking up target frame: Lookup would require extrapolation into the past.  Requested time 13.943000 but the earliest data is at time 70.991000, when looking up transform from frame [robot3/base_link] to frame [map]
[ros2-11] [bt_navigator-5] 
[ros2-11] [bt_navigator-5] [WARN] [1785152961.852541239] [BehaviorTreeEngine]: Behavior Tree tick rate 100.00 was exceeded!
[ros2-11] [planner_server-3] [ERROR] [1785152961.857751709] [transformPoseInTargetFrame]: Extrapolation Error looking up target frame: Lookup would require extrapolation into the past.  Requested time 13.943000 but the earliest data is at time 70.991000, when looking up transform from frame [robot3/base_link] to frame [map]
[ros2-11] [planner_server-3] 
[ros2-11] [bt_navigator-5] [ERROR] [1785152961.953710379] [transformPoseInTargetFrame]: Extrapolation Error looking up target frame: Lookup would require extrapolation into the past.  Requested time 13.943000 but the earliest data is at time 71.091000, when looking up transform from frame [robot3/base_link] to frame [map]
[ros2-11] [bt_navigator-5] 
[ros2-11] [bt_navigator-5] [WARN] [1785152961.953821907] [BehaviorTreeEngine]: Behavior Tree tick rate 100.00 was exceeded!
[ros2-11] [bt_navigator-5] [ERROR] [1785152962.054855518] [transformPoseInTargetFrame]: Extrapolation Error looking up target frame: Lookup would require extrapolation into the past.  Requested time 13.943000 but the earliest data is at time 71.191000, when looking up transform from frame [robot3/base_link] to frame [map]
[ros2-11] [bt_navigator-5] 
[ros2-11] [bt_navigator-5] [WARN] [1785152962.055019556] [BehaviorTreeEngine]: Behavior Tree tick rate 100.00 was exceeded!
[ros2-11] [bt_navigator-5] [ERROR] [1785152962.156071778] [transformPoseInTargetFrame]: Extrapolation Error looking up target frame: Lookup would require extrapolation into the past.  Requested time 13.943000 but the earliest data is at time 71.291000, when looking up transform from frame [robot3/base_link] to frame [map]
[ros2-11] [bt_navigator-5] 
[ros2-11] [bt_navigator-5] [WARN] [1785152962.156204677] [BehaviorTreeEngine]: Behavior Tree tick rate 100.00 was exceeded!
[ros2-11] [bt_navigator-5] [ERROR] [1785152962.257212656] [transformPoseInTargetFrame]: Extrapolation Error looking up target frame: Lookup would require extrapolation into the past.  Requested time 13.943000 but the earliest data is at time 71.391000, when looking up transform from frame [robot3/base_link] to frame [map]
[ros2-11] [bt_navigator-5] 
[ros2-11] [bt_navigator-5] [WARN] [1785152962.257341387] [BehaviorTreeEngine]: Behavior Tree tick rate 100.00 was exceeded!
[ros2-11] [bt_navigator-5] [ERROR] [1785152962.358390767] [transformPoseInTargetFrame]: Extrapolation Error looking up target frame: Lookup would require extrapolation into the past.  Requested time 13.943000 but the earliest data is at time 71.491000, when looking up transform from frame [robot3/base_link] to frame [map]
[ros2-11] [bt_navigator-5] 
[ros2-11] [bt_navigator-5] [WARN] [1785152962.358539643] [BehaviorTreeEngine]: Behavior Tree tick rate 100.00 was exceeded!
[ros2-11] [planner_server-3] [INFO] [1785152962.452002750] [robot3.global_costmap.global_costmap]: Message Filter dropping message: frame 'robot3/laser_frame' at time 81.445 for reason 'the timestamp on the message is earlier than all the data in the transform cache'
[ros2-11] [bt_navigator-5] [ERROR] [1785152962.459576948] [transformPoseInTargetFrame]: Extrapolation Error looking up target frame: Lookup would require extrapolation into the past.  Requested time 13.943000 but the earliest data is at time 71.591000, when looking up transform from frame [robot3/base_link] to frame [map]
[ros2-11] [bt_navigator-5] 
[ros2-11] [bt_navigator-5] [WARN] [1785152962.459706835] [BehaviorTreeEngine]: Behavior Tree tick rate 100.00 was exceeded!
[ros2-11] [bt_navigator-5] [ERROR] [1785152962.560856899] [transformPoseInTargetFrame]: Extrapolation Error looking up target frame: Lookup would require extrapolation into the past.  Requested time 13.943000 but the earliest data is at time 71.691000, when looking up transform from frame [robot3/base_link] to frame [map]
[ros2-11] [bt_navigator-5] 
[ros2-11] [bt_navigator-5] [WARN] [1785152962.561102905] [BehaviorTreeEngine]: Behavior Tree tick rate 100.00 was exceeded!
[ros2-11] [bt_navigator-5] [ERROR] [1785152962.652174799] [transformPoseInTargetFrame]: Extrapolation Error looking up target frame: Lookup would require extrapolation into the past.  Requested time 13.943000 but the earliest data is at time 71.791000, when looking up transform from frame [robot3/base_link] to frame [map]
[ros2-11] [bt_navigator-5] 
[ros2-11] [bt_navigator-5] [WARN] [1785152962.652392536] [BehaviorTreeEngine]: Behavior Tree tick rate 100.00 was exceeded!
[ros2-11] [bt_navigator-5] [ERROR] [1785152962.753473382] [transformPoseInTargetFrame]: Extrapolation Error looking up target frame: Lookup would require extrapolation into the past.  Requested time 13.943000 but the earliest data is at time 71.891000, when looking up transform from frame [robot3/base_link] to frame [map]
[ros2-11] [bt_navigator-5] 
[ros2-11] [bt_navigator-5] [WARN] [1785152962.753617524] [BehaviorTreeEngine]: Behavior Tree tick rate 100.00 was exceeded!
[ros2-11] [bt_navigator-5] [ERROR] [1785152962.854623739] [transformPoseInTargetFrame]: Extrapolation Error looking up target frame: Lookup would require extrapolation into the past.  Requested time 13.943000 but the earliest data is at time 71.991000, when looking up transform from frame [robot3/base_link] to frame [map]
[ros2-11] [bt_navigator-5] 
[ros2-11] [bt_navigator-5] [WARN] [1785152962.854743577] [BehaviorTreeEngine]: Behavior Tree tick rate 100.00 was exceeded!
[ros2-11] [planner_server-3] [ERROR] [1785152962.857689240] [transformPoseInTargetFrame]: Extrapolation Error looking up target frame: Lookup would require extrapolation into the past.  Requested time 13.943000 but the earliest data is at time 71.991000, when looking up transform from frame [robot3/base_link] to frame [map]
[ros2-11] [planner_server-3] 
[ros2-11] [bt_navigator-5] [ERROR] [1785152962.955814854] [transformPoseInTargetFrame]: Extrapolation Error looking up target frame: Lookup would require extrapolation into the past.  Requested time 13.943000 but the earliest data is at time 72.091000, when looking up transform from frame [robot3/base_link] to frame [map]
[ros2-11] [bt_navigator-5] 
[ros2-11] [bt_navigator-5] [WARN] [1785152962.955922821] [BehaviorTreeEngine]: Behavior Tree tick rate 100.00 was exceeded!
[ros2-11] [bt_navigator-5] [ERROR] [1785152963.056873755] [transformPoseInTargetFrame]: Extrapolation Error looking up target frame: Lookup would require extrapolation into the past.  Requested time 13.943000 but the earliest data is at time 72.191000, when looking up transform from frame [robot3/base_link] to frame [map]
[ros2-11] [bt_navigator-5] 
[ros2-11] [bt_navigator-5] [WARN] [1785152963.057021267] [BehaviorTreeEngine]: Behavior Tree tick rate 100.00 was exceeded!
[ros2-11] [bt_navigator-5] [ERROR] [1785152963.158052171] [transformPoseInTargetFrame]: Extrapolation Error looking up target frame: Lookup would require extrapolation into the past.  Requested time 13.943000 but the earliest data is at time 72.291000, when looking up transform from frame [robot3/base_link] to frame [map]
[ros2-11] [bt_navigator-5] 
[ros2-11] [bt_navigator-5] [WARN] [1785152963.158255398] [BehaviorTreeEngine]: Behavior Tree tick rate 100.00 was exceeded!
[ros2-11] [bt_navigator-5] [ERROR] [1785152963.259251460] [transformPoseInTargetFrame]: Extrapolation Error looking up target frame: Lookup would require extrapolation into the past.  Requested time 13.943000 but the earliest data is at time 72.391000, when looking up transform from frame [robot3/base_link] to frame [map]
[ros2-11] [bt_navigator-5] 
[ros2-11] [bt_navigator-5] [WARN] [1785152963.259392306] [BehaviorTreeEngine]: Behavior Tree tick rate 100.00 was exceeded!
[ros2-11] [bt_navigator-5] [ERROR] [1785152963.360487810] [transformPoseInTargetFrame]: Extrapolation Error looking up target frame: Lookup would require extrapolation into the past.  Requested time 13.943000 but the earliest data is at time 72.491000, when looking up transform from frame [robot3/base_link] to frame [map]
[ros2-11] [bt_navigator-5] 
[ros2-11] [bt_navigator-5] [WARN] [1785152963.360626893] [BehaviorTreeEngine]: Behavior Tree tick rate 100.00 was exceeded!
[ros2-11] [bt_navigator-5] [ERROR] [1785152963.461789219] [transformPoseInTargetFrame]: Extrapolation Error looking up target frame: Lookup would require extrapolation into the past.  Requested time 13.943000 but the earliest data is at time 72.591000, when looking up transform from frame [robot3/base_link] to frame [map]
[ros2-11] [bt_navigator-5] 
[ros2-11] [bt_navigator-5] [WARN] [1785152963.461953443] [BehaviorTreeEngine]: Behavior Tree tick rate 100.00 was exceeded!
[ros2-11] [bt_navigator-5] [ERROR] [1785152963.552920062] [transformPoseInTargetFrame]: Extrapolation Error looking up target frame: Lookup would require extrapolation into the past.  Requested time 13.943000 but the earliest data is at time 72.591000, when looking up transform from frame [robot3/base_link] to frame [map]
[ros2-11] [bt_navigator-5] 
[ros2-11] [bt_navigator-5] [WARN] [1785152963.553114705] [BehaviorTreeEngine]: Behavior Tree tick rate 100.00 was exceeded!
[ros2-11] [bt_navigator-5] [ERROR] [1785152963.654138069] [transformPoseInTargetFrame]: Extrapolation Error looking up target frame: Lookup would require extrapolation into the past.  Requested time 13.943000 but the earliest data is at time 72.791000, when looking up transform from frame [robot3/base_link] to frame [map]
[ros2-11] [bt_navigator-5] 
[ros2-11] [bt_navigator-5] [WARN] [1785152963.654286191] [BehaviorTreeEngine]: Behavior Tree tick rate 100.00 was exceeded!
[ros2-11] [bt_navigator-5] [ERROR] [1785152963.755493405] [transformPoseInTargetFrame]: Extrapolation Error looking up target frame: Lookup would require extrapolation into the past.  Requested time 13.943000 but the earliest data is at time 72.891000, when looking up transform from frame [robot3/base_link] to frame [map]
[ros2-11] [bt_navigator-5] 
[ros2-11] [bt_navigator-5] [WARN] [1785152963.755773431] [BehaviorTreeEngine]: Behavior Tree tick rate 100.00 was exceeded!
[ros2-11] [bt_navigator-5] [ERROR] [1785152963.856802492] [transformPoseInTargetFrame]: Extrapolation Error looking up target frame: Lookup would require extrapolation into the past.  Requested time 13.943000 but the earliest data is at time 72.991000, when looking up transform from frame [robot3/base_link] to frame [map]
[ros2-11] [bt_navigator-5] 
[ros2-11] [bt_navigator-5] [WARN] [1785152963.856919044] [BehaviorTreeEngine]: Behavior Tree tick rate 100.00 was exceeded!
[ros2-11] [planner_server-3] [ERROR] [1785152963.857657201] [transformPoseInTargetFrame]: Extrapolation Error looking up target frame: Lookup would require extrapolation into the past.  Requested time 13.943000 but the earliest data is at time 72.991000, when looking up transform from frame [robot3/base_link] to frame [map]
[ros2-11] [planner_server-3] 
[ros2-11] [bt_navigator-5] [ERROR] [1785152963.957955949] [transformPoseInTargetFrame]: Extrapolation Error looking up target frame: Lookup would require extrapolation into the past.  Requested time 13.943000 but the earliest data is at time 73.091000, when looking up transform from frame [robot3/base_link] to frame [map]
[ros2-11] [bt_navigator-5] 
[ros2-11] [bt_navigator-5] [WARN] [1785152963.958140904] [BehaviorTreeEngine]: Behavior Tree tick rate 100.00 was exceeded!
[ros2-11] [bt_navigator-5] [ERROR] [1785152964.059152734] [transformPoseInTargetFrame]: Extrapolation Error looking up target frame: Lookup would require extrapolation into the past.  Requested time 13.943000 but the earliest data is at time 73.191000, when looking up transform from frame [robot3/base_link] to frame [map]
[ros2-11] [bt_navigator-5] 
[ros2-11] [bt_navigator-5] [WARN] [1785152964.059320346] [BehaviorTreeEngine]: Behavior Tree tick rate 100.00 was exceeded!
[ros2-11] [bt_navigator-5] [ERROR] [1785152964.160412676] [transformPoseInTargetFrame]: Extrapolation Error looking up target frame: Lookup would require extrapolation into the past.  Requested time 13.943000 but the earliest data is at time 73.291000, when looking up transform from frame [robot3/base_link] to frame [map]
[ros2-11] [bt_navigator-5] 
[ros2-11] [bt_navigator-5] [WARN] [1785152964.160545680] [BehaviorTreeEngine]: Behavior Tree tick rate 100.00 was exceeded!
[ros2-11] [bt_navigator-5] [ERROR] [1785152964.261583510] [transformPoseInTargetFrame]: Extrapolation Error looking up target frame: Lookup would require extrapolation into the past.  Requested time 13.943000 but the earliest data is at time 73.391000, when looking up transform from frame [robot3/base_link] to frame [map]
[ros2-11] [bt_navigator-5] 
[ros2-11] [bt_navigator-5] [WARN] [1785152964.261729776] [BehaviorTreeEngine]: Behavior Tree tick rate 100.00 was exceeded!
[ros2-11] [bt_navigator-5] [ERROR] [1785152964.362849356] [transformPoseInTargetFrame]: Extrapolation Error looking up target frame: Lookup would require extrapolation into the past.  Requested time 13.943000 but the earliest data is at time 73.491000, when looking up transform from frame [robot3/base_link] to frame [map]
[ros2-11] [bt_navigator-5] 
[ros2-11] [bt_navigator-5] [WARN] [1785152964.363015195] [BehaviorTreeEngine]: Behavior Tree tick rate 100.00 was exceeded!
[ros2-11] [bt_navigator-5] [ERROR] [1785152964.453943299] [transformPoseInTargetFrame]: Extrapolation Error looking up target frame: Lookup would require extrapolation into the past.  Requested time 13.943000 but the earliest data is at time 73.591000, when looking up transform from frame [robot3/base_link] to frame [map]
[ros2-11] [bt_navigator-5] 
[ros2-11] [bt_navigator-5] [WARN] [1785152964.454094694] [BehaviorTreeEngine]: Behavior Tree tick rate 100.00 was exceeded!
[ros2-11] [bt_navigator-5] [ERROR] [1785152964.555125290] [transformPoseInTargetFrame]: Extrapolation Error looking up target frame: Lookup would require extrapolation into the past.  Requested time 13.943000 but the earliest data is at time 73.691000, when looking up transform from frame [robot3/base_link] to frame [map]
[ros2-11] [bt_navigator-5] 
[ros2-11] [bt_navigator-5] [WARN] [1785152964.555291614] [BehaviorTreeEngine]: Behavior Tree tick rate 100.00 was exceeded!
[ros2-11] [bt_navigator-5] [ERROR] [1785152964.656242459] [transformPoseInTargetFrame]: Extrapolation Error looking up target frame: Lookup would require extrapolation into the past.  Requested time 13.943000 but the earliest data is at time 73.791000, when looking up transform from frame [robot3/base_link] to frame [map]
[ros2-11] [bt_navigator-5] 
[ros2-11] [bt_navigator-5] [WARN] [1785152964.656346380] [BehaviorTreeEngine]: Behavior Tree tick rate 100.00 was exceeded!
[ros2-11] [bt_navigator-5] [ERROR] [1785152964.757262468] [transformPoseInTargetFrame]: Extrapolation Error looking up target frame: Lookup would require extrapolation into the past.  Requested time 13.943000 but the earliest data is at time 73.891000, when looking up transform from frame [robot3/base_link] to frame [map]
[ros2-11] [bt_navigator-5] 
[ros2-11] [bt_navigator-5] [WARN] [1785152964.757357142] [BehaviorTreeEngine]: Behavior Tree tick rate 100.00 was exceeded!
[ros2-11] [planner_server-3] [ERROR] [1785152964.857737896] [transformPoseInTargetFrame]: Extrapolation Error looking up target frame: Lookup would require extrapolation into the past.  Requested time 13.943000 but the earliest data is at time 73.991000, when looking up transform from frame [robot3/base_link] to frame [map]
[ros2-11] [planner_server-3] 
[ros2-11] [bt_navigator-5] [ERROR] [1785152964.858312400] [transformPoseInTargetFrame]: Extrapolation Error looking up target frame: Lookup would require extrapolation into the past.  Requested time 13.943000 but the earliest data is at time 73.991000, when looking up transform from frame [robot3/base_link] to frame [map]
[ros2-11] [bt_navigator-5] 
[ros2-11] [bt_navigator-5] [WARN] [1785152964.858480655] [BehaviorTreeEngine]: Behavior Tree tick rate 100.00 was exceeded!
[ros2-11] [planner_server-3] [INFO] [1785152964.954352150] [robot3.global_costmap.global_costmap]: Message Filter dropping message: frame 'robot3/laser_frame' at time 83.945 for reason 'the timestamp on the message is earlier than all the data in the transform cache'
[ros2-11] [bt_navigator-5] [ERROR] [1785152964.959538448] [transformPoseInTargetFrame]: Extrapolation Error looking up target frame: Lookup would require extrapolation into the past.  Requested time 13.943000 but the earliest data is at time 74.091000, when looking up transform from frame [robot3/base_link] to frame [map]
[ros2-11] [bt_navigator-5] 
[ros2-11] [bt_navigator-5] [WARN] [1785152964.959662907] [BehaviorTreeEngine]: Behavior Tree tick rate 100.00 was exceeded!
[ros2-11] [bt_navigator-5] [ERROR] [1785152965.060679931] [transformPoseInTargetFrame]: Extrapolation Error looking up target frame: Lookup would require extrapolation into the past.  Requested time 13.943000 but the earliest data is at time 74.191000, when looking up transform from frame [robot3/base_link] to frame [map]
[ros2-11] [bt_navigator-5] 
[ros2-11] [bt_navigator-5] [WARN] [1785152965.060922560] [BehaviorTreeEngine]: Behavior Tree tick rate 100.00 was exceeded!
[ros2-11] [bt_navigator-5] [ERROR] [1785152965.161997872] [transformPoseInTargetFrame]: Extrapolation Error looking up target frame: Lookup would require extrapolation into the past.  Requested time 13.943000 but the earliest data is at time 74.291000, when looking up transform from frame [robot3/base_link] to frame [map]
[ros2-11] [bt_navigator-5] 
[ros2-11] [bt_navigator-5] [WARN] [1785152965.162123220] [BehaviorTreeEngine]: Behavior Tree tick rate 100.00 was exceeded!
[ros2-11] [bt_navigator-5] [ERROR] [1785152965.263122113] [transformPoseInTargetFrame]: Extrapolation Error looking up target frame: Lookup would require extrapolation into the past.  Requested time 13.943000 but the earliest data is at time 74.391000, when looking up transform from frame [robot3/base_link] to frame [map]
[ros2-11] [bt_navigator-5] 
[ros2-11] [bt_navigator-5] [WARN] [1785152965.263338020] [BehaviorTreeEngine]: Behavior Tree tick rate 100.00 was exceeded!
[ros2-11] [bt_navigator-5] [ERROR] [1785152965.364373000] [transformPoseInTargetFrame]: Extrapolation Error looking up target frame: Lookup would require extrapolation into the past.  Requested time 13.943000 but the earliest data is at time 74.491000, when looking up transform from frame [robot3/base_link] to frame [map]
[ros2-11] [bt_navigator-5] 
[ros2-11] [bt_navigator-5] [WARN] [1785152965.364501387] [BehaviorTreeEngine]: Behavior Tree tick rate 100.00 was exceeded!
[ros2-11] [bt_navigator-5] [ERROR] [1785152965.455425604] [transformPoseInTargetFrame]: Extrapolation Error looking up target frame: Lookup would require extrapolation into the past.  Requested time 13.943000 but the earliest data is at time 74.491000, when looking up transform from frame [robot3/base_link] to frame [map]
[ros2-11] [bt_navigator-5] 
[ros2-11] [bt_navigator-5] [WARN] [1785152965.455582904] [BehaviorTreeEngine]: Behavior Tree tick rate 100.00 was exceeded!
[ros2-11] [bt_navigator-5] [ERROR] [1785152965.556762733] [transformPoseInTargetFrame]: Extrapolation Error looking up target frame: Lookup would require extrapolation into the past.  Requested time 13.943000 but the earliest data is at time 74.591000, when looking up transform from frame [robot3/base_link] to frame [map]
[ros2-11] [bt_navigator-5] 
[ros2-11] [bt_navigator-5] [WARN] [1785152965.556900314] [BehaviorTreeEngine]: Behavior Tree tick rate 100.00 was exceeded!
[ros2-11] [bt_navigator-5] [ERROR] [1785152965.673404027] [transformPoseInTargetFrame]: Extrapolation Error looking up target frame: Lookup would require extrapolation into the past.  Requested time 13.943000 but the earliest data is at time 74.791000, when looking up transform from frame [robot3/base_link] to frame [map]
[ros2-11] [bt_navigator-5] 
[ros2-11] [bt_navigator-5] [WARN] [1785152965.673888773] [BehaviorTreeEngine]: Behavior Tree tick rate 100.00 was exceeded!
[ros2-11] [bt_navigator-5] [ERROR] [1785152965.766809185] [transformPoseInTargetFrame]: Extrapolation Error looking up target frame: Lookup would require extrapolation into the past.  Requested time 13.943000 but the earliest data is at time 74.891000, when looking up transform from frame [robot3/base_link] to frame [map]
[ros2-11] [bt_navigator-5] 
[ros2-11] [bt_navigator-5] [WARN] [1785152965.766944248] [BehaviorTreeEngine]: Behavior Tree tick rate 100.00 was exceeded!
[ros2-11] [bt_navigator-5] [ERROR] [1785152965.857996017] [transformPoseInTargetFrame]: Extrapolation Error looking up target frame: Lookup would require extrapolation into the past.  Requested time 13.943000 but the earliest data is at time 74.891000, when looking up transform from frame [robot3/base_link] to frame [map]
[ros2-11] [bt_navigator-5] 
[ros2-11] [bt_navigator-5] [WARN] [1785152965.858214814] [BehaviorTreeEngine]: Behavior Tree tick rate 100.00 was exceeded!
[ros2-11] [planner_server-3] [ERROR] [1785152965.864052129] [transformPoseInTargetFrame]: Extrapolation Error looking up target frame: Lookup would require extrapolation into the past.  Requested time 13.943000 but the earliest data is at time 74.991000, when looking up transform from frame [robot3/base_link] to frame [map]
[ros2-11] [planner_server-3] 
[ros2-11] [bt_navigator-5] [ERROR] [1785152965.959273271] [transformPoseInTargetFrame]: Extrapolation Error looking up target frame: Lookup would require extrapolation into the past.  Requested time 13.943000 but the earliest data is at time 75.091000, when looking up transform from frame [robot3/base_link] to frame [map]
[ros2-11] [bt_navigator-5] 
[ros2-11] [bt_navigator-5] [WARN] [1785152965.959387460] [BehaviorTreeEngine]: Behavior Tree tick rate 100.00 was exceeded!
[ros2-11] [bt_navigator-5] [ERROR] [1785152966.060473325] [transformPoseInTargetFrame]: Extrapolation Error looking up target frame: Lookup would require extrapolation into the past.  Requested time 13.943000 but the earliest data is at time 75.191000, when looking up transform from frame [robot3/base_link] to frame [map]
[ros2-11] [bt_navigator-5] 
[ros2-11] [bt_navigator-5] [WARN] [1785152966.060680880] [BehaviorTreeEngine]: Behavior Tree tick rate 100.00 was exceeded!
[ros2-11] [bt_navigator-5] [ERROR] [1785152966.161723112] [transformPoseInTargetFrame]: Extrapolation Error looking up target frame: Lookup would require extrapolation into the past.  Requested time 13.943000 but the earliest data is at time 75.291000, when looking up transform from frame [robot3/base_link] to frame [map]
[ros2-11] [bt_navigator-5] 
[ros2-11] [bt_navigator-5] [WARN] [1785152966.161863443] [BehaviorTreeEngine]: Behavior Tree tick rate 100.00 was exceeded!
[ros2-11] [bt_navigator-5] [ERROR] [1785152966.263004529] [transformPoseInTargetFrame]: Extrapolation Error looking up target frame: Lookup would require extrapolation into the past.  Requested time 13.943000 but the earliest data is at time 75.391000, when looking up transform from frame [robot3/base_link] to frame [map]
[ros2-11] [bt_navigator-5] 
[ros2-11] [bt_navigator-5] [WARN] [1785152966.263204230] [BehaviorTreeEngine]: Behavior Tree tick rate 100.00 was exceeded!
[ros2-11] [bt_navigator-5] [ERROR] [1785152966.364188457] [transformPoseInTargetFrame]: Extrapolation Error looking up target frame: Lookup would require extrapolation into the past.  Requested time 13.943000 but the earliest data is at time 75.491000, when looking up transform from frame [robot3/base_link] to frame [map]
[ros2-11] [bt_navigator-5] 
[ros2-11] [bt_navigator-5] [WARN] [1785152966.364304138] [BehaviorTreeEngine]: Behavior Tree tick rate 100.00 was exceeded!
[ros2-11] [bt_navigator-5] [ERROR] [1785152966.465297114] [transformPoseInTargetFrame]: Extrapolation Error looking up target frame: Lookup would require extrapolation into the past.  Requested time 13.943000 but the earliest data is at time 75.591000, when looking up transform from frame [robot3/base_link] to frame [map]
[ros2-11] [bt_navigator-5] 
[ros2-11] [bt_navigator-5] [WARN] [1785152966.465423199] [BehaviorTreeEngine]: Behavior Tree tick rate 100.00 was exceeded!
[ros2-11] [bt_navigator-5] [ERROR] [1785152966.556560796] [transformPoseInTargetFrame]: Extrapolation Error looking up target frame: Lookup would require extrapolation into the past.  Requested time 13.943000 but the earliest data is at time 75.591000, when looking up transform from frame [robot3/base_link] to frame [map]
[ros2-11] [bt_navigator-5] 
[ros2-11] [bt_navigator-5] [WARN] [1785152966.556751127] [BehaviorTreeEngine]: Behavior Tree tick rate 100.00 was exceeded!
[ros2-11] [bt_navigator-5] [ERROR] [1785152966.657756752] [transformPoseInTargetFrame]: Extrapolation Error looking up target frame: Lookup would require extrapolation into the past.  Requested time 13.943000 but the earliest data is at time 75.791000, when looking up transform from frame [robot3/base_link] to frame [map]
[ros2-11] [bt_navigator-5] 
[ros2-11] [bt_navigator-5] [WARN] [1785152966.658196009] [BehaviorTreeEngine]: Behavior Tree tick rate 100.00 was exceeded!
[ros2-11] [bt_navigator-5] [ERROR] [1785152966.759462143] [transformPoseInTargetFrame]: Extrapolation Error looking up target frame: Lookup would require extrapolation into the past.  Requested time 13.943000 but the earliest data is at time 75.891000, when looking up transform from frame [robot3/base_link] to frame [map]
[ros2-11] [bt_navigator-5] 
[ros2-11] [bt_navigator-5] [WARN] [1785152966.759560955] [BehaviorTreeEngine]: Behavior Tree tick rate 100.00 was exceeded!
[ros2-11] [planner_server-3] [ERROR] [1785152966.857842937] [transformPoseInTargetFrame]: Extrapolation Error looking up target frame: Lookup would require extrapolation into the past.  Requested time 13.943000 but the earliest data is at time 75.991000, when looking up transform from frame [robot3/base_link] to frame [map]
[ros2-11] [planner_server-3] 
[ros2-11] [bt_navigator-5] [ERROR] [1785152966.860583673] [transformPoseInTargetFrame]: Extrapolation Error looking up target frame: Lookup would require extrapolation into the past.  Requested time 13.943000 but the earliest data is at time 75.991000, when looking up transform from frame [robot3/base_link] to frame [map]
[ros2-11] [bt_navigator-5] 
[ros2-11] [bt_navigator-5] [WARN] [1785152966.860714840] [BehaviorTreeEngine]: Behavior Tree tick rate 100.00 was exceeded!
[ros2-11] [bt_navigator-5] [ERROR] [1785152966.961715273] [transformPoseInTargetFrame]: Extrapolation Error looking up target frame: Lookup would require extrapolation into the past.  Requested time 13.943000 but the earliest data is at time 76.091000, when looking up transform from frame [robot3/base_link] to frame [map]
[ros2-11] [bt_navigator-5] 
[ros2-11] [bt_navigator-5] [WARN] [1785152966.961870317] [BehaviorTreeEngine]: Behavior Tree tick rate 100.00 was exceeded!
[ros2-11] [bt_navigator-5] [ERROR] [1785152967.062960525] [transformPoseInTargetFrame]: Extrapolation Error looking up target frame: Lookup would require extrapolation into the past.  Requested time 13.943000 but the earliest data is at time 76.191000, when looking up transform from frame [robot3/base_link] to frame [map]
[ros2-11] [bt_navigator-5] 
[ros2-11] [bt_navigator-5] [WARN] [1785152967.063119358] [BehaviorTreeEngine]: Behavior Tree tick rate 100.00 was exceeded!
[ros2-11] [bt_navigator-5] [ERROR] [1785152967.164076230] [transformPoseInTargetFrame]: Extrapolation Error looking up target frame: Lookup would require extrapolation into the past.  Requested time 13.943000 but the earliest data is at time 76.291000, when looking up transform from frame [robot3/base_link] to frame [map]
[ros2-11] [bt_navigator-5] 
[ros2-11] [bt_navigator-5] [WARN] [1785152967.164238075] [BehaviorTreeEngine]: Behavior Tree tick rate 100.00 was exceeded!
[ros2-11] [bt_navigator-5] [ERROR] [1785152967.265214913] [transformPoseInTargetFrame]: Extrapolation Error looking up target frame: Lookup would require extrapolation into the past.  Requested time 13.943000 but the earliest data is at time 76.391000, when looking up transform from frame [robot3/base_link] to frame [map]
[ros2-11] [bt_navigator-5] 
[ros2-11] [bt_navigator-5] [WARN] [1785152967.265340252] [BehaviorTreeEngine]: Behavior Tree tick rate 100.00 was exceeded!
[ros2-11] [bt_navigator-5] [ERROR] [1785152967.366391205] [transformPoseInTargetFrame]: Extrapolation Error looking up target frame: Lookup would require extrapolation into the past.  Requested time 13.943000 but the earliest data is at time 76.491000, when looking up transform from frame [robot3/base_link] to frame [map]
[ros2-11] [bt_navigator-5] 
[ros2-11] [bt_navigator-5] [WARN] [1785152967.366507868] [BehaviorTreeEngine]: Behavior Tree tick rate 100.00 was exceeded!
[ros2-11] [planner_server-3] [INFO] [1785152967.457524630] [robot3.global_costmap.global_costmap]: Message Filter dropping message: frame 'robot3/laser_frame' at time 86.445 for reason 'the timestamp on the message is earlier than all the data in the transform cache'
[ros2-11] [bt_navigator-5] [ERROR] [1785152967.467555979] [transformPoseInTargetFrame]: Extrapolation Error looking up target frame: Lookup would require extrapolation into the past.  Requested time 13.943000 but the earliest data is at time 76.591000, when looking up transform from frame [robot3/base_link] to frame [map]
[ros2-11] [bt_navigator-5] 
[ros2-11] [bt_navigator-5] [WARN] [1785152967.467670669] [BehaviorTreeEngine]: Behavior Tree tick rate 100.00 was exceeded!
[ros2-11] [bt_navigator-5] [ERROR] [1785152967.558596916] [transformPoseInTargetFrame]: Extrapolation Error looking up target frame: Lookup would require extrapolation into the past.  Requested time 13.943000 but the earliest data is at time 76.691000, when looking up transform from frame [robot3/base_link] to frame [map]
[ros2-11] [bt_navigator-5] 
[ros2-11] [bt_navigator-5] [WARN] [1785152967.558762905] [BehaviorTreeEngine]: Behavior Tree tick rate 100.00 was exceeded!
[ros2-11] [bt_navigator-5] [ERROR] [1785152967.659780185] [transformPoseInTargetFrame]: Extrapolation Error looking up target frame: Lookup would require extrapolation into the past.  Requested time 13.943000 but the earliest data is at time 76.791000, when looking up transform from frame [robot3/base_link] to frame [map]
[ros2-11] [bt_navigator-5] 
[ros2-11] [bt_navigator-5] [WARN] [1785152967.659905506] [BehaviorTreeEngine]: Behavior Tree tick rate 100.00 was exceeded!
[ros2-11] [bt_navigator-5] [ERROR] [1785152967.760877293] [transformPoseInTargetFrame]: Extrapolation Error looking up target frame: Lookup would require extrapolation into the past.  Requested time 13.943000 but the earliest data is at time 76.891000, when looking up transform from frame [robot3/base_link] to frame [map]
[ros2-11] [bt_navigator-5] 
[ros2-11] [bt_navigator-5] [WARN] [1785152967.761008178] [BehaviorTreeEngine]: Behavior Tree tick rate 100.00 was exceeded!
[ros2-11] [bt_navigator-5] [ERROR] [1785152967.861976987] [transformPoseInTargetFrame]: Extrapolation Error looking up target frame: Lookup would require extrapolation into the past.  Requested time 13.943000 but the earliest data is at time 76.991000, when looking up transform from frame [robot3/base_link] to frame [map]
[ros2-11] [bt_navigator-5] 
[ros2-11] [bt_navigator-5] [WARN] [1785152967.862132285] [BehaviorTreeEngine]: Behavior Tree tick rate 100.00 was exceeded!
[ros2-11] [planner_server-3] [ERROR] [1785152967.867741489] [transformPoseInTargetFrame]: Extrapolation Error looking up target frame: Lookup would require extrapolation into the past.  Requested time 13.943000 but the earliest data is at time 76.991000, when looking up transform from frame [robot3/base_link] to frame [map]
[ros2-11] [planner_server-3] 
[ros2-11] [bt_navigator-5] [ERROR] [1785152967.963116566] [transformPoseInTargetFrame]: Extrapolation Error looking up target frame: Lookup would require extrapolation into the past.  Requested time 13.943000 but the earliest data is at time 77.091000, when looking up transform from frame [robot3/base_link] to frame [map]
[ros2-11] [bt_navigator-5] 
[ros2-11] [bt_navigator-5] [WARN] [1785152967.963338120] [BehaviorTreeEngine]: Behavior Tree tick rate 100.00 was exceeded!
[ros2-11] [bt_navigator-5] [ERROR] [1785152968.064378386] [transformPoseInTargetFrame]: Extrapolation Error looking up target frame: Lookup would require extrapolation into the past.  Requested time 13.943000 but the earliest data is at time 77.191000, when looking up transform from frame [robot3/base_link] to frame [map]
[ros2-11] [bt_navigator-5] 
[ros2-11] [bt_navigator-5] [WARN] [1785152968.064521746] [BehaviorTreeEngine]: Behavior Tree tick rate 100.00 was exceeded!
[ros2-11] [bt_navigator-5] [ERROR] [1785152968.165531517] [transformPoseInTargetFrame]: Extrapolation Error looking up target frame: Lookup would require extrapolation into the past.  Requested time 13.943000 but the earliest data is at time 77.291000, when looking up transform from frame [robot3/base_link] to frame [map]
[ros2-11] [bt_navigator-5] 
[ros2-11] [bt_navigator-5] [WARN] [1785152968.165642226] [BehaviorTreeEngine]: Behavior Tree tick rate 100.00 was exceeded!
[ros2-11] [bt_navigator-5] [ERROR] [1785152968.266656728] [transformPoseInTargetFrame]: Extrapolation Error looking up target frame: Lookup would require extrapolation into the past.  Requested time 13.943000 but the earliest data is at time 77.391000, when looking up transform from frame [robot3/base_link] to frame [map]
[ros2-11] [bt_navigator-5] 
[ros2-11] [bt_navigator-5] [WARN] [1785152968.266828063] [BehaviorTreeEngine]: Behavior Tree tick rate 100.00 was exceeded!
[ros2-11] [bt_navigator-5] [ERROR] [1785152968.367859218] [transformPoseInTargetFrame]: Extrapolation Error looking up target frame: Lookup would require extrapolation into the past.  Requested time 13.943000 but the earliest data is at time 77.491000, when looking up transform from frame [robot3/base_link] to frame [map]
[ros2-11] [bt_navigator-5] 
[ros2-11] [bt_navigator-5] [WARN] [1785152968.368031258] [BehaviorTreeEngine]: Behavior Tree tick rate 100.00 was exceeded!
[ros2-11] [bt_navigator-5] [ERROR] [1785152968.469081131] [transformPoseInTargetFrame]: Extrapolation Error looking up target frame: Lookup would require extrapolation into the past.  Requested time 13.943000 but the earliest data is at time 77.591000, when looking up transform from frame [robot3/base_link] to frame [map]
[ros2-11] [bt_navigator-5] 
[ros2-11] [bt_navigator-5] [WARN] [1785152968.469240806] [BehaviorTreeEngine]: Behavior Tree tick rate 100.00 was exceeded!
[ros2-11] [bt_navigator-5] [ERROR] [1785152968.560242558] [transformPoseInTargetFrame]: Extrapolation Error looking up target frame: Lookup would require extrapolation into the past.  Requested time 13.943000 but the earliest data is at time 77.691000, when looking up transform from frame [robot3/base_link] to frame [map]
[ros2-11] [bt_navigator-5] 
[ros2-11] [bt_navigator-5] [WARN] [1785152968.560522569] [BehaviorTreeEngine]: Behavior Tree tick rate 100.00 was exceeded!
[ros2-11] [bt_navigator-5] [ERROR] [1785152968.661613321] [transformPoseInTargetFrame]: Extrapolation Error looking up target frame: Lookup would require extrapolation into the past.  Requested time 13.943000 but the earliest data is at time 77.791000, when looking up transform from frame [robot3/base_link] to frame [map]
[ros2-11] [bt_navigator-5] 
[ros2-11] [bt_navigator-5] [WARN] [1785152968.661733130] [BehaviorTreeEngine]: Behavior Tree tick rate 100.00 was exceeded!
[ros2-11] [bt_navigator-5] [ERROR] [1785152968.762737797] [transformPoseInTargetFrame]: Extrapolation Error looking up target frame: Lookup would require extrapolation into the past.  Requested time 13.943000 but the earliest data is at time 77.891000, when looking up transform from frame [robot3/base_link] to frame [map]
[ros2-11] [bt_navigator-5] 
[ros2-11] [bt_navigator-5] [WARN] [1785152968.762885715] [BehaviorTreeEngine]: Behavior Tree tick rate 100.00 was exceeded!
[ros2-11] [bt_navigator-5] [ERROR] [1785152968.863912076] [transformPoseInTargetFrame]: Extrapolation Error looking up target frame: Lookup would require extrapolation into the past.  Requested time 13.943000 but the earliest data is at time 77.991000, when looking up transform from frame [robot3/base_link] to frame [map]
[ros2-11] [bt_navigator-5] 
[ros2-11] [bt_navigator-5] [WARN] [1785152968.864047426] [BehaviorTreeEngine]: Behavior Tree tick rate 100.00 was exceeded!
[ros2-11] [planner_server-3] [ERROR] [1785152968.867798805] [transformPoseInTargetFrame]: Extrapolation Error looking up target frame: Lookup would require extrapolation into the past.  Requested time 13.943000 but the earliest data is at time 77.991000, when looking up transform from frame [robot3/base_link] to frame [map]
[ros2-11] [planner_server-3] 
[ros2-11] [bt_navigator-5] [ERROR] [1785152968.965033977] [transformPoseInTargetFrame]: Extrapolation Error looking up target frame: Lookup would require extrapolation into the past.  Requested time 13.943000 but the earliest data is at time 78.091000, when looking up transform from frame [robot3/base_link] to frame [map]
[ros2-11] [bt_navigator-5] 
[ros2-11] [bt_navigator-5] [WARN] [1785152968.965195456] [BehaviorTreeEngine]: Behavior Tree tick rate 100.00 was exceeded!
[ros2-11] [bt_navigator-5] [ERROR] [1785152969.066320996] [transformPoseInTargetFrame]: Extrapolation Error looking up target frame: Lookup would require extrapolation into the past.  Requested time 13.943000 but the earliest data is at time 78.191000, when looking up transform from frame [robot3/base_link] to frame [map]
[ros2-11] [bt_navigator-5] 
[ros2-11] [bt_navigator-5] [WARN] [1785152969.066471702] [BehaviorTreeEngine]: Behavior Tree tick rate 100.00 was exceeded!
[ros2-11] [bt_navigator-5] [ERROR] [1785152969.167542498] [transformPoseInTargetFrame]: Extrapolation Error looking up target frame: Lookup would require extrapolation into the past.  Requested time 13.943000 but the earliest data is at time 78.291000, when looking up transform from frame [robot3/base_link] to frame [map]
[ros2-11] [bt_navigator-5] 
[ros2-11] [bt_navigator-5] [WARN] [1785152969.167711085] [BehaviorTreeEngine]: Behavior Tree tick rate 100.00 was exceeded!
[ros2-11] [bt_navigator-5] [ERROR] [1785152969.268847189] [transformPoseInTargetFrame]: Extrapolation Error looking up target frame: Lookup would require extrapolation into the past.  Requested time 13.943000 but the earliest data is at time 78.391000, when looking up transform from frame [robot3/base_link] to frame [map]
[ros2-11] [bt_navigator-5] 
[ros2-11] [bt_navigator-5] [WARN] [1785152969.269096052] [BehaviorTreeEngine]: Behavior Tree tick rate 100.00 was exceeded!
[ros2-11] [bt_navigator-5] [ERROR] [1785152969.370249531] [transformPoseInTargetFrame]: Extrapolation Error looking up target frame: Lookup would require extrapolation into the past.  Requested time 13.943000 but the earliest data is at time 78.491000, when looking up transform from frame [robot3/base_link] to frame [map]
[ros2-11] [bt_navigator-5] 
[ros2-11] [bt_navigator-5] [WARN] [1785152969.370361542] [BehaviorTreeEngine]: Behavior Tree tick rate 100.00 was exceeded!
[ros2-11] [bt_navigator-5] [ERROR] [1785152969.461337809] [transformPoseInTargetFrame]: Extrapolation Error looking up target frame: Lookup would require extrapolation into the past.  Requested time 13.943000 but the earliest data is at time 78.591000, when looking up transform from frame [robot3/base_link] to frame [map]
[ros2-11] [bt_navigator-5] 
[ros2-11] [bt_navigator-5] [WARN] [1785152969.461493380] [BehaviorTreeEngine]: Behavior Tree tick rate 100.00 was exceeded!
[ros2-11] [bt_navigator-5] [ERROR] [1785152969.562581731] [transformPoseInTargetFrame]: Extrapolation Error looking up target frame: Lookup would require extrapolation into the past.  Requested time 13.943000 but the earliest data is at time 78.691000, when looking up transform from frame [robot3/base_link] to frame [map]
[ros2-11] [bt_navigator-5] 
[ros2-11] [bt_navigator-5] [WARN] [1785152969.562714715] [BehaviorTreeEngine]: Behavior Tree tick rate 100.00 was exceeded!
[ros2-11] [bt_navigator-5] [ERROR] [1785152969.663761167] [transformPoseInTargetFrame]: Extrapolation Error looking up target frame: Lookup would require extrapolation into the past.  Requested time 13.943000 but the earliest data is at time 78.791000, when looking up transform from frame [robot3/base_link] to frame [map]
[ros2-11] [bt_navigator-5] 
[ros2-11] [bt_navigator-5] [WARN] [1785152969.663935167] [BehaviorTreeEngine]: Behavior Tree tick rate 100.00 was exceeded!
[ros2-11] [bt_navigator-5] [ERROR] [1785152969.764965649] [transformPoseInTargetFrame]: Extrapolation Error looking up target frame: Lookup would require extrapolation into the past.  Requested time 13.943000 but the earliest data is at time 78.891000, when looking up transform from frame [robot3/base_link] to frame [map]
[ros2-11] [bt_navigator-5] 
[ros2-11] [bt_navigator-5] [WARN] [1785152969.765092976] [BehaviorTreeEngine]: Behavior Tree tick rate 100.00 was exceeded!
[ros2-11] [bt_navigator-5] [ERROR] [1785152969.866095464] [transformPoseInTargetFrame]: Extrapolation Error looking up target frame: Lookup would require extrapolation into the past.  Requested time 13.943000 but the earliest data is at time 78.991000, when looking up transform from frame [robot3/base_link] to frame [map]
[ros2-11] [bt_navigator-5] 
[ros2-11] [bt_navigator-5] [WARN] [1785152969.866238038] [BehaviorTreeEngine]: Behavior Tree tick rate 100.00 was exceeded!
[ros2-11] [planner_server-3] [ERROR] [1785152969.867693891] [transformPoseInTargetFrame]: Extrapolation Error looking up target frame: Lookup would require extrapolation into the past.  Requested time 13.943000 but the earliest data is at time 78.991000, when looking up transform from frame [robot3/base_link] to frame [map]
[ros2-11] [planner_server-3] 
[ros2-11] [planner_server-3] [INFO] [1785152969.961439433] [robot3.global_costmap.global_costmap]: Message Filter dropping message: frame 'robot3/laser_frame' at time 88.945 for reason 'the timestamp on the message is earlier than all the data in the transform cache'
[ros2-11] [bt_navigator-5] [ERROR] [1785152969.967161585] [transformPoseInTargetFrame]: Extrapolation Error looking up target frame: Lookup would require extrapolation into the past.  Requested time 13.943000 but the earliest data is at time 79.091000, when looking up transform from frame [robot3/base_link] to frame [map]
[ros2-11] [bt_navigator-5] 
[ros2-11] [bt_navigator-5] [WARN] [1785152969.967284379] [BehaviorTreeEngine]: Behavior Tree tick rate 100.00 was exceeded!
[ros2-11] [bt_navigator-5] [ERROR] [1785152970.068284593] [transformPoseInTargetFrame]: Extrapolation Error looking up target frame: Lookup would require extrapolation into the past.  Requested time 13.943000 but the earliest data is at time 79.191000, when looking up transform from frame [robot3/base_link] to frame [map]
[ros2-11] [bt_navigator-5] 
[ros2-11] [bt_navigator-5] [WARN] [1785152970.068482890] [BehaviorTreeEngine]: Behavior Tree tick rate 100.00 was exceeded!
[ros2-11] [bt_navigator-5] [ERROR] [1785152970.169568338] [transformPoseInTargetFrame]: Extrapolation Error looking up target frame: Lookup would require extrapolation into the past.  Requested time 13.943000 but the earliest data is at time 79.291000, when looking up transform from frame [robot3/base_link] to frame [map]
[ros2-11] [bt_navigator-5] 
[ros2-11] [bt_navigator-5] [WARN] [1785152970.169673632] [BehaviorTreeEngine]: Behavior Tree tick rate 100.00 was exceeded!
[ros2-11] [bt_navigator-5] [ERROR] [1785152970.270690874] [transformPoseInTargetFrame]: Extrapolation Error looking up target frame: Lookup would require extrapolation into the past.  Requested time 13.943000 but the earliest data is at time 79.391000, when looking up transform from frame [robot3/base_link] to frame [map]
[ros2-11] [bt_navigator-5] 
[ros2-11] [bt_navigator-5] [WARN] [1785152970.270832047] [BehaviorTreeEngine]: Behavior Tree tick rate 100.00 was exceeded!
[ros2-11] [bt_navigator-5] [ERROR] [1785152970.361868386] [transformPoseInTargetFrame]: Extrapolation Error looking up target frame: Lookup would require extrapolation into the past.  Requested time 13.943000 but the earliest data is at time 79.391000, when looking up transform from frame [robot3/base_link] to frame [map]
[ros2-11] [bt_navigator-5] 
[ros2-11] [bt_navigator-5] [WARN] [1785152970.362042073] [BehaviorTreeEngine]: Behavior Tree tick rate 100.00 was exceeded!
[ros2-11] [bt_navigator-5] [ERROR] [1785152970.463062932] [transformPoseInTargetFrame]: Extrapolation Error looking up target frame: Lookup would require extrapolation into the past.  Requested time 13.943000 but the earliest data is at time 79.591000, when looking up transform from frame [robot3/base_link] to frame [map]
[ros2-11] [bt_navigator-5] 
[ros2-11] [bt_navigator-5] [WARN] [1785152970.463331473] [BehaviorTreeEngine]: Behavior Tree tick rate 100.00 was exceeded!
[ros2-11] [bt_navigator-5] [ERROR] [1785152970.564381692] [transformPoseInTargetFrame]: Extrapolation Error looking up target frame: Lookup would require extrapolation into the past.  Requested time 13.943000 but the earliest data is at time 79.691000, when looking up transform from frame [robot3/base_link] to frame [map]
[ros2-11] [bt_navigator-5] 
[ros2-11] [bt_navigator-5] [WARN] [1785152970.564517491] [BehaviorTreeEngine]: Behavior Tree tick rate 100.00 was exceeded!
[ros2-11] [bt_navigator-5] [ERROR] [1785152970.665631715] [transformPoseInTargetFrame]: Extrapolation Error looking up target frame: Lookup would require extrapolation into the past.  Requested time 13.943000 but the earliest data is at time 79.791000, when looking up transform from frame [robot3/base_link] to frame [map]
[ros2-11] [bt_navigator-5] 
[ros2-11] [bt_navigator-5] [WARN] [1785152970.665742217] [BehaviorTreeEngine]: Behavior Tree tick rate 100.00 was exceeded!
[ros2-11] [bt_navigator-5] [ERROR] [1785152970.766781769] [transformPoseInTargetFrame]: Extrapolation Error looking up target frame: Lookup would require extrapolation into the past.  Requested time 13.943000 but the earliest data is at time 79.891000, when looking up transform from frame [robot3/base_link] to frame [map]
[ros2-11] [bt_navigator-5] 
[ros2-11] [bt_navigator-5] [WARN] [1785152970.766927172] [BehaviorTreeEngine]: Behavior Tree tick rate 100.00 was exceeded!
[ros2-11] [planner_server-3] [ERROR] [1785152970.867691030] [transformPoseInTargetFrame]: Extrapolation Error looking up target frame: Lookup would require extrapolation into the past.  Requested time 13.943000 but the earliest data is at time 79.991000, when looking up transform from frame [robot3/base_link] to frame [map]
[ros2-11] [planner_server-3] 
[ros2-11] [bt_navigator-5] [ERROR] [1785152970.867888694] [transformPoseInTargetFrame]: Extrapolation Error looking up target frame: Lookup would require extrapolation into the past.  Requested time 13.943000 but the earliest data is at time 79.991000, when looking up transform from frame [robot3/base_link] to frame [map]
[ros2-11] [bt_navigator-5] 
[ros2-11] [bt_navigator-5] [WARN] [1785152970.868057628] [BehaviorTreeEngine]: Behavior Tree tick rate 100.00 was exceeded!
[ros2-11] [bt_navigator-5] [ERROR] [1785152970.969099649] [transformPoseInTargetFrame]: Extrapolation Error looking up target frame: Lookup would require extrapolation into the past.  Requested time 13.943000 but the earliest data is at time 80.091000, when looking up transform from frame [robot3/base_link] to frame [map]
[ros2-11] [bt_navigator-5] 
[ros2-11] [bt_navigator-5] [WARN] [1785152970.969257807] [BehaviorTreeEngine]: Behavior Tree tick rate 100.00 was exceeded!
[ros2-11] [bt_navigator-5] [ERROR] [1785152971.070324118] [transformPoseInTargetFrame]: Extrapolation Error looking up target frame: Lookup would require extrapolation into the past.  Requested time 13.943000 but the earliest data is at time 80.191000, when looking up transform from frame [robot3/base_link] to frame [map]
[ros2-11] [bt_navigator-5] 
[ros2-11] [bt_navigator-5] [WARN] [1785152971.070470076] [BehaviorTreeEngine]: Behavior Tree tick rate 100.00 was exceeded!
[ros2-11] [bt_navigator-5] [ERROR] [1785152971.171524055] [transformPoseInTargetFrame]: Extrapolation Error looking up target frame: Lookup would require extrapolation into the past.  Requested time 13.943000 but the earliest data is at time 80.291000, when looking up transform from frame [robot3/base_link] to frame [map]
[ros2-11] [bt_navigator-5] 
[ros2-11] [bt_navigator-5] [WARN] [1785152971.171643740] [BehaviorTreeEngine]: Behavior Tree tick rate 100.00 was exceeded!
[ros2-11] [bt_navigator-5] [ERROR] [1785152971.272747592] [transformPoseInTargetFrame]: Extrapolation Error looking up target frame: Lookup would require extrapolation into the past.  Requested time 13.943000 but the earliest data is at time 80.391000, when looking up transform from frame [robot3/base_link] to frame [map]
[ros2-11] [bt_navigator-5] 
[ros2-11] [bt_navigator-5] [WARN] [1785152971.272963097] [BehaviorTreeEngine]: Behavior Tree tick rate 100.00 was exceeded!
[ros2-11] [bt_navigator-5] [ERROR] [1785152971.364040785] [transformPoseInTargetFrame]: Extrapolation Error looking up target frame: Lookup would require extrapolation into the past.  Requested time 13.943000 but the earliest data is at time 80.391000, when looking up transform from frame [robot3/base_link] to frame [map]
[ros2-11] [bt_navigator-5] 
[ros2-11] [bt_navigator-5] [WARN] [1785152971.364193729] [BehaviorTreeEngine]: Behavior Tree tick rate 100.00 was exceeded!
[ros2-11] [bt_navigator-5] [ERROR] [1785152971.465259913] [transformPoseInTargetFrame]: Extrapolation Error looking up target frame: Lookup would require extrapolation into the past.  Requested time 13.943000 but the earliest data is at time 80.591000, when looking up transform from frame [robot3/base_link] to frame [map]
[ros2-11] [bt_navigator-5] 
[ros2-11] [bt_navigator-5] [WARN] [1785152971.465394825] [BehaviorTreeEngine]: Behavior Tree tick rate 100.00 was exceeded!
[ros2-11] [bt_navigator-5] [ERROR] [1785152971.566454476] [transformPoseInTargetFrame]: Extrapolation Error looking up target frame: Lookup would require extrapolation into the past.  Requested time 13.943000 but the earliest data is at time 80.691000, when looking up transform from frame [robot3/base_link] to frame [map]
[ros2-11] [bt_navigator-5] 
[ros2-11] [bt_navigator-5] [WARN] [1785152971.566578906] [BehaviorTreeEngine]: Behavior Tree tick rate 100.00 was exceeded!
[ros2-11] [bt_navigator-5] [ERROR] [1785152971.667683439] [transformPoseInTargetFrame]: Extrapolation Error looking up target frame: Lookup would require extrapolation into the past.  Requested time 13.943000 but the earliest data is at time 80.791000, when looking up transform from frame [robot3/base_link] to frame [map]
[ros2-11] [bt_navigator-5] 
[ros2-11] [bt_navigator-5] [WARN] [1785152971.667811902] [BehaviorTreeEngine]: Behavior Tree tick rate 100.00 was exceeded!
[ros2-11] [bt_navigator-5] [ERROR] [1785152971.768842336] [transformPoseInTargetFrame]: Extrapolation Error looking up target frame: Lookup would require extrapolation into the past.  Requested time 13.943000 but the earliest data is at time 80.891000, when looking up transform from frame [robot3/base_link] to frame [map]
[ros2-11] [bt_navigator-5] 
[ros2-11] [bt_navigator-5] [WARN] [1785152971.768967922] [BehaviorTreeEngine]: Behavior Tree tick rate 100.00 was exceeded!
[ros2-11] [planner_server-3] [ERROR] [1785152971.867710933] [transformPoseInTargetFrame]: Extrapolation Error looking up target frame: Lookup would require extrapolation into the past.  Requested time 13.943000 but the earliest data is at time 80.991000, when looking up transform from frame [robot3/base_link] to frame [map]
[ros2-11] [planner_server-3] 
[ros2-11] [bt_navigator-5] [ERROR] [1785152971.869959124] [transformPoseInTargetFrame]: Extrapolation Error looking up target frame: Lookup would require extrapolation into the past.  Requested time 13.943000 but the earliest data is at time 80.991000, when looking up transform from frame [robot3/base_link] to frame [map]
[ros2-11] [bt_navigator-5] 
[ros2-11] [bt_navigator-5] [WARN] [1785152971.870103744] [BehaviorTreeEngine]: Behavior Tree tick rate 100.00 was exceeded!
[ros2-11] [bt_navigator-5] [ERROR] [1785152971.971108189] [transformPoseInTargetFrame]: Extrapolation Error looking up target frame: Lookup would require extrapolation into the past.  Requested time 13.943000 but the earliest data is at time 81.091000, when looking up transform from frame [robot3/base_link] to frame [map]
[ros2-11] [bt_navigator-5] 
[ros2-11] [bt_navigator-5] [WARN] [1785152971.971242311] [BehaviorTreeEngine]: Behavior Tree tick rate 100.00 was exceeded!
[ros2-11] [bt_navigator-5] [ERROR] [1785152972.072317838] [transformPoseInTargetFrame]: Extrapolation Error looking up target frame: Lookup would require extrapolation into the past.  Requested time 13.943000 but the earliest data is at time 81.191000, when looking up transform from frame [robot3/base_link] to frame [map]
[ros2-11] [bt_navigator-5] 
[ros2-11] [bt_navigator-5] [WARN] [1785152972.072453745] [BehaviorTreeEngine]: Behavior Tree tick rate 100.00 was exceeded!
[ros2-11] [bt_navigator-5] [ERROR] [1785152972.173513848] [transformPoseInTargetFrame]: Extrapolation Error looking up target frame: Lookup would require extrapolation into the past.  Requested time 13.943000 but the earliest data is at time 81.291000, when looking up transform from frame [robot3/base_link] to frame [map]
[ros2-11] [bt_navigator-5] 
[ros2-11] [bt_navigator-5] [WARN] [1785152972.173675781] [BehaviorTreeEngine]: Behavior Tree tick rate 100.00 was exceeded!
[ros2-11] [bt_navigator-5] [ERROR] [1785152972.274710173] [transformPoseInTargetFrame]: Extrapolation Error looking up target frame: Lookup would require extrapolation into the past.  Requested time 13.943000 but the earliest data is at time 81.391000, when looking up transform from frame [robot3/base_link] to frame [map]
[ros2-11] [bt_navigator-5] 
[ros2-11] [bt_navigator-5] [WARN] [1785152972.274856835] [BehaviorTreeEngine]: Behavior Tree tick rate 100.00 was exceeded!
[ros2-11] [bt_navigator-5] [ERROR] [1785152972.365993207] [transformPoseInTargetFrame]: Extrapolation Error looking up target frame: Lookup would require extrapolation into the past.  Requested time 13.943000 but the earliest data is at time 81.491000, when looking up transform from frame [robot3/base_link] to frame [map]
[ros2-11] [bt_navigator-5] 
[ros2-11] [bt_navigator-5] [WARN] [1785152972.366223971] [BehaviorTreeEngine]: Behavior Tree tick rate 100.00 was exceeded!
[ros2-11] [planner_server-3] [INFO] [1785152972.464247020] [robot3.global_costmap.global_costmap]: Message Filter dropping message: frame 'robot3/laser_frame' at time 91.445 for reason 'the timestamp on the message is earlier than all the data in the transform cache'
[ros2-11] [bt_navigator-5] [ERROR] [1785152972.467236452] [transformPoseInTargetFrame]: Extrapolation Error looking up target frame: Lookup would require extrapolation into the past.  Requested time 13.943000 but the earliest data is at time 81.591000, when looking up transform from frame [robot3/base_link] to frame [map]
[ros2-11] [bt_navigator-5] 
[ros2-11] [bt_navigator-5] [WARN] [1785152972.467347062] [BehaviorTreeEngine]: Behavior Tree tick rate 100.00 was exceeded!
[ros2-11] [bt_navigator-5] [ERROR] [1785152972.568393077] [transformPoseInTargetFrame]: Extrapolation Error looking up target frame: Lookup would require extrapolation into the past.  Requested time 13.943000 but the earliest data is at time 81.691000, when looking up transform from frame [robot3/base_link] to frame [map]
[ros2-11] [bt_navigator-5] 
[ros2-11] [bt_navigator-5] [WARN] [1785152972.568512547] [BehaviorTreeEngine]: Behavior Tree tick rate 100.00 was exceeded!
[ros2-11] [bt_navigator-5] [ERROR] [1785152972.669580732] [transformPoseInTargetFrame]: Extrapolation Error looking up target frame: Lookup would require extrapolation into the past.  Requested time 13.943000 but the earliest data is at time 81.791000, when looking up transform from frame [robot3/base_link] to frame [map]
[ros2-11] [bt_navigator-5] 
[ros2-11] [bt_navigator-5] [WARN] [1785152972.669796818] [BehaviorTreeEngine]: Behavior Tree tick rate 100.00 was exceeded!
[ros2-11] [bt_navigator-5] [ERROR] [1785152972.770805047] [transformPoseInTargetFrame]: Extrapolation Error looking up target frame: Lookup would require extrapolation into the past.  Requested time 13.943000 but the earliest data is at time 81.891000, when looking up transform from frame [robot3/base_link] to frame [map]
[ros2-11] [bt_navigator-5] 
[ros2-11] [bt_navigator-5] [WARN] [1785152972.770935516] [BehaviorTreeEngine]: Behavior Tree tick rate 100.00 was exceeded!
[ros2-11] [planner_server-3] [ERROR] [1785152972.868109018] [transformPoseInTargetFrame]: Extrapolation Error looking up target frame: Lookup would require extrapolation into the past.  Requested time 13.943000 but the earliest data is at time 81.991000, when looking up transform from frame [robot3/base_link] to frame [map]
[ros2-11] [planner_server-3] 
[ros2-11] [bt_navigator-5] [ERROR] [1785152972.871939813] [transformPoseInTargetFrame]: Extrapolation Error looking up target frame: Lookup would require extrapolation into the past.  Requested time 13.943000 but the earliest data is at time 81.991000, when looking up transform from frame [robot3/base_link] to frame [map]
[ros2-11] [bt_navigator-5] 
[ros2-11] [bt_navigator-5] [WARN] [1785152972.872071740] [BehaviorTreeEngine]: Behavior Tree tick rate 100.00 was exceeded!
[ros2-11] [bt_navigator-5] [ERROR] [1785152972.973117840] [transformPoseInTargetFrame]: Extrapolation Error looking up target frame: Lookup would require extrapolation into the past.  Requested time 13.943000 but the earliest data is at time 82.091000, when looking up transform from frame [robot3/base_link] to frame [map]
[ros2-11] [bt_navigator-5] 
[ros2-11] [bt_navigator-5] [WARN] [1785152972.973237551] [BehaviorTreeEngine]: Behavior Tree tick rate 100.00 was exceeded!
[ros2-11] [bt_navigator-5] [ERROR] [1785152973.074301603] [transformPoseInTargetFrame]: Extrapolation Error looking up target frame: Lookup would require extrapolation into the past.  Requested time 13.943000 but the earliest data is at time 82.191000, when looking up transform from frame [robot3/base_link] to frame [map]
[ros2-11] [bt_navigator-5] 
[ros2-11] [bt_navigator-5] [WARN] [1785152973.074451703] [BehaviorTreeEngine]: Behavior Tree tick rate 100.00 was exceeded!
[ros2-11] [bt_navigator-5] [ERROR] [1785152973.166214212] [transformPoseInTargetFrame]: Extrapolation Error looking up target frame: Lookup would require extrapolation into the past.  Requested time 13.943000 but the earliest data is at time 82.291000, when looking up transform from frame [robot3/base_link] to frame [map]
[ros2-11] [bt_navigator-5] 
[ros2-11] [bt_navigator-5] [WARN] [1785152973.166361052] [BehaviorTreeEngine]: Behavior Tree tick rate 100.00 was exceeded!
[ros2-11] [bt_navigator-5] [ERROR] [1785152973.267415764] [transformPoseInTargetFrame]: Extrapolation Error looking up target frame: Lookup would require extrapolation into the past.  Requested time 13.943000 but the earliest data is at time 82.391000, when looking up transform from frame [robot3/base_link] to frame [map]
[ros2-11] [bt_navigator-5] 
[ros2-11] [bt_navigator-5] [WARN] [1785152973.267576835] [BehaviorTreeEngine]: Behavior Tree tick rate 100.00 was exceeded!
[ros2-11] [bt_navigator-5] [ERROR] [1785152973.368611195] [transformPoseInTargetFrame]: Extrapolation Error looking up target frame: Lookup would require extrapolation into the past.  Requested time 13.943000 but the earliest data is at time 82.491000, when looking up transform from frame [robot3/base_link] to frame [map]
[ros2-11] [bt_navigator-5] 
[ros2-11] [bt_navigator-5] [WARN] [1785152973.368719362] [BehaviorTreeEngine]: Behavior Tree tick rate 100.00 was exceeded!
[ros2-11] [bt_navigator-5] [ERROR] [1785152973.469768553] [transformPoseInTargetFrame]: Extrapolation Error looking up target frame: Lookup would require extrapolation into the past.  Requested time 13.943000 but the earliest data is at time 82.591000, when looking up transform from frame [robot3/base_link] to frame [map]
[ros2-11] [bt_navigator-5] 
[ros2-11] [bt_navigator-5] [WARN] [1785152973.470009422] [BehaviorTreeEngine]: Behavior Tree tick rate 100.00 was exceeded!
[ros2-11] [bt_navigator-5] [ERROR] [1785152973.571042852] [transformPoseInTargetFrame]: Extrapolation Error looking up target frame: Lookup would require extrapolation into the past.  Requested time 13.943000 but the earliest data is at time 82.691000, when looking up transform from frame [robot3/base_link] to frame [map]
[ros2-11] [bt_navigator-5] 
[ros2-11] [bt_navigator-5] [WARN] [1785152973.571178292] [BehaviorTreeEngine]: Behavior Tree tick rate 100.00 was exceeded!
[ros2-11] [bt_navigator-5] [ERROR] [1785152973.672234145] [transformPoseInTargetFrame]: Extrapolation Error looking up target frame: Lookup would require extrapolation into the past.  Requested time 13.943000 but the earliest data is at time 82.791000, when looking up transform from frame [robot3/base_link] to frame [map]
[ros2-11] [bt_navigator-5] 
[ros2-11] [bt_navigator-5] [WARN] [1785152973.672389012] [BehaviorTreeEngine]: Behavior Tree tick rate 100.00 was exceeded!
[ros2-11] [bt_navigator-5] [ERROR] [1785152973.773477985] [transformPoseInTargetFrame]: Extrapolation Error looking up target frame: Lookup would require extrapolation into the past.  Requested time 13.943000 but the earliest data is at time 82.891000, when looking up transform from frame [robot3/base_link] to frame [map]
[ros2-11] [bt_navigator-5] 
[ros2-11] [bt_navigator-5] [WARN] [1785152973.773585886] [BehaviorTreeEngine]: Behavior Tree tick rate 100.00 was exceeded!
[ros2-11] [planner_server-3] [ERROR] [1785152973.867751820] [transformPoseInTargetFrame]: Extrapolation Error looking up target frame: Lookup would require extrapolation into the past.  Requested time 13.943000 but the earliest data is at time 82.991000, when looking up transform from frame [robot3/base_link] to frame [map]
[ros2-11] [planner_server-3] 
[ros2-11] [bt_navigator-5] [ERROR] [1785152973.874577990] [transformPoseInTargetFrame]: Extrapolation Error looking up target frame: Lookup would require extrapolation into the past.  Requested time 13.943000 but the earliest data is at time 82.991000, when looking up transform from frame [robot3/base_link] to frame [map]
[ros2-11] [bt_navigator-5] 
[ros2-11] [bt_navigator-5] [WARN] [1785152973.874706042] [BehaviorTreeEngine]: Behavior Tree tick rate 100.00 was exceeded!
[ros2-11] [bt_navigator-5] [ERROR] [1785152973.975839402] [transformPoseInTargetFrame]: Extrapolation Error looking up target frame: Lookup would require extrapolation into the past.  Requested time 13.943000 but the earliest data is at time 83.091000, when looking up transform from frame [robot3/base_link] to frame [map]
[ros2-11] [bt_navigator-5] 
[ros2-11] [bt_navigator-5] [WARN] [1785152973.975991606] [BehaviorTreeEngine]: Behavior Tree tick rate 100.00 was exceeded!
[ros2-11] [bt_navigator-5] [ERROR] [1785152974.067062918] [transformPoseInTargetFrame]: Extrapolation Error looking up target frame: Lookup would require extrapolation into the past.  Requested time 13.943000 but the earliest data is at time 83.091000, when looking up transform from frame [robot3/base_link] to frame [map]
[ros2-11] [bt_navigator-5] 
[ros2-11] [bt_navigator-5] [WARN] [1785152974.067402811] [BehaviorTreeEngine]: Behavior Tree tick rate 100.00 was exceeded!
[ros2-11] [bt_navigator-5] [ERROR] [1785152974.168448248] [transformPoseInTargetFrame]: Extrapolation Error looking up target frame: Lookup would require extrapolation into the past.  Requested time 13.943000 but the earliest data is at time 83.291000, when looking up transform from frame [robot3/base_link] to frame [map]
[ros2-11] [bt_navigator-5] 
[ros2-11] [bt_navigator-5] [WARN] [1785152974.168573368] [BehaviorTreeEngine]: Behavior Tree tick rate 100.00 was exceeded!
[ros2-11] [bt_navigator-5] [ERROR] [1785152974.269537192] [transformPoseInTargetFrame]: Extrapolation Error looking up target frame: Lookup would require extrapolation into the past.  Requested time 13.943000 but the earliest data is at time 83.391000, when looking up transform from frame [robot3/base_link] to frame [map]
[ros2-11] [bt_navigator-5] 
[ros2-11] [bt_navigator-5] [WARN] [1785152974.269708822] [BehaviorTreeEngine]: Behavior Tree tick rate 100.00 was exceeded!
[ros2-11] [bt_navigator-5] [ERROR] [1785152974.370788191] [transformPoseInTargetFrame]: Extrapolation Error looking up target frame: Lookup would require extrapolation into the past.  Requested time 13.943000 but the earliest data is at time 83.491000, when looking up transform from frame [robot3/base_link] to frame [map]
[ros2-11] [bt_navigator-5] 
[ros2-11] [bt_navigator-5] [WARN] [1785152974.370908619] [BehaviorTreeEngine]: Behavior Tree tick rate 100.00 was exceeded!
[ros2-11] [bt_navigator-5] [ERROR] [1785152974.471922126] [transformPoseInTargetFrame]: Extrapolation Error looking up target frame: Lookup would require extrapolation into the past.  Requested time 13.943000 but the earliest data is at time 83.591000, when looking up transform from frame [robot3/base_link] to frame [map]
[ros2-11] [bt_navigator-5] 
[ros2-11] [bt_navigator-5] [WARN] [1785152974.472043000] [BehaviorTreeEngine]: Behavior Tree tick rate 100.00 was exceeded!
[ros2-11] [bt_navigator-5] [ERROR] [1785152974.573101926] [transformPoseInTargetFrame]: Extrapolation Error looking up target frame: Lookup would require extrapolation into the past.  Requested time 13.943000 but the earliest data is at time 83.691000, when looking up transform from frame [robot3/base_link] to frame [map]
[ros2-11] [bt_navigator-5] 
[ros2-11] [bt_navigator-5] [WARN] [1785152974.573257131] [BehaviorTreeEngine]: Behavior Tree tick rate 100.00 was exceeded!
[ros2-11] [bt_navigator-5] [ERROR] [1785152974.674332962] [transformPoseInTargetFrame]: Extrapolation Error looking up target frame: Lookup would require extrapolation into the past.  Requested time 13.943000 but the earliest data is at time 83.791000, when looking up transform from frame [robot3/base_link] to frame [map]
[ros2-11] [bt_navigator-5] 
[ros2-11] [bt_navigator-5] [WARN] [1785152974.674448818] [BehaviorTreeEngine]: Behavior Tree tick rate 100.00 was exceeded!
[ros2-11] [bt_navigator-5] [ERROR] [1785152974.775468561] [transformPoseInTargetFrame]: Extrapolation Error looking up target frame: Lookup would require extrapolation into the past.  Requested time 13.943000 but the earliest data is at time 83.891000, when looking up transform from frame [robot3/base_link] to frame [map]
[ros2-11] [bt_navigator-5] 
[ros2-11] [bt_navigator-5] [WARN] [1785152974.775599783] [BehaviorTreeEngine]: Behavior Tree tick rate 100.00 was exceeded!
[ros2-11] [planner_server-3] [ERROR] [1785152974.867630199] [transformPoseInTargetFrame]: Extrapolation Error looking up target frame: Lookup would require extrapolation into the past.  Requested time 13.943000 but the earliest data is at time 83.891000, when looking up transform from frame [robot3/base_link] to frame [map]
[ros2-11] [planner_server-3] 
[ros2-11] [bt_navigator-5] [ERROR] [1785152974.876718977] [transformPoseInTargetFrame]: Extrapolation Error looking up target frame: Lookup would require extrapolation into the past.  Requested time 13.943000 but the earliest data is at time 83.991000, when looking up transform from frame [robot3/base_link] to frame [map]
[ros2-11] [bt_navigator-5] 
[ros2-11] [bt_navigator-5] [WARN] [1785152974.876878593] [BehaviorTreeEngine]: Behavior Tree tick rate 100.00 was exceeded!
[ros2-11] [planner_server-3] [INFO] [1785152974.968287105] [robot3.global_costmap.global_costmap]: Message Filter dropping message: frame 'robot3/laser_frame' at time 93.945 for reason 'the timestamp on the message is earlier than all the data in the transform cache'
[ros2-11] [bt_navigator-5] [ERROR] [1785152974.977919469] [transformPoseInTargetFrame]: Extrapolation Error looking up target frame: Lookup would require extrapolation into the past.  Requested time 13.943000 but the earliest data is at time 84.091000, when looking up transform from frame [robot3/base_link] to frame [map]
[ros2-11] [bt_navigator-5] 
[ros2-11] [bt_navigator-5] [WARN] [1785152974.978067207] [BehaviorTreeEngine]: Behavior Tree tick rate 100.00 was exceeded!
[ros2-11] [bt_navigator-5] [ERROR] [1785152975.069040186] [transformPoseInTargetFrame]: Extrapolation Error looking up target frame: Lookup would require extrapolation into the past.  Requested time 13.943000 but the earliest data is at time 84.191000, when looking up transform from frame [robot3/base_link] to frame [map]
[ros2-11] [bt_navigator-5] 
[ros2-11] [bt_navigator-5] [WARN] [1785152975.069182728] [BehaviorTreeEngine]: Behavior Tree tick rate 100.00 was exceeded!
[ros2-11] [bt_navigator-5] [ERROR] [1785152975.170248329] [transformPoseInTargetFrame]: Extrapolation Error looking up target frame: Lookup would require extrapolation into the past.  Requested time 13.943000 but the earliest data is at time 84.291000, when looking up transform from frame [robot3/base_link] to frame [map]
[ros2-11] [bt_navigator-5] 
[ros2-11] [bt_navigator-5] [WARN] [1785152975.170470777] [BehaviorTreeEngine]: Behavior Tree tick rate 100.00 was exceeded!
[ros2-11] [bt_navigator-5] [ERROR] [1785152975.271472278] [transformPoseInTargetFrame]: Extrapolation Error looking up target frame: Lookup would require extrapolation into the past.  Requested time 13.943000 but the earliest data is at time 84.391000, when looking up transform from frame [robot3/base_link] to frame [map]
[ros2-11] [bt_navigator-5] 
[ros2-11] [bt_navigator-5] [WARN] [1785152975.271580242] [BehaviorTreeEngine]: Behavior Tree tick rate 100.00 was exceeded!
[ros2-11] [bt_navigator-5] [ERROR] [1785152975.372575368] [transformPoseInTargetFrame]: Extrapolation Error looking up target frame: Lookup would require extrapolation into the past.  Requested time 13.943000 but the earliest data is at time 84.491000, when looking up transform from frame [robot3/base_link] to frame [map]
[ros2-11] [bt_navigator-5] 
[ros2-11] [bt_navigator-5] [WARN] [1785152975.372700231] [BehaviorTreeEngine]: Behavior Tree tick rate 100.00 was exceeded!
[ros2-11] [bt_navigator-5] [ERROR] [1785152975.473819756] [transformPoseInTargetFrame]: Extrapolation Error looking up target frame: Lookup would require extrapolation into the past.  Requested time 13.943000 but the earliest data is at time 84.591000, when looking up transform from frame [robot3/base_link] to frame [map]
[ros2-11] [bt_navigator-5] 
[ros2-11] [bt_navigator-5] [WARN] [1785152975.473953622] [BehaviorTreeEngine]: Behavior Tree tick rate 100.00 was exceeded!
[ros2-11] [bt_navigator-5] [ERROR] [1785152975.574942316] [transformPoseInTargetFrame]: Extrapolation Error looking up target frame: Lookup would require extrapolation into the past.  Requested time 13.943000 but the earliest data is at time 84.691000, when looking up transform from frame [robot3/base_link] to frame [map]
[ros2-11] [bt_navigator-5] 
[ros2-11] [bt_navigator-5] [WARN] [1785152975.575053788] [BehaviorTreeEngine]: Behavior Tree tick rate 100.00 was exceeded!
[ros2-11] [bt_navigator-5] [ERROR] [1785152975.676161800] [transformPoseInTargetFrame]: Extrapolation Error looking up target frame: Lookup would require extrapolation into the past.  Requested time 13.943000 but the earliest data is at time 84.791000, when looking up transform from frame [robot3/base_link] to frame [map]
[ros2-11] [bt_navigator-5] 
[ros2-11] [bt_navigator-5] [WARN] [1785152975.676281322] [BehaviorTreeEngine]: Behavior Tree tick rate 100.00 was exceeded!
[ros2-11] [bt_navigator-5] [ERROR] [1785152975.777268168] [transformPoseInTargetFrame]: Extrapolation Error looking up target frame: Lookup would require extrapolation into the past.  Requested time 13.943000 but the earliest data is at time 84.891000, when looking up transform from frame [robot3/base_link] to frame [map]
[ros2-11] [bt_navigator-5] 
[ros2-11] [bt_navigator-5] [WARN] [1785152975.777395668] [BehaviorTreeEngine]: Behavior Tree tick rate 100.00 was exceeded!
[ros2-11] [planner_server-3] [ERROR] [1785152975.877883342] [transformPoseInTargetFrame]: Extrapolation Error looking up target frame: Lookup would require extrapolation into the past.  Requested time 13.943000 but the earliest data is at time 84.991000, when looking up transform from frame [robot3/base_link] to frame [map]
[ros2-11] [planner_server-3] 
[ros2-11] [bt_navigator-5] [ERROR] [1785152975.878469376] [transformPoseInTargetFrame]: Extrapolation Error looking up target frame: Lookup would require extrapolation into the past.  Requested time 13.943000 but the earliest data is at time 84.991000, when looking up transform from frame [robot3/base_link] to frame [map]
[ros2-11] [bt_navigator-5] 
[ros2-11] [bt_navigator-5] [WARN] [1785152975.878602127] [BehaviorTreeEngine]: Behavior Tree tick rate 100.00 was exceeded!
[ros2-11] [bt_navigator-5] [ERROR] [1785152975.969974052] [transformPoseInTargetFrame]: Extrapolation Error looking up target frame: Lookup would require extrapolation into the past.  Requested time 13.943000 but the earliest data is at time 84.991000, when looking up transform from frame [robot3/base_link] to frame [map]
[ros2-11] [bt_navigator-5] 
[ros2-11] [bt_navigator-5] [WARN] [1785152975.970277997] [BehaviorTreeEngine]: Behavior Tree tick rate 100.00 was exceeded!
[ros2-11] [bt_navigator-5] [ERROR] [1785152976.071304213] [transformPoseInTargetFrame]: Extrapolation Error looking up target frame: Lookup would require extrapolation into the past.  Requested time 13.943000 but the earliest data is at time 85.191000, when looking up transform from frame [robot3/base_link] to frame [map]
[ros2-11] [bt_navigator-5] 
[ros2-11] [bt_navigator-5] [WARN] [1785152976.071466155] [BehaviorTreeEngine]: Behavior Tree tick rate 100.00 was exceeded!
[ros2-11] [bt_navigator-5] [ERROR] [1785152976.172537586] [transformPoseInTargetFrame]: Extrapolation Error looking up target frame: Lookup would require extrapolation into the past.  Requested time 13.943000 but the earliest data is at time 85.291000, when looking up transform from frame [robot3/base_link] to frame [map]
[ros2-11] [bt_navigator-5] 
[ros2-11] [bt_navigator-5] [WARN] [1785152976.172687818] [BehaviorTreeEngine]: Behavior Tree tick rate 100.00 was exceeded!
[ros2-11] [bt_navigator-5] [ERROR] [1785152976.273724318] [transformPoseInTargetFrame]: Extrapolation Error looking up target frame: Lookup would require extrapolation into the past.  Requested time 13.943000 but the earliest data is at time 85.391000, when looking up transform from frame [robot3/base_link] to frame [map]
[ros2-11] [bt_navigator-5] 
[ros2-11] [bt_navigator-5] [WARN] [1785152976.273849867] [BehaviorTreeEngine]: Behavior Tree tick rate 100.00 was exceeded!
[ros2-11] [bt_navigator-5] [ERROR] [1785152976.374819739] [transformPoseInTargetFrame]: Extrapolation Error looking up target frame: Lookup would require extrapolation into the past.  Requested time 13.943000 but the earliest data is at time 85.491000, when looking up transform from frame [robot3/base_link] to frame [map]
[ros2-11] [bt_navigator-5] 
[ros2-11] [bt_navigator-5] [WARN] [1785152976.374925764] [BehaviorTreeEngine]: Behavior Tree tick rate 100.00 was exceeded!
[ros2-11] [bt_navigator-5] [ERROR] [1785152976.475948470] [transformPoseInTargetFrame]: Extrapolation Error looking up target frame: Lookup would require extrapolation into the past.  Requested time 13.943000 but the earliest data is at time 85.591000, when looking up transform from frame [robot3/base_link] to frame [map]
[ros2-11] [bt_navigator-5] 
[ros2-11] [bt_navigator-5] [WARN] [1785152976.476186628] [BehaviorTreeEngine]: Behavior Tree tick rate 100.00 was exceeded!
[ros2-11] [bt_navigator-5] [ERROR] [1785152976.577188265] [transformPoseInTargetFrame]: Extrapolation Error looking up target frame: Lookup would require extrapolation into the past.  Requested time 13.943000 but the earliest data is at time 85.691000, when looking up transform from frame [robot3/base_link] to frame [map]
[ros2-11] [bt_navigator-5] 
[ros2-11] [bt_navigator-5] [WARN] [1785152976.577305932] [BehaviorTreeEngine]: Behavior Tree tick rate 100.00 was exceeded!
[ros2-11] [bt_navigator-5] [ERROR] [1785152976.678278814] [transformPoseInTargetFrame]: Extrapolation Error looking up target frame: Lookup would require extrapolation into the past.  Requested time 13.943000 but the earliest data is at time 85.791000, when looking up transform from frame [robot3/base_link] to frame [map]
[ros2-11] [bt_navigator-5] 
[ros2-11] [bt_navigator-5] [WARN] [1785152976.678414868] [BehaviorTreeEngine]: Behavior Tree tick rate 100.00 was exceeded!
[ros2-11] [bt_navigator-5] [ERROR] [1785152976.779667048] [transformPoseInTargetFrame]: Extrapolation Error looking up target frame: Lookup would require extrapolation into the past.  Requested time 13.943000 but the earliest data is at time 85.891000, when looking up transform from frame [robot3/base_link] to frame [map]
[ros2-11] [bt_navigator-5] 
[ros2-11] [bt_navigator-5] [WARN] [1785152976.779832011] [BehaviorTreeEngine]: Behavior Tree tick rate 100.00 was exceeded!
[ros2-11] [bt_navigator-5] [ERROR] [1785152976.870817409] [transformPoseInTargetFrame]: Extrapolation Error looking up target frame: Lookup would require extrapolation into the past.  Requested time 13.943000 but the earliest data is at time 85.891000, when looking up transform from frame [robot3/base_link] to frame [map]
[ros2-11] [bt_navigator-5] 
[ros2-11] [bt_navigator-5] [WARN] [1785152976.871000021] [BehaviorTreeEngine]: Behavior Tree tick rate 100.00 was exceeded!
[ros2-11] [planner_server-3] [ERROR] [1785152976.877925425] [transformPoseInTargetFrame]: Extrapolation Error looking up target frame: Lookup would require extrapolation into the past.  Requested time 13.943000 but the earliest data is at time 85.991000, when looking up transform from frame [robot3/base_link] to frame [map]
[ros2-11] [planner_server-3] 
[ros2-11] [bt_navigator-5] [ERROR] [1785152976.972025539] [transformPoseInTargetFrame]: Extrapolation Error looking up target frame: Lookup would require extrapolation into the past.  Requested time 13.943000 but the earliest data is at time 86.091000, when looking up transform from frame [robot3/base_link] to frame [map]
[ros2-11] [bt_navigator-5] 
[ros2-11] [bt_navigator-5] [WARN] [1785152976.972157328] [BehaviorTreeEngine]: Behavior Tree tick rate 100.00 was exceeded!
[ros2-11] [bt_navigator-5] [ERROR] [1785152977.073308042] [transformPoseInTargetFrame]: Extrapolation Error looking up target frame: Lookup would require extrapolation into the past.  Requested time 13.943000 but the earliest data is at time 86.191000, when looking up transform from frame [robot3/base_link] to frame [map]
[ros2-11] [bt_navigator-5] 
[ros2-11] [bt_navigator-5] [WARN] [1785152977.074119006] [BehaviorTreeEngine]: Behavior Tree tick rate 100.00 was exceeded!
[ros2-11] [bt_navigator-5] [ERROR] [1785152977.175154587] [transformPoseInTargetFrame]: Extrapolation Error looking up target frame: Lookup would require extrapolation into the past.  Requested time 13.943000 but the earliest data is at time 86.291000, when looking up transform from frame [robot3/base_link] to frame [map]
[ros2-11] [bt_navigator-5] 
[ros2-11] [bt_navigator-5] [WARN] [1785152977.175272595] [BehaviorTreeEngine]: Behavior Tree tick rate 100.00 was exceeded!
[ros2-11] [bt_navigator-5] [ERROR] [1785152977.276214443] [transformPoseInTargetFrame]: Extrapolation Error looking up target frame: Lookup would require extrapolation into the past.  Requested time 13.943000 but the earliest data is at time 86.391000, when looking up transform from frame [robot3/base_link] to frame [map]
[ros2-11] [bt_navigator-5] 
[ros2-11] [bt_navigator-5] [WARN] [1785152977.276365995] [BehaviorTreeEngine]: Behavior Tree tick rate 100.00 was exceeded!
[ros2-11] [bt_navigator-5] [ERROR] [1785152977.377410484] [transformPoseInTargetFrame]: Extrapolation Error looking up target frame: Lookup would require extrapolation into the past.  Requested time 13.943000 but the earliest data is at time 86.491000, when looking up transform from frame [robot3/base_link] to frame [map]
[ros2-11] [bt_navigator-5] 
[ros2-11] [bt_navigator-5] [WARN] [1785152977.377518091] [BehaviorTreeEngine]: Behavior Tree tick rate 100.00 was exceeded!
[ros2-11] [planner_server-3] [INFO] [1785152977.471978934] [robot3.global_costmap.global_costmap]: Message Filter dropping message: frame 'robot3/laser_frame' at time 96.445 for reason 'the timestamp on the message is earlier than all the data in the transform cache'
[ros2-11] [bt_navigator-5] [ERROR] [1785152977.478484626] [transformPoseInTargetFrame]: Extrapolation Error looking up target frame: Lookup would require extrapolation into the past.  Requested time 13.943000 but the earliest data is at time 86.591000, when looking up transform from frame [robot3/base_link] to frame [map]
[ros2-11] [bt_navigator-5] 
[ros2-11] [bt_navigator-5] [WARN] [1785152977.478727375] [BehaviorTreeEngine]: Behavior Tree tick rate 100.00 was exceeded!
[ros2-11] [bt_navigator-5] [ERROR] [1785152977.579782518] [transformPoseInTargetFrame]: Extrapolation Error looking up target frame: Lookup would require extrapolation into the past.  Requested time 13.943000 but the earliest data is at time 86.691000, when looking up transform from frame [robot3/base_link] to frame [map]
[ros2-11] [bt_navigator-5] 
[ros2-11] [bt_navigator-5] [WARN] [1785152977.579998688] [BehaviorTreeEngine]: Behavior Tree tick rate 100.00 was exceeded!
[ros2-11] [bt_navigator-5] [ERROR] [1785152977.681031873] [transformPoseInTargetFrame]: Extrapolation Error looking up target frame: Lookup would require extrapolation into the past.  Requested time 13.943000 but the earliest data is at time 86.791000, when looking up transform from frame [robot3/base_link] to frame [map]
[ros2-11] [bt_navigator-5] 
[ros2-11] [bt_navigator-5] [WARN] [1785152977.681188731] [BehaviorTreeEngine]: Behavior Tree tick rate 100.00 was exceeded!
[ros2-11] [bt_navigator-5] [ERROR] [1785152977.773431304] [transformPoseInTargetFrame]: Extrapolation Error looking up target frame: Lookup would require extrapolation into the past.  Requested time 13.943000 but the earliest data is at time 86.891000, when looking up transform from frame [robot3/base_link] to frame [map]
[ros2-11] [bt_navigator-5] 
[ros2-11] [bt_navigator-5] [WARN] [1785152977.773558687] [BehaviorTreeEngine]: Behavior Tree tick rate 100.00 was exceeded!
[ros2-11] [bt_navigator-5] [ERROR] [1785152977.874516275] [transformPoseInTargetFrame]: Extrapolation Error looking up target frame: Lookup would require extrapolation into the past.  Requested time 13.943000 but the earliest data is at time 86.991000, when looking up transform from frame [robot3/base_link] to frame [map]
[ros2-11] [bt_navigator-5] 
[ros2-11] [bt_navigator-5] [WARN] [1785152977.874636084] [BehaviorTreeEngine]: Behavior Tree tick rate 100.00 was exceeded!
[ros2-11] [planner_server-3] [ERROR] [1785152977.877930445] [transformPoseInTargetFrame]: Extrapolation Error looking up target frame: Lookup would require extrapolation into the past.  Requested time 13.943000 but the earliest data is at time 86.991000, when looking up transform from frame [robot3/base_link] to frame [map]
[ros2-11] [planner_server-3] 
[ros2-11] [bt_navigator-5] [ERROR] [1785152977.975868590] [transformPoseInTargetFrame]: Extrapolation Error looking up target frame: Lookup would require extrapolation into the past.  Requested time 13.943000 but the earliest data is at time 87.091000, when looking up transform from frame [robot3/base_link] to frame [map]
[ros2-11] [bt_navigator-5] 
[ros2-11] [bt_navigator-5] [WARN] [1785152977.976072887] [BehaviorTreeEngine]: Behavior Tree tick rate 100.00 was exceeded!
[ros2-11] [bt_navigator-5] [ERROR] [1785152978.077181618] [transformPoseInTargetFrame]: Extrapolation Error looking up target frame: Lookup would require extrapolation into the past.  Requested time 13.943000 but the earliest data is at time 87.191000, when looking up transform from frame [robot3/base_link] to frame [map]
[ros2-11] [bt_navigator-5] 
[ros2-11] [bt_navigator-5] [WARN] [1785152978.077305003] [BehaviorTreeEngine]: Behavior Tree tick rate 100.00 was exceeded!
[ros2-11] [bt_navigator-5] [ERROR] [1785152978.178389597] [transformPoseInTargetFrame]: Extrapolation Error looking up target frame: Lookup would require extrapolation into the past.  Requested time 13.943000 but the earliest data is at time 87.291000, when looking up transform from frame [robot3/base_link] to frame [map]
[ros2-11] [bt_navigator-5] 
[ros2-11] [bt_navigator-5] [WARN] [1785152978.178541774] [BehaviorTreeEngine]: Behavior Tree tick rate 100.00 was exceeded!
[ros2-11] [bt_navigator-5] [ERROR] [1785152978.279566830] [transformPoseInTargetFrame]: Extrapolation Error looking up target frame: Lookup would require extrapolation into the past.  Requested time 13.943000 but the earliest data is at time 87.391000, when looking up transform from frame [robot3/base_link] to frame [map]
[ros2-11] [bt_navigator-5] 
[ros2-11] [bt_navigator-5] [WARN] [1785152978.279698538] [BehaviorTreeEngine]: Behavior Tree tick rate 100.00 was exceeded!
[ros2-11] [bt_navigator-5] [ERROR] [1785152978.380681523] [transformPoseInTargetFrame]: Extrapolation Error looking up target frame: Lookup would require extrapolation into the past.  Requested time 13.943000 but the earliest data is at time 87.491000, when looking up transform from frame [robot3/base_link] to frame [map]
[ros2-11] [bt_navigator-5] 
[ros2-11] [bt_navigator-5] [WARN] [1785152978.380844531] [BehaviorTreeEngine]: Behavior Tree tick rate 100.00 was exceeded!
[ros2-11] [bt_navigator-5] [ERROR] [1785152978.481907263] [transformPoseInTargetFrame]: Extrapolation Error looking up target frame: Lookup would require extrapolation into the past.  Requested time 13.943000 but the earliest data is at time 87.591000, when looking up transform from frame [robot3/base_link] to frame [map]
[ros2-11] [bt_navigator-5] 
[ros2-11] [bt_navigator-5] [WARN] [1785152978.482070981] [BehaviorTreeEngine]: Behavior Tree tick rate 100.00 was exceeded!
[ros2-11] [bt_navigator-5] [ERROR] [1785152978.585948257] [transformPoseInTargetFrame]: Extrapolation Error looking up target frame: Lookup would require extrapolation into the past.  Requested time 13.943000 but the earliest data is at time 87.691000, when looking up transform from frame [robot3/base_link] to frame [map]
[ros2-11] [bt_navigator-5] 
[ros2-11] [bt_navigator-5] [WARN] [1785152978.586145186] [BehaviorTreeEngine]: Behavior Tree tick rate 100.00 was exceeded!
[ros2-11] [bt_navigator-5] [ERROR] [1785152978.688653807] [transformPoseInTargetFrame]: Extrapolation Error looking up target frame: Lookup would require extrapolation into the past.  Requested time 13.943000 but the earliest data is at time 87.791000, when looking up transform from frame [robot3/base_link] to frame [map]
[ros2-11] [bt_navigator-5] 
[ros2-11] [bt_navigator-5] [WARN] [1785152978.688815659] [BehaviorTreeEngine]: Behavior Tree tick rate 100.00 was exceeded!
[ros2-11] [bt_navigator-5] [ERROR] [1785152978.779848940] [transformPoseInTargetFrame]: Extrapolation Error looking up target frame: Lookup would require extrapolation into the past.  Requested time 13.943000 but the earliest data is at time 87.891000, when looking up transform from frame [robot3/base_link] to frame [map]
[ros2-11] [bt_navigator-5] 
[ros2-11] [bt_navigator-5] [WARN] [1785152978.779972896] [BehaviorTreeEngine]: Behavior Tree tick rate 100.00 was exceeded!
[ros2-11] [planner_server-3] [ERROR] [1785152978.880447359] [transformPoseInTargetFrame]: Extrapolation Error looking up target frame: Lookup would require extrapolation into the past.  Requested time 13.943000 but the earliest data is at time 87.991000, when looking up transform from frame [robot3/base_link] to frame [map]
[ros2-11] [planner_server-3] 
[ros2-11] [bt_navigator-5] [ERROR] [1785152978.880937296] [transformPoseInTargetFrame]: Extrapolation Error looking up target frame: Lookup would require extrapolation into the past.  Requested time 13.943000 but the earliest data is at time 87.991000, when looking up transform from frame [robot3/base_link] to frame [map]
[ros2-11] [bt_navigator-5] 
[ros2-11] [bt_navigator-5] [WARN] [1785152978.881073542] [BehaviorTreeEngine]: Behavior Tree tick rate 100.00 was exceeded!
[ros2-11] [bt_navigator-5] [ERROR] [1785152978.982160402] [transformPoseInTargetFrame]: Extrapolation Error looking up target frame: Lookup would require extrapolation into the past.  Requested time 13.943000 but the earliest data is at time 88.091000, when looking up transform from frame [robot3/base_link] to frame [map]
[ros2-11] [bt_navigator-5] 
[ros2-11] [bt_navigator-5] [WARN] [1785152978.982356368] [BehaviorTreeEngine]: Behavior Tree tick rate 100.00 was exceeded!
[ros2-11] [bt_navigator-5] [ERROR] [1785152979.083435281] [transformPoseInTargetFrame]: Extrapolation Error looking up target frame: Lookup would require extrapolation into the past.  Requested time 13.943000 but the earliest data is at time 88.191000, when looking up transform from frame [robot3/base_link] to frame [map]
[ros2-11] [bt_navigator-5] 
[ros2-11] [bt_navigator-5] [WARN] [1785152979.083624628] [BehaviorTreeEngine]: Behavior Tree tick rate 100.00 was exceeded!
[ros2-11] [bt_navigator-5] [ERROR] [1785152979.184688308] [transformPoseInTargetFrame]: Extrapolation Error looking up target frame: Lookup would require extrapolation into the past.  Requested time 13.943000 but the earliest data is at time 88.291000, when looking up transform from frame [robot3/base_link] to frame [map]
[ros2-11] [bt_navigator-5] 
[ros2-11] [bt_navigator-5] [WARN] [1785152979.184807712] [BehaviorTreeEngine]: Behavior Tree tick rate 100.00 was exceeded!
[ros2-11] [bt_navigator-5] [ERROR] [1785152979.275814357] [transformPoseInTargetFrame]: Extrapolation Error looking up target frame: Lookup would require extrapolation into the past.  Requested time 13.943000 but the earliest data is at time 88.291000, when looking up transform from frame [robot3/base_link] to frame [map]
[ros2-11] [bt_navigator-5] 
[ros2-11] [bt_navigator-5] [WARN] [1785152979.275963250] [BehaviorTreeEngine]: Behavior Tree tick rate 100.00 was exceeded!
[ros2-11] [bt_navigator-5] [ERROR] [1785152979.377018561] [transformPoseInTargetFrame]: Extrapolation Error looking up target frame: Lookup would require extrapolation into the past.  Requested time 13.943000 but the earliest data is at time 88.491000, when looking up transform from frame [robot3/base_link] to frame [map]
[ros2-11] [bt_navigator-5] 
[ros2-11] [bt_navigator-5] [WARN] [1785152979.377657511] [BehaviorTreeEngine]: Behavior Tree tick rate 100.00 was exceeded!
[ros2-11] [bt_navigator-5] [ERROR] [1785152979.478684415] [transformPoseInTargetFrame]: Extrapolation Error looking up target frame: Lookup would require extrapolation into the past.  Requested time 13.943000 but the earliest data is at time 88.591000, when looking up transform from frame [robot3/base_link] to frame [map]
[ros2-11] [bt_navigator-5] 
[ros2-11] [bt_navigator-5] [WARN] [1785152979.478785391] [BehaviorTreeEngine]: Behavior Tree tick rate 100.00 was exceeded!
[ros2-11] [bt_navigator-5] [ERROR] [1785152979.579962492] [transformPoseInTargetFrame]: Extrapolation Error looking up target frame: Lookup would require extrapolation into the past.  Requested time 13.943000 but the earliest data is at time 88.691000, when looking up transform from frame [robot3/base_link] to frame [map]
[ros2-11] [bt_navigator-5] 
[ros2-11] [bt_navigator-5] [WARN] [1785152979.580180652] [BehaviorTreeEngine]: Behavior Tree tick rate 100.00 was exceeded!
[ros2-11] [bt_navigator-5] [ERROR] [1785152979.681234119] [transformPoseInTargetFrame]: Extrapolation Error looking up target frame: Lookup would require extrapolation into the past.  Requested time 13.943000 but the earliest data is at time 88.791000, when looking up transform from frame [robot3/base_link] to frame [map]
[ros2-11] [bt_navigator-5] 
[ros2-11] [bt_navigator-5] [WARN] [1785152979.681346452] [BehaviorTreeEngine]: Behavior Tree tick rate 100.00 was exceeded!
[ros2-11] [bt_navigator-5] [ERROR] [1785152979.782282486] [transformPoseInTargetFrame]: Extrapolation Error looking up target frame: Lookup would require extrapolation into the past.  Requested time 13.943000 but the earliest data is at time 88.891000, when looking up transform from frame [robot3/base_link] to frame [map]
[ros2-11] [bt_navigator-5] 
[ros2-11] [bt_navigator-5] [WARN] [1785152979.782417850] [BehaviorTreeEngine]: Behavior Tree tick rate 100.00 was exceeded!
[ros2-11] [planner_server-3] [ERROR] [1785152979.877952510] [transformPoseInTargetFrame]: Extrapolation Error looking up target frame: Lookup would require extrapolation into the past.  Requested time 13.943000 but the earliest data is at time 88.991000, when looking up transform from frame [robot3/base_link] to frame [map]
[ros2-11] [planner_server-3] 
[ros2-11] [bt_navigator-5] [ERROR] [1785152979.883356019] [transformPoseInTargetFrame]: Extrapolation Error looking up target frame: Lookup would require extrapolation into the past.  Requested time 13.943000 but the earliest data is at time 88.991000, when looking up transform from frame [robot3/base_link] to frame [map]
[ros2-11] [bt_navigator-5] 
[ros2-11] [bt_navigator-5] [WARN] [1785152979.883546154] [BehaviorTreeEngine]: Behavior Tree tick rate 100.00 was exceeded!
[ros2-11] [planner_server-3] [INFO] [1785152979.975379698] [robot3.global_costmap.global_costmap]: Message Filter dropping message: frame 'robot3/laser_frame' at time 98.945 for reason 'the timestamp on the message is earlier than all the data in the transform cache'
[ros2-11] [bt_navigator-5] [ERROR] [1785152979.984666847] [transformPoseInTargetFrame]: Extrapolation Error looking up target frame: Lookup would require extrapolation into the past.  Requested time 13.943000 but the earliest data is at time 89.091000, when looking up transform from frame [robot3/base_link] to frame [map]
[ros2-11] [bt_navigator-5] 
[ros2-11] [bt_navigator-5] [WARN] [1785152979.984774264] [BehaviorTreeEngine]: Behavior Tree tick rate 100.00 was exceeded!
[ros2-11] [bt_navigator-5] [ERROR] [1785152980.085835805] [transformPoseInTargetFrame]: Extrapolation Error looking up target frame: Lookup would require extrapolation into the past.  Requested time 13.943000 but the earliest data is at time 89.191000, when looking up transform from frame [robot3/base_link] to frame [map]
[ros2-11] [bt_navigator-5] 
[ros2-11] [bt_navigator-5] [WARN] [1785152980.085999309] [BehaviorTreeEngine]: Behavior Tree tick rate 100.00 was exceeded!
[ros2-11] [bt_navigator-5] [ERROR] [1785152980.176991246] [transformPoseInTargetFrame]: Extrapolation Error looking up target frame: Lookup would require extrapolation into the past.  Requested time 13.943000 but the earliest data is at time 89.291000, when looking up transform from frame [robot3/base_link] to frame [map]
[ros2-11] [bt_navigator-5] 
[ros2-11] [bt_navigator-5] [WARN] [1785152980.177424872] [BehaviorTreeEngine]: Behavior Tree tick rate 100.00 was exceeded!
[ros2-11] [bt_navigator-5] [ERROR] [1785152980.278525635] [transformPoseInTargetFrame]: Extrapolation Error looking up target frame: Lookup would require extrapolation into the past.  Requested time 13.943000 but the earliest data is at time 89.391000, when looking up transform from frame [robot3/base_link] to frame [map]
[ros2-11] [bt_navigator-5] 
[ros2-11] [bt_navigator-5] [WARN] [1785152980.278652132] [BehaviorTreeEngine]: Behavior Tree tick rate 100.00 was exceeded!
[ros2-11] [bt_navigator-5] [ERROR] [1785152980.379678906] [transformPoseInTargetFrame]: Extrapolation Error looking up target frame: Lookup would require extrapolation into the past.  Requested time 13.943000 but the earliest data is at time 89.491000, when looking up transform from frame [robot3/base_link] to frame [map]
[ros2-11] [bt_navigator-5] 
[ros2-11] [bt_navigator-5] [WARN] [1785152980.379829105] [BehaviorTreeEngine]: Behavior Tree tick rate 100.00 was exceeded!
[ros2-11] [bt_navigator-5] [ERROR] [1785152980.480877840] [transformPoseInTargetFrame]: Extrapolation Error looking up target frame: Lookup would require extrapolation into the past.  Requested time 13.943000 but the earliest data is at time 89.591000, when looking up transform from frame [robot3/base_link] to frame [map]
[ros2-11] [bt_navigator-5] 
[ros2-11] [bt_navigator-5] [WARN] [1785152980.481020320] [BehaviorTreeEngine]: Behavior Tree tick rate 100.00 was exceeded!
[ros2-11] [bt_navigator-5] [ERROR] [1785152980.582054195] [transformPoseInTargetFrame]: Extrapolation Error looking up target frame: Lookup would require extrapolation into the past.  Requested time 13.943000 but the earliest data is at time 89.691000, when looking up transform from frame [robot3/base_link] to frame [map]
[ros2-11] [bt_navigator-5] 
[ros2-11] [bt_navigator-5] [WARN] [1785152980.582169975] [BehaviorTreeEngine]: Behavior Tree tick rate 100.00 was exceeded!
[ros2-11] [bt_navigator-5] [ERROR] [1785152980.683200067] [transformPoseInTargetFrame]: Extrapolation Error looking up target frame: Lookup would require extrapolation into the past.  Requested time 13.943000 but the earliest data is at time 89.791000, when looking up transform from frame [robot3/base_link] to frame [map]
[ros2-11] [bt_navigator-5] 
[ros2-11] [bt_navigator-5] [WARN] [1785152980.683354945] [BehaviorTreeEngine]: Behavior Tree tick rate 100.00 was exceeded!
[ros2-11] [bt_navigator-5] [ERROR] [1785152980.784386749] [transformPoseInTargetFrame]: Extrapolation Error looking up target frame: Lookup would require extrapolation into the past.  Requested time 13.943000 but the earliest data is at time 89.891000, when looking up transform from frame [robot3/base_link] to frame [map]
[ros2-11] [bt_navigator-5] 
[ros2-11] [bt_navigator-5] [WARN] [1785152980.784503960] [BehaviorTreeEngine]: Behavior Tree tick rate 100.00 was exceeded!
[ros2-11] [planner_server-3] [ERROR] [1785152980.877841228] [transformPoseInTargetFrame]: Extrapolation Error looking up target frame: Lookup would require extrapolation into the past.  Requested time 13.943000 but the earliest data is at time 89.991000, when looking up transform from frame [robot3/base_link] to frame [map]
[ros2-11] [planner_server-3] 
[ros2-11] [bt_navigator-5] [ERROR] [1785152980.885474380] [transformPoseInTargetFrame]: Extrapolation Error looking up target frame: Lookup would require extrapolation into the past.  Requested time 13.943000 but the earliest data is at time 89.991000, when looking up transform from frame [robot3/base_link] to frame [map]
[ros2-11] [bt_navigator-5] 
[ros2-11] [bt_navigator-5] [WARN] [1785152980.885727281] [BehaviorTreeEngine]: Behavior Tree tick rate 100.00 was exceeded!
[ros2-11] [bt_navigator-5] [ERROR] [1785152980.986886742] [transformPoseInTargetFrame]: Extrapolation Error looking up target frame: Lookup would require extrapolation into the past.  Requested time 13.943000 but the earliest data is at time 90.091000, when looking up transform from frame [robot3/base_link] to frame [map]
[ros2-11] [bt_navigator-5] 
[ros2-11] [bt_navigator-5] [WARN] [1785152980.987005928] [BehaviorTreeEngine]: Behavior Tree tick rate 100.00 was exceeded!
[ros2-11] [bt_navigator-5] [ERROR] [1785152981.077948887] [transformPoseInTargetFrame]: Extrapolation Error looking up target frame: Lookup would require extrapolation into the past.  Requested time 13.943000 but the earliest data is at time 90.191000, when looking up transform from frame [robot3/base_link] to frame [map]
[ros2-11] [bt_navigator-5] 
[ros2-11] [bt_navigator-5] [WARN] [1785152981.078096826] [BehaviorTreeEngine]: Behavior Tree tick rate 100.00 was exceeded!
[ros2-11] [bt_navigator-5] [ERROR] [1785152981.179075534] [transformPoseInTargetFrame]: Extrapolation Error looking up target frame: Lookup would require extrapolation into the past.  Requested time 13.943000 but the earliest data is at time 90.291000, when looking up transform from frame [robot3/base_link] to frame [map]
[ros2-11] [bt_navigator-5] 
[ros2-11] [bt_navigator-5] [WARN] [1785152981.179191128] [BehaviorTreeEngine]: Behavior Tree tick rate 100.00 was exceeded!
[ros2-11] [bt_navigator-5] [ERROR] [1785152981.280151184] [transformPoseInTargetFrame]: Extrapolation Error looking up target frame: Lookup would require extrapolation into the past.  Requested time 13.943000 but the earliest data is at time 90.391000, when looking up transform from frame [robot3/base_link] to frame [map]
[ros2-11] [bt_navigator-5] 
[ros2-11] [bt_navigator-5] [WARN] [1785152981.280283705] [BehaviorTreeEngine]: Behavior Tree tick rate 100.00 was exceeded!
[ros2-11] [bt_navigator-5] [ERROR] [1785152981.381240450] [transformPoseInTargetFrame]: Extrapolation Error looking up target frame: Lookup would require extrapolation into the past.  Requested time 13.943000 but the earliest data is at time 90.491000, when looking up transform from frame [robot3/base_link] to frame [map]
[ros2-11] [bt_navigator-5] 
[ros2-11] [bt_navigator-5] [WARN] [1785152981.381369273] [BehaviorTreeEngine]: Behavior Tree tick rate 100.00 was exceeded!
[ros2-11] [bt_navigator-5] [ERROR] [1785152981.482365446] [transformPoseInTargetFrame]: Extrapolation Error looking up target frame: Lookup would require extrapolation into the past.  Requested time 13.943000 but the earliest data is at time 90.591000, when looking up transform from frame [robot3/base_link] to frame [map]
[ros2-11] [bt_navigator-5] 
[ros2-11] [bt_navigator-5] [WARN] [1785152981.482527541] [BehaviorTreeEngine]: Behavior Tree tick rate 100.00 was exceeded!
[ros2-11] [bt_navigator-5] [ERROR] [1785152981.583460007] [transformPoseInTargetFrame]: Extrapolation Error looking up target frame: Lookup would require extrapolation into the past.  Requested time 13.943000 but the earliest data is at time 90.691000, when looking up transform from frame [robot3/base_link] to frame [map]
[ros2-11] [bt_navigator-5] 
[ros2-11] [bt_navigator-5] [WARN] [1785152981.583576509] [BehaviorTreeEngine]: Behavior Tree tick rate 100.00 was exceeded!
[ros2-11] [bt_navigator-5] [ERROR] [1785152981.684587965] [transformPoseInTargetFrame]: Extrapolation Error looking up target frame: Lookup would require extrapolation into the past.  Requested time 13.943000 but the earliest data is at time 90.791000, when looking up transform from frame [robot3/base_link] to frame [map]
[ros2-11] [bt_navigator-5] 
[ros2-11] [bt_navigator-5] [WARN] [1785152981.684732432] [BehaviorTreeEngine]: Behavior Tree tick rate 100.00 was exceeded!
[ros2-11] [bt_navigator-5] [ERROR] [1785152981.785878458] [transformPoseInTargetFrame]: Extrapolation Error looking up target frame: Lookup would require extrapolation into the past.  Requested time 13.943000 but the earliest data is at time 90.891000, when looking up transform from frame [robot3/base_link] to frame [map]
[ros2-11] [bt_navigator-5] 
[ros2-11] [bt_navigator-5] [WARN] [1785152981.786019925] [BehaviorTreeEngine]: Behavior Tree tick rate 100.00 was exceeded!
[ros2-11] [bt_navigator-5] [ERROR] [1785152981.887064847] [transformPoseInTargetFrame]: Extrapolation Error looking up target frame: Lookup would require extrapolation into the past.  Requested time 13.943000 but the earliest data is at time 90.991000, when looking up transform from frame [robot3/base_link] to frame [map]
[ros2-11] [bt_navigator-5] 
[ros2-11] [bt_navigator-5] [WARN] [1785152981.887249183] [BehaviorTreeEngine]: Behavior Tree tick rate 100.00 was exceeded!
[ros2-11] [planner_server-3] [ERROR] [1785152981.887920387] [transformPoseInTargetFrame]: Extrapolation Error looking up target frame: Lookup would require extrapolation into the past.  Requested time 13.943000 but the earliest data is at time 90.991000, when looking up transform from frame [robot3/base_link] to frame [map]
[ros2-11] [planner_server-3] 
[ros2-11] [bt_navigator-5] [ERROR] [1785152981.988431898] [transformPoseInTargetFrame]: Extrapolation Error looking up target frame: Lookup would require extrapolation into the past.  Requested time 13.943000 but the earliest data is at time 91.091000, when looking up transform from frame [robot3/base_link] to frame [map]
[ros2-11] [bt_navigator-5] 
[ros2-11] [bt_navigator-5] [WARN] [1785152981.988560526] [BehaviorTreeEngine]: Behavior Tree tick rate 100.00 was exceeded!
[ros2-11] [bt_navigator-5] [ERROR] [1785152982.089572425] [transformPoseInTargetFrame]: Extrapolation Error looking up target frame: Lookup would require extrapolation into the past.  Requested time 13.943000 but the earliest data is at time 91.191000, when looking up transform from frame [robot3/base_link] to frame [map]
[ros2-11] [bt_navigator-5] 
[ros2-11] [bt_navigator-5] [WARN] [1785152982.089695517] [BehaviorTreeEngine]: Behavior Tree tick rate 100.00 was exceeded!
[ros2-11] [bt_navigator-5] [ERROR] [1785152982.180666534] [transformPoseInTargetFrame]: Extrapolation Error looking up target frame: Lookup would require extrapolation into the past.  Requested time 13.943000 but the earliest data is at time 91.291000, when looking up transform from frame [robot3/base_link] to frame [map]
[ros2-11] [bt_navigator-5] 
[ros2-11] [bt_navigator-5] [WARN] [1785152982.180781708] [BehaviorTreeEngine]: Behavior Tree tick rate 100.00 was exceeded!
[ros2-11] [bt_navigator-5] [ERROR] [1785152982.281840527] [transformPoseInTargetFrame]: Extrapolation Error looking up target frame: Lookup would require extrapolation into the past.  Requested time 13.943000 but the earliest data is at time 91.391000, when looking up transform from frame [robot3/base_link] to frame [map]
[ros2-11] [bt_navigator-5] 
[ros2-11] [bt_navigator-5] [WARN] [1785152982.281968252] [BehaviorTreeEngine]: Behavior Tree tick rate 100.00 was exceeded!
[ros2-11] [bt_navigator-5] [ERROR] [1785152982.383007452] [transformPoseInTargetFrame]: Extrapolation Error looking up target frame: Lookup would require extrapolation into the past.  Requested time 13.943000 but the earliest data is at time 91.491000, when looking up transform from frame [robot3/base_link] to frame [map]
[ros2-11] [bt_navigator-5] 
[ros2-11] [bt_navigator-5] [WARN] [1785152982.383120655] [BehaviorTreeEngine]: Behavior Tree tick rate 100.00 was exceeded!
[ros2-11] [planner_server-3] [INFO] [1785152982.479999490] [robot3.global_costmap.global_costmap]: Message Filter dropping message: frame 'robot3/laser_frame' at time 101.445 for reason 'the timestamp on the message is earlier than all the data in the transform cache'
[ros2-11] [bt_navigator-5] [ERROR] [1785152982.484149785] [transformPoseInTargetFrame]: Extrapolation Error looking up target frame: Lookup would require extrapolation into the past.  Requested time 13.943000 but the earliest data is at time 91.591000, when looking up transform from frame [robot3/base_link] to frame [map]
[ros2-11] [bt_navigator-5] 
[ros2-11] [bt_navigator-5] [WARN] [1785152982.484275104] [BehaviorTreeEngine]: Behavior Tree tick rate 100.00 was exceeded!
[ros2-11] [bt_navigator-5] [ERROR] [1785152982.585344668] [transformPoseInTargetFrame]: Extrapolation Error looking up target frame: Lookup would require extrapolation into the past.  Requested time 13.943000 but the earliest data is at time 91.691000, when looking up transform from frame [robot3/base_link] to frame [map]
[ros2-11] [bt_navigator-5] 
[ros2-11] [bt_navigator-5] [WARN] [1785152982.585442474] [BehaviorTreeEngine]: Behavior Tree tick rate 100.00 was exceeded!
[ros2-11] [bt_navigator-5] [ERROR] [1785152982.686468117] [transformPoseInTargetFrame]: Extrapolation Error looking up target frame: Lookup would require extrapolation into the past.  Requested time 13.943000 but the earliest data is at time 91.791000, when looking up transform from frame [robot3/base_link] to frame [map]
[ros2-11] [bt_navigator-5] 
[ros2-11] [bt_navigator-5] [WARN] [1785152982.686603780] [BehaviorTreeEngine]: Behavior Tree tick rate 100.00 was exceeded!
[ros2-11] [bt_navigator-5] [ERROR] [1785152982.787655902] [transformPoseInTargetFrame]: Extrapolation Error looking up target frame: Lookup would require extrapolation into the past.  Requested time 13.943000 but the earliest data is at time 91.891000, when looking up transform from frame [robot3/base_link] to frame [map]
[ros2-11] [bt_navigator-5] 
[ros2-11] [bt_navigator-5] [WARN] [1785152982.787780135] [BehaviorTreeEngine]: Behavior Tree tick rate 100.00 was exceeded!
[ros2-11] [planner_server-3] [ERROR] [1785152982.888040491] [transformPoseInTargetFrame]: Extrapolation Error looking up target frame: Lookup would require extrapolation into the past.  Requested time 13.943000 but the earliest data is at time 91.991000, when looking up transform from frame [robot3/base_link] to frame [map]
[ros2-11] [planner_server-3] 
[ros2-11] [bt_navigator-5] [ERROR] [1785152982.888753300] [transformPoseInTargetFrame]: Extrapolation Error looking up target frame: Lookup would require extrapolation into the past.  Requested time 13.943000 but the earliest data is at time 91.991000, when looking up transform from frame [robot3/base_link] to frame [map]
[ros2-11] [bt_navigator-5] 
[ros2-11] [bt_navigator-5] [WARN] [1785152982.888916271] [BehaviorTreeEngine]: Behavior Tree tick rate 100.00 was exceeded!
[ros2-11] [bt_navigator-5] [ERROR] [1785152982.979887483] [transformPoseInTargetFrame]: Extrapolation Error looking up target frame: Lookup would require extrapolation into the past.  Requested time 13.943000 but the earliest data is at time 92.091000, when looking up transform from frame [robot3/base_link] to frame [map]
[ros2-11] [bt_navigator-5] 
[ros2-11] [bt_navigator-5] [WARN] [1785152982.980052852] [BehaviorTreeEngine]: Behavior Tree tick rate 100.00 was exceeded!
[ros2-11] [bt_navigator-5] [ERROR] [1785152983.081114657] [transformPoseInTargetFrame]: Extrapolation Error looking up target frame: Lookup would require extrapolation into the past.  Requested time 13.943000 but the earliest data is at time 92.191000, when looking up transform from frame [robot3/base_link] to frame [map]
[ros2-11] [bt_navigator-5] 
[ros2-11] [bt_navigator-5] [WARN] [1785152983.081247732] [BehaviorTreeEngine]: Behavior Tree tick rate 100.00 was exceeded!
[ros2-11] [bt_navigator-5] [ERROR] [1785152983.182322062] [transformPoseInTargetFrame]: Extrapolation Error looking up target frame: Lookup would require extrapolation into the past.  Requested time 13.943000 but the earliest data is at time 92.291000, when looking up transform from frame [robot3/base_link] to frame [map]
[ros2-11] [bt_navigator-5] 
[ros2-11] [bt_navigator-5] [WARN] [1785152983.182468213] [BehaviorTreeEngine]: Behavior Tree tick rate 100.00 was exceeded!
[ros2-11] [bt_navigator-5] [ERROR] [1785152983.283911650] [transformPoseInTargetFrame]: Extrapolation Error looking up target frame: Lookup would require extrapolation into the past.  Requested time 13.943000 but the earliest data is at time 92.391000, when looking up transform from frame [robot3/base_link] to frame [map]
[ros2-11] [bt_navigator-5] 
[ros2-11] [bt_navigator-5] [WARN] [1785152983.284057576] [BehaviorTreeEngine]: Behavior Tree tick rate 100.00 was exceeded!
[ros2-11] [bt_navigator-5] [ERROR] [1785152983.385092246] [transformPoseInTargetFrame]: Extrapolation Error looking up target frame: Lookup would require extrapolation into the past.  Requested time 13.943000 but the earliest data is at time 92.491000, when looking up transform from frame [robot3/base_link] to frame [map]
[ros2-11] [bt_navigator-5] 
[ros2-11] [bt_navigator-5] [WARN] [1785152983.385287630] [BehaviorTreeEngine]: Behavior Tree tick rate 100.00 was exceeded!
[ros2-11] [bt_navigator-5] [ERROR] [1785152983.486390676] [transformPoseInTargetFrame]: Extrapolation Error looking up target frame: Lookup would require extrapolation into the past.  Requested time 13.943000 but the earliest data is at time 92.591000, when looking up transform from frame [robot3/base_link] to frame [map]
[ros2-11] [bt_navigator-5] 
[ros2-11] [bt_navigator-5] [WARN] [1785152983.486524809] [BehaviorTreeEngine]: Behavior Tree tick rate 100.00 was exceeded!
[ros2-11] [bt_navigator-5] [ERROR] [1785152983.587522189] [transformPoseInTargetFrame]: Extrapolation Error looking up target frame: Lookup would require extrapolation into the past.  Requested time 13.943000 but the earliest data is at time 92.691000, when looking up transform from frame [robot3/base_link] to frame [map]
[ros2-11] [bt_navigator-5] 
[ros2-11] [bt_navigator-5] [WARN] [1785152983.587639420] [BehaviorTreeEngine]: Behavior Tree tick rate 100.00 was exceeded!
[ros2-11] [bt_navigator-5] [ERROR] [1785152983.688717031] [transformPoseInTargetFrame]: Extrapolation Error looking up target frame: Lookup would require extrapolation into the past.  Requested time 13.943000 but the earliest data is at time 92.791000, when looking up transform from frame [robot3/base_link] to frame [map]
[ros2-11] [bt_navigator-5] 
[ros2-11] [bt_navigator-5] [WARN] [1785152983.688834601] [BehaviorTreeEngine]: Behavior Tree tick rate 100.00 was exceeded!
[ros2-11] [bt_navigator-5] [ERROR] [1785152983.789874588] [transformPoseInTargetFrame]: Extrapolation Error looking up target frame: Lookup would require extrapolation into the past.  Requested time 13.943000 but the earliest data is at time 92.891000, when looking up transform from frame [robot3/base_link] to frame [map]
[ros2-11] [bt_navigator-5] 
[ros2-11] [bt_navigator-5] [WARN] [1785152983.790010303] [BehaviorTreeEngine]: Behavior Tree tick rate 100.00 was exceeded!
[ros2-11] [planner_server-3] [ERROR] [1785152983.888131684] [transformPoseInTargetFrame]: Extrapolation Error looking up target frame: Lookup would require extrapolation into the past.  Requested time 13.943000 but the earliest data is at time 92.991000, when looking up transform from frame [robot3/base_link] to frame [map]
[ros2-11] [planner_server-3] 
[ros2-11] [bt_navigator-5] [ERROR] [1785152983.891046380] [transformPoseInTargetFrame]: Extrapolation Error looking up target frame: Lookup would require extrapolation into the past.  Requested time 13.943000 but the earliest data is at time 92.991000, when looking up transform from frame [robot3/base_link] to frame [map]
[ros2-11] [bt_navigator-5] 
[ros2-11] [bt_navigator-5] [WARN] [1785152983.891180960] [BehaviorTreeEngine]: Behavior Tree tick rate 100.00 was exceeded!
[ros2-11] [bt_navigator-5] [ERROR] [1785152983.982263985] [transformPoseInTargetFrame]: Extrapolation Error looking up target frame: Lookup would require extrapolation into the past.  Requested time 13.943000 but the earliest data is at time 93.091000, when looking up transform from frame [robot3/base_link] to frame [map]
[ros2-11] [bt_navigator-5] 
[ros2-11] [bt_navigator-5] [WARN] [1785152983.982428292] [BehaviorTreeEngine]: Behavior Tree tick rate 100.00 was exceeded!
[ros2-11] [bt_navigator-5] [ERROR] [1785152984.083303183] [transformPoseInTargetFrame]: Extrapolation Error looking up target frame: Lookup would require extrapolation into the past.  Requested time 13.943000 but the earliest data is at time 93.191000, when looking up transform from frame [robot3/base_link] to frame [map]
[ros2-11] [bt_navigator-5] 
[ros2-11] [bt_navigator-5] [WARN] [1785152984.083459619] [BehaviorTreeEngine]: Behavior Tree tick rate 100.00 was exceeded!
[ros2-11] [bt_navigator-5] [ERROR] [1785152984.184520111] [transformPoseInTargetFrame]: Extrapolation Error looking up target frame: Lookup would require extrapolation into the past.  Requested time 13.943000 but the earliest data is at time 93.291000, when looking up transform from frame [robot3/base_link] to frame [map]
[ros2-11] [bt_navigator-5] 
[ros2-11] [bt_navigator-5] [WARN] [1785152984.184633320] [BehaviorTreeEngine]: Behavior Tree tick rate 100.00 was exceeded!
[ros2-11] [bt_navigator-5] [ERROR] [1785152984.285716746] [transformPoseInTargetFrame]: Extrapolation Error looking up target frame: Lookup would require extrapolation into the past.  Requested time 13.943000 but the earliest data is at time 93.391000, when looking up transform from frame [robot3/base_link] to frame [map]
[ros2-11] [bt_navigator-5] 
[ros2-11] [bt_navigator-5] [WARN] [1785152984.285818130] [BehaviorTreeEngine]: Behavior Tree tick rate 100.00 was exceeded!
[ros2-11] [bt_navigator-5] [ERROR] [1785152984.386879583] [transformPoseInTargetFrame]: Extrapolation Error looking up target frame: Lookup would require extrapolation into the past.  Requested time 13.943000 but the earliest data is at time 93.491000, when looking up transform from frame [robot3/base_link] to frame [map]
[ros2-11] [bt_navigator-5] 
[ros2-11] [bt_navigator-5] [WARN] [1785152984.387023876] [BehaviorTreeEngine]: Behavior Tree tick rate 100.00 was exceeded!
[ros2-11] [bt_navigator-5] [ERROR] [1785152984.488042466] [transformPoseInTargetFrame]: Extrapolation Error looking up target frame: Lookup would require extrapolation into the past.  Requested time 13.943000 but the earliest data is at time 93.591000, when looking up transform from frame [robot3/base_link] to frame [map]
[ros2-11] [bt_navigator-5] 
[ros2-11] [bt_navigator-5] [WARN] [1785152984.488177177] [BehaviorTreeEngine]: Behavior Tree tick rate 100.00 was exceeded!
[ros2-11] [bt_navigator-5] [ERROR] [1785152984.589204469] [transformPoseInTargetFrame]: Extrapolation Error looking up target frame: Lookup would require extrapolation into the past.  Requested time 13.943000 but the earliest data is at time 93.691000, when looking up transform from frame [robot3/base_link] to frame [map]
[ros2-11] [bt_navigator-5] 
[ros2-11] [bt_navigator-5] [WARN] [1785152984.589335663] [BehaviorTreeEngine]: Behavior Tree tick rate 100.00 was exceeded!
[ros2-11] [bt_navigator-5] [ERROR] [1785152984.690321146] [transformPoseInTargetFrame]: Extrapolation Error looking up target frame: Lookup would require extrapolation into the past.  Requested time 13.943000 but the earliest data is at time 93.791000, when looking up transform from frame [robot3/base_link] to frame [map]
[ros2-11] [bt_navigator-5] 
[ros2-11] [bt_navigator-5] [WARN] [1785152984.690538681] [BehaviorTreeEngine]: Behavior Tree tick rate 100.00 was exceeded!
[ros2-11] [bt_navigator-5] [ERROR] [1785152984.791550128] [transformPoseInTargetFrame]: Extrapolation Error looking up target frame: Lookup would require extrapolation into the past.  Requested time 13.943000 but the earliest data is at time 93.891000, when looking up transform from frame [robot3/base_link] to frame [map]
[ros2-11] [bt_navigator-5] 
[ros2-11] [bt_navigator-5] [WARN] [1785152984.791671310] [BehaviorTreeEngine]: Behavior Tree tick rate 100.00 was exceeded!
[ros2-11] [bt_navigator-5] [ERROR] [1785152984.882557340] [transformPoseInTargetFrame]: Extrapolation Error looking up target frame: Lookup would require extrapolation into the past.  Requested time 13.943000 but the earliest data is at time 93.891000, when looking up transform from frame [robot3/base_link] to frame [map]
[ros2-11] [bt_navigator-5] 
[ros2-11] [bt_navigator-5] [WARN] [1785152984.882738102] [BehaviorTreeEngine]: Behavior Tree tick rate 100.00 was exceeded!
[ros2-11] [planner_server-3] [ERROR] [1785152984.888052453] [transformPoseInTargetFrame]: Extrapolation Error looking up target frame: Lookup would require extrapolation into the past.  Requested time 13.943000 but the earliest data is at time 93.991000, when looking up transform from frame [robot3/base_link] to frame [map]
[ros2-11] [planner_server-3] 
[ros2-11] [planner_server-3] [INFO] [1785152984.983193595] [robot3.global_costmap.global_costmap]: Message Filter dropping message: frame 'robot3/laser_frame' at time 103.945 for reason 'the timestamp on the message is earlier than all the data in the transform cache'
[ros2-11] [bt_navigator-5] [ERROR] [1785152984.983847946] [transformPoseInTargetFrame]: Extrapolation Error looking up target frame: Lookup would require extrapolation into the past.  Requested time 13.943000 but the earliest data is at time 94.091000, when looking up transform from frame [robot3/base_link] to frame [map]
[ros2-11] [bt_navigator-5] 
[ros2-11] [bt_navigator-5] [WARN] [1785152984.984001829] [BehaviorTreeEngine]: Behavior Tree tick rate 100.00 was exceeded!
[ros2-11] [bt_navigator-5] [ERROR] [1785152985.085047545] [transformPoseInTargetFrame]: Extrapolation Error looking up target frame: Lookup would require extrapolation into the past.  Requested time 13.943000 but the earliest data is at time 94.191000, when looking up transform from frame [robot3/base_link] to frame [map]
[ros2-11] [bt_navigator-5] 
[ros2-11] [bt_navigator-5] [WARN] [1785152985.085166794] [BehaviorTreeEngine]: Behavior Tree tick rate 100.00 was exceeded!
[ros2-11] [bt_navigator-5] [ERROR] [1785152985.186169178] [transformPoseInTargetFrame]: Extrapolation Error looking up target frame: Lookup would require extrapolation into the past.  Requested time 13.943000 but the earliest data is at time 94.291000, when looking up transform from frame [robot3/base_link] to frame [map]
[ros2-11] [bt_navigator-5] 
[ros2-11] [bt_navigator-5] [WARN] [1785152985.186294674] [BehaviorTreeEngine]: Behavior Tree tick rate 100.00 was exceeded!
[ros2-11] [bt_navigator-5] [ERROR] [1785152985.287348223] [transformPoseInTargetFrame]: Extrapolation Error looking up target frame: Lookup would require extrapolation into the past.  Requested time 13.943000 but the earliest data is at time 94.391000, when looking up transform from frame [robot3/base_link] to frame [map]
[ros2-11] [bt_navigator-5] 
[ros2-11] [bt_navigator-5] [WARN] [1785152985.287538577] [BehaviorTreeEngine]: Behavior Tree tick rate 100.00 was exceeded!
[ros2-11] [bt_navigator-5] [ERROR] [1785152985.388555885] [transformPoseInTargetFrame]: Extrapolation Error looking up target frame: Lookup would require extrapolation into the past.  Requested time 13.943000 but the earliest data is at time 94.491000, when looking up transform from frame [robot3/base_link] to frame [map]
[ros2-11] [bt_navigator-5] 
[ros2-11] [bt_navigator-5] [WARN] [1785152985.388675238] [BehaviorTreeEngine]: Behavior Tree tick rate 100.00 was exceeded!
[ros2-11] [bt_navigator-5] [ERROR] [1785152985.489605765] [transformPoseInTargetFrame]: Extrapolation Error looking up target frame: Lookup would require extrapolation into the past.  Requested time 13.943000 but the earliest data is at time 94.591000, when looking up transform from frame [robot3/base_link] to frame [map]
[ros2-11] [bt_navigator-5] 
[ros2-11] [bt_navigator-5] [WARN] [1785152985.489773653] [BehaviorTreeEngine]: Behavior Tree tick rate 100.00 was exceeded!
[ros2-11] [bt_navigator-5] [ERROR] [1785152985.590799749] [transformPoseInTargetFrame]: Extrapolation Error looking up target frame: Lookup would require extrapolation into the past.  Requested time 13.943000 but the earliest data is at time 94.691000, when looking up transform from frame [robot3/base_link] to frame [map]
[ros2-11] [bt_navigator-5] 
[ros2-11] [bt_navigator-5] [WARN] [1785152985.590937073] [BehaviorTreeEngine]: Behavior Tree tick rate 100.00 was exceeded!
[ros2-11] [bt_navigator-5] [ERROR] [1785152985.691978237] [transformPoseInTargetFrame]: Extrapolation Error looking up target frame: Lookup would require extrapolation into the past.  Requested time 13.943000 but the earliest data is at time 94.791000, when looking up transform from frame [robot3/base_link] to frame [map]
[ros2-11] [bt_navigator-5] 
[ros2-11] [bt_navigator-5] [WARN] [1785152985.692109130] [BehaviorTreeEngine]: Behavior Tree tick rate 100.00 was exceeded!
[ros2-11] [bt_navigator-5] [ERROR] [1785152985.783335922] [transformPoseInTargetFrame]: Extrapolation Error looking up target frame: Lookup would require extrapolation into the past.  Requested time 13.943000 but the earliest data is at time 94.791000, when looking up transform from frame [robot3/base_link] to frame [map]
[ros2-11] [bt_navigator-5] 
[ros2-11] [bt_navigator-5] [WARN] [1785152985.783575393] [BehaviorTreeEngine]: Behavior Tree tick rate 100.00 was exceeded!
[ros2-11] [bt_navigator-5] [ERROR] [1785152985.885057883] [transformPoseInTargetFrame]: Extrapolation Error looking up target frame: Lookup would require extrapolation into the past.  Requested time 13.943000 but the earliest data is at time 94.891000, when looking up transform from frame [robot3/base_link] to frame [map]
[ros2-11] [bt_navigator-5] 
[ros2-11] [bt_navigator-5] [WARN] [1785152985.885332033] [BehaviorTreeEngine]: Behavior Tree tick rate 100.00 was exceeded!
[ros2-11] [planner_server-3] [ERROR] [1785152985.887927183] [transformPoseInTargetFrame]: Extrapolation Error looking up target frame: Lookup would require extrapolation into the past.  Requested time 13.943000 but the earliest data is at time 94.991000, when looking up transform from frame [robot3/base_link] to frame [map]
[ros2-11] [planner_server-3] 
[ros2-11] [bt_navigator-5] [ERROR] [1785152985.986366851] [transformPoseInTargetFrame]: Extrapolation Error looking up target frame: Lookup would require extrapolation into the past.  Requested time 13.943000 but the earliest data is at time 95.091000, when looking up transform from frame [robot3/base_link] to frame [map]
[ros2-11] [bt_navigator-5] 
[ros2-11] [bt_navigator-5] [WARN] [1785152985.986482452] [BehaviorTreeEngine]: Behavior Tree tick rate 100.00 was exceeded!
[ros2-11] [bt_navigator-5] [ERROR] [1785152986.087447991] [transformPoseInTargetFrame]: Extrapolation Error looking up target frame: Lookup would require extrapolation into the past.  Requested time 13.943000 but the earliest data is at time 95.191000, when looking up transform from frame [robot3/base_link] to frame [map]
[ros2-11] [bt_navigator-5] 
[ros2-11] [bt_navigator-5] [WARN] [1785152986.087564842] [BehaviorTreeEngine]: Behavior Tree tick rate 100.00 was exceeded!
[ros2-11] [bt_navigator-5] [ERROR] [1785152986.188551305] [transformPoseInTargetFrame]: Extrapolation Error looking up target frame: Lookup would require extrapolation into the past.  Requested time 13.943000 but the earliest data is at time 95.291000, when looking up transform from frame [robot3/base_link] to frame [map]
[ros2-11] [bt_navigator-5] 
[ros2-11] [bt_navigator-5] [WARN] [1785152986.188661031] [BehaviorTreeEngine]: Behavior Tree tick rate 100.00 was exceeded!
[ros2-11] [bt_navigator-5] [ERROR] [1785152986.289667253] [transformPoseInTargetFrame]: Extrapolation Error looking up target frame: Lookup would require extrapolation into the past.  Requested time 13.943000 but the earliest data is at time 95.391000, when looking up transform from frame [robot3/base_link] to frame [map]
[ros2-11] [bt_navigator-5] 
[ros2-11] [bt_navigator-5] [WARN] [1785152986.289803358] [BehaviorTreeEngine]: Behavior Tree tick rate 100.00 was exceeded!
[ros2-11] [bt_navigator-5] [ERROR] [1785152986.390788624] [transformPoseInTargetFrame]: Extrapolation Error looking up target frame: Lookup would require extrapolation into the past.  Requested time 13.943000 but the earliest data is at time 95.491000, when looking up transform from frame [robot3/base_link] to frame [map]
[ros2-11] [bt_navigator-5] 
[ros2-11] [bt_navigator-5] [WARN] [1785152986.390922902] [BehaviorTreeEngine]: Behavior Tree tick rate 100.00 was exceeded!
[ros2-11] [bt_navigator-5] [ERROR] [1785152986.491966151] [transformPoseInTargetFrame]: Extrapolation Error looking up target frame: Lookup would require extrapolation into the past.  Requested time 13.943000 but the earliest data is at time 95.591000, when looking up transform from frame [robot3/base_link] to frame [map]
[ros2-11] [bt_navigator-5] 
[ros2-11] [bt_navigator-5] [WARN] [1785152986.492148795] [BehaviorTreeEngine]: Behavior Tree tick rate 100.00 was exceeded!
[ros2-11] [bt_navigator-5] [ERROR] [1785152986.593242077] [transformPoseInTargetFrame]: Extrapolation Error looking up target frame: Lookup would require extrapolation into the past.  Requested time 13.943000 but the earliest data is at time 95.691000, when looking up transform from frame [robot3/base_link] to frame [map]
[ros2-11] [bt_navigator-5] 
[ros2-11] [bt_navigator-5] [WARN] [1785152986.593488735] [BehaviorTreeEngine]: Behavior Tree tick rate 100.00 was exceeded!
[ros2-11] [bt_navigator-5] [ERROR] [1785152986.684426317] [transformPoseInTargetFrame]: Extrapolation Error looking up target frame: Lookup would require extrapolation into the past.  Requested time 13.943000 but the earliest data is at time 95.691000, when looking up transform from frame [robot3/base_link] to frame [map]
[ros2-11] [bt_navigator-5] 
[ros2-11] [bt_navigator-5] [WARN] [1785152986.684640322] [BehaviorTreeEngine]: Behavior Tree tick rate 100.00 was exceeded!
[ros2-11] [bt_navigator-5] [ERROR] [1785152986.785705371] [transformPoseInTargetFrame]: Extrapolation Error looking up target frame: Lookup would require extrapolation into the past.  Requested time 13.943000 but the earliest data is at time 95.891000, when looking up transform from frame [robot3/base_link] to frame [map]
[ros2-11] [bt_navigator-5] 
[ros2-11] [bt_navigator-5] [WARN] [1785152986.785867585] [BehaviorTreeEngine]: Behavior Tree tick rate 100.00 was exceeded!
[ros2-11] [bt_navigator-5] [ERROR] [1785152986.886841870] [transformPoseInTargetFrame]: Extrapolation Error looking up target frame: Lookup would require extrapolation into the past.  Requested time 13.943000 but the earliest data is at time 95.991000, when looking up transform from frame [robot3/base_link] to frame [map]
[ros2-11] [bt_navigator-5] 
[ros2-11] [bt_navigator-5] [WARN] [1785152986.886966087] [BehaviorTreeEngine]: Behavior Tree tick rate 100.00 was exceeded!
[ros2-11] [planner_server-3] [ERROR] [1785152986.889085839] [transformPoseInTargetFrame]: Extrapolation Error looking up target frame: Lookup would require extrapolation into the past.  Requested time 13.943000 but the earliest data is at time 95.991000, when looking up transform from frame [robot3/base_link] to frame [map]
[ros2-11] [planner_server-3] 
[ros2-11] [bt_navigator-5] [ERROR] [1785152986.988017332] [transformPoseInTargetFrame]: Extrapolation Error looking up target frame: Lookup would require extrapolation into the past.  Requested time 13.943000 but the earliest data is at time 96.091000, when looking up transform from frame [robot3/base_link] to frame [map]
[ros2-11] [bt_navigator-5] 
[ros2-11] [bt_navigator-5] [WARN] [1785152986.988125918] [BehaviorTreeEngine]: Behavior Tree tick rate 100.00 was exceeded!
[ros2-11] [bt_navigator-5] [ERROR] [1785152987.089147813] [transformPoseInTargetFrame]: Extrapolation Error looking up target frame: Lookup would require extrapolation into the past.  Requested time 13.943000 but the earliest data is at time 96.191000, when looking up transform from frame [robot3/base_link] to frame [map]
[ros2-11] [bt_navigator-5] 
[ros2-11] [bt_navigator-5] [WARN] [1785152987.089258698] [BehaviorTreeEngine]: Behavior Tree tick rate 100.00 was exceeded!
[ros2-11] [bt_navigator-5] [ERROR] [1785152987.190255756] [transformPoseInTargetFrame]: Extrapolation Error looking up target frame: Lookup would require extrapolation into the past.  Requested time 13.943000 but the earliest data is at time 96.291000, when looking up transform from frame [robot3/base_link] to frame [map]
[ros2-11] [bt_navigator-5] 
[ros2-11] [bt_navigator-5] [WARN] [1785152987.190467962] [BehaviorTreeEngine]: Behavior Tree tick rate 100.00 was exceeded!
[ros2-11] [bt_navigator-5] [ERROR] [1785152987.291511946] [transformPoseInTargetFrame]: Extrapolation Error looking up target frame: Lookup would require extrapolation into the past.  Requested time 13.943000 but the earliest data is at time 96.391000, when looking up transform from frame [robot3/base_link] to frame [map]
[ros2-11] [bt_navigator-5] 
[ros2-11] [bt_navigator-5] [WARN] [1785152987.291618896] [BehaviorTreeEngine]: Behavior Tree tick rate 100.00 was exceeded!
[ros2-11] [bt_navigator-5] [ERROR] [1785152987.392743153] [transformPoseInTargetFrame]: Extrapolation Error looking up target frame: Lookup would require extrapolation into the past.  Requested time 13.943000 but the earliest data is at time 96.491000, when looking up transform from frame [robot3/base_link] to frame [map]
[ros2-11] [bt_navigator-5] 
[ros2-11] [bt_navigator-5] [WARN] [1785152987.392853639] [BehaviorTreeEngine]: Behavior Tree tick rate 100.00 was exceeded!
[ros2-11] [planner_server-3] [INFO] [1785152987.485878694] [robot3.global_costmap.global_costmap]: Message Filter dropping message: frame 'robot3/laser_frame' at time 106.445 for reason 'the timestamp on the message is earlier than all the data in the transform cache'
[ros2-11] [bt_navigator-5] [ERROR] [1785152987.493775930] [transformPoseInTargetFrame]: Extrapolation Error looking up target frame: Lookup would require extrapolation into the past.  Requested time 13.943000 but the earliest data is at time 96.591000, when looking up transform from frame [robot3/base_link] to frame [map]
[ros2-11] [bt_navigator-5] 
[ros2-11] [bt_navigator-5] [WARN] [1785152987.493889803] [BehaviorTreeEngine]: Behavior Tree tick rate 100.00 was exceeded!
[ros2-11] [bt_navigator-5] [ERROR] [1785152987.594946260] [transformPoseInTargetFrame]: Extrapolation Error looking up target frame: Lookup would require extrapolation into the past.  Requested time 13.943000 but the earliest data is at time 96.691000, when looking up transform from frame [robot3/base_link] to frame [map]
[ros2-11] [bt_navigator-5] 
[ros2-11] [bt_navigator-5] [WARN] [1785152987.595066370] [BehaviorTreeEngine]: Behavior Tree tick rate 100.00 was exceeded!
[ros2-11] [bt_navigator-5] [ERROR] [1785152987.696108007] [transformPoseInTargetFrame]: Extrapolation Error looking up target frame: Lookup would require extrapolation into the past.  Requested time 13.943000 but the earliest data is at time 96.791000, when looking up transform from frame [robot3/base_link] to frame [map]
[ros2-11] [bt_navigator-5] 
[ros2-11] [bt_navigator-5] [WARN] [1785152987.696228228] [BehaviorTreeEngine]: Behavior Tree tick rate 100.00 was exceeded!
[ros2-11] [planner_server-3] [ERROR] [1785152987.787052885] [transformPoseInTargetFrame]: Extrapolation Error looking up target frame: Lookup would require extrapolation into the past.  Requested time 13.943000 but the earliest data is at time 96.891000, when looking up transform from frame [robot3/base_link] to frame [map]
[ros2-11] [planner_server-3] 
[ros2-11] [bt_navigator-5] [ERROR] [1785152987.797223318] [transformPoseInTargetFrame]: Extrapolation Error looking up target frame: Lookup would require extrapolation into the past.  Requested time 13.943000 but the earliest data is at time 96.891000, when looking up transform from frame [robot3/base_link] to frame [map]
[ros2-11] [bt_navigator-5] 
[ros2-11] [bt_navigator-5] [WARN] [1785152987.797351980] [BehaviorTreeEngine]: Behavior Tree tick rate 100.00 was exceeded!
[ros2-11] [bt_navigator-5] [ERROR] [1785152987.888291278] [transformPoseInTargetFrame]: Extrapolation Error looking up target frame: Lookup would require extrapolation into the past.  Requested time 13.943000 but the earliest data is at time 96.991000, when looking up transform from frame [robot3/base_link] to frame [map]
[ros2-11] [bt_navigator-5] 
[ros2-11] [bt_navigator-5] [WARN] [1785152987.888414255] [BehaviorTreeEngine]: Behavior Tree tick rate 100.00 was exceeded!
[ros2-11] [bt_navigator-5] [ERROR] [1785152987.989433099] [transformPoseInTargetFrame]: Extrapolation Error looking up target frame: Lookup would require extrapolation into the past.  Requested time 13.943000 but the earliest data is at time 97.091000, when looking up transform from frame [robot3/base_link] to frame [map]
[ros2-11] [bt_navigator-5] 
[ros2-11] [bt_navigator-5] [WARN] [1785152987.989702563] [BehaviorTreeEngine]: Behavior Tree tick rate 100.00 was exceeded!
[ros2-11] [bt_navigator-5] [ERROR] [1785152988.090777044] [transformPoseInTargetFrame]: Extrapolation Error looking up target frame: Lookup would require extrapolation into the past.  Requested time 13.943000 but the earliest data is at time 97.191000, when looking up transform from frame [robot3/base_link] to frame [map]
[ros2-11] [bt_navigator-5] 
[ros2-11] [bt_navigator-5] [WARN] [1785152988.090912686] [BehaviorTreeEngine]: Behavior Tree tick rate 100.00 was exceeded!
[ros2-11] [bt_navigator-5] [ERROR] [1785152988.191961542] [transformPoseInTargetFrame]: Extrapolation Error looking up target frame: Lookup would require extrapolation into the past.  Requested time 13.943000 but the earliest data is at time 97.291000, when looking up transform from frame [robot3/base_link] to frame [map]
[ros2-11] [bt_navigator-5] 
[ros2-11] [bt_navigator-5] [WARN] [1785152988.192097237] [BehaviorTreeEngine]: Behavior Tree tick rate 100.00 was exceeded!
[ros2-11] [bt_navigator-5] [ERROR] [1785152988.293092264] [transformPoseInTargetFrame]: Extrapolation Error looking up target frame: Lookup would require extrapolation into the past.  Requested time 13.943000 but the earliest data is at time 97.391000, when looking up transform from frame [robot3/base_link] to frame [map]
[ros2-11] [bt_navigator-5] 
[ros2-11] [bt_navigator-5] [WARN] [1785152988.293214077] [BehaviorTreeEngine]: Behavior Tree tick rate 100.00 was exceeded!
[ros2-11] [bt_navigator-5] [ERROR] [1785152988.394295828] [transformPoseInTargetFrame]: Extrapolation Error looking up target frame: Lookup would require extrapolation into the past.  Requested time 13.943000 but the earliest data is at time 97.491000, when looking up transform from frame [robot3/base_link] to frame [map]
[ros2-11] [bt_navigator-5] 
[ros2-11] [bt_navigator-5] [WARN] [1785152988.394400814] [BehaviorTreeEngine]: Behavior Tree tick rate 100.00 was exceeded!
[ros2-11] [bt_navigator-5] [ERROR] [1785152988.495402424] [transformPoseInTargetFrame]: Extrapolation Error looking up target frame: Lookup would require extrapolation into the past.  Requested time 13.943000 but the earliest data is at time 97.591000, when looking up transform from frame [robot3/base_link] to frame [map]
[ros2-11] [bt_navigator-5] 
[ros2-11] [bt_navigator-5] [WARN] [1785152988.495581834] [BehaviorTreeEngine]: Behavior Tree tick rate 100.00 was exceeded!
[ros2-11] [bt_navigator-5] [ERROR] [1785152988.596598856] [transformPoseInTargetFrame]: Extrapolation Error looking up target frame: Lookup would require extrapolation into the past.  Requested time 13.943000 but the earliest data is at time 97.691000, when looking up transform from frame [robot3/base_link] to frame [map]
[ros2-11] [bt_navigator-5] 
[ros2-11] [bt_navigator-5] [WARN] [1785152988.596715664] [BehaviorTreeEngine]: Behavior Tree tick rate 100.00 was exceeded!
[ros2-11] [bt_navigator-5] [ERROR] [1785152988.687587508] [transformPoseInTargetFrame]: Extrapolation Error looking up target frame: Lookup would require extrapolation into the past.  Requested time 13.943000 but the earliest data is at time 97.691000, when looking up transform from frame [robot3/base_link] to frame [map]
[ros2-11] [bt_navigator-5] 
[ros2-11] [bt_navigator-5] [WARN] [1785152988.687769279] [BehaviorTreeEngine]: Behavior Tree tick rate 100.00 was exceeded!
[ros2-11] [bt_navigator-5] [ERROR] [1785152988.789452873] [transformPoseInTargetFrame]: Extrapolation Error looking up target frame: Lookup would require extrapolation into the past.  Requested time 13.943000 but the earliest data is at time 97.891000, when looking up transform from frame [robot3/base_link] to frame [map]
[ros2-11] [bt_navigator-5] 
[ros2-11] [bt_navigator-5] [WARN] [1785152988.789567213] [BehaviorTreeEngine]: Behavior Tree tick rate 100.00 was exceeded!
[ros2-11] [planner_server-3] [ERROR] [1785152988.797362540] [transformPoseInTargetFrame]: Extrapolation Error looking up target frame: Lookup would require extrapolation into the past.  Requested time 13.943000 but the earliest data is at time 97.891000, when looking up transform from frame [robot3/base_link] to frame [map]
[ros2-11] [planner_server-3] 
[ros2-11] [bt_navigator-5] [ERROR] [1785152988.890636073] [transformPoseInTargetFrame]: Extrapolation Error looking up target frame: Lookup would require extrapolation into the past.  Requested time 13.943000 but the earliest data is at time 97.991000, when looking up transform from frame [robot3/base_link] to frame [map]
[ros2-11] [bt_navigator-5] 
[ros2-11] [bt_navigator-5] [WARN] [1785152988.890752757] [BehaviorTreeEngine]: Behavior Tree tick rate 100.00 was exceeded!
[ros2-11] [bt_navigator-5] [ERROR] [1785152988.991753410] [transformPoseInTargetFrame]: Extrapolation Error looking up target frame: Lookup would require extrapolation into the past.  Requested time 13.943000 but the earliest data is at time 98.091000, when looking up transform from frame [robot3/base_link] to frame [map]
[ros2-11] [bt_navigator-5] 
[ros2-11] [bt_navigator-5] [WARN] [1785152988.991925293] [BehaviorTreeEngine]: Behavior Tree tick rate 100.00 was exceeded!
[ros2-11] [bt_navigator-5] [ERROR] [1785152989.093043129] [transformPoseInTargetFrame]: Extrapolation Error looking up target frame: Lookup would require extrapolation into the past.  Requested time 13.943000 but the earliest data is at time 98.191000, when looking up transform from frame [robot3/base_link] to frame [map]
[ros2-11] [bt_navigator-5] 
[ros2-11] [bt_navigator-5] [WARN] [1785152989.093272975] [BehaviorTreeEngine]: Behavior Tree tick rate 100.00 was exceeded!
[ros2-11] [bt_navigator-5] [ERROR] [1785152989.194315174] [transformPoseInTargetFrame]: Extrapolation Error looking up target frame: Lookup would require extrapolation into the past.  Requested time 13.943000 but the earliest data is at time 98.291000, when looking up transform from frame [robot3/base_link] to frame [map]
[ros2-11] [bt_navigator-5] 
[ros2-11] [bt_navigator-5] [WARN] [1785152989.194435228] [BehaviorTreeEngine]: Behavior Tree tick rate 100.00 was exceeded!
[ros2-11] [bt_navigator-5] [ERROR] [1785152989.295509347] [transformPoseInTargetFrame]: Extrapolation Error looking up target frame: Lookup would require extrapolation into the past.  Requested time 13.943000 but the earliest data is at time 98.391000, when looking up transform from frame [robot3/base_link] to frame [map]
[ros2-11] [bt_navigator-5] 
[ros2-11] [bt_navigator-5] [WARN] [1785152989.295659190] [BehaviorTreeEngine]: Behavior Tree tick rate 100.00 was exceeded!
[ros2-11] [bt_navigator-5] [ERROR] [1785152989.396702159] [transformPoseInTargetFrame]: Extrapolation Error looking up target frame: Lookup would require extrapolation into the past.  Requested time 13.943000 but the earliest data is at time 98.491000, when looking up transform from frame [robot3/base_link] to frame [map]
[ros2-11] [bt_navigator-5] 
[ros2-11] [bt_navigator-5] [WARN] [1785152989.396807294] [BehaviorTreeEngine]: Behavior Tree tick rate 100.00 was exceeded!
[ros2-11] [bt_navigator-5] [ERROR] [1785152989.497807086] [transformPoseInTargetFrame]: Extrapolation Error looking up target frame: Lookup would require extrapolation into the past.  Requested time 13.943000 but the earliest data is at time 98.591000, when looking up transform from frame [robot3/base_link] to frame [map]
[ros2-11] [bt_navigator-5] 
[ros2-11] [bt_navigator-5] [WARN] [1785152989.497929877] [BehaviorTreeEngine]: Behavior Tree tick rate 100.00 was exceeded!
[ros2-11] [bt_navigator-5] [ERROR] [1785152989.588899546] [transformPoseInTargetFrame]: Extrapolation Error looking up target frame: Lookup would require extrapolation into the past.  Requested time 13.943000 but the earliest data is at time 98.591000, when looking up transform from frame [robot3/base_link] to frame [map]
[ros2-11] [bt_navigator-5] 
[ros2-11] [bt_navigator-5] [WARN] [1785152989.589039809] [BehaviorTreeEngine]: Behavior Tree tick rate 100.00 was exceeded!
[ros2-11] [bt_navigator-5] [ERROR] [1785152989.690072217] [transformPoseInTargetFrame]: Extrapolation Error looking up target frame: Lookup would require extrapolation into the past.  Requested time 13.943000 but the earliest data is at time 98.791000, when looking up transform from frame [robot3/base_link] to frame [map]
[ros2-11] [bt_navigator-5] 
[ros2-11] [bt_navigator-5] [WARN] [1785152989.690356117] [BehaviorTreeEngine]: Behavior Tree tick rate 100.00 was exceeded!
[ros2-11] [bt_navigator-5] [ERROR] [1785152989.791400352] [transformPoseInTargetFrame]: Extrapolation Error looking up target frame: Lookup would require extrapolation into the past.  Requested time 13.943000 but the earliest data is at time 98.891000, when looking up transform from frame [robot3/base_link] to frame [map]
[ros2-11] [bt_navigator-5] 
[ros2-11] [bt_navigator-5] [WARN] [1785152989.791512011] [BehaviorTreeEngine]: Behavior Tree tick rate 100.00 was exceeded!
[ros2-11] [planner_server-3] [ERROR] [1785152989.797420118] [transformPoseInTargetFrame]: Extrapolation Error looking up target frame: Lookup would require extrapolation into the past.  Requested time 13.943000 but the earliest data is at time 98.891000, when looking up transform from frame [robot3/base_link] to frame [map]
[ros2-11] [planner_server-3] 
[ros2-11] [bt_navigator-5] [ERROR] [1785152989.892492912] [transformPoseInTargetFrame]: Extrapolation Error looking up target frame: Lookup would require extrapolation into the past.  Requested time 13.943000 but the earliest data is at time 98.991000, when looking up transform from frame [robot3/base_link] to frame [map]
[ros2-11] [bt_navigator-5] 
[ros2-11] [bt_navigator-5] [WARN] [1785152989.892609100] [BehaviorTreeEngine]: Behavior Tree tick rate 100.00 was exceeded!
[ros2-11] [planner_server-3] [INFO] [1785152989.988881772] [robot3.global_costmap.global_costmap]: Message Filter dropping message: frame 'robot3/laser_frame' at time 108.945 for reason 'the timestamp on the message is earlier than all the data in the transform cache'
[ros2-11] [bt_navigator-5] [ERROR] [1785152989.993610858] [transformPoseInTargetFrame]: Extrapolation Error looking up target frame: Lookup would require extrapolation into the past.  Requested time 13.943000 but the earliest data is at time 99.091000, when looking up transform from frame [robot3/base_link] to frame [map]
[ros2-11] [bt_navigator-5] 
[ros2-11] [bt_navigator-5] [WARN] [1785152989.993745349] [BehaviorTreeEngine]: Behavior Tree tick rate 100.00 was exceeded!
[ros2-11] [bt_navigator-5] [ERROR] [1785152990.094731742] [transformPoseInTargetFrame]: Extrapolation Error looking up target frame: Lookup would require extrapolation into the past.  Requested time 13.943000 but the earliest data is at time 99.191000, when looking up transform from frame [robot3/base_link] to frame [map]
[ros2-11] [bt_navigator-5] 
[ros2-11] [bt_navigator-5] [WARN] [1785152990.094860992] [BehaviorTreeEngine]: Behavior Tree tick rate 100.00 was exceeded!
[ros2-11] [bt_navigator-5] [ERROR] [1785152990.196026442] [transformPoseInTargetFrame]: Extrapolation Error looking up target frame: Lookup would require extrapolation into the past.  Requested time 13.943000 but the earliest data is at time 99.291000, when looking up transform from frame [robot3/base_link] to frame [map]
[ros2-11] [bt_navigator-5] 
[ros2-11] [bt_navigator-5] [WARN] [1785152990.196154246] [BehaviorTreeEngine]: Behavior Tree tick rate 100.00 was exceeded!
[ros2-11] [bt_navigator-5] [ERROR] [1785152990.297236170] [transformPoseInTargetFrame]: Extrapolation Error looking up target frame: Lookup would require extrapolation into the past.  Requested time 13.943000 but the earliest data is at time 99.391000, when looking up transform from frame [robot3/base_link] to frame [map]
[ros2-11] [bt_navigator-5] 
[ros2-11] [bt_navigator-5] [WARN] [1785152990.297416017] [BehaviorTreeEngine]: Behavior Tree tick rate 100.00 was exceeded!
[ros2-11] [bt_navigator-5] [ERROR] [1785152990.398458659] [transformPoseInTargetFrame]: Extrapolation Error looking up target frame: Lookup would require extrapolation into the past.  Requested time 13.943000 but the earliest data is at time 99.491000, when looking up transform from frame [robot3/base_link] to frame [map]
[ros2-11] [bt_navigator-5] 
[ros2-11] [bt_navigator-5] [WARN] [1785152990.398624976] [BehaviorTreeEngine]: Behavior Tree tick rate 100.00 was exceeded!
[ros2-11] [bt_navigator-5] [ERROR] [1785152990.489668032] [transformPoseInTargetFrame]: Extrapolation Error looking up target frame: Lookup would require extrapolation into the past.  Requested time 13.943000 but the earliest data is at time 99.491000, when looking up transform from frame [robot3/base_link] to frame [map]
[ros2-11] [bt_navigator-5] 
[ros2-11] [bt_navigator-5] [WARN] [1785152990.489857903] [BehaviorTreeEngine]: Behavior Tree tick rate 100.00 was exceeded!
[ros2-11] [bt_navigator-5] [ERROR] [1785152990.590935967] [transformPoseInTargetFrame]: Extrapolation Error looking up target frame: Lookup would require extrapolation into the past.  Requested time 13.943000 but the earliest data is at time 99.691000, when looking up transform from frame [robot3/base_link] to frame [map]
[ros2-11] [bt_navigator-5] 
[ros2-11] [bt_navigator-5] [WARN] [1785152990.591059035] [BehaviorTreeEngine]: Behavior Tree tick rate 100.00 was exceeded!
[ros2-11] [bt_navigator-5] [ERROR] [1785152990.692112374] [transformPoseInTargetFrame]: Extrapolation Error looking up target frame: Lookup would require extrapolation into the past.  Requested time 13.943000 but the earliest data is at time 99.791000, when looking up transform from frame [robot3/base_link] to frame [map]
[ros2-11] [bt_navigator-5] 
[ros2-11] [bt_navigator-5] [WARN] [1785152990.692227817] [BehaviorTreeEngine]: Behavior Tree tick rate 100.00 was exceeded!
[ros2-11] [bt_navigator-5] [ERROR] [1785152990.793188418] [transformPoseInTargetFrame]: Extrapolation Error looking up target frame: Lookup would require extrapolation into the past.  Requested time 13.943000 but the earliest data is at time 99.891000, when looking up transform from frame [robot3/base_link] to frame [map]
[ros2-11] [bt_navigator-5] 
[ros2-11] [bt_navigator-5] [WARN] [1785152990.793299506] [BehaviorTreeEngine]: Behavior Tree tick rate 100.00 was exceeded!
[ros2-11] [planner_server-3] [ERROR] [1785152990.797242102] [transformPoseInTargetFrame]: Extrapolation Error looking up target frame: Lookup would require extrapolation into the past.  Requested time 13.943000 but the earliest data is at time 99.891000, when looking up transform from frame [robot3/base_link] to frame [map]
[ros2-11] [planner_server-3] 
[ros2-11] [bt_navigator-5] [ERROR] [1785152990.894371657] [transformPoseInTargetFrame]: Extrapolation Error looking up target frame: Lookup would require extrapolation into the past.  Requested time 13.943000 but the earliest data is at time 99.991000, when looking up transform from frame [robot3/base_link] to frame [map]
[ros2-11] [bt_navigator-5] 
[ros2-11] [bt_navigator-5] [WARN] [1785152990.894485605] [BehaviorTreeEngine]: Behavior Tree tick rate 100.00 was exceeded!
[ros2-11] [bt_navigator-5] [ERROR] [1785152990.995527463] [transformPoseInTargetFrame]: Extrapolation Error looking up target frame: Lookup would require extrapolation into the past.  Requested time 13.943000 but the earliest data is at time 100.091000, when looking up transform from frame [robot3/base_link] to frame [map]
[ros2-11] [bt_navigator-5] 
[ros2-11] [bt_navigator-5] [WARN] [1785152990.995755568] [BehaviorTreeEngine]: Behavior Tree tick rate 100.00 was exceeded!
[ros2-11] [bt_navigator-5] [ERROR] [1785152991.096792833] [transformPoseInTargetFrame]: Extrapolation Error looking up target frame: Lookup would require extrapolation into the past.  Requested time 13.943000 but the earliest data is at time 100.191000, when looking up transform from frame [robot3/base_link] to frame [map]
[ros2-11] [bt_navigator-5] 
[ros2-11] [bt_navigator-5] [WARN] [1785152991.096925541] [BehaviorTreeEngine]: Behavior Tree tick rate 100.00 was exceeded!
[ros2-11] [bt_navigator-5] [ERROR] [1785152991.197938341] [transformPoseInTargetFrame]: Extrapolation Error looking up target frame: Lookup would require extrapolation into the past.  Requested time 13.943000 but the earliest data is at time 100.291000, when looking up transform from frame [robot3/base_link] to frame [map]
[ros2-11] [bt_navigator-5] 
[ros2-11] [bt_navigator-5] [WARN] [1785152991.198060686] [BehaviorTreeEngine]: Behavior Tree tick rate 100.00 was exceeded!
[ros2-11] [bt_navigator-5] [ERROR] [1785152991.299084268] [transformPoseInTargetFrame]: Extrapolation Error looking up target frame: Lookup would require extrapolation into the past.  Requested time 13.943000 but the earliest data is at time 100.391000, when looking up transform from frame [robot3/base_link] to frame [map]
[ros2-11] [bt_navigator-5] 
[ros2-11] [bt_navigator-5] [WARN] [1785152991.299204131] [BehaviorTreeEngine]: Behavior Tree tick rate 100.00 was exceeded!
[ros2-11] [bt_navigator-5] [ERROR] [1785152991.400515657] [transformPoseInTargetFrame]: Extrapolation Error looking up target frame: Lookup would require extrapolation into the past.  Requested time 13.943000 but the earliest data is at time 100.491000, when looking up transform from frame [robot3/base_link] to frame [map]
[ros2-11] [bt_navigator-5] 
[ros2-11] [bt_navigator-5] [WARN] [1785152991.400656644] [BehaviorTreeEngine]: Behavior Tree tick rate 100.00 was exceeded!
[ros2-11] [bt_navigator-5] [ERROR] [1785152991.491536833] [transformPoseInTargetFrame]: Extrapolation Error looking up target frame: Lookup would require extrapolation into the past.  Requested time 13.943000 but the earliest data is at time 100.491000, when looking up transform from frame [robot3/base_link] to frame [map]
[ros2-11] [bt_navigator-5] 
[ros2-11] [bt_navigator-5] [WARN] [1785152991.491726222] [BehaviorTreeEngine]: Behavior Tree tick rate 100.00 was exceeded!
[ros2-11] [bt_navigator-5] [ERROR] [1785152991.604343928] [transformPoseInTargetFrame]: Extrapolation Error looking up target frame: Lookup would require extrapolation into the past.  Requested time 13.943000 but the earliest data is at time 100.591000, when looking up transform from frame [robot3/base_link] to frame [map]
[ros2-11] [bt_navigator-5] 
[ros2-11] [bt_navigator-5] [WARN] [1785152991.604979025] [BehaviorTreeEngine]: Behavior Tree tick rate 100.00 was exceeded!
[ros2-11] [bt_navigator-5] [ERROR] [1785152991.707732631] [transformPoseInTargetFrame]: Extrapolation Error looking up target frame: Lookup would require extrapolation into the past.  Requested time 13.943000 but the earliest data is at time 100.791000, when looking up transform from frame [robot3/base_link] to frame [map]
[ros2-11] [bt_navigator-5] 
[ros2-11] [bt_navigator-5] [WARN] [1785152991.707856097] [BehaviorTreeEngine]: Behavior Tree tick rate 100.00 was exceeded!
[ros2-11] [planner_server-3] [ERROR] [1785152991.798331213] [transformPoseInTargetFrame]: Extrapolation Error looking up target frame: Lookup would require extrapolation into the past.  Requested time 13.943000 but the earliest data is at time 100.891000, when looking up transform from frame [robot3/base_link] to frame [map]
[ros2-11] [planner_server-3] 
[ros2-11] [bt_navigator-5] [ERROR] [1785152991.798741397] [transformPoseInTargetFrame]: Extrapolation Error looking up target frame: Lookup would require extrapolation into the past.  Requested time 13.943000 but the earliest data is at time 100.891000, when looking up transform from frame [robot3/base_link] to frame [map]
[ros2-11] [bt_navigator-5] 
[ros2-11] [bt_navigator-5] [WARN] [1785152991.798887474] [BehaviorTreeEngine]: Behavior Tree tick rate 100.00 was exceeded!
[ros2-11] [bt_navigator-5] [ERROR] [1785152991.899909155] [transformPoseInTargetFrame]: Extrapolation Error looking up target frame: Lookup would require extrapolation into the past.  Requested time 13.943000 but the earliest data is at time 100.991000, when looking up transform from frame [robot3/base_link] to frame [map]
[ros2-11] [bt_navigator-5] 
[ros2-11] [bt_navigator-5] [WARN] [1785152991.900047951] [BehaviorTreeEngine]: Behavior Tree tick rate 100.00 was exceeded!
[ros2-11] [bt_navigator-5] [ERROR] [1785152992.001065096] [transformPoseInTargetFrame]: Extrapolation Error looking up target frame: Lookup would require extrapolation into the past.  Requested time 13.943000 but the earliest data is at time 101.091000, when looking up transform from frame [robot3/base_link] to frame [map]
[ros2-11] [bt_navigator-5] 
[ros2-11] [bt_navigator-5] [WARN] [1785152992.001169106] [BehaviorTreeEngine]: Behavior Tree tick rate 100.00 was exceeded!
[ros2-11] [bt_navigator-5] [ERROR] [1785152992.102306021] [transformPoseInTargetFrame]: Extrapolation Error looking up target frame: Lookup would require extrapolation into the past.  Requested time 13.943000 but the earliest data is at time 101.191000, when looking up transform from frame [robot3/base_link] to frame [map]
[ros2-11] [bt_navigator-5] 
[ros2-11] [bt_navigator-5] [WARN] [1785152992.102468618] [BehaviorTreeEngine]: Behavior Tree tick rate 100.00 was exceeded!
[ros2-11] [bt_navigator-5] [ERROR] [1785152992.193450084] [transformPoseInTargetFrame]: Extrapolation Error looking up target frame: Lookup would require extrapolation into the past.  Requested time 13.943000 but the earliest data is at time 101.291000, when looking up transform from frame [robot3/base_link] to frame [map]
[ros2-11] [bt_navigator-5] 
[ros2-11] [bt_navigator-5] [WARN] [1785152992.193596345] [BehaviorTreeEngine]: Behavior Tree tick rate 100.00 was exceeded!
[ros2-11] [bt_navigator-5] [ERROR] [1785152992.294631695] [transformPoseInTargetFrame]: Extrapolation Error looking up target frame: Lookup would require extrapolation into the past.  Requested time 13.943000 but the earliest data is at time 101.391000, when looking up transform from frame [robot3/base_link] to frame [map]
[ros2-11] [bt_navigator-5] 
[ros2-11] [bt_navigator-5] [WARN] [1785152992.294775018] [BehaviorTreeEngine]: Behavior Tree tick rate 100.00 was exceeded!
[ros2-11] [bt_navigator-5] [ERROR] [1785152992.395769218] [transformPoseInTargetFrame]: Extrapolation Error looking up target frame: Lookup would require extrapolation into the past.  Requested time 13.943000 but the earliest data is at time 101.491000, when looking up transform from frame [robot3/base_link] to frame [map]
[ros2-11] [bt_navigator-5] 
[ros2-11] [bt_navigator-5] [WARN] [1785152992.395869669] [BehaviorTreeEngine]: Behavior Tree tick rate 100.00 was exceeded!
[ros2-11] [planner_server-3] [INFO] [1785152992.492915190] [robot3.global_costmap.global_costmap]: Message Filter dropping message: frame 'robot3/laser_frame' at time 111.445 for reason 'the timestamp on the message is earlier than all the data in the transform cache'
[ros2-11] [bt_navigator-5] [ERROR] [1785152992.496879772] [transformPoseInTargetFrame]: Extrapolation Error looking up target frame: Lookup would require extrapolation into the past.  Requested time 13.943000 but the earliest data is at time 101.591000, when looking up transform from frame [robot3/base_link] to frame [map]
[ros2-11] [bt_navigator-5] 
[ros2-11] [bt_navigator-5] [WARN] [1785152992.496986796] [BehaviorTreeEngine]: Behavior Tree tick rate 100.00 was exceeded!
[ros2-11] [bt_navigator-5] [ERROR] [1785152992.598000706] [transformPoseInTargetFrame]: Extrapolation Error looking up target frame: Lookup would require extrapolation into the past.  Requested time 13.943000 but the earliest data is at time 101.691000, when looking up transform from frame [robot3/base_link] to frame [map]
[ros2-11] [bt_navigator-5] 
[ros2-11] [bt_navigator-5] [WARN] [1785152992.598092426] [BehaviorTreeEngine]: Behavior Tree tick rate 100.00 was exceeded!
[ros2-11] [bt_navigator-5] [ERROR] [1785152992.699038442] [transformPoseInTargetFrame]: Extrapolation Error looking up target frame: Lookup would require extrapolation into the past.  Requested time 13.943000 but the earliest data is at time 101.791000, when looking up transform from frame [robot3/base_link] to frame [map]
[ros2-11] [bt_navigator-5] 
[ros2-11] [bt_navigator-5] [WARN] [1785152992.699138678] [BehaviorTreeEngine]: Behavior Tree tick rate 100.00 was exceeded!
[ros2-11] [planner_server-3] [ERROR] [1785152992.797400210] [transformPoseInTargetFrame]: Extrapolation Error looking up target frame: Lookup would require extrapolation into the past.  Requested time 13.943000 but the earliest data is at time 101.891000, when looking up transform from frame [robot3/base_link] to frame [map]
[ros2-11] [planner_server-3] 
[ros2-11] [bt_navigator-5] [ERROR] [1785152992.800162976] [transformPoseInTargetFrame]: Extrapolation Error looking up target frame: Lookup would require extrapolation into the past.  Requested time 13.943000 but the earliest data is at time 101.891000, when looking up transform from frame [robot3/base_link] to frame [map]
[ros2-11] [bt_navigator-5] 
[ros2-11] [bt_navigator-5] [WARN] [1785152992.800291235] [BehaviorTreeEngine]: Behavior Tree tick rate 100.00 was exceeded!
[ros2-11] [bt_navigator-5] [ERROR] [1785152992.901342162] [transformPoseInTargetFrame]: Extrapolation Error looking up target frame: Lookup would require extrapolation into the past.  Requested time 13.943000 but the earliest data is at time 101.991000, when looking up transform from frame [robot3/base_link] to frame [map]
[ros2-11] [bt_navigator-5] 
[ros2-11] [bt_navigator-5] [WARN] [1785152992.901496712] [BehaviorTreeEngine]: Behavior Tree tick rate 100.00 was exceeded!
[ros2-11] [bt_navigator-5] [ERROR] [1785152993.002469157] [transformPoseInTargetFrame]: Extrapolation Error looking up target frame: Lookup would require extrapolation into the past.  Requested time 13.943000 but the earliest data is at time 102.091000, when looking up transform from frame [robot3/base_link] to frame [map]
[ros2-11] [bt_navigator-5] 
[ros2-11] [bt_navigator-5] [WARN] [1785152993.002636509] [BehaviorTreeEngine]: Behavior Tree tick rate 100.00 was exceeded!
[ros2-11] [bt_navigator-5] [ERROR] [1785152993.093559159] [transformPoseInTargetFrame]: Extrapolation Error looking up target frame: Lookup would require extrapolation into the past.  Requested time 13.943000 but the earliest data is at time 102.091000, when looking up transform from frame [robot3/base_link] to frame [map]
[ros2-11] [bt_navigator-5] 
[ros2-11] [bt_navigator-5] [WARN] [1785152993.093698363] [BehaviorTreeEngine]: Behavior Tree tick rate 100.00 was exceeded!
[ros2-11] [bt_navigator-5] [ERROR] [1785152993.194717456] [transformPoseInTargetFrame]: Extrapolation Error looking up target frame: Lookup would require extrapolation into the past.  Requested time 13.943000 but the earliest data is at time 102.291000, when looking up transform from frame [robot3/base_link] to frame [map]
[ros2-11] [bt_navigator-5] 
[ros2-11] [bt_navigator-5] [WARN] [1785152993.194834427] [BehaviorTreeEngine]: Behavior Tree tick rate 100.00 was exceeded!
[ros2-11] [bt_navigator-5] [ERROR] [1785152993.295875425] [transformPoseInTargetFrame]: Extrapolation Error looking up target frame: Lookup would require extrapolation into the past.  Requested time 13.943000 but the earliest data is at time 102.391000, when looking up transform from frame [robot3/base_link] to frame [map]
[ros2-11] [bt_navigator-5] 
[ros2-11] [bt_navigator-5] [WARN] [1785152993.296012285] [BehaviorTreeEngine]: Behavior Tree tick rate 100.00 was exceeded!
[ros2-11] [bt_navigator-5] [ERROR] [1785152993.397076865] [transformPoseInTargetFrame]: Extrapolation Error looking up target frame: Lookup would require extrapolation into the past.  Requested time 13.943000 but the earliest data is at time 102.491000, when looking up transform from frame [robot3/base_link] to frame [map]
[ros2-11] [bt_navigator-5] 
[ros2-11] [bt_navigator-5] [WARN] [1785152993.397206411] [BehaviorTreeEngine]: Behavior Tree tick rate 100.00 was exceeded!
[ros2-11] [bt_navigator-5] [ERROR] [1785152993.498176143] [transformPoseInTargetFrame]: Extrapolation Error looking up target frame: Lookup would require extrapolation into the past.  Requested time 13.943000 but the earliest data is at time 102.591000, when looking up transform from frame [robot3/base_link] to frame [map]
[ros2-11] [bt_navigator-5] 
[ros2-11] [bt_navigator-5] [WARN] [1785152993.498308831] [BehaviorTreeEngine]: Behavior Tree tick rate 100.00 was exceeded!
[ros2-11] [bt_navigator-5] [ERROR] [1785152993.599393987] [transformPoseInTargetFrame]: Extrapolation Error looking up target frame: Lookup would require extrapolation into the past.  Requested time 13.943000 but the earliest data is at time 102.691000, when looking up transform from frame [robot3/base_link] to frame [map]
[ros2-11] [bt_navigator-5] 
[ros2-11] [bt_navigator-5] [WARN] [1785152993.599624533] [BehaviorTreeEngine]: Behavior Tree tick rate 100.00 was exceeded!
[ros2-11] [bt_navigator-5] [ERROR] [1785152993.700676765] [transformPoseInTargetFrame]: Extrapolation Error looking up target frame: Lookup would require extrapolation into the past.  Requested time 13.943000 but the earliest data is at time 102.791000, when looking up transform from frame [robot3/base_link] to frame [map]
[ros2-11] [bt_navigator-5] 
[ros2-11] [bt_navigator-5] [WARN] [1785152993.700778456] [BehaviorTreeEngine]: Behavior Tree tick rate 100.00 was exceeded!
[ros2-11] [planner_server-3] [ERROR] [1785152993.797215658] [transformPoseInTargetFrame]: Extrapolation Error looking up target frame: Lookup would require extrapolation into the past.  Requested time 13.943000 but the earliest data is at time 102.891000, when looking up transform from frame [robot3/base_link] to frame [map]
[ros2-11] [planner_server-3] 
[ros2-11] [bt_navigator-5] [ERROR] [1785152993.801709825] [transformPoseInTargetFrame]: Extrapolation Error looking up target frame: Lookup would require extrapolation into the past.  Requested time 13.943000 but the earliest data is at time 102.891000, when looking up transform from frame [robot3/base_link] to frame [map]
[ros2-11] [bt_navigator-5] 
[ros2-11] [bt_navigator-5] [WARN] [1785152993.801821455] [BehaviorTreeEngine]: Behavior Tree tick rate 100.00 was exceeded!
[ros2-11] [bt_navigator-5] [ERROR] [1785152993.902822481] [transformPoseInTargetFrame]: Extrapolation Error looking up target frame: Lookup would require extrapolation into the past.  Requested time 13.943000 but the earliest data is at time 102.991000, when looking up transform from frame [robot3/base_link] to frame [map]
[ros2-11] [bt_navigator-5] 
[ros2-11] [bt_navigator-5] [WARN] [1785152993.902968258] [BehaviorTreeEngine]: Behavior Tree tick rate 100.00 was exceeded!
[ros2-11] [bt_navigator-5] [ERROR] [1785152994.003959194] [transformPoseInTargetFrame]: Extrapolation Error looking up target frame: Lookup would require extrapolation into the past.  Requested time 13.943000 but the earliest data is at time 103.091000, when looking up transform from frame [robot3/base_link] to frame [map]
[ros2-11] [bt_navigator-5] 
[ros2-11] [bt_navigator-5] [WARN] [1785152994.004143565] [BehaviorTreeEngine]: Behavior Tree tick rate 100.00 was exceeded!
[ros2-11] [bt_navigator-5] [ERROR] [1785152994.095222905] [transformPoseInTargetFrame]: Extrapolation Error looking up target frame: Lookup would require extrapolation into the past.  Requested time 13.943000 but the earliest data is at time 103.091000, when looking up transform from frame [robot3/base_link] to frame [map]
[ros2-11] [bt_navigator-5] 
[ros2-11] [bt_navigator-5] [WARN] [1785152994.095416755] [BehaviorTreeEngine]: Behavior Tree tick rate 100.00 was exceeded!
[ros2-11] [bt_navigator-5] [ERROR] [1785152994.196447931] [transformPoseInTargetFrame]: Extrapolation Error looking up target frame: Lookup would require extrapolation into the past.  Requested time 13.943000 but the earliest data is at time 103.291000, when looking up transform from frame [robot3/base_link] to frame [map]
[ros2-11] [bt_navigator-5] 
[ros2-11] [bt_navigator-5] [WARN] [1785152994.196613564] [BehaviorTreeEngine]: Behavior Tree tick rate 100.00 was exceeded!
[ros2-11] [bt_navigator-5] [ERROR] [1785152994.297684166] [transformPoseInTargetFrame]: Extrapolation Error looking up target frame: Lookup would require extrapolation into the past.  Requested time 13.943000 but the earliest data is at time 103.391000, when looking up transform from frame [robot3/base_link] to frame [map]
[ros2-11] [bt_navigator-5] 
[ros2-11] [bt_navigator-5] [WARN] [1785152994.297791993] [BehaviorTreeEngine]: Behavior Tree tick rate 100.00 was exceeded!
[ros2-11] [bt_navigator-5] [ERROR] [1785152994.398852879] [transformPoseInTargetFrame]: Extrapolation Error looking up target frame: Lookup would require extrapolation into the past.  Requested time 13.943000 but the earliest data is at time 103.491000, when looking up transform from frame [robot3/base_link] to frame [map]
[ros2-11] [bt_navigator-5] 
[ros2-11] [bt_navigator-5] [WARN] [1785152994.398964158] [BehaviorTreeEngine]: Behavior Tree tick rate 100.00 was exceeded!
[ros2-11] [bt_navigator-5] [ERROR] [1785152994.499948183] [transformPoseInTargetFrame]: Extrapolation Error looking up target frame: Lookup would require extrapolation into the past.  Requested time 13.943000 but the earliest data is at time 103.591000, when looking up transform from frame [robot3/base_link] to frame [map]
[ros2-11] [bt_navigator-5] 
[ros2-11] [bt_navigator-5] [WARN] [1785152994.500054392] [BehaviorTreeEngine]: Behavior Tree tick rate 100.00 was exceeded!
[ros2-11] [bt_navigator-5] [ERROR] [1785152994.601125663] [transformPoseInTargetFrame]: Extrapolation Error looking up target frame: Lookup would require extrapolation into the past.  Requested time 13.943000 but the earliest data is at time 103.691000, when looking up transform from frame [robot3/base_link] to frame [map]
[ros2-11] [bt_navigator-5] 
[ros2-11] [bt_navigator-5] [WARN] [1785152994.601253054] [BehaviorTreeEngine]: Behavior Tree tick rate 100.00 was exceeded!
[ros2-11] [bt_navigator-5] [ERROR] [1785152994.702386928] [transformPoseInTargetFrame]: Extrapolation Error looking up target frame: Lookup would require extrapolation into the past.  Requested time 13.943000 but the earliest data is at time 103.791000, when looking up transform from frame [robot3/base_link] to frame [map]
[ros2-11] [bt_navigator-5] 
[ros2-11] [bt_navigator-5] [WARN] [1785152994.702514760] [BehaviorTreeEngine]: Behavior Tree tick rate 100.00 was exceeded!
[ros2-11] [planner_server-3] [ERROR] [1785152994.797259812] [transformPoseInTargetFrame]: Extrapolation Error looking up target frame: Lookup would require extrapolation into the past.  Requested time 13.943000 but the earliest data is at time 103.891000, when looking up transform from frame [robot3/base_link] to frame [map]
[ros2-11] [planner_server-3] 
[ros2-11] [bt_navigator-5] [ERROR] [1785152994.803572348] [transformPoseInTargetFrame]: Extrapolation Error looking up target frame: Lookup would require extrapolation into the past.  Requested time 13.943000 but the earliest data is at time 103.891000, when looking up transform from frame [robot3/base_link] to frame [map]
[ros2-11] [bt_navigator-5] 
[ros2-11] [bt_navigator-5] [WARN] [1785152994.803705120] [BehaviorTreeEngine]: Behavior Tree tick rate 100.00 was exceeded!
[ros2-11] [bt_navigator-5] [ERROR] [1785152994.904740513] [transformPoseInTargetFrame]: Extrapolation Error looking up target frame: Lookup would require extrapolation into the past.  Requested time 13.943000 but the earliest data is at time 103.991000, when looking up transform from frame [robot3/base_link] to frame [map]
[ros2-11] [bt_navigator-5] 
[ros2-11] [bt_navigator-5] [WARN] [1785152994.904983688] [BehaviorTreeEngine]: Behavior Tree tick rate 100.00 was exceeded!
[ros2-11] [planner_server-3] [INFO] [1785152994.996421770] [robot3.global_costmap.global_costmap]: Message Filter dropping message: frame 'robot3/laser_frame' at time 113.945 for reason 'the timestamp on the message is earlier than all the data in the transform cache'
[ros2-11] [bt_navigator-5] [ERROR] [1785152995.006153014] [transformPoseInTargetFrame]: Extrapolation Error looking up target frame: Lookup would require extrapolation into the past.  Requested time 13.943000 but the earliest data is at time 104.091000, when looking up transform from frame [robot3/base_link] to frame [map]
[ros2-11] [bt_navigator-5] 
[ros2-11] [bt_navigator-5] [WARN] [1785152995.006277286] [BehaviorTreeEngine]: Behavior Tree tick rate 100.00 was exceeded!
[ros2-11] [bt_navigator-5] [ERROR] [1785152995.097289838] [transformPoseInTargetFrame]: Extrapolation Error looking up target frame: Lookup would require extrapolation into the past.  Requested time 13.943000 but the earliest data is at time 104.191000, when looking up transform from frame [robot3/base_link] to frame [map]
[ros2-11] [bt_navigator-5] 
[ros2-11] [bt_navigator-5] [WARN] [1785152995.097407692] [BehaviorTreeEngine]: Behavior Tree tick rate 100.00 was exceeded!
[ros2-11] [bt_navigator-5] [ERROR] [1785152995.198359369] [transformPoseInTargetFrame]: Extrapolation Error looking up target frame: Lookup would require extrapolation into the past.  Requested time 13.943000 but the earliest data is at time 104.291000, when looking up transform from frame [robot3/base_link] to frame [map]
[ros2-11] [bt_navigator-5] 
[ros2-11] [bt_navigator-5] [WARN] [1785152995.198465616] [BehaviorTreeEngine]: Behavior Tree tick rate 100.00 was exceeded!
[ros2-11] [bt_navigator-5] [ERROR] [1785152995.299504916] [transformPoseInTargetFrame]: Extrapolation Error looking up target frame: Lookup would require extrapolation into the past.  Requested time 13.943000 but the earliest data is at time 104.391000, when looking up transform from frame [robot3/base_link] to frame [map]
[ros2-11] [bt_navigator-5] 
[ros2-11] [bt_navigator-5] [WARN] [1785152995.299652413] [BehaviorTreeEngine]: Behavior Tree tick rate 100.00 was exceeded!
[ros2-11] [bt_navigator-5] [ERROR] [1785152995.400705910] [transformPoseInTargetFrame]: Extrapolation Error looking up target frame: Lookup would require extrapolation into the past.  Requested time 13.943000 but the earliest data is at time 104.491000, when looking up transform from frame [robot3/base_link] to frame [map]
[ros2-11] [bt_navigator-5] 
[ros2-11] [bt_navigator-5] [WARN] [1785152995.400800818] [BehaviorTreeEngine]: Behavior Tree tick rate 100.00 was exceeded!
[ros2-11] [bt_navigator-5] [ERROR] [1785152995.501756958] [transformPoseInTargetFrame]: Extrapolation Error looking up target frame: Lookup would require extrapolation into the past.  Requested time 13.943000 but the earliest data is at time 104.591000, when looking up transform from frame [robot3/base_link] to frame [map]
[ros2-11] [bt_navigator-5] 
[ros2-11] [bt_navigator-5] [WARN] [1785152995.501965347] [BehaviorTreeEngine]: Behavior Tree tick rate 100.00 was exceeded!
[ros2-11] [bt_navigator-5] [ERROR] [1785152995.603034675] [transformPoseInTargetFrame]: Extrapolation Error looking up target frame: Lookup would require extrapolation into the past.  Requested time 13.943000 but the earliest data is at time 104.691000, when looking up transform from frame [robot3/base_link] to frame [map]
[ros2-11] [bt_navigator-5] 
[ros2-11] [bt_navigator-5] [WARN] [1785152995.603153450] [BehaviorTreeEngine]: Behavior Tree tick rate 100.00 was exceeded!
[ros2-11] [bt_navigator-5] [ERROR] [1785152995.704202991] [transformPoseInTargetFrame]: Extrapolation Error looking up target frame: Lookup would require extrapolation into the past.  Requested time 13.943000 but the earliest data is at time 104.791000, when looking up transform from frame [robot3/base_link] to frame [map]
[ros2-11] [bt_navigator-5] 
[ros2-11] [bt_navigator-5] [WARN] [1785152995.704319082] [BehaviorTreeEngine]: Behavior Tree tick rate 100.00 was exceeded!
[ros2-11] [bt_navigator-5] [ERROR] [1785152995.805300788] [transformPoseInTargetFrame]: Extrapolation Error looking up target frame: Lookup would require extrapolation into the past.  Requested time 13.943000 but the earliest data is at time 104.891000, when looking up transform from frame [robot3/base_link] to frame [map]
[ros2-11] [bt_navigator-5] 
[ros2-11] [bt_navigator-5] [WARN] [1785152995.805421451] [BehaviorTreeEngine]: Behavior Tree tick rate 100.00 was exceeded!
[ros2-11] [planner_server-3] [ERROR] [1785152995.807269820] [transformPoseInTargetFrame]: Extrapolation Error looking up target frame: Lookup would require extrapolation into the past.  Requested time 13.943000 but the earliest data is at time 104.891000, when looking up transform from frame [robot3/base_link] to frame [map]
[ros2-11] [planner_server-3] 
[ros2-11] [bt_navigator-5] [ERROR] [1785152995.906480458] [transformPoseInTargetFrame]: Extrapolation Error looking up target frame: Lookup would require extrapolation into the past.  Requested time 13.943000 but the earliest data is at time 104.991000, when looking up transform from frame [robot3/base_link] to frame [map]
[ros2-11] [bt_navigator-5] 
[ros2-11] [bt_navigator-5] [WARN] [1785152995.906620405] [BehaviorTreeEngine]: Behavior Tree tick rate 100.00 was exceeded!
[ros2-11] [bt_navigator-5] [ERROR] [1785152996.007657896] [transformPoseInTargetFrame]: Extrapolation Error looking up target frame: Lookup would require extrapolation into the past.  Requested time 13.943000 but the earliest data is at time 105.091000, when looking up transform from frame [robot3/base_link] to frame [map]
[ros2-11] [bt_navigator-5] 
[ros2-11] [bt_navigator-5] [WARN] [1785152996.007786790] [BehaviorTreeEngine]: Behavior Tree tick rate 100.00 was exceeded!
[ros2-11] [bt_navigator-5] [ERROR] [1785152996.098737374] [transformPoseInTargetFrame]: Extrapolation Error looking up target frame: Lookup would require extrapolation into the past.  Requested time 13.943000 but the earliest data is at time 105.091000, when looking up transform from frame [robot3/base_link] to frame [map]
[ros2-11] [bt_navigator-5] 
[ros2-11] [bt_navigator-5] [WARN] [1785152996.098881615] [BehaviorTreeEngine]: Behavior Tree tick rate 100.00 was exceeded!
[ros2-11] [bt_navigator-5] [ERROR] [1785152996.199961862] [transformPoseInTargetFrame]: Extrapolation Error looking up target frame: Lookup would require extrapolation into the past.  Requested time 13.943000 but the earliest data is at time 105.291000, when looking up transform from frame [robot3/base_link] to frame [map]
[ros2-11] [bt_navigator-5] 
[ros2-11] [bt_navigator-5] [WARN] [1785152996.200083626] [BehaviorTreeEngine]: Behavior Tree tick rate 100.00 was exceeded!
[ros2-11] [bt_navigator-5] [ERROR] [1785152996.301141135] [transformPoseInTargetFrame]: Extrapolation Error looking up target frame: Lookup would require extrapolation into the past.  Requested time 13.943000 but the earliest data is at time 105.391000, when looking up transform from frame [robot3/base_link] to frame [map]
[ros2-11] [bt_navigator-5] 
[ros2-11] [bt_navigator-5] [WARN] [1785152996.301275988] [BehaviorTreeEngine]: Behavior Tree tick rate 100.00 was exceeded!
[ros2-11] [bt_navigator-5] [ERROR] [1785152996.402270905] [transformPoseInTargetFrame]: Extrapolation Error looking up target frame: Lookup would require extrapolation into the past.  Requested time 13.943000 but the earliest data is at time 105.491000, when looking up transform from frame [robot3/base_link] to frame [map]
[ros2-11] [bt_navigator-5] 
[ros2-11] [bt_navigator-5] [WARN] [1785152996.402378233] [BehaviorTreeEngine]: Behavior Tree tick rate 100.00 was exceeded!
[ros2-11] [bt_navigator-5] [ERROR] [1785152996.503324616] [transformPoseInTargetFrame]: Extrapolation Error looking up target frame: Lookup would require extrapolation into the past.  Requested time 13.943000 but the earliest data is at time 105.591000, when looking up transform from frame [robot3/base_link] to frame [map]
[ros2-11] [bt_navigator-5] 
[ros2-11] [bt_navigator-5] [WARN] [1785152996.503439132] [BehaviorTreeEngine]: Behavior Tree tick rate 100.00 was exceeded!
[ros2-11] [bt_navigator-5] [ERROR] [1785152996.604501694] [transformPoseInTargetFrame]: Extrapolation Error looking up target frame: Lookup would require extrapolation into the past.  Requested time 13.943000 but the earliest data is at time 105.691000, when looking up transform from frame [robot3/base_link] to frame [map]
[ros2-11] [bt_navigator-5] 
[ros2-11] [bt_navigator-5] [WARN] [1785152996.604605203] [BehaviorTreeEngine]: Behavior Tree tick rate 100.00 was exceeded!
[ros2-11] [bt_navigator-5] [ERROR] [1785152996.705679597] [transformPoseInTargetFrame]: Extrapolation Error looking up target frame: Lookup would require extrapolation into the past.  Requested time 13.943000 but the earliest data is at time 105.791000, when looking up transform from frame [robot3/base_link] to frame [map]
[ros2-11] [bt_navigator-5] 
[ros2-11] [bt_navigator-5] [WARN] [1785152996.705812716] [BehaviorTreeEngine]: Behavior Tree tick rate 100.00 was exceeded!
[ros2-11] [bt_navigator-5] [ERROR] [1785152996.806889660] [transformPoseInTargetFrame]: Extrapolation Error looking up target frame: Lookup would require extrapolation into the past.  Requested time 13.943000 but the earliest data is at time 105.891000, when looking up transform from frame [robot3/base_link] to frame [map]
[ros2-11] [bt_navigator-5] 
[ros2-11] [bt_navigator-5] [WARN] [1785152996.807148357] [BehaviorTreeEngine]: Behavior Tree tick rate 100.00 was exceeded!
[ros2-11] [planner_server-3] [ERROR] [1785152996.807388547] [transformPoseInTargetFrame]: Extrapolation Error looking up target frame: Lookup would require extrapolation into the past.  Requested time 13.943000 but the earliest data is at time 105.891000, when looking up transform from frame [robot3/base_link] to frame [map]
[ros2-11] [planner_server-3] 
[ros2-11] [bt_navigator-5] [ERROR] [1785152996.908182183] [transformPoseInTargetFrame]: Extrapolation Error looking up target frame: Lookup would require extrapolation into the past.  Requested time 13.943000 but the earliest data is at time 105.991000, when looking up transform from frame [robot3/base_link] to frame [map]
[ros2-11] [bt_navigator-5] 
[ros2-11] [bt_navigator-5] [WARN] [1785152996.908310761] [BehaviorTreeEngine]: Behavior Tree tick rate 100.00 was exceeded!
[ros2-11] [bt_navigator-5] [ERROR] [1785152997.009314091] [transformPoseInTargetFrame]: Extrapolation Error looking up target frame: Lookup would require extrapolation into the past.  Requested time 13.943000 but the earliest data is at time 106.091000, when looking up transform from frame [robot3/base_link] to frame [map]
[ros2-11] [bt_navigator-5] 
[ros2-11] [bt_navigator-5] [WARN] [1785152997.009475676] [BehaviorTreeEngine]: Behavior Tree tick rate 100.00 was exceeded!
[ros2-11] [bt_navigator-5] [ERROR] [1785152997.100562478] [transformPoseInTargetFrame]: Extrapolation Error looking up target frame: Lookup would require extrapolation into the past.  Requested time 13.943000 but the earliest data is at time 106.091000, when looking up transform from frame [robot3/base_link] to frame [map]
[ros2-11] [bt_navigator-5] 
[ros2-11] [bt_navigator-5] [WARN] [1785152997.100744949] [BehaviorTreeEngine]: Behavior Tree tick rate 100.00 was exceeded!
[ros2-11] [bt_navigator-5] [ERROR] [1785152997.201794745] [transformPoseInTargetFrame]: Extrapolation Error looking up target frame: Lookup would require extrapolation into the past.  Requested time 13.943000 but the earliest data is at time 106.291000, when looking up transform from frame [robot3/base_link] to frame [map]
[ros2-11] [bt_navigator-5] 
[ros2-11] [bt_navigator-5] [WARN] [1785152997.201930395] [BehaviorTreeEngine]: Behavior Tree tick rate 100.00 was exceeded!
[ros2-11] [bt_navigator-5] [ERROR] [1785152997.302940378] [transformPoseInTargetFrame]: Extrapolation Error looking up target frame: Lookup would require extrapolation into the past.  Requested time 13.943000 but the earliest data is at time 106.391000, when looking up transform from frame [robot3/base_link] to frame [map]
[ros2-11] [bt_navigator-5] 
[ros2-11] [bt_navigator-5] [WARN] [1785152997.303050191] [BehaviorTreeEngine]: Behavior Tree tick rate 100.00 was exceeded!
[ros2-11] [bt_navigator-5] [ERROR] [1785152997.404073895] [transformPoseInTargetFrame]: Extrapolation Error looking up target frame: Lookup would require extrapolation into the past.  Requested time 13.943000 but the earliest data is at time 106.491000, when looking up transform from frame [robot3/base_link] to frame [map]
[ros2-11] [bt_navigator-5] 
[ros2-11] [bt_navigator-5] [WARN] [1785152997.404288589] [BehaviorTreeEngine]: Behavior Tree tick rate 100.00 was exceeded!
[ros2-11] [planner_server-3] [INFO] [1785152997.500736707] [robot3.global_costmap.global_costmap]: Message Filter dropping message: frame 'robot3/laser_frame' at time 116.445 for reason 'the timestamp on the message is earlier than all the data in the transform cache'
[ros2-11] [bt_navigator-5] [ERROR] [1785152997.505468303] [transformPoseInTargetFrame]: Extrapolation Error looking up target frame: Lookup would require extrapolation into the past.  Requested time 13.943000 but the earliest data is at time 106.591000, when looking up transform from frame [robot3/base_link] to frame [map]
[ros2-11] [bt_navigator-5] 
[ros2-11] [bt_navigator-5] [WARN] [1785152997.505586801] [BehaviorTreeEngine]: Behavior Tree tick rate 100.00 was exceeded!
[ros2-11] [bt_navigator-5] [ERROR] [1785152997.606492760] [transformPoseInTargetFrame]: Extrapolation Error looking up target frame: Lookup would require extrapolation into the past.  Requested time 13.943000 but the earliest data is at time 106.691000, when looking up transform from frame [robot3/base_link] to frame [map]
[ros2-11] [bt_navigator-5] 
[ros2-11] [bt_navigator-5] [WARN] [1785152997.606682262] [BehaviorTreeEngine]: Behavior Tree tick rate 100.00 was exceeded!
[ros2-11] [bt_navigator-5] [ERROR] [1785152997.707699524] [transformPoseInTargetFrame]: Extrapolation Error looking up target frame: Lookup would require extrapolation into the past.  Requested time 13.943000 but the earliest data is at time 106.791000, when looking up transform from frame [robot3/base_link] to frame [map]
[ros2-11] [bt_navigator-5] 
[ros2-11] [bt_navigator-5] [WARN] [1785152997.707818337] [BehaviorTreeEngine]: Behavior Tree tick rate 100.00 was exceeded!
[ros2-11] [planner_server-3] [ERROR] [1785152997.807210914] [transformPoseInTargetFrame]: Extrapolation Error looking up target frame: Lookup would require extrapolation into the past.  Requested time 13.943000 but the earliest data is at time 106.891000, when looking up transform from frame [robot3/base_link] to frame [map]
[ros2-11] [planner_server-3] 
[ros2-11] [bt_navigator-5] [ERROR] [1785152997.808760442] [transformPoseInTargetFrame]: Extrapolation Error looking up target frame: Lookup would require extrapolation into the past.  Requested time 13.943000 but the earliest data is at time 106.891000, when looking up transform from frame [robot3/base_link] to frame [map]
[ros2-11] [bt_navigator-5] 
[ros2-11] [bt_navigator-5] [WARN] [1785152997.808872257] [BehaviorTreeEngine]: Behavior Tree tick rate 100.00 was exceeded!
[ros2-11] [bt_navigator-5] [ERROR] [1785152997.909882691] [transformPoseInTargetFrame]: Extrapolation Error looking up target frame: Lookup would require extrapolation into the past.  Requested time 13.943000 but the earliest data is at time 106.991000, when looking up transform from frame [robot3/base_link] to frame [map]
[ros2-11] [bt_navigator-5] 
[ros2-11] [bt_navigator-5] [WARN] [1785152997.910002743] [BehaviorTreeEngine]: Behavior Tree tick rate 100.00 was exceeded!
[ros2-11] [bt_navigator-5] [ERROR] [1785152998.011171790] [transformPoseInTargetFrame]: Extrapolation Error looking up target frame: Lookup would require extrapolation into the past.  Requested time 13.943000 but the earliest data is at time 107.091000, when looking up transform from frame [robot3/base_link] to frame [map]
[ros2-11] [bt_navigator-5] 
[ros2-11] [bt_navigator-5] [WARN] [1785152998.011301421] [BehaviorTreeEngine]: Behavior Tree tick rate 100.00 was exceeded!
[ros2-11] [bt_navigator-5] [ERROR] [1785152998.102274062] [transformPoseInTargetFrame]: Extrapolation Error looking up target frame: Lookup would require extrapolation into the past.  Requested time 13.943000 but the earliest data is at time 107.091000, when looking up transform from frame [robot3/base_link] to frame [map]
[ros2-11] [bt_navigator-5] 
[ros2-11] [bt_navigator-5] [WARN] [1785152998.102387298] [BehaviorTreeEngine]: Behavior Tree tick rate 100.00 was exceeded!
[ros2-11] [bt_navigator-5] [ERROR] [1785152998.203371501] [transformPoseInTargetFrame]: Extrapolation Error looking up target frame: Lookup would require extrapolation into the past.  Requested time 13.943000 but the earliest data is at time 107.291000, when looking up transform from frame [robot3/base_link] to frame [map]
[ros2-11] [bt_navigator-5] 
[ros2-11] [bt_navigator-5] [WARN] [1785152998.203616456] [BehaviorTreeEngine]: Behavior Tree tick rate 100.00 was exceeded!
[ros2-11] [bt_navigator-5] [ERROR] [1785152998.304735751] [transformPoseInTargetFrame]: Extrapolation Error looking up target frame: Lookup would require extrapolation into the past.  Requested time 13.943000 but the earliest data is at time 107.391000, when looking up transform from frame [robot3/base_link] to frame [map]
[ros2-11] [bt_navigator-5] 
[ros2-11] [bt_navigator-5] [WARN] [1785152998.304830472] [BehaviorTreeEngine]: Behavior Tree tick rate 100.00 was exceeded!
[ros2-11] [bt_navigator-5] [ERROR] [1785152998.405816321] [transformPoseInTargetFrame]: Extrapolation Error looking up target frame: Lookup would require extrapolation into the past.  Requested time 13.943000 but the earliest data is at time 107.491000, when looking up transform from frame [robot3/base_link] to frame [map]
[ros2-11] [bt_navigator-5] 
[ros2-11] [bt_navigator-5] [WARN] [1785152998.405939148] [BehaviorTreeEngine]: Behavior Tree tick rate 100.00 was exceeded!
[ros2-11] [bt_navigator-5] [ERROR] [1785152998.507031771] [transformPoseInTargetFrame]: Extrapolation Error looking up target frame: Lookup would require extrapolation into the past.  Requested time 13.943000 but the earliest data is at time 107.591000, when looking up transform from frame [robot3/base_link] to frame [map]
[ros2-11] [bt_navigator-5] 
[ros2-11] [bt_navigator-5] [WARN] [1785152998.507138339] [BehaviorTreeEngine]: Behavior Tree tick rate 100.00 was exceeded!
[ros2-11] [bt_navigator-5] [ERROR] [1785152998.608159390] [transformPoseInTargetFrame]: Extrapolation Error looking up target frame: Lookup would require extrapolation into the past.  Requested time 13.943000 but the earliest data is at time 107.691000, when looking up transform from frame [robot3/base_link] to frame [map]
[ros2-11] [bt_navigator-5] 
[ros2-11] [bt_navigator-5] [WARN] [1785152998.608269009] [BehaviorTreeEngine]: Behavior Tree tick rate 100.00 was exceeded!
[ros2-11] [bt_navigator-5] [ERROR] [1785152998.709244046] [transformPoseInTargetFrame]: Extrapolation Error looking up target frame: Lookup would require extrapolation into the past.  Requested time 13.943000 but the earliest data is at time 107.791000, when looking up transform from frame [robot3/base_link] to frame [map]
[ros2-11] [bt_navigator-5] 
[ros2-11] [bt_navigator-5] [WARN] [1785152998.709404707] [BehaviorTreeEngine]: Behavior Tree tick rate 100.00 was exceeded!
[ros2-11] [planner_server-3] [ERROR] [1785152998.807293527] [transformPoseInTargetFrame]: Extrapolation Error looking up target frame: Lookup would require extrapolation into the past.  Requested time 13.943000 but the earliest data is at time 107.891000, when looking up transform from frame [robot3/base_link] to frame [map]
[ros2-11] [planner_server-3] 
[ros2-11] [bt_navigator-5] [ERROR] [1785152998.810470920] [transformPoseInTargetFrame]: Extrapolation Error looking up target frame: Lookup would require extrapolation into the past.  Requested time 13.943000 but the earliest data is at time 107.891000, when looking up transform from frame [robot3/base_link] to frame [map]
[ros2-11] [bt_navigator-5] 
[ros2-11] [bt_navigator-5] [WARN] [1785152998.810572684] [BehaviorTreeEngine]: Behavior Tree tick rate 100.00 was exceeded!
[ros2-11] [bt_navigator-5] [ERROR] [1785152998.911569861] [transformPoseInTargetFrame]: Extrapolation Error looking up target frame: Lookup would require extrapolation into the past.  Requested time 13.943000 but the earliest data is at time 107.991000, when looking up transform from frame [robot3/base_link] to frame [map]
[ros2-11] [bt_navigator-5] 
[ros2-11] [bt_navigator-5] [WARN] [1785152998.911740575] [BehaviorTreeEngine]: Behavior Tree tick rate 100.00 was exceeded!
[ros2-11] [bt_navigator-5] [ERROR] [1785152999.002700054] [transformPoseInTargetFrame]: Extrapolation Error looking up target frame: Lookup would require extrapolation into the past.  Requested time 13.943000 but the earliest data is at time 107.991000, when looking up transform from frame [robot3/base_link] to frame [map]
[ros2-11] [bt_navigator-5] 
[ros2-11] [bt_navigator-5] [WARN] [1785152999.002874544] [BehaviorTreeEngine]: Behavior Tree tick rate 100.00 was exceeded!
[ros2-11] [bt_navigator-5] [ERROR] [1785152999.104049767] [transformPoseInTargetFrame]: Extrapolation Error looking up target frame: Lookup would require extrapolation into the past.  Requested time 13.943000 but the earliest data is at time 108.191000, when looking up transform from frame [robot3/base_link] to frame [map]
[ros2-11] [bt_navigator-5] 
[ros2-11] [bt_navigator-5] [WARN] [1785152999.104172515] [BehaviorTreeEngine]: Behavior Tree tick rate 100.00 was exceeded!
[ros2-11] [bt_navigator-5] [ERROR] [1785152999.205159837] [transformPoseInTargetFrame]: Extrapolation Error looking up target frame: Lookup would require extrapolation into the past.  Requested time 13.943000 but the earliest data is at time 108.291000, when looking up transform from frame [robot3/base_link] to frame [map]
[ros2-11] [bt_navigator-5] 
[ros2-11] [bt_navigator-5] [WARN] [1785152999.205274821] [BehaviorTreeEngine]: Behavior Tree tick rate 100.00 was exceeded!
[ros2-11] [bt_navigator-5] [ERROR] [1785152999.306286001] [transformPoseInTargetFrame]: Extrapolation Error looking up target frame: Lookup would require extrapolation into the past.  Requested time 13.943000 but the earliest data is at time 108.391000, when looking up transform from frame [robot3/base_link] to frame [map]
[ros2-11] [bt_navigator-5] 
[ros2-11] [bt_navigator-5] [WARN] [1785152999.306459029] [BehaviorTreeEngine]: Behavior Tree tick rate 100.00 was exceeded!
[ros2-11] [bt_navigator-5] [ERROR] [1785152999.407561448] [transformPoseInTargetFrame]: Extrapolation Error looking up target frame: Lookup would require extrapolation into the past.  Requested time 13.943000 but the earliest data is at time 108.491000, when looking up transform from frame [robot3/base_link] to frame [map]
[ros2-11] [bt_navigator-5] 
[ros2-11] [bt_navigator-5] [WARN] [1785152999.407663736] [BehaviorTreeEngine]: Behavior Tree tick rate 100.00 was exceeded!
[ros2-11] [bt_navigator-5] [ERROR] [1785152999.508736836] [transformPoseInTargetFrame]: Extrapolation Error looking up target frame: Lookup would require extrapolation into the past.  Requested time 13.943000 but the earliest data is at time 108.591000, when looking up transform from frame [robot3/base_link] to frame [map]
[ros2-11] [bt_navigator-5] 
[ros2-11] [bt_navigator-5] [WARN] [1785152999.509004363] [BehaviorTreeEngine]: Behavior Tree tick rate 100.00 was exceeded!
[ros2-11] [bt_navigator-5] [ERROR] [1785152999.610121818] [transformPoseInTargetFrame]: Extrapolation Error looking up target frame: Lookup would require extrapolation into the past.  Requested time 13.943000 but the earliest data is at time 108.691000, when looking up transform from frame [robot3/base_link] to frame [map]
[ros2-11] [bt_navigator-5] 
[ros2-11] [bt_navigator-5] [WARN] [1785152999.610238723] [BehaviorTreeEngine]: Behavior Tree tick rate 100.00 was exceeded!
[ros2-11] [bt_navigator-5] [ERROR] [1785152999.711227062] [transformPoseInTargetFrame]: Extrapolation Error looking up target frame: Lookup would require extrapolation into the past.  Requested time 13.943000 but the earliest data is at time 108.791000, when looking up transform from frame [robot3/base_link] to frame [map]
[ros2-11] [bt_navigator-5] 
[ros2-11] [bt_navigator-5] [WARN] [1785152999.711365470] [BehaviorTreeEngine]: Behavior Tree tick rate 100.00 was exceeded!
[ros2-11] [planner_server-3] [ERROR] [1785152999.807449365] [transformPoseInTargetFrame]: Extrapolation Error looking up target frame: Lookup would require extrapolation into the past.  Requested time 13.943000 but the earliest data is at time 108.891000, when looking up transform from frame [robot3/base_link] to frame [map]
[ros2-11] [planner_server-3] 
[ros2-11] [bt_navigator-5] [ERROR] [1785152999.812352914] [transformPoseInTargetFrame]: Extrapolation Error looking up target frame: Lookup would require extrapolation into the past.  Requested time 13.943000 but the earliest data is at time 108.891000, when looking up transform from frame [robot3/base_link] to frame [map]
[ros2-11] [bt_navigator-5] 
[ros2-11] [bt_navigator-5] [WARN] [1785152999.812459882] [BehaviorTreeEngine]: Behavior Tree tick rate 100.00 was exceeded!
[ros2-11] [bt_navigator-5] [ERROR] [1785152999.913483062] [transformPoseInTargetFrame]: Extrapolation Error looking up target frame: Lookup would require extrapolation into the past.  Requested time 13.943000 but the earliest data is at time 108.991000, when looking up transform from frame [robot3/base_link] to frame [map]
[ros2-11] [bt_navigator-5] 
[ros2-11] [bt_navigator-5] [WARN] [1785152999.913618445] [BehaviorTreeEngine]: Behavior Tree tick rate 100.00 was exceeded!
[ros2-11] [planner_server-3] [INFO] [1785153000.005073666] [robot3.global_costmap.global_costmap]: Message Filter dropping message: frame 'robot3/laser_frame' at time 118.945 for reason 'the timestamp on the message is earlier than all the data in the transform cache'
[ros2-11] [bt_navigator-5] [ERROR] [1785153000.014628981] [transformPoseInTargetFrame]: Extrapolation Error looking up target frame: Lookup would require extrapolation into the past.  Requested time 13.943000 but the earliest data is at time 109.091000, when looking up transform from frame [robot3/base_link] to frame [map]
[ros2-11] [bt_navigator-5] 
[ros2-11] [bt_navigator-5] [WARN] [1785153000.014804162] [BehaviorTreeEngine]: Behavior Tree tick rate 100.00 was exceeded!
[ros2-11] [bt_navigator-5] [ERROR] [1785153000.105811966] [transformPoseInTargetFrame]: Extrapolation Error looking up target frame: Lookup would require extrapolation into the past.  Requested time 13.943000 but the earliest data is at time 109.091000, when looking up transform from frame [robot3/base_link] to frame [map]
[ros2-11] [bt_navigator-5] 
[ros2-11] [bt_navigator-5] [WARN] [1785153000.106135127] [BehaviorTreeEngine]: Behavior Tree tick rate 100.00 was exceeded!
[ros2-11] [bt_navigator-5] [ERROR] [1785153000.207196093] [transformPoseInTargetFrame]: Extrapolation Error looking up target frame: Lookup would require extrapolation into the past.  Requested time 13.943000 but the earliest data is at time 109.291000, when looking up transform from frame [robot3/base_link] to frame [map]
[ros2-11] [bt_navigator-5] 
[ros2-11] [bt_navigator-5] [WARN] [1785153000.207335594] [BehaviorTreeEngine]: Behavior Tree tick rate 100.00 was exceeded!
[ros2-11] [bt_navigator-5] [ERROR] [1785153000.308508824] [transformPoseInTargetFrame]: Extrapolation Error looking up target frame: Lookup would require extrapolation into the past.  Requested time 13.943000 but the earliest data is at time 109.391000, when looking up transform from frame [robot3/base_link] to frame [map]
[ros2-11] [bt_navigator-5] 
[ros2-11] [bt_navigator-5] [WARN] [1785153000.308654699] [BehaviorTreeEngine]: Behavior Tree tick rate 100.00 was exceeded!
[ros2-11] [bt_navigator-5] [ERROR] [1785153000.409658293] [transformPoseInTargetFrame]: Extrapolation Error looking up target frame: Lookup would require extrapolation into the past.  Requested time 13.943000 but the earliest data is at time 109.491000, when looking up transform from frame [robot3/base_link] to frame [map]
[ros2-11] [bt_navigator-5] 
[ros2-11] [bt_navigator-5] [WARN] [1785153000.409763383] [BehaviorTreeEngine]: Behavior Tree tick rate 100.00 was exceeded!
[ros2-11] [bt_navigator-5] [ERROR] [1785153000.510782334] [transformPoseInTargetFrame]: Extrapolation Error looking up target frame: Lookup would require extrapolation into the past.  Requested time 13.943000 but the earliest data is at time 109.591000, when looking up transform from frame [robot3/base_link] to frame [map]
[ros2-11] [bt_navigator-5] 
[ros2-11] [bt_navigator-5] [WARN] [1785153000.510903736] [BehaviorTreeEngine]: Behavior Tree tick rate 100.00 was exceeded!
[ros2-11] [bt_navigator-5] [ERROR] [1785153000.611961429] [transformPoseInTargetFrame]: Extrapolation Error looking up target frame: Lookup would require extrapolation into the past.  Requested time 13.943000 but the earliest data is at time 109.691000, when looking up transform from frame [robot3/base_link] to frame [map]
[ros2-11] [bt_navigator-5] 
[ros2-11] [bt_navigator-5] [WARN] [1785153000.612102781] [BehaviorTreeEngine]: Behavior Tree tick rate 100.00 was exceeded!
[ros2-11] [bt_navigator-5] [ERROR] [1785153000.713179096] [transformPoseInTargetFrame]: Extrapolation Error looking up target frame: Lookup would require extrapolation into the past.  Requested time 13.943000 but the earliest data is at time 109.791000, when looking up transform from frame [robot3/base_link] to frame [map]
[ros2-11] [bt_navigator-5] 
[ros2-11] [bt_navigator-5] [WARN] [1785153000.713335375] [BehaviorTreeEngine]: Behavior Tree tick rate 100.00 was exceeded!
[ros2-11] [planner_server-3] [ERROR] [1785153000.807381560] [transformPoseInTargetFrame]: Extrapolation Error looking up target frame: Lookup would require extrapolation into the past.  Requested time 13.943000 but the earliest data is at time 109.791000, when looking up transform from frame [robot3/base_link] to frame [map]
[ros2-11] [planner_server-3] 
[ros2-11] [bt_navigator-5] [ERROR] [1785153000.814394044] [transformPoseInTargetFrame]: Extrapolation Error looking up target frame: Lookup would require extrapolation into the past.  Requested time 13.943000 but the earliest data is at time 109.891000, when looking up transform from frame [robot3/base_link] to frame [map]
[ros2-11] [bt_navigator-5] 
[ros2-11] [bt_navigator-5] [WARN] [1785153000.814539250] [BehaviorTreeEngine]: Behavior Tree tick rate 100.00 was exceeded!
[ros2-11] [bt_navigator-5] [ERROR] [1785153000.915589257] [transformPoseInTargetFrame]: Extrapolation Error looking up target frame: Lookup would require extrapolation into the past.  Requested time 13.943000 but the earliest data is at time 109.991000, when looking up transform from frame [robot3/base_link] to frame [map]
[ros2-11] [bt_navigator-5] 
[ros2-11] [bt_navigator-5] [WARN] [1785153000.915754362] [BehaviorTreeEngine]: Behavior Tree tick rate 100.00 was exceeded!
[ros2-11] [bt_navigator-5] [ERROR] [1785153001.016934086] [transformPoseInTargetFrame]: Extrapolation Error looking up target frame: Lookup would require extrapolation into the past.  Requested time 13.943000 but the earliest data is at time 110.091000, when looking up transform from frame [robot3/base_link] to frame [map]
[ros2-11] [bt_navigator-5] 
[ros2-11] [bt_navigator-5] [WARN] [1785153001.017192051] [BehaviorTreeEngine]: Behavior Tree tick rate 100.00 was exceeded!
[ros2-11] [bt_navigator-5] [ERROR] [1785153001.108150368] [transformPoseInTargetFrame]: Extrapolation Error looking up target frame: Lookup would require extrapolation into the past.  Requested time 13.943000 but the earliest data is at time 110.191000, when looking up transform from frame [robot3/base_link] to frame [map]
[ros2-11] [bt_navigator-5] 
[ros2-11] [bt_navigator-5] [WARN] [1785153001.108293918] [BehaviorTreeEngine]: Behavior Tree tick rate 100.00 was exceeded!
[ros2-11] [bt_navigator-5] [ERROR] [1785153001.209328119] [transformPoseInTargetFrame]: Extrapolation Error looking up target frame: Lookup would require extrapolation into the past.  Requested time 13.943000 but the earliest data is at time 110.291000, when looking up transform from frame [robot3/base_link] to frame [map]
[ros2-11] [bt_navigator-5] 
[ros2-11] [bt_navigator-5] [WARN] [1785153001.209513941] [BehaviorTreeEngine]: Behavior Tree tick rate 100.00 was exceeded!
[ros2-11] [bt_navigator-5] [ERROR] [1785153001.310566945] [transformPoseInTargetFrame]: Extrapolation Error looking up target frame: Lookup would require extrapolation into the past.  Requested time 13.943000 but the earliest data is at time 110.391000, when looking up transform from frame [robot3/base_link] to frame [map]
[ros2-11] [bt_navigator-5] 
[ros2-11] [bt_navigator-5] [WARN] [1785153001.310669668] [BehaviorTreeEngine]: Behavior Tree tick rate 100.00 was exceeded!
[ros2-11] [bt_navigator-5] [ERROR] [1785153001.411720509] [transformPoseInTargetFrame]: Extrapolation Error looking up target frame: Lookup would require extrapolation into the past.  Requested time 13.943000 but the earliest data is at time 110.491000, when looking up transform from frame [robot3/base_link] to frame [map]
[ros2-11] [bt_navigator-5] 
[ros2-11] [bt_navigator-5] [WARN] [1785153001.411866269] [BehaviorTreeEngine]: Behavior Tree tick rate 100.00 was exceeded!
[ros2-11] [bt_navigator-5] [ERROR] [1785153001.512969794] [transformPoseInTargetFrame]: Extrapolation Error looking up target frame: Lookup would require extrapolation into the past.  Requested time 13.943000 but the earliest data is at time 110.591000, when looking up transform from frame [robot3/base_link] to frame [map]
[ros2-11] [bt_navigator-5] 
[ros2-11] [bt_navigator-5] [WARN] [1785153001.513116410] [BehaviorTreeEngine]: Behavior Tree tick rate 100.00 was exceeded!
[ros2-11] [bt_navigator-5] [ERROR] [1785153001.614273382] [transformPoseInTargetFrame]: Extrapolation Error looking up target frame: Lookup would require extrapolation into the past.  Requested time 13.943000 but the earliest data is at time 110.691000, when looking up transform from frame [robot3/base_link] to frame [map]
[ros2-11] [bt_navigator-5] 
[ros2-11] [bt_navigator-5] [WARN] [1785153001.614398069] [BehaviorTreeEngine]: Behavior Tree tick rate 100.00 was exceeded!
[ros2-11] [bt_navigator-5] [ERROR] [1785153001.715389290] [transformPoseInTargetFrame]: Extrapolation Error looking up target frame: Lookup would require extrapolation into the past.  Requested time 13.943000 but the earliest data is at time 110.791000, when looking up transform from frame [robot3/base_link] to frame [map]
[ros2-11] [bt_navigator-5] 
[ros2-11] [bt_navigator-5] [WARN] [1785153001.715566973] [BehaviorTreeEngine]: Behavior Tree tick rate 100.00 was exceeded!
[ros2-11] [bt_navigator-5] [ERROR] [1785153001.816751509] [transformPoseInTargetFrame]: Extrapolation Error looking up target frame: Lookup would require extrapolation into the past.  Requested time 13.943000 but the earliest data is at time 110.891000, when looking up transform from frame [robot3/base_link] to frame [map]
[ros2-11] [bt_navigator-5] 
[ros2-11] [bt_navigator-5] [WARN] [1785153001.816921636] [BehaviorTreeEngine]: Behavior Tree tick rate 100.00 was exceeded!
[ros2-11] [planner_server-3] [ERROR] [1785153001.817343462] [transformPoseInTargetFrame]: Extrapolation Error looking up target frame: Lookup would require extrapolation into the past.  Requested time 13.943000 but the earliest data is at time 110.891000, when looking up transform from frame [robot3/base_link] to frame [map]
[ros2-11] [planner_server-3] 
[ros2-11] [bt_navigator-5] [ERROR] [1785153001.917980886] [transformPoseInTargetFrame]: Extrapolation Error looking up target frame: Lookup would require extrapolation into the past.  Requested time 13.943000 but the earliest data is at time 110.991000, when looking up transform from frame [robot3/base_link] to frame [map]
[ros2-11] [bt_navigator-5] 
[ros2-11] [bt_navigator-5] [WARN] [1785153001.918232404] [BehaviorTreeEngine]: Behavior Tree tick rate 100.00 was exceeded!
[ros2-11] [bt_navigator-5] [ERROR] [1785153002.009320481] [transformPoseInTargetFrame]: Extrapolation Error looking up target frame: Lookup would require extrapolation into the past.  Requested time 13.943000 but the earliest data is at time 111.091000, when looking up transform from frame [robot3/base_link] to frame [map]
[ros2-11] [bt_navigator-5] 
[ros2-11] [bt_navigator-5] [WARN] [1785153002.009501349] [BehaviorTreeEngine]: Behavior Tree tick rate 100.00 was exceeded!
[ros2-11] [bt_navigator-5] [ERROR] [1785153002.110655511] [transformPoseInTargetFrame]: Extrapolation Error looking up target frame: Lookup would require extrapolation into the past.  Requested time 13.943000 but the earliest data is at time 111.191000, when looking up transform from frame [robot3/base_link] to frame [map]
[ros2-11] [bt_navigator-5] 
[ros2-11] [bt_navigator-5] [WARN] [1785153002.110758096] [BehaviorTreeEngine]: Behavior Tree tick rate 100.00 was exceeded!
[ros2-11] [bt_navigator-5] [ERROR] [1785153002.211743201] [transformPoseInTargetFrame]: Extrapolation Error looking up target frame: Lookup would require extrapolation into the past.  Requested time 13.943000 but the earliest data is at time 111.291000, when looking up transform from frame [robot3/base_link] to frame [map]
[ros2-11] [bt_navigator-5] 
[ros2-11] [bt_navigator-5] [WARN] [1785153002.211863564] [BehaviorTreeEngine]: Behavior Tree tick rate 100.00 was exceeded!
[ros2-11] [bt_navigator-5] [ERROR] [1785153002.312923875] [transformPoseInTargetFrame]: Extrapolation Error looking up target frame: Lookup would require extrapolation into the past.  Requested time 13.943000 but the earliest data is at time 111.391000, when looking up transform from frame [robot3/base_link] to frame [map]
[ros2-11] [bt_navigator-5] 
[ros2-11] [bt_navigator-5] [WARN] [1785153002.313093957] [BehaviorTreeEngine]: Behavior Tree tick rate 100.00 was exceeded!
[ros2-11] [bt_navigator-5] [ERROR] [1785153002.414290284] [transformPoseInTargetFrame]: Extrapolation Error looking up target frame: Lookup would require extrapolation into the past.  Requested time 13.943000 but the earliest data is at time 111.491000, when looking up transform from frame [robot3/base_link] to frame [map]
[ros2-11] [bt_navigator-5] 
[ros2-11] [bt_navigator-5] [WARN] [1785153002.414406818] [BehaviorTreeEngine]: Behavior Tree tick rate 100.00 was exceeded!
[ros2-11] [planner_server-3] [INFO] [1785153002.509234886] [robot3.global_costmap.global_costmap]: Message Filter dropping message: frame 'robot3/laser_frame' at time 121.445 for reason 'the timestamp on the message is earlier than all the data in the transform cache'
[ros2-11] [bt_navigator-5] [ERROR] [1785153002.515448043] [transformPoseInTargetFrame]: Extrapolation Error looking up target frame: Lookup would require extrapolation into the past.  Requested time 13.943000 but the earliest data is at time 111.591000, when looking up transform from frame [robot3/base_link] to frame [map]
[ros2-11] [bt_navigator-5] 
[ros2-11] [bt_navigator-5] [WARN] [1785153002.515592186] [BehaviorTreeEngine]: Behavior Tree tick rate 100.00 was exceeded!
[ros2-11] [bt_navigator-5] [ERROR] [1785153002.616640755] [transformPoseInTargetFrame]: Extrapolation Error looking up target frame: Lookup would require extrapolation into the past.  Requested time 13.943000 but the earliest data is at time 111.691000, when looking up transform from frame [robot3/base_link] to frame [map]
[ros2-11] [bt_navigator-5] 
[ros2-11] [bt_navigator-5] [WARN] [1785153002.616754760] [BehaviorTreeEngine]: Behavior Tree tick rate 100.00 was exceeded!
[ros2-11] [bt_navigator-5] [ERROR] [1785153002.717789329] [transformPoseInTargetFrame]: Extrapolation Error looking up target frame: Lookup would require extrapolation into the past.  Requested time 13.943000 but the earliest data is at time 111.791000, when looking up transform from frame [robot3/base_link] to frame [map]
[ros2-11] [bt_navigator-5] 
[ros2-11] [bt_navigator-5] [WARN] [1785153002.717918659] [BehaviorTreeEngine]: Behavior Tree tick rate 100.00 was exceeded!
[ros2-11] [planner_server-3] [ERROR] [1785153002.817682595] [transformPoseInTargetFrame]: Extrapolation Error looking up target frame: Lookup would require extrapolation into the past.  Requested time 13.943000 but the earliest data is at time 111.891000, when looking up transform from frame [robot3/base_link] to frame [map]
[ros2-11] [planner_server-3] 
[ros2-11] [bt_navigator-5] [ERROR] [1785153002.818956219] [transformPoseInTargetFrame]: Extrapolation Error looking up target frame: Lookup would require extrapolation into the past.  Requested time 13.943000 but the earliest data is at time 111.891000, when looking up transform from frame [robot3/base_link] to frame [map]
[ros2-11] [bt_navigator-5] 
[ros2-11] [bt_navigator-5] [WARN] [1785153002.819135394] [BehaviorTreeEngine]: Behavior Tree tick rate 100.00 was exceeded!
[ros2-11] [bt_navigator-5] [ERROR] [1785153002.920502546] [transformPoseInTargetFrame]: Extrapolation Error looking up target frame: Lookup would require extrapolation into the past.  Requested time 13.943000 but the earliest data is at time 111.991000, when looking up transform from frame [robot3/base_link] to frame [map]
[ros2-11] [bt_navigator-5] 
[ros2-11] [bt_navigator-5] [WARN] [1785153002.920630028] [BehaviorTreeEngine]: Behavior Tree tick rate 100.00 was exceeded!
[ros2-11] [bt_navigator-5] [ERROR] [1785153003.011691338] [transformPoseInTargetFrame]: Extrapolation Error looking up target frame: Lookup would require extrapolation into the past.  Requested time 13.943000 but the earliest data is at time 112.091000, when looking up transform from frame [robot3/base_link] to frame [map]
[ros2-11] [bt_navigator-5] 
[ros2-11] [bt_navigator-5] [WARN] [1785153003.011861118] [BehaviorTreeEngine]: Behavior Tree tick rate 100.00 was exceeded!
[ros2-11] [bt_navigator-5] [ERROR] [1785153003.113100379] [transformPoseInTargetFrame]: Extrapolation Error looking up target frame: Lookup would require extrapolation into the past.  Requested time 13.943000 but the earliest data is at time 112.191000, when looking up transform from frame [robot3/base_link] to frame [map]
[ros2-11] [bt_navigator-5] 
[ros2-11] [bt_navigator-5] [WARN] [1785153003.113299493] [BehaviorTreeEngine]: Behavior Tree tick rate 100.00 was exceeded!
[ros2-11] [bt_navigator-5] [ERROR] [1785153003.214456692] [transformPoseInTargetFrame]: Extrapolation Error looking up target frame: Lookup would require extrapolation into the past.  Requested time 13.943000 but the earliest data is at time 112.291000, when looking up transform from frame [robot3/base_link] to frame [map]
[ros2-11] [bt_navigator-5] 
[ros2-11] [bt_navigator-5] [WARN] [1785153003.214617345] [BehaviorTreeEngine]: Behavior Tree tick rate 100.00 was exceeded!
[ros2-11] [bt_navigator-5] [ERROR] [1785153003.329630058] [transformPoseInTargetFrame]: Extrapolation Error looking up target frame: Lookup would require extrapolation into the past.  Requested time 13.943000 but the earliest data is at time 112.291000, when looking up transform from frame [robot3/base_link] to frame [map]
[ros2-11] [bt_navigator-5] 
[ros2-11] [bt_navigator-5] [WARN] [1785153003.330179904] [BehaviorTreeEngine]: Behavior Tree tick rate 100.00 was exceeded!
[ros2-11] [bt_navigator-5] [ERROR] [1785153003.434740493] [transformPoseInTargetFrame]: Extrapolation Error looking up target frame: Lookup would require extrapolation into the past.  Requested time 13.943000 but the earliest data is at time 112.391000, when looking up transform from frame [robot3/base_link] to frame [map]
[ros2-11] [bt_navigator-5] 
[ros2-11] [bt_navigator-5] [WARN] [1785153003.436164632] [BehaviorTreeEngine]: Behavior Tree tick rate 100.00 was exceeded!
[ros2-11] [bt_navigator-5] [ERROR] [1785153003.528247607] [transformPoseInTargetFrame]: Extrapolation Error looking up target frame: Lookup would require extrapolation into the past.  Requested time 13.943000 but the earliest data is at time 112.691000, when looking up transform from frame [robot3/base_link] to frame [map]
[ros2-11] [bt_navigator-5] 
[ros2-11] [bt_navigator-5] [WARN] [1785153003.528489299] [BehaviorTreeEngine]: Behavior Tree tick rate 100.00 was exceeded!
[ros2-11] [bt_navigator-5] [ERROR] [1785153003.629775653] [transformPoseInTargetFrame]: Extrapolation Error looking up target frame: Lookup would require extrapolation into the past.  Requested time 13.943000 but the earliest data is at time 112.791000, when looking up transform from frame [robot3/base_link] to frame [map]
[ros2-11] [bt_navigator-5] 
[ros2-11] [bt_navigator-5] [WARN] [1785153003.629963893] [BehaviorTreeEngine]: Behavior Tree tick rate 100.00 was exceeded!
[ros2-11] [bt_navigator-5] [ERROR] [1785153003.731360703] [transformPoseInTargetFrame]: Extrapolation Error looking up target frame: Lookup would require extrapolation into the past.  Requested time 13.943000 but the earliest data is at time 112.891000, when looking up transform from frame [robot3/base_link] to frame [map]
[ros2-11] [bt_navigator-5] 
[ros2-11] [bt_navigator-5] [WARN] [1785153003.731631225] [BehaviorTreeEngine]: Behavior Tree tick rate 100.00 was exceeded!
[ros2-11] [bt_navigator-5] [ERROR] [1785153003.822560289] [transformPoseInTargetFrame]: Extrapolation Error looking up target frame: Lookup would require extrapolation into the past.  Requested time 13.943000 but the earliest data is at time 112.991000, when looking up transform from frame [robot3/base_link] to frame [map]
[ros2-11] [bt_navigator-5] 
[ros2-11] [bt_navigator-5] [WARN] [1785153003.822676747] [BehaviorTreeEngine]: Behavior Tree tick rate 100.00 was exceeded!
[ros2-11] [planner_server-3] [ERROR] [1785153003.828127960] [transformPoseInTargetFrame]: Extrapolation Error looking up target frame: Lookup would require extrapolation into the past.  Requested time 13.943000 but the earliest data is at time 112.991000, when looking up transform from frame [robot3/base_link] to frame [map]
[ros2-11] [planner_server-3] 
[ros2-11] [bt_navigator-5] [ERROR] [1785153003.923642496] [transformPoseInTargetFrame]: Extrapolation Error looking up target frame: Lookup would require extrapolation into the past.  Requested time 13.943000 but the earliest data is at time 113.091000, when looking up transform from frame [robot3/base_link] to frame [map]
[ros2-11] [bt_navigator-5] 
[ros2-11] [bt_navigator-5] [WARN] [1785153003.923775485] [BehaviorTreeEngine]: Behavior Tree tick rate 100.00 was exceeded!
[ros2-11] [bt_navigator-5] [ERROR] [1785153004.024727192] [transformPoseInTargetFrame]: Extrapolation Error looking up target frame: Lookup would require extrapolation into the past.  Requested time 13.943000 but the earliest data is at time 113.191000, when looking up transform from frame [robot3/base_link] to frame [map]
[ros2-11] [bt_navigator-5] 
[ros2-11] [bt_navigator-5] [WARN] [1785153004.024836627] [BehaviorTreeEngine]: Behavior Tree tick rate 100.00 was exceeded!
[ros2-11] [bt_navigator-5] [ERROR] [1785153004.125862961] [transformPoseInTargetFrame]: Extrapolation Error looking up target frame: Lookup would require extrapolation into the past.  Requested time 13.943000 but the earliest data is at time 113.291000, when looking up transform from frame [robot3/base_link] to frame [map]
[ros2-11] [bt_navigator-5] 
[ros2-11] [bt_navigator-5] [WARN] [1785153004.126060614] [BehaviorTreeEngine]: Behavior Tree tick rate 100.00 was exceeded!
[ros2-11] [bt_navigator-5] [ERROR] [1785153004.227160698] [transformPoseInTargetFrame]: Extrapolation Error looking up target frame: Lookup would require extrapolation into the past.  Requested time 13.943000 but the earliest data is at time 113.391000, when looking up transform from frame [robot3/base_link] to frame [map]
[ros2-11] [bt_navigator-5] 
[ros2-11] [bt_navigator-5] [WARN] [1785153004.227300059] [BehaviorTreeEngine]: Behavior Tree tick rate 100.00 was exceeded!
[ros2-11] [bt_navigator-5] [ERROR] [1785153004.328239076] [transformPoseInTargetFrame]: Extrapolation Error looking up target frame: Lookup would require extrapolation into the past.  Requested time 13.943000 but the earliest data is at time 113.491000, when looking up transform from frame [robot3/base_link] to frame [map]
[ros2-11] [bt_navigator-5] 
[ros2-11] [bt_navigator-5] [WARN] [1785153004.328376320] [BehaviorTreeEngine]: Behavior Tree tick rate 100.00 was exceeded!
[ros2-11] [bt_navigator-5] [ERROR] [1785153004.429341672] [transformPoseInTargetFrame]: Extrapolation Error looking up target frame: Lookup would require extrapolation into the past.  Requested time 13.943000 but the earliest data is at time 113.591000, when looking up transform from frame [robot3/base_link] to frame [map]
[ros2-11] [bt_navigator-5] 
[ros2-11] [bt_navigator-5] [WARN] [1785153004.429514062] [BehaviorTreeEngine]: Behavior Tree tick rate 100.00 was exceeded!
[ros2-11] [bt_navigator-5] [ERROR] [1785153004.530650702] [transformPoseInTargetFrame]: Extrapolation Error looking up target frame: Lookup would require extrapolation into the past.  Requested time 13.943000 but the earliest data is at time 113.691000, when looking up transform from frame [robot3/base_link] to frame [map]
[ros2-11] [bt_navigator-5] 
[ros2-11] [bt_navigator-5] [WARN] [1785153004.530818961] [BehaviorTreeEngine]: Behavior Tree tick rate 100.00 was exceeded!
[ros2-11] [bt_navigator-5] [ERROR] [1785153004.631858640] [transformPoseInTargetFrame]: Extrapolation Error looking up target frame: Lookup would require extrapolation into the past.  Requested time 13.943000 but the earliest data is at time 113.791000, when looking up transform from frame [robot3/base_link] to frame [map]
[ros2-11] [bt_navigator-5] 
[ros2-11] [bt_navigator-5] [WARN] [1785153004.631995599] [BehaviorTreeEngine]: Behavior Tree tick rate 100.00 was exceeded!
[ros2-11] [bt_navigator-5] [ERROR] [1785153004.722963778] [transformPoseInTargetFrame]: Extrapolation Error looking up target frame: Lookup would require extrapolation into the past.  Requested time 13.943000 but the earliest data is at time 113.791000, when looking up transform from frame [robot3/base_link] to frame [map]
[ros2-11] [bt_navigator-5] 
[ros2-11] [bt_navigator-5] [WARN] [1785153004.723122240] [BehaviorTreeEngine]: Behavior Tree tick rate 100.00 was exceeded!
[ros2-11] [bt_navigator-5] [ERROR] [1785153004.824239641] [transformPoseInTargetFrame]: Extrapolation Error looking up target frame: Lookup would require extrapolation into the past.  Requested time 13.943000 but the earliest data is at time 113.991000, when looking up transform from frame [robot3/base_link] to frame [map]
[ros2-11] [bt_navigator-5] 
[ros2-11] [bt_navigator-5] [WARN] [1785153004.824345369] [BehaviorTreeEngine]: Behavior Tree tick rate 100.00 was exceeded!
[ros2-11] [planner_server-3] [ERROR] [1785153004.827585697] [transformPoseInTargetFrame]: Extrapolation Error looking up target frame: Lookup would require extrapolation into the past.  Requested time 13.943000 but the earliest data is at time 113.991000, when looking up transform from frame [robot3/base_link] to frame [map]
[ros2-11] [planner_server-3] 
[ros2-11] [bt_navigator-5] [ERROR] [1785153004.925465143] [transformPoseInTargetFrame]: Extrapolation Error looking up target frame: Lookup would require extrapolation into the past.  Requested time 13.943000 but the earliest data is at time 114.091000, when looking up transform from frame [robot3/base_link] to frame [map]
[ros2-11] [bt_navigator-5] 
[ros2-11] [bt_navigator-5] [WARN] [1785153004.925587586] [BehaviorTreeEngine]: Behavior Tree tick rate 100.00 was exceeded!
[ros2-11] [planner_server-3] [INFO] [1785153005.022353489] [robot3.global_costmap.global_costmap]: Message Filter dropping message: frame 'robot3/laser_frame' at time 123.945 for reason 'the timestamp on the message is earlier than all the data in the transform cache'
[ros2-11] [bt_navigator-5] [ERROR] [1785153005.026736520] [transformPoseInTargetFrame]: Extrapolation Error looking up target frame: Lookup would require extrapolation into the past.  Requested time 13.943000 but the earliest data is at time 114.191000, when looking up transform from frame [robot3/base_link] to frame [map]
[ros2-11] [bt_navigator-5] 
[ros2-11] [bt_navigator-5] [WARN] [1785153005.026855757] [BehaviorTreeEngine]: Behavior Tree tick rate 100.00 was exceeded!
[ros2-11] [bt_navigator-5] [ERROR] [1785153005.127852966] [transformPoseInTargetFrame]: Extrapolation Error looking up target frame: Lookup would require extrapolation into the past.  Requested time 13.943000 but the earliest data is at time 114.291000, when looking up transform from frame [robot3/base_link] to frame [map]
[ros2-11] [bt_navigator-5] 
[ros2-11] [bt_navigator-5] [WARN] [1785153005.127978731] [BehaviorTreeEngine]: Behavior Tree tick rate 100.00 was exceeded!
[ros2-11] [bt_navigator-5] [ERROR] [1785153005.229015125] [transformPoseInTargetFrame]: Extrapolation Error looking up target frame: Lookup would require extrapolation into the past.  Requested time 13.943000 but the earliest data is at time 114.391000, when looking up transform from frame [robot3/base_link] to frame [map]
[ros2-11] [bt_navigator-5] 
[ros2-11] [bt_navigator-5] [WARN] [1785153005.229122727] [BehaviorTreeEngine]: Behavior Tree tick rate 100.00 was exceeded!
[ros2-11] [bt_navigator-5] [ERROR] [1785153005.330163188] [transformPoseInTargetFrame]: Extrapolation Error looking up target frame: Lookup would require extrapolation into the past.  Requested time 13.943000 but the earliest data is at time 114.491000, when looking up transform from frame [robot3/base_link] to frame [map]
[ros2-11] [bt_navigator-5] 
[ros2-11] [bt_navigator-5] [WARN] [1785153005.330319258] [BehaviorTreeEngine]: Behavior Tree tick rate 100.00 was exceeded!
[ros2-11] [bt_navigator-5] [ERROR] [1785153005.431392268] [transformPoseInTargetFrame]: Extrapolation Error looking up target frame: Lookup would require extrapolation into the past.  Requested time 13.943000 but the earliest data is at time 114.591000, when looking up transform from frame [robot3/base_link] to frame [map]
[ros2-11] [bt_navigator-5] 
[ros2-11] [bt_navigator-5] [WARN] [1785153005.431649590] [BehaviorTreeEngine]: Behavior Tree tick rate 100.00 was exceeded!
[ros2-11] [bt_navigator-5] [ERROR] [1785153005.522753532] [transformPoseInTargetFrame]: Extrapolation Error looking up target frame: Lookup would require extrapolation into the past.  Requested time 13.943000 but the earliest data is at time 114.591000, when looking up transform from frame [robot3/base_link] to frame [map]
[ros2-11] [bt_navigator-5] 
[ros2-11] [bt_navigator-5] [WARN] [1785153005.522952530] [BehaviorTreeEngine]: Behavior Tree tick rate 100.00 was exceeded!
[ros2-11] [bt_navigator-5] [ERROR] [1785153005.624172893] [transformPoseInTargetFrame]: Extrapolation Error looking up target frame: Lookup would require extrapolation into the past.  Requested time 13.943000 but the earliest data is at time 114.791000, when looking up transform from frame [robot3/base_link] to frame [map]
[ros2-11] [bt_navigator-5] 
[ros2-11] [bt_navigator-5] [WARN] [1785153005.624292352] [BehaviorTreeEngine]: Behavior Tree tick rate 100.00 was exceeded!
[ros2-11] [bt_navigator-5] [ERROR] [1785153005.725275926] [transformPoseInTargetFrame]: Extrapolation Error looking up target frame: Lookup would require extrapolation into the past.  Requested time 13.943000 but the earliest data is at time 114.891000, when looking up transform from frame [robot3/base_link] to frame [map]
[ros2-11] [bt_navigator-5] 
[ros2-11] [bt_navigator-5] [WARN] [1785153005.725400186] [BehaviorTreeEngine]: Behavior Tree tick rate 100.00 was exceeded!
[ros2-11] [bt_navigator-5] [ERROR] [1785153005.826510656] [transformPoseInTargetFrame]: Extrapolation Error looking up target frame: Lookup would require extrapolation into the past.  Requested time 13.943000 but the earliest data is at time 114.991000, when looking up transform from frame [robot3/base_link] to frame [map]
[ros2-11] [bt_navigator-5] 
[ros2-11] [bt_navigator-5] [WARN] [1785153005.826697490] [BehaviorTreeEngine]: Behavior Tree tick rate 100.00 was exceeded!
[ros2-11] [planner_server-3] [ERROR] [1785153005.827496706] [transformPoseInTargetFrame]: Extrapolation Error looking up target frame: Lookup would require extrapolation into the past.  Requested time 13.943000 but the earliest data is at time 114.991000, when looking up transform from frame [robot3/base_link] to frame [map]
[ros2-11] [planner_server-3] 
[ros2-11] [bt_navigator-5] [ERROR] [1785153005.927633151] [transformPoseInTargetFrame]: Extrapolation Error looking up target frame: Lookup would require extrapolation into the past.  Requested time 13.943000 but the earliest data is at time 115.091000, when looking up transform from frame [robot3/base_link] to frame [map]
[ros2-11] [bt_navigator-5] 
[ros2-11] [bt_navigator-5] [WARN] [1785153005.927749421] [BehaviorTreeEngine]: Behavior Tree tick rate 100.00 was exceeded!
[ros2-11] [bt_navigator-5] [ERROR] [1785153006.028745572] [transformPoseInTargetFrame]: Extrapolation Error looking up target frame: Lookup would require extrapolation into the past.  Requested time 13.943000 but the earliest data is at time 115.191000, when looking up transform from frame [robot3/base_link] to frame [map]
[ros2-11] [bt_navigator-5] 
[ros2-11] [bt_navigator-5] [WARN] [1785153006.028941154] [BehaviorTreeEngine]: Behavior Tree tick rate 100.00 was exceeded!
[ros2-11] [bt_navigator-5] [ERROR] [1785153006.130116544] [transformPoseInTargetFrame]: Extrapolation Error looking up target frame: Lookup would require extrapolation into the past.  Requested time 13.943000 but the earliest data is at time 115.291000, when looking up transform from frame [robot3/base_link] to frame [map]
[ros2-11] [bt_navigator-5] 
[ros2-11] [bt_navigator-5] [WARN] [1785153006.130234782] [BehaviorTreeEngine]: Behavior Tree tick rate 100.00 was exceeded!
[ros2-11] [bt_navigator-5] [ERROR] [1785153006.231270923] [transformPoseInTargetFrame]: Extrapolation Error looking up target frame: Lookup would require extrapolation into the past.  Requested time 13.943000 but the earliest data is at time 115.391000, when looking up transform from frame [robot3/base_link] to frame [map]
[ros2-11] [bt_navigator-5] 
[ros2-11] [bt_navigator-5] [WARN] [1785153006.231396746] [BehaviorTreeEngine]: Behavior Tree tick rate 100.00 was exceeded!
[ros2-11] [bt_navigator-5] [ERROR] [1785153006.332398352] [transformPoseInTargetFrame]: Extrapolation Error looking up target frame: Lookup would require extrapolation into the past.  Requested time 13.943000 but the earliest data is at time 115.491000, when looking up transform from frame [robot3/base_link] to frame [map]
[ros2-11] [bt_navigator-5] 
[ros2-11] [bt_navigator-5] [WARN] [1785153006.332521882] [BehaviorTreeEngine]: Behavior Tree tick rate 100.00 was exceeded!
[ros2-11] [bt_navigator-5] [ERROR] [1785153006.433546826] [transformPoseInTargetFrame]: Extrapolation Error looking up target frame: Lookup would require extrapolation into the past.  Requested time 13.943000 but the earliest data is at time 115.591000, when looking up transform from frame [robot3/base_link] to frame [map]
[ros2-11] [bt_navigator-5] 
[ros2-11] [bt_navigator-5] [WARN] [1785153006.433660699] [BehaviorTreeEngine]: Behavior Tree tick rate 100.00 was exceeded!
[ros2-11] [bt_navigator-5] [ERROR] [1785153006.534617743] [transformPoseInTargetFrame]: Extrapolation Error looking up target frame: Lookup would require extrapolation into the past.  Requested time 13.943000 but the earliest data is at time 115.691000, when looking up transform from frame [robot3/base_link] to frame [map]
[ros2-11] [bt_navigator-5] 
[ros2-11] [bt_navigator-5] [WARN] [1785153006.534732842] [BehaviorTreeEngine]: Behavior Tree tick rate 100.00 was exceeded!
[ros2-11] [bt_navigator-5] [ERROR] [1785153006.625751790] [transformPoseInTargetFrame]: Extrapolation Error looking up target frame: Lookup would require extrapolation into the past.  Requested time 13.943000 but the earliest data is at time 115.791000, when looking up transform from frame [robot3/base_link] to frame [map]
[ros2-11] [bt_navigator-5] 
[ros2-11] [bt_navigator-5] [WARN] [1785153006.626051998] [BehaviorTreeEngine]: Behavior Tree tick rate 100.00 was exceeded!
[ros2-11] [bt_navigator-5] [ERROR] [1785153006.727384612] [transformPoseInTargetFrame]: Extrapolation Error looking up target frame: Lookup would require extrapolation into the past.  Requested time 13.943000 but the earliest data is at time 115.891000, when looking up transform from frame [robot3/base_link] to frame [map]
[ros2-11] [bt_navigator-5] 
[ros2-11] [bt_navigator-5] [WARN] [1785153006.727483398] [BehaviorTreeEngine]: Behavior Tree tick rate 100.00 was exceeded!
[ros2-11] [planner_server-3] [ERROR] [1785153006.827530072] [transformPoseInTargetFrame]: Extrapolation Error looking up target frame: Lookup would require extrapolation into the past.  Requested time 13.943000 but the earliest data is at time 115.991000, when looking up transform from frame [robot3/base_link] to frame [map]
[ros2-11] [planner_server-3] 
[ros2-11] [bt_navigator-5] [ERROR] [1785153006.828428300] [transformPoseInTargetFrame]: Extrapolation Error looking up target frame: Lookup would require extrapolation into the past.  Requested time 13.943000 but the earliest data is at time 115.991000, when looking up transform from frame [robot3/base_link] to frame [map]
[ros2-11] [bt_navigator-5] 
[ros2-11] [bt_navigator-5] [WARN] [1785153006.828545962] [BehaviorTreeEngine]: Behavior Tree tick rate 100.00 was exceeded!
[ros2-11] [bt_navigator-5] [ERROR] [1785153006.929587290] [transformPoseInTargetFrame]: Extrapolation Error looking up target frame: Lookup would require extrapolation into the past.  Requested time 13.943000 but the earliest data is at time 116.091000, when looking up transform from frame [robot3/base_link] to frame [map]
[ros2-11] [bt_navigator-5] 
[ros2-11] [bt_navigator-5] [WARN] [1785153006.929690728] [BehaviorTreeEngine]: Behavior Tree tick rate 100.00 was exceeded!
[ros2-11] [bt_navigator-5] [ERROR] [1785153007.030713246] [transformPoseInTargetFrame]: Extrapolation Error looking up target frame: Lookup would require extrapolation into the past.  Requested time 13.943000 but the earliest data is at time 116.191000, when looking up transform from frame [robot3/base_link] to frame [map]
[ros2-11] [bt_navigator-5] 
[ros2-11] [bt_navigator-5] [WARN] [1785153007.030834599] [BehaviorTreeEngine]: Behavior Tree tick rate 100.00 was exceeded!
[ros2-11] [bt_navigator-5] [ERROR] [1785153007.131801675] [transformPoseInTargetFrame]: Extrapolation Error looking up target frame: Lookup would require extrapolation into the past.  Requested time 13.943000 but the earliest data is at time 116.291000, when looking up transform from frame [robot3/base_link] to frame [map]
[ros2-11] [bt_navigator-5] 
[ros2-11] [bt_navigator-5] [WARN] [1785153007.131908816] [BehaviorTreeEngine]: Behavior Tree tick rate 100.00 was exceeded!
[ros2-11] [bt_navigator-5] [ERROR] [1785153007.232981207] [transformPoseInTargetFrame]: Extrapolation Error looking up target frame: Lookup would require extrapolation into the past.  Requested time 13.943000 but the earliest data is at time 116.391000, when looking up transform from frame [robot3/base_link] to frame [map]
[ros2-11] [bt_navigator-5] 
[ros2-11] [bt_navigator-5] [WARN] [1785153007.233127792] [BehaviorTreeEngine]: Behavior Tree tick rate 100.00 was exceeded!
[ros2-11] [bt_navigator-5] [ERROR] [1785153007.334135389] [transformPoseInTargetFrame]: Extrapolation Error looking up target frame: Lookup would require extrapolation into the past.  Requested time 13.943000 but the earliest data is at time 116.491000, when looking up transform from frame [robot3/base_link] to frame [map]
[ros2-11] [bt_navigator-5] 
[ros2-11] [bt_navigator-5] [WARN] [1785153007.334334317] [BehaviorTreeEngine]: Behavior Tree tick rate 100.00 was exceeded!
[ros2-11] [bt_navigator-5] [ERROR] [1785153007.425420833] [transformPoseInTargetFrame]: Extrapolation Error looking up target frame: Lookup would require extrapolation into the past.  Requested time 13.943000 but the earliest data is at time 116.491000, when looking up transform from frame [robot3/base_link] to frame [map]
[ros2-11] [bt_navigator-5] 
[ros2-11] [bt_navigator-5] [WARN] [1785153007.425566751] [BehaviorTreeEngine]: Behavior Tree tick rate 100.00 was exceeded!
[ros2-11] [planner_server-3] [INFO] [1785153007.525379182] [robot3.global_costmap.global_costmap]: Message Filter dropping message: frame 'robot3/laser_frame' at time 126.445 for reason 'the timestamp on the message is earlier than all the data in the transform cache'
[ros2-11] [bt_navigator-5] [ERROR] [1785153007.526636065] [transformPoseInTargetFrame]: Extrapolation Error looking up target frame: Lookup would require extrapolation into the past.  Requested time 13.943000 but the earliest data is at time 116.691000, when looking up transform from frame [robot3/base_link] to frame [map]
[ros2-11] [bt_navigator-5] 
[ros2-11] [bt_navigator-5] [WARN] [1785153007.526749017] [BehaviorTreeEngine]: Behavior Tree tick rate 100.00 was exceeded!
[ros2-11] [bt_navigator-5] [ERROR] [1785153007.627794157] [transformPoseInTargetFrame]: Extrapolation Error looking up target frame: Lookup would require extrapolation into the past.  Requested time 13.943000 but the earliest data is at time 116.791000, when looking up transform from frame [robot3/base_link] to frame [map]
[ros2-11] [bt_navigator-5] 
[ros2-11] [bt_navigator-5] [WARN] [1785153007.627899612] [BehaviorTreeEngine]: Behavior Tree tick rate 100.00 was exceeded!
[ros2-11] [bt_navigator-5] [ERROR] [1785153007.728864269] [transformPoseInTargetFrame]: Extrapolation Error looking up target frame: Lookup would require extrapolation into the past.  Requested time 13.943000 but the earliest data is at time 116.891000, when looking up transform from frame [robot3/base_link] to frame [map]
[ros2-11] [bt_navigator-5] 
[ros2-11] [bt_navigator-5] [WARN] [1785153007.728971562] [BehaviorTreeEngine]: Behavior Tree tick rate 100.00 was exceeded!
[ros2-11] [planner_server-3] [ERROR] [1785153007.827497099] [transformPoseInTargetFrame]: Extrapolation Error looking up target frame: Lookup would require extrapolation into the past.  Requested time 13.943000 but the earliest data is at time 116.991000, when looking up transform from frame [robot3/base_link] to frame [map]
[ros2-11] [planner_server-3] 
[ros2-11] [bt_navigator-5] [ERROR] [1785153007.829930393] [transformPoseInTargetFrame]: Extrapolation Error looking up target frame: Lookup would require extrapolation into the past.  Requested time 13.943000 but the earliest data is at time 116.991000, when looking up transform from frame [robot3/base_link] to frame [map]
[ros2-11] [bt_navigator-5] 
[ros2-11] [bt_navigator-5] [WARN] [1785153007.830062226] [BehaviorTreeEngine]: Behavior Tree tick rate 100.00 was exceeded!
[ros2-11] [bt_navigator-5] [ERROR] [1785153007.931103272] [transformPoseInTargetFrame]: Extrapolation Error looking up target frame: Lookup would require extrapolation into the past.  Requested time 13.943000 but the earliest data is at time 117.091000, when looking up transform from frame [robot3/base_link] to frame [map]
[ros2-11] [bt_navigator-5] 
[ros2-11] [bt_navigator-5] [WARN] [1785153007.931293690] [BehaviorTreeEngine]: Behavior Tree tick rate 100.00 was exceeded!
[ros2-11] [bt_navigator-5] [ERROR] [1785153008.032424635] [transformPoseInTargetFrame]: Extrapolation Error looking up target frame: Lookup would require extrapolation into the past.  Requested time 13.943000 but the earliest data is at time 117.191000, when looking up transform from frame [robot3/base_link] to frame [map]
[ros2-11] [bt_navigator-5] 
[ros2-11] [bt_navigator-5] [WARN] [1785153008.032535905] [BehaviorTreeEngine]: Behavior Tree tick rate 100.00 was exceeded!
[ros2-11] [bt_navigator-5] [ERROR] [1785153008.133625517] [transformPoseInTargetFrame]: Extrapolation Error looking up target frame: Lookup would require extrapolation into the past.  Requested time 13.943000 but the earliest data is at time 117.291000, when looking up transform from frame [robot3/base_link] to frame [map]
[ros2-11] [bt_navigator-5] 
[ros2-11] [bt_navigator-5] [WARN] [1785153008.133774292] [BehaviorTreeEngine]: Behavior Tree tick rate 100.00 was exceeded!
[ros2-11] [bt_navigator-5] [ERROR] [1785153008.234754470] [transformPoseInTargetFrame]: Extrapolation Error looking up target frame: Lookup would require extrapolation into the past.  Requested time 13.943000 but the earliest data is at time 117.391000, when looking up transform from frame [robot3/base_link] to frame [map]
[ros2-11] [bt_navigator-5] 
[ros2-11] [bt_navigator-5] [WARN] [1785153008.234859370] [BehaviorTreeEngine]: Behavior Tree tick rate 100.00 was exceeded!
[ros2-11] [bt_navigator-5] [ERROR] [1785153008.335901584] [transformPoseInTargetFrame]: Extrapolation Error looking up target frame: Lookup would require extrapolation into the past.  Requested time 13.943000 but the earliest data is at time 117.491000, when looking up transform from frame [robot3/base_link] to frame [map]
[ros2-11] [bt_navigator-5] 
[ros2-11] [bt_navigator-5] [WARN] [1785153008.336020931] [BehaviorTreeEngine]: Behavior Tree tick rate 100.00 was exceeded!
[ros2-11] [bt_navigator-5] [ERROR] [1785153008.427043087] [transformPoseInTargetFrame]: Extrapolation Error looking up target frame: Lookup would require extrapolation into the past.  Requested time 13.943000 but the earliest data is at time 117.591000, when looking up transform from frame [robot3/base_link] to frame [map]
[ros2-11] [bt_navigator-5] 
[ros2-11] [bt_navigator-5] [WARN] [1785153008.427218436] [BehaviorTreeEngine]: Behavior Tree tick rate 100.00 was exceeded!
[ros2-11] [bt_navigator-5] [ERROR] [1785153008.528279786] [transformPoseInTargetFrame]: Extrapolation Error looking up target frame: Lookup would require extrapolation into the past.  Requested time 13.943000 but the earliest data is at time 117.691000, when looking up transform from frame [robot3/base_link] to frame [map]
[ros2-11] [bt_navigator-5] 
[ros2-11] [bt_navigator-5] [WARN] [1785153008.528519741] [BehaviorTreeEngine]: Behavior Tree tick rate 100.00 was exceeded!
[ros2-11] [bt_navigator-5] [ERROR] [1785153008.629653133] [transformPoseInTargetFrame]: Extrapolation Error looking up target frame: Lookup would require extrapolation into the past.  Requested time 13.943000 but the earliest data is at time 117.791000, when looking up transform from frame [robot3/base_link] to frame [map]
[ros2-11] [bt_navigator-5] 
[ros2-11] [bt_navigator-5] [WARN] [1785153008.629756730] [BehaviorTreeEngine]: Behavior Tree tick rate 100.00 was exceeded!
[ros2-11] [bt_navigator-5] [ERROR] [1785153008.730803584] [transformPoseInTargetFrame]: Extrapolation Error looking up target frame: Lookup would require extrapolation into the past.  Requested time 13.943000 but the earliest data is at time 117.891000, when looking up transform from frame [robot3/base_link] to frame [map]
[ros2-11] [bt_navigator-5] 
[ros2-11] [bt_navigator-5] [WARN] [1785153008.730978120] [BehaviorTreeEngine]: Behavior Tree tick rate 100.00 was exceeded!
[ros2-11] [bt_navigator-5] [ERROR] [1785153008.832127154] [transformPoseInTargetFrame]: Extrapolation Error looking up target frame: Lookup would require extrapolation into the past.  Requested time 13.943000 but the earliest data is at time 117.991000, when looking up transform from frame [robot3/base_link] to frame [map]
[ros2-11] [bt_navigator-5] 
[ros2-11] [bt_navigator-5] [WARN] [1785153008.832238692] [BehaviorTreeEngine]: Behavior Tree tick rate 100.00 was exceeded!
[ros2-11] [planner_server-3] [ERROR] [1785153008.837779504] [transformPoseInTargetFrame]: Extrapolation Error looking up target frame: Lookup would require extrapolation into the past.  Requested time 13.943000 but the earliest data is at time 117.991000, when looking up transform from frame [robot3/base_link] to frame [map]
[ros2-11] [planner_server-3] 
[ros2-11] [bt_navigator-5] [ERROR] [1785153008.933320190] [transformPoseInTargetFrame]: Extrapolation Error looking up target frame: Lookup would require extrapolation into the past.  Requested time 13.943000 but the earliest data is at time 118.091000, when looking up transform from frame [robot3/base_link] to frame [map]
[ros2-11] [bt_navigator-5] 
[ros2-11] [bt_navigator-5] [WARN] [1785153008.933465572] [BehaviorTreeEngine]: Behavior Tree tick rate 100.00 was exceeded!
[ros2-11] [bt_navigator-5] [ERROR] [1785153009.034495191] [transformPoseInTargetFrame]: Extrapolation Error looking up target frame: Lookup would require extrapolation into the past.  Requested time 13.943000 but the earliest data is at time 118.191000, when looking up transform from frame [robot3/base_link] to frame [map]
[ros2-11] [bt_navigator-5] 
[ros2-11] [bt_navigator-5] [WARN] [1785153009.034735471] [BehaviorTreeEngine]: Behavior Tree tick rate 100.00 was exceeded!
[ros2-11] [bt_navigator-5] [ERROR] [1785153009.135867231] [transformPoseInTargetFrame]: Extrapolation Error looking up target frame: Lookup would require extrapolation into the past.  Requested time 13.943000 but the earliest data is at time 118.291000, when looking up transform from frame [robot3/base_link] to frame [map]
[ros2-11] [bt_navigator-5] 
[ros2-11] [bt_navigator-5] [WARN] [1785153009.136046878] [BehaviorTreeEngine]: Behavior Tree tick rate 100.00 was exceeded!
[ros2-11] [bt_navigator-5] [ERROR] [1785153009.237235773] [transformPoseInTargetFrame]: Extrapolation Error looking up target frame: Lookup would require extrapolation into the past.  Requested time 13.943000 but the earliest data is at time 118.391000, when looking up transform from frame [robot3/base_link] to frame [map]
[ros2-11] [bt_navigator-5] 
[ros2-11] [bt_navigator-5] [WARN] [1785153009.237383219] [BehaviorTreeEngine]: Behavior Tree tick rate 100.00 was exceeded!
[ros2-11] [bt_navigator-5] [ERROR] [1785153009.338525046] [transformPoseInTargetFrame]: Extrapolation Error looking up target frame: Lookup would require extrapolation into the past.  Requested time 13.943000 but the earliest data is at time 118.491000, when looking up transform from frame [robot3/base_link] to frame [map]
[ros2-11] [bt_navigator-5] 
[ros2-11] [bt_navigator-5] [WARN] [1785153009.338657612] [BehaviorTreeEngine]: Behavior Tree tick rate 100.00 was exceeded!
[ros2-11] [bt_navigator-5] [ERROR] [1785153009.442339644] [transformPoseInTargetFrame]: Extrapolation Error looking up target frame: Lookup would require extrapolation into the past.  Requested time 13.943000 but the earliest data is at time 118.591000, when looking up transform from frame [robot3/base_link] to frame [map]
[ros2-11] [bt_navigator-5] 
[ros2-11] [bt_navigator-5] [WARN] [1785153009.442531102] [BehaviorTreeEngine]: Behavior Tree tick rate 100.00 was exceeded!
[ros2-11] [bt_navigator-5] [ERROR] [1785153009.544703504] [transformPoseInTargetFrame]: Extrapolation Error looking up target frame: Lookup would require extrapolation into the past.  Requested time 13.943000 but the earliest data is at time 118.691000, when looking up transform from frame [robot3/base_link] to frame [map]
[ros2-11] [bt_navigator-5] 
[ros2-11] [bt_navigator-5] [WARN] [1785153009.544844462] [BehaviorTreeEngine]: Behavior Tree tick rate 100.00 was exceeded!
[ros2-11] [bt_navigator-5] [ERROR] [1785153009.635762385] [transformPoseInTargetFrame]: Extrapolation Error looking up target frame: Lookup would require extrapolation into the past.  Requested time 13.943000 but the earliest data is at time 118.791000, when looking up transform from frame [robot3/base_link] to frame [map]
[ros2-11] [bt_navigator-5] 
[ros2-11] [bt_navigator-5] [WARN] [1785153009.635887334] [BehaviorTreeEngine]: Behavior Tree tick rate 100.00 was exceeded!
[ros2-11] [bt_navigator-5] [ERROR] [1785153009.736843091] [transformPoseInTargetFrame]: Extrapolation Error looking up target frame: Lookup would require extrapolation into the past.  Requested time 13.943000 but the earliest data is at time 118.891000, when looking up transform from frame [robot3/base_link] to frame [map]
[ros2-11] [bt_navigator-5] 
[ros2-11] [bt_navigator-5] [WARN] [1785153009.736948308] [BehaviorTreeEngine]: Behavior Tree tick rate 100.00 was exceeded!
[ros2-11] [planner_server-3] [ERROR] [1785153009.837590987] [transformPoseInTargetFrame]: Extrapolation Error looking up target frame: Lookup would require extrapolation into the past.  Requested time 13.943000 but the earliest data is at time 118.991000, when looking up transform from frame [robot3/base_link] to frame [map]
[ros2-11] [planner_server-3] 
[ros2-11] [bt_navigator-5] [ERROR] [1785153009.837863940] [transformPoseInTargetFrame]: Extrapolation Error looking up target frame: Lookup would require extrapolation into the past.  Requested time 13.943000 but the earliest data is at time 118.991000, when looking up transform from frame [robot3/base_link] to frame [map]
[ros2-11] [bt_navigator-5] 
[ros2-11] [bt_navigator-5] [WARN] [1785153009.837972214] [BehaviorTreeEngine]: Behavior Tree tick rate 100.00 was exceeded!
[ros2-11] [bt_navigator-5] [ERROR] [1785153009.938974394] [transformPoseInTargetFrame]: Extrapolation Error looking up target frame: Lookup would require extrapolation into the past.  Requested time 13.943000 but the earliest data is at time 119.091000, when looking up transform from frame [robot3/base_link] to frame [map]
[ros2-11] [bt_navigator-5] 
[ros2-11] [bt_navigator-5] [WARN] [1785153009.939134680] [BehaviorTreeEngine]: Behavior Tree tick rate 100.00 was exceeded!
[ros2-11] [planner_server-3] [INFO] [1785153010.031198972] [robot3.global_costmap.global_costmap]: Message Filter dropping message: frame 'robot3/laser_frame' at time 128.946 for reason 'the timestamp on the message is earlier than all the data in the transform cache'
[ros2-11] [bt_navigator-5] [ERROR] [1785153010.040183744] [transformPoseInTargetFrame]: Extrapolation Error looking up target frame: Lookup would require extrapolation into the past.  Requested time 13.943000 but the earliest data is at time 119.191000, when looking up transform from frame [robot3/base_link] to frame [map]
[ros2-11] [bt_navigator-5] 
[ros2-11] [bt_navigator-5] [WARN] [1785153010.040338724] [BehaviorTreeEngine]: Behavior Tree tick rate 100.00 was exceeded!
[ros2-11] [bt_navigator-5] [ERROR] [1785153010.131395014] [transformPoseInTargetFrame]: Extrapolation Error looking up target frame: Lookup would require extrapolation into the past.  Requested time 13.943000 but the earliest data is at time 119.191000, when looking up transform from frame [robot3/base_link] to frame [map]
[ros2-11] [bt_navigator-5] 
[ros2-11] [bt_navigator-5] [WARN] [1785153010.131587716] [BehaviorTreeEngine]: Behavior Tree tick rate 100.00 was exceeded!
[ros2-11] [bt_navigator-5] [ERROR] [1785153010.232701083] [transformPoseInTargetFrame]: Extrapolation Error looking up target frame: Lookup would require extrapolation into the past.  Requested time 13.943000 but the earliest data is at time 119.391000, when looking up transform from frame [robot3/base_link] to frame [map]
[ros2-11] [bt_navigator-5] 
[ros2-11] [bt_navigator-5] [WARN] [1785153010.232818969] [BehaviorTreeEngine]: Behavior Tree tick rate 100.00 was exceeded!
[ros2-11] [bt_navigator-5] [ERROR] [1785153010.333848981] [transformPoseInTargetFrame]: Extrapolation Error looking up target frame: Lookup would require extrapolation into the past.  Requested time 13.943000 but the earliest data is at time 119.491000, when looking up transform from frame [robot3/base_link] to frame [map]
[ros2-11] [bt_navigator-5] 
[ros2-11] [bt_navigator-5] [WARN] [1785153010.334154933] [BehaviorTreeEngine]: Behavior Tree tick rate 100.00 was exceeded!
[ros2-11] [bt_navigator-5] [ERROR] [1785153010.435171607] [transformPoseInTargetFrame]: Extrapolation Error looking up target frame: Lookup would require extrapolation into the past.  Requested time 13.943000 but the earliest data is at time 119.591000, when looking up transform from frame [robot3/base_link] to frame [map]
[ros2-11] [bt_navigator-5] 
[ros2-11] [bt_navigator-5] [WARN] [1785153010.435286838] [BehaviorTreeEngine]: Behavior Tree tick rate 100.00 was exceeded!
[ros2-11] [bt_navigator-5] [ERROR] [1785153010.536276397] [transformPoseInTargetFrame]: Extrapolation Error looking up target frame: Lookup would require extrapolation into the past.  Requested time 13.943000 but the earliest data is at time 119.691000, when looking up transform from frame [robot3/base_link] to frame [map]
[ros2-11] [bt_navigator-5] 
[ros2-11] [bt_navigator-5] [WARN] [1785153010.536436645] [BehaviorTreeEngine]: Behavior Tree tick rate 100.00 was exceeded!
[ros2-11] [bt_navigator-5] [ERROR] [1785153010.637427910] [transformPoseInTargetFrame]: Extrapolation Error looking up target frame: Lookup would require extrapolation into the past.  Requested time 13.943000 but the earliest data is at time 119.791000, when looking up transform from frame [robot3/base_link] to frame [map]
[ros2-11] [bt_navigator-5] 
[ros2-11] [bt_navigator-5] [WARN] [1785153010.637578624] [BehaviorTreeEngine]: Behavior Tree tick rate 100.00 was exceeded!
[ros2-11] [bt_navigator-5] [ERROR] [1785153010.738773296] [transformPoseInTargetFrame]: Extrapolation Error looking up target frame: Lookup would require extrapolation into the past.  Requested time 13.943000 but the earliest data is at time 119.891000, when looking up transform from frame [robot3/base_link] to frame [map]
[ros2-11] [bt_navigator-5] 
[ros2-11] [bt_navigator-5] [WARN] [1785153010.738909613] [BehaviorTreeEngine]: Behavior Tree tick rate 100.00 was exceeded!
[ros2-11] [planner_server-3] [ERROR] [1785153010.837570354] [transformPoseInTargetFrame]: Extrapolation Error looking up target frame: Lookup would require extrapolation into the past.  Requested time 13.943000 but the earliest data is at time 119.991000, when looking up transform from frame [robot3/base_link] to frame [map]
[ros2-11] [planner_server-3] 
[ros2-11] [bt_navigator-5] [ERROR] [1785153010.839810149] [transformPoseInTargetFrame]: Extrapolation Error looking up target frame: Lookup would require extrapolation into the past.  Requested time 13.943000 but the earliest data is at time 119.991000, when looking up transform from frame [robot3/base_link] to frame [map]
[ros2-11] [bt_navigator-5] 
[ros2-11] [bt_navigator-5] [WARN] [1785153010.839955935] [BehaviorTreeEngine]: Behavior Tree tick rate 100.00 was exceeded!
[ros2-11] [bt_navigator-5] [ERROR] [1785153010.940935519] [transformPoseInTargetFrame]: Extrapolation Error looking up target frame: Lookup would require extrapolation into the past.  Requested time 13.943000 but the earliest data is at time 120.091000, when looking up transform from frame [robot3/base_link] to frame [map]
[ros2-11] [bt_navigator-5] 
[ros2-11] [bt_navigator-5] [WARN] [1785153010.941095547] [BehaviorTreeEngine]: Behavior Tree tick rate 100.00 was exceeded!
[ros2-11] [bt_navigator-5] [ERROR] [1785153011.042295576] [transformPoseInTargetFrame]: Extrapolation Error looking up target frame: Lookup would require extrapolation into the past.  Requested time 13.943000 but the earliest data is at time 120.191000, when looking up transform from frame [robot3/base_link] to frame [map]
[ros2-11] [bt_navigator-5] 
[ros2-11] [bt_navigator-5] [WARN] [1785153011.042460797] [BehaviorTreeEngine]: Behavior Tree tick rate 100.00 was exceeded!
[ros2-11] [bt_navigator-5] [ERROR] [1785153011.133390374] [transformPoseInTargetFrame]: Extrapolation Error looking up target frame: Lookup would require extrapolation into the past.  Requested time 13.943000 but the earliest data is at time 120.191000, when looking up transform from frame [robot3/base_link] to frame [map]
[ros2-11] [bt_navigator-5] 
[ros2-11] [bt_navigator-5] [WARN] [1785153011.133603417] [BehaviorTreeEngine]: Behavior Tree tick rate 100.00 was exceeded!
[ros2-11] [bt_navigator-5] [ERROR] [1785153011.234959585] [transformPoseInTargetFrame]: Extrapolation Error looking up target frame: Lookup would require extrapolation into the past.  Requested time 13.943000 but the earliest data is at time 120.391000, when looking up transform from frame [robot3/base_link] to frame [map]
[ros2-11] [bt_navigator-5] 
[ros2-11] [bt_navigator-5] [WARN] [1785153011.235092159] [BehaviorTreeEngine]: Behavior Tree tick rate 100.00 was exceeded!
[ros2-11] [bt_navigator-5] [ERROR] [1785153011.336081874] [transformPoseInTargetFrame]: Extrapolation Error looking up target frame: Lookup would require extrapolation into the past.  Requested time 13.943000 but the earliest data is at time 120.491000, when looking up transform from frame [robot3/base_link] to frame [map]
[ros2-11] [bt_navigator-5] 
[ros2-11] [bt_navigator-5] [WARN] [1785153011.336182411] [BehaviorTreeEngine]: Behavior Tree tick rate 100.00 was exceeded!
[ros2-11] [bt_navigator-5] [ERROR] [1785153011.437188871] [transformPoseInTargetFrame]: Extrapolation Error looking up target frame: Lookup would require extrapolation into the past.  Requested time 13.943000 but the earliest data is at time 120.591000, when looking up transform from frame [robot3/base_link] to frame [map]
[ros2-11] [bt_navigator-5] 
[ros2-11] [bt_navigator-5] [WARN] [1785153011.437293178] [BehaviorTreeEngine]: Behavior Tree tick rate 100.00 was exceeded!
[ros2-11] [bt_navigator-5] [ERROR] [1785153011.538352084] [transformPoseInTargetFrame]: Extrapolation Error looking up target frame: Lookup would require extrapolation into the past.  Requested time 13.943000 but the earliest data is at time 120.691000, when looking up transform from frame [robot3/base_link] to frame [map]
[ros2-11] [bt_navigator-5] 
[ros2-11] [bt_navigator-5] [WARN] [1785153011.538476766] [BehaviorTreeEngine]: Behavior Tree tick rate 100.00 was exceeded!
[ros2-11] [bt_navigator-5] [ERROR] [1785153011.639485438] [transformPoseInTargetFrame]: Extrapolation Error looking up target frame: Lookup would require extrapolation into the past.  Requested time 13.943000 but the earliest data is at time 120.791000, when looking up transform from frame [robot3/base_link] to frame [map]
[ros2-11] [bt_navigator-5] 
[ros2-11] [bt_navigator-5] [WARN] [1785153011.639670182] [BehaviorTreeEngine]: Behavior Tree tick rate 100.00 was exceeded!
[ros2-11] [bt_navigator-5] [ERROR] [1785153011.740784738] [transformPoseInTargetFrame]: Extrapolation Error looking up target frame: Lookup would require extrapolation into the past.  Requested time 13.943000 but the earliest data is at time 120.891000, when looking up transform from frame [robot3/base_link] to frame [map]
[ros2-11] [bt_navigator-5] 
[ros2-11] [bt_navigator-5] [WARN] [1785153011.740907607] [BehaviorTreeEngine]: Behavior Tree tick rate 100.00 was exceeded!
[ros2-11] [planner_server-3] [ERROR] [1785153011.837604015] [transformPoseInTargetFrame]: Extrapolation Error looking up target frame: Lookup would require extrapolation into the past.  Requested time 13.943000 but the earliest data is at time 120.991000, when looking up transform from frame [robot3/base_link] to frame [map]
[ros2-11] [planner_server-3] 
[ros2-11] [bt_navigator-5] [ERROR] [1785153011.841889072] [transformPoseInTargetFrame]: Extrapolation Error looking up target frame: Lookup would require extrapolation into the past.  Requested time 13.943000 but the earliest data is at time 120.991000, when looking up transform from frame [robot3/base_link] to frame [map]
[ros2-11] [bt_navigator-5] 
[ros2-11] [bt_navigator-5] [WARN] [1785153011.842030337] [BehaviorTreeEngine]: Behavior Tree tick rate 100.00 was exceeded!
[ros2-11] [bt_navigator-5] [ERROR] [1785153011.943125801] [transformPoseInTargetFrame]: Extrapolation Error looking up target frame: Lookup would require extrapolation into the past.  Requested time 13.943000 but the earliest data is at time 121.091000, when looking up transform from frame [robot3/base_link] to frame [map]
[ros2-11] [bt_navigator-5] 
[ros2-11] [bt_navigator-5] [WARN] [1785153011.943264178] [BehaviorTreeEngine]: Behavior Tree tick rate 100.00 was exceeded!
[ros2-11] [bt_navigator-5] [ERROR] [1785153012.034296685] [transformPoseInTargetFrame]: Extrapolation Error looking up target frame: Lookup would require extrapolation into the past.  Requested time 13.943000 but the earliest data is at time 121.191000, when looking up transform from frame [robot3/base_link] to frame [map]
[ros2-11] [bt_navigator-5] 
[ros2-11] [bt_navigator-5] [WARN] [1785153012.034479542] [BehaviorTreeEngine]: Behavior Tree tick rate 100.00 was exceeded!
[ros2-11] [bt_navigator-5] [ERROR] [1785153012.135638940] [transformPoseInTargetFrame]: Extrapolation Error looking up target frame: Lookup would require extrapolation into the past.  Requested time 13.943000 but the earliest data is at time 121.291000, when looking up transform from frame [robot3/base_link] to frame [map]
[ros2-11] [bt_navigator-5] 
[ros2-11] [bt_navigator-5] [WARN] [1785153012.135793874] [BehaviorTreeEngine]: Behavior Tree tick rate 100.00 was exceeded!
[ros2-11] [bt_navigator-5] [ERROR] [1785153012.236950700] [transformPoseInTargetFrame]: Extrapolation Error looking up target frame: Lookup would require extrapolation into the past.  Requested time 13.943000 but the earliest data is at time 121.391000, when looking up transform from frame [robot3/base_link] to frame [map]
[ros2-11] [bt_navigator-5] 
[ros2-11] [bt_navigator-5] [WARN] [1785153012.237135191] [BehaviorTreeEngine]: Behavior Tree tick rate 100.00 was exceeded!
[ros2-11] [bt_navigator-5] [ERROR] [1785153012.338167868] [transformPoseInTargetFrame]: Extrapolation Error looking up target frame: Lookup would require extrapolation into the past.  Requested time 13.943000 but the earliest data is at time 121.491000, when looking up transform from frame [robot3/base_link] to frame [map]
[ros2-11] [bt_navigator-5] 
[ros2-11] [bt_navigator-5] [WARN] [1785153012.338300978] [BehaviorTreeEngine]: Behavior Tree tick rate 100.00 was exceeded!
[ros2-11] [bt_navigator-5] [ERROR] [1785153012.439331639] [transformPoseInTargetFrame]: Extrapolation Error looking up target frame: Lookup would require extrapolation into the past.  Requested time 13.943000 but the earliest data is at time 121.591000, when looking up transform from frame [robot3/base_link] to frame [map]
[ros2-11] [bt_navigator-5] 
[ros2-11] [bt_navigator-5] [WARN] [1785153012.439455136] [BehaviorTreeEngine]: Behavior Tree tick rate 100.00 was exceeded!
[ros2-11] [planner_server-3] [INFO] [1785153012.534407192] [robot3.global_costmap.global_costmap]: Message Filter dropping message: frame 'robot3/laser_frame' at time 131.446 for reason 'the timestamp on the message is earlier than all the data in the transform cache'
[ros2-11] [bt_navigator-5] [ERROR] [1785153012.540481280] [transformPoseInTargetFrame]: Extrapolation Error looking up target frame: Lookup would require extrapolation into the past.  Requested time 13.943000 but the earliest data is at time 121.691000, when looking up transform from frame [robot3/base_link] to frame [map]
[ros2-11] [bt_navigator-5] 
[ros2-11] [bt_navigator-5] [WARN] [1785153012.540606124] [BehaviorTreeEngine]: Behavior Tree tick rate 100.00 was exceeded!
[ros2-11] [bt_navigator-5] [ERROR] [1785153012.641702304] [transformPoseInTargetFrame]: Extrapolation Error looking up target frame: Lookup would require extrapolation into the past.  Requested time 13.943000 but the earliest data is at time 121.791000, when looking up transform from frame [robot3/base_link] to frame [map]
[ros2-11] [bt_navigator-5] 
[ros2-11] [bt_navigator-5] [WARN] [1785153012.641821859] [BehaviorTreeEngine]: Behavior Tree tick rate 100.00 was exceeded!
[ros2-11] [bt_navigator-5] [ERROR] [1785153012.742806393] [transformPoseInTargetFrame]: Extrapolation Error looking up target frame: Lookup would require extrapolation into the past.  Requested time 13.943000 but the earliest data is at time 121.891000, when looking up transform from frame [robot3/base_link] to frame [map]
[ros2-11] [bt_navigator-5] 
[ros2-11] [bt_navigator-5] [WARN] [1785153012.742954983] [BehaviorTreeEngine]: Behavior Tree tick rate 100.00 was exceeded!
[ros2-11] [planner_server-3] [ERROR] [1785153012.837451838] [transformPoseInTargetFrame]: Extrapolation Error looking up target frame: Lookup would require extrapolation into the past.  Requested time 13.943000 but the earliest data is at time 121.991000, when looking up transform from frame [robot3/base_link] to frame [map]
[ros2-11] [planner_server-3] 
[ros2-11] [bt_navigator-5] [ERROR] [1785153012.844028688] [transformPoseInTargetFrame]: Extrapolation Error looking up target frame: Lookup would require extrapolation into the past.  Requested time 13.943000 but the earliest data is at time 121.991000, when looking up transform from frame [robot3/base_link] to frame [map]
[ros2-11] [bt_navigator-5] 
[ros2-11] [bt_navigator-5] [WARN] [1785153012.844129135] [BehaviorTreeEngine]: Behavior Tree tick rate 100.00 was exceeded!
[ros2-11] [bt_navigator-5] [ERROR] [1785153012.935089450] [transformPoseInTargetFrame]: Extrapolation Error looking up target frame: Lookup would require extrapolation into the past.  Requested time 13.943000 but the earliest data is at time 122.091000, when looking up transform from frame [robot3/base_link] to frame [map]
[ros2-11] [bt_navigator-5] 
[ros2-11] [bt_navigator-5] [WARN] [1785153012.935242140] [BehaviorTreeEngine]: Behavior Tree tick rate 100.00 was exceeded!
[ros2-11] [bt_navigator-5] [ERROR] [1785153013.036311275] [transformPoseInTargetFrame]: Extrapolation Error looking up target frame: Lookup would require extrapolation into the past.  Requested time 13.943000 but the earliest data is at time 122.191000, when looking up transform from frame [robot3/base_link] to frame [map]
[ros2-11] [bt_navigator-5] 
[ros2-11] [bt_navigator-5] [WARN] [1785153013.036482756] [BehaviorTreeEngine]: Behavior Tree tick rate 100.00 was exceeded!
[ros2-11] [bt_navigator-5] [ERROR] [1785153013.137605265] [transformPoseInTargetFrame]: Extrapolation Error looking up target frame: Lookup would require extrapolation into the past.  Requested time 13.943000 but the earliest data is at time 122.291000, when looking up transform from frame [robot3/base_link] to frame [map]
[ros2-11] [bt_navigator-5] 
[ros2-11] [bt_navigator-5] [WARN] [1785153013.137738217] [BehaviorTreeEngine]: Behavior Tree tick rate 100.00 was exceeded!
[ros2-11] [bt_navigator-5] [ERROR] [1785153013.238715440] [transformPoseInTargetFrame]: Extrapolation Error looking up target frame: Lookup would require extrapolation into the past.  Requested time 13.943000 but the earliest data is at time 122.391000, when looking up transform from frame [robot3/base_link] to frame [map]
[ros2-11] [bt_navigator-5] 
[ros2-11] [bt_navigator-5] [WARN] [1785153013.238832812] [BehaviorTreeEngine]: Behavior Tree tick rate 100.00 was exceeded!
[ros2-11] [bt_navigator-5] [ERROR] [1785153013.339811954] [transformPoseInTargetFrame]: Extrapolation Error looking up target frame: Lookup would require extrapolation into the past.  Requested time 13.943000 but the earliest data is at time 122.493000, when looking up transform from frame [robot3/base_link] to frame [map]
[ros2-11] [bt_navigator-5] 
[ros2-11] [bt_navigator-5] [WARN] [1785153013.339922196] [BehaviorTreeEngine]: Behavior Tree tick rate 100.00 was exceeded!
[ros2-11] [bt_navigator-5] [ERROR] [1785153013.440967460] [transformPoseInTargetFrame]: Extrapolation Error looking up target frame: Lookup would require extrapolation into the past.  Requested time 13.943000 but the earliest data is at time 122.493000, when looking up transform from frame [robot3/base_link] to frame [map]
[ros2-11] [bt_navigator-5] 
[ros2-11] [bt_navigator-5] [WARN] [1785153013.441133514] [BehaviorTreeEngine]: Behavior Tree tick rate 100.00 was exceeded!
[ros2-11] [bt_navigator-5] [ERROR] [1785153013.542290230] [transformPoseInTargetFrame]: Extrapolation Error looking up target frame: Lookup would require extrapolation into the past.  Requested time 13.943000 but the earliest data is at time 122.593000, when looking up transform from frame [robot3/base_link] to frame [map]
[ros2-11] [bt_navigator-5] 
[ros2-11] [bt_navigator-5] [WARN] [1785153013.542451491] [BehaviorTreeEngine]: Behavior Tree tick rate 100.00 was exceeded!
[ros2-11] [bt_navigator-5] [ERROR] [1785153013.643557189] [transformPoseInTargetFrame]: Extrapolation Error looking up target frame: Lookup would require extrapolation into the past.  Requested time 13.943000 but the earliest data is at time 122.693000, when looking up transform from frame [robot3/base_link] to frame [map]
[ros2-11] [bt_navigator-5] 
[ros2-11] [bt_navigator-5] [WARN] [1785153013.643674049] [BehaviorTreeEngine]: Behavior Tree tick rate 100.00 was exceeded!
[ros2-11] [bt_navigator-5] [ERROR] [1785153013.744814356] [transformPoseInTargetFrame]: Extrapolation Error looking up target frame: Lookup would require extrapolation into the past.  Requested time 13.943000 but the earliest data is at time 122.793000, when looking up transform from frame [robot3/base_link] to frame [map]
[ros2-11] [bt_navigator-5] 
[ros2-11] [bt_navigator-5] [WARN] [1785153013.744944539] [BehaviorTreeEngine]: Behavior Tree tick rate 100.00 was exceeded!
[ros2-11] [planner_server-3] [ERROR] [1785153013.838663567] [transformPoseInTargetFrame]: Extrapolation Error looking up target frame: Lookup would require extrapolation into the past.  Requested time 13.943000 but the earliest data is at time 122.893000, when looking up transform from frame [robot3/base_link] to frame [map]
[ros2-11] [planner_server-3] 
[ros2-11] [bt_navigator-5] [ERROR] [1785153013.846053816] [transformPoseInTargetFrame]: Extrapolation Error looking up target frame: Lookup would require extrapolation into the past.  Requested time 13.943000 but the earliest data is at time 122.893000, when looking up transform from frame [robot3/base_link] to frame [map]
[ros2-11] [bt_navigator-5] 
[ros2-11] [bt_navigator-5] [WARN] [1785153013.846179148] [BehaviorTreeEngine]: Behavior Tree tick rate 100.00 was exceeded!
[ros2-11] [bt_navigator-5] [ERROR] [1785153013.937198458] [transformPoseInTargetFrame]: Extrapolation Error looking up target frame: Lookup would require extrapolation into the past.  Requested time 13.943000 but the earliest data is at time 122.993000, when looking up transform from frame [robot3/base_link] to frame [map]
[ros2-11] [bt_navigator-5] 
[ros2-11] [bt_navigator-5] [WARN] [1785153013.938046085] [BehaviorTreeEngine]: Behavior Tree tick rate 100.00 was exceeded!
[ros2-11] [bt_navigator-5] [ERROR] [1785153014.039175573] [transformPoseInTargetFrame]: Extrapolation Error looking up target frame: Lookup would require extrapolation into the past.  Requested time 13.943000 but the earliest data is at time 123.093000, when looking up transform from frame [robot3/base_link] to frame [map]
[ros2-11] [bt_navigator-5] 
[ros2-11] [bt_navigator-5] [WARN] [1785153014.039282965] [BehaviorTreeEngine]: Behavior Tree tick rate 100.00 was exceeded!
[ros2-11] [bt_navigator-5] [ERROR] [1785153014.140307302] [transformPoseInTargetFrame]: Extrapolation Error looking up target frame: Lookup would require extrapolation into the past.  Requested time 13.943000 but the earliest data is at time 123.193000, when looking up transform from frame [robot3/base_link] to frame [map]
[ros2-11] [bt_navigator-5] 
[ros2-11] [bt_navigator-5] [WARN] [1785153014.140458961] [BehaviorTreeEngine]: Behavior Tree tick rate 100.00 was exceeded!
[ros2-11] [bt_navigator-5] [ERROR] [1785153014.241677917] [transformPoseInTargetFrame]: Extrapolation Error looking up target frame: Lookup would require extrapolation into the past.  Requested time 13.943000 but the earliest data is at time 123.293000, when looking up transform from frame [robot3/base_link] to frame [map]
[ros2-11] [bt_navigator-5] 
[ros2-11] [bt_navigator-5] [WARN] [1785153014.241786221] [BehaviorTreeEngine]: Behavior Tree tick rate 100.00 was exceeded!
[ros2-11] [bt_navigator-5] [ERROR] [1785153014.342761062] [transformPoseInTargetFrame]: Extrapolation Error looking up target frame: Lookup would require extrapolation into the past.  Requested time 13.943000 but the earliest data is at time 123.393000, when looking up transform from frame [robot3/base_link] to frame [map]
[ros2-11] [bt_navigator-5] 
[ros2-11] [bt_navigator-5] [WARN] [1785153014.342877954] [BehaviorTreeEngine]: Behavior Tree tick rate 100.00 was exceeded!
[ros2-11] [bt_navigator-5] [ERROR] [1785153014.443987249] [transformPoseInTargetFrame]: Extrapolation Error looking up target frame: Lookup would require extrapolation into the past.  Requested time 13.943000 but the earliest data is at time 123.493000, when looking up transform from frame [robot3/base_link] to frame [map]
[ros2-11] [bt_navigator-5] 
[ros2-11] [bt_navigator-5] [WARN] [1785153014.444160581] [BehaviorTreeEngine]: Behavior Tree tick rate 100.00 was exceeded!
[ros2-11] [bt_navigator-5] [ERROR] [1785153014.545241482] [transformPoseInTargetFrame]: Extrapolation Error looking up target frame: Lookup would require extrapolation into the past.  Requested time 13.943000 but the earliest data is at time 123.593000, when looking up transform from frame [robot3/base_link] to frame [map]
[ros2-11] [bt_navigator-5] 
[ros2-11] [bt_navigator-5] [WARN] [1785153014.545365632] [BehaviorTreeEngine]: Behavior Tree tick rate 100.00 was exceeded!
[ros2-11] [bt_navigator-5] [ERROR] [1785153014.646345979] [transformPoseInTargetFrame]: Extrapolation Error looking up target frame: Lookup would require extrapolation into the past.  Requested time 13.943000 but the earliest data is at time 123.693000, when looking up transform from frame [robot3/base_link] to frame [map]
[ros2-11] [bt_navigator-5] 
[ros2-11] [bt_navigator-5] [WARN] [1785153014.646535077] [BehaviorTreeEngine]: Behavior Tree tick rate 100.00 was exceeded!
[ros2-11] [bt_navigator-5] [ERROR] [1785153014.737538482] [transformPoseInTargetFrame]: Extrapolation Error looking up target frame: Lookup would require extrapolation into the past.  Requested time 13.943000 but the earliest data is at time 123.693000, when looking up transform from frame [robot3/base_link] to frame [map]
[ros2-11] [bt_navigator-5] 
[ros2-11] [bt_navigator-5] [WARN] [1785153014.737729960] [BehaviorTreeEngine]: Behavior Tree tick rate 100.00 was exceeded!
[ros2-11] [planner_server-3] [ERROR] [1785153014.837702895] [transformPoseInTargetFrame]: Extrapolation Error looking up target frame: Lookup would require extrapolation into the past.  Requested time 13.943000 but the earliest data is at time 123.893000, when looking up transform from frame [robot3/base_link] to frame [map]
[ros2-11] [planner_server-3] 
[ros2-11] [bt_navigator-5] [ERROR] [1785153014.838673735] [transformPoseInTargetFrame]: Extrapolation Error looking up target frame: Lookup would require extrapolation into the past.  Requested time 13.943000 but the earliest data is at time 123.893000, when looking up transform from frame [robot3/base_link] to frame [map]
[ros2-11] [bt_navigator-5] 
[ros2-11] [bt_navigator-5] [WARN] [1785153014.838780756] [BehaviorTreeEngine]: Behavior Tree tick rate 100.00 was exceeded!
[ros2-11] [bt_navigator-5] [ERROR] [1785153014.939773845] [transformPoseInTargetFrame]: Extrapolation Error looking up target frame: Lookup would require extrapolation into the past.  Requested time 13.943000 but the earliest data is at time 123.993000, when looking up transform from frame [robot3/base_link] to frame [map]
[ros2-11] [bt_navigator-5] 
[ros2-11] [bt_navigator-5] [WARN] [1785153014.939907702] [BehaviorTreeEngine]: Behavior Tree tick rate 100.00 was exceeded!
[ros2-11] [planner_server-3] [INFO] [1785153015.037318407] [robot3.global_costmap.global_costmap]: Message Filter dropping message: frame 'robot3/laser_frame' at time 133.946 for reason 'the timestamp on the message is earlier than all the data in the transform cache'
[ros2-11] [bt_navigator-5] [ERROR] [1785153015.040961675] [transformPoseInTargetFrame]: Extrapolation Error looking up target frame: Lookup would require extrapolation into the past.  Requested time 13.943000 but the earliest data is at time 124.093000, when looking up transform from frame [robot3/base_link] to frame [map]
[ros2-11] [bt_navigator-5] 
[ros2-11] [bt_navigator-5] [WARN] [1785153015.041073291] [BehaviorTreeEngine]: Behavior Tree tick rate 100.00 was exceeded!
[ros2-11] [bt_navigator-5] [ERROR] [1785153015.142094675] [transformPoseInTargetFrame]: Extrapolation Error looking up target frame: Lookup would require extrapolation into the past.  Requested time 13.943000 but the earliest data is at time 124.193000, when looking up transform from frame [robot3/base_link] to frame [map]
[ros2-11] [bt_navigator-5] 
[ros2-11] [bt_navigator-5] [WARN] [1785153015.142216663] [BehaviorTreeEngine]: Behavior Tree tick rate 100.00 was exceeded!
[ros2-11] [bt_navigator-5] [ERROR] [1785153015.243274611] [transformPoseInTargetFrame]: Extrapolation Error looking up target frame: Lookup would require extrapolation into the past.  Requested time 13.943000 but the earliest data is at time 124.293000, when looking up transform from frame [robot3/base_link] to frame [map]
[ros2-11] [bt_navigator-5] 
[ros2-11] [bt_navigator-5] [WARN] [1785153015.243470509] [BehaviorTreeEngine]: Behavior Tree tick rate 100.00 was exceeded!
[ros2-11] [bt_navigator-5] [ERROR] [1785153015.344499615] [transformPoseInTargetFrame]: Extrapolation Error looking up target frame: Lookup would require extrapolation into the past.  Requested time 13.943000 but the earliest data is at time 124.393000, when looking up transform from frame [robot3/base_link] to frame [map]
[ros2-11] [bt_navigator-5] 
[ros2-11] [bt_navigator-5] [WARN] [1785153015.344812212] [BehaviorTreeEngine]: Behavior Tree tick rate 100.00 was exceeded!
[ros2-11] [bt_navigator-5] [ERROR] [1785153015.445951283] [transformPoseInTargetFrame]: Extrapolation Error looking up target frame: Lookup would require extrapolation into the past.  Requested time 13.943000 but the earliest data is at time 124.493000, when looking up transform from frame [robot3/base_link] to frame [map]
[ros2-11] [bt_navigator-5] 
[ros2-11] [bt_navigator-5] [WARN] [1785153015.446096500] [BehaviorTreeEngine]: Behavior Tree tick rate 100.00 was exceeded!
[ros2-11] [bt_navigator-5] [ERROR] [1785153015.547131850] [transformPoseInTargetFrame]: Extrapolation Error looking up target frame: Lookup would require extrapolation into the past.  Requested time 13.943000 but the earliest data is at time 124.593000, when looking up transform from frame [robot3/base_link] to frame [map]
[ros2-11] [bt_navigator-5] 
[ros2-11] [bt_navigator-5] [WARN] [1785153015.547245320] [BehaviorTreeEngine]: Behavior Tree tick rate 100.00 was exceeded!
[ros2-11] [bt_navigator-5] [ERROR] [1785153015.648287787] [transformPoseInTargetFrame]: Extrapolation Error looking up target frame: Lookup would require extrapolation into the past.  Requested time 13.943000 but the earliest data is at time 124.693000, when looking up transform from frame [robot3/base_link] to frame [map]
[ros2-11] [bt_navigator-5] 
[ros2-11] [bt_navigator-5] [WARN] [1785153015.648434334] [BehaviorTreeEngine]: Behavior Tree tick rate 100.00 was exceeded!
[ros2-11] [bt_navigator-5] [ERROR] [1785153015.739353469] [transformPoseInTargetFrame]: Extrapolation Error looking up target frame: Lookup would require extrapolation into the past.  Requested time 13.943000 but the earliest data is at time 124.793000, when looking up transform from frame [robot3/base_link] to frame [map]
[ros2-11] [bt_navigator-5] 
[ros2-11] [bt_navigator-5] [WARN] [1785153015.739478800] [BehaviorTreeEngine]: Behavior Tree tick rate 100.00 was exceeded!
[ros2-11] [bt_navigator-5] [ERROR] [1785153015.840444955] [transformPoseInTargetFrame]: Extrapolation Error looking up target frame: Lookup would require extrapolation into the past.  Requested time 13.943000 but the earliest data is at time 124.893000, when looking up transform from frame [robot3/base_link] to frame [map]
[ros2-11] [bt_navigator-5] 
[ros2-11] [bt_navigator-5] [WARN] [1785153015.840550557] [BehaviorTreeEngine]: Behavior Tree tick rate 100.00 was exceeded!
[ros2-11] [planner_server-3] [ERROR] [1785153015.847677124] [transformPoseInTargetFrame]: Extrapolation Error looking up target frame: Lookup would require extrapolation into the past.  Requested time 13.943000 but the earliest data is at time 124.893000, when looking up transform from frame [robot3/base_link] to frame [map]
[ros2-11] [planner_server-3] 
[ros2-11] [bt_navigator-5] [ERROR] [1785153015.941535101] [transformPoseInTargetFrame]: Extrapolation Error looking up target frame: Lookup would require extrapolation into the past.  Requested time 13.943000 but the earliest data is at time 124.993000, when looking up transform from frame [robot3/base_link] to frame [map]
[ros2-11] [bt_navigator-5] 
[ros2-11] [bt_navigator-5] [WARN] [1785153015.941641266] [BehaviorTreeEngine]: Behavior Tree tick rate 100.00 was exceeded!
[ros2-11] [bt_navigator-5] [ERROR] [1785153016.042643778] [transformPoseInTargetFrame]: Extrapolation Error looking up target frame: Lookup would require extrapolation into the past.  Requested time 13.943000 but the earliest data is at time 125.093000, when looking up transform from frame [robot3/base_link] to frame [map]
[ros2-11] [bt_navigator-5] 
[ros2-11] [bt_navigator-5] [WARN] [1785153016.042783218] [BehaviorTreeEngine]: Behavior Tree tick rate 100.00 was exceeded!
[ros2-11] [bt_navigator-5] [ERROR] [1785153016.143803226] [transformPoseInTargetFrame]: Extrapolation Error looking up target frame: Lookup would require extrapolation into the past.  Requested time 13.943000 but the earliest data is at time 125.193000, when looking up transform from frame [robot3/base_link] to frame [map]
[ros2-11] [bt_navigator-5] 
[ros2-11] [bt_navigator-5] [WARN] [1785153016.143925119] [BehaviorTreeEngine]: Behavior Tree tick rate 100.00 was exceeded!
[ros2-11] [bt_navigator-5] [ERROR] [1785153016.244974297] [transformPoseInTargetFrame]: Extrapolation Error looking up target frame: Lookup would require extrapolation into the past.  Requested time 13.943000 but the earliest data is at time 125.293000, when looking up transform from frame [robot3/base_link] to frame [map]
[ros2-11] [bt_navigator-5] 
[ros2-11] [bt_navigator-5] [WARN] [1785153016.245136810] [BehaviorTreeEngine]: Behavior Tree tick rate 100.00 was exceeded!
[ros2-11] [bt_navigator-5] [ERROR] [1785153016.346331366] [transformPoseInTargetFrame]: Extrapolation Error looking up target frame: Lookup would require extrapolation into the past.  Requested time 13.943000 but the earliest data is at time 125.393000, when looking up transform from frame [robot3/base_link] to frame [map]
[ros2-11] [bt_navigator-5] 
[ros2-11] [bt_navigator-5] [WARN] [1785153016.346454057] [BehaviorTreeEngine]: Behavior Tree tick rate 100.00 was exceeded!
[ros2-11] [bt_navigator-5] [ERROR] [1785153016.447419695] [transformPoseInTargetFrame]: Extrapolation Error looking up target frame: Lookup would require extrapolation into the past.  Requested time 13.943000 but the earliest data is at time 125.493000, when looking up transform from frame [robot3/base_link] to frame [map]
[ros2-11] [bt_navigator-5] 
[ros2-11] [bt_navigator-5] [WARN] [1785153016.447610207] [BehaviorTreeEngine]: Behavior Tree tick rate 100.00 was exceeded!
[ros2-11] [bt_navigator-5] [ERROR] [1785153016.548653657] [transformPoseInTargetFrame]: Extrapolation Error looking up target frame: Lookup would require extrapolation into the past.  Requested time 13.943000 but the earliest data is at time 125.593000, when looking up transform from frame [robot3/base_link] to frame [map]
[ros2-11] [bt_navigator-5] 
[ros2-11] [bt_navigator-5] [WARN] [1785153016.548787929] [BehaviorTreeEngine]: Behavior Tree tick rate 100.00 was exceeded!
[ros2-11] [bt_navigator-5] [ERROR] [1785153016.639821653] [transformPoseInTargetFrame]: Extrapolation Error looking up target frame: Lookup would require extrapolation into the past.  Requested time 13.943000 but the earliest data is at time 125.593000, when looking up transform from frame [robot3/base_link] to frame [map]
[ros2-11] [bt_navigator-5] 
[ros2-11] [bt_navigator-5] [WARN] [1785153016.640047028] [BehaviorTreeEngine]: Behavior Tree tick rate 100.00 was exceeded!
[ros2-11] [bt_navigator-5] [ERROR] [1785153016.741083066] [transformPoseInTargetFrame]: Extrapolation Error looking up target frame: Lookup would require extrapolation into the past.  Requested time 13.943000 but the earliest data is at time 125.793000, when looking up transform from frame [robot3/base_link] to frame [map]
[ros2-11] [bt_navigator-5] 
[ros2-11] [bt_navigator-5] [WARN] [1785153016.741234168] [BehaviorTreeEngine]: Behavior Tree tick rate 100.00 was exceeded!
[ros2-11] [bt_navigator-5] [ERROR] [1785153016.842202525] [transformPoseInTargetFrame]: Extrapolation Error looking up target frame: Lookup would require extrapolation into the past.  Requested time 13.943000 but the earliest data is at time 125.893000, when looking up transform from frame [robot3/base_link] to frame [map]
[ros2-11] [bt_navigator-5] 
[ros2-11] [bt_navigator-5] [WARN] [1785153016.842330125] [BehaviorTreeEngine]: Behavior Tree tick rate 100.00 was exceeded!
[ros2-11] [planner_server-3] [ERROR] [1785153016.847667194] [transformPoseInTargetFrame]: Extrapolation Error looking up target frame: Lookup would require extrapolation into the past.  Requested time 13.943000 but the earliest data is at time 125.893000, when looking up transform from frame [robot3/base_link] to frame [map]
[ros2-11] [planner_server-3] 
[ros2-11] [bt_navigator-5] [ERROR] [1785153016.943399425] [transformPoseInTargetFrame]: Extrapolation Error looking up target frame: Lookup would require extrapolation into the past.  Requested time 13.943000 but the earliest data is at time 125.993000, when looking up transform from frame [robot3/base_link] to frame [map]
[ros2-11] [bt_navigator-5] 
[ros2-11] [bt_navigator-5] [WARN] [1785153016.943532902] [BehaviorTreeEngine]: Behavior Tree tick rate 100.00 was exceeded!
[ros2-11] [bt_navigator-5] [ERROR] [1785153017.044487763] [transformPoseInTargetFrame]: Extrapolation Error looking up target frame: Lookup would require extrapolation into the past.  Requested time 13.943000 but the earliest data is at time 126.093000, when looking up transform from frame [robot3/base_link] to frame [map]
[ros2-11] [bt_navigator-5] 
[ros2-11] [bt_navigator-5] [WARN] [1785153017.044633186] [BehaviorTreeEngine]: Behavior Tree tick rate 100.00 was exceeded!
[ros2-11] [bt_navigator-5] [ERROR] [1785153017.145744337] [transformPoseInTargetFrame]: Extrapolation Error looking up target frame: Lookup would require extrapolation into the past.  Requested time 13.943000 but the earliest data is at time 126.193000, when looking up transform from frame [robot3/base_link] to frame [map]
[ros2-11] [bt_navigator-5] 
[ros2-11] [bt_navigator-5] [WARN] [1785153017.145957486] [BehaviorTreeEngine]: Behavior Tree tick rate 100.00 was exceeded!
[ros2-11] [bt_navigator-5] [ERROR] [1785153017.247031425] [transformPoseInTargetFrame]: Extrapolation Error looking up target frame: Lookup would require extrapolation into the past.  Requested time 13.943000 but the earliest data is at time 126.293000, when looking up transform from frame [robot3/base_link] to frame [map]
[ros2-11] [bt_navigator-5] 
[ros2-11] [bt_navigator-5] [WARN] [1785153017.247195477] [BehaviorTreeEngine]: Behavior Tree tick rate 100.00 was exceeded!
[ros2-11] [bt_navigator-5] [ERROR] [1785153017.348235905] [transformPoseInTargetFrame]: Extrapolation Error looking up target frame: Lookup would require extrapolation into the past.  Requested time 13.943000 but the earliest data is at time 126.393000, when looking up transform from frame [robot3/base_link] to frame [map]
[ros2-11] [bt_navigator-5] 
[ros2-11] [bt_navigator-5] [WARN] [1785153017.348359356] [BehaviorTreeEngine]: Behavior Tree tick rate 100.00 was exceeded!
[ros2-11] [bt_navigator-5] [ERROR] [1785153017.449432404] [transformPoseInTargetFrame]: Extrapolation Error looking up target frame: Lookup would require extrapolation into the past.  Requested time 13.943000 but the earliest data is at time 126.493000, when looking up transform from frame [robot3/base_link] to frame [map]
[ros2-11] [bt_navigator-5] 
[ros2-11] [bt_navigator-5] [WARN] [1785153017.449541510] [BehaviorTreeEngine]: Behavior Tree tick rate 100.00 was exceeded!
[ros2-11] [bt_navigator-5] [ERROR] [1785153017.540393694] [transformPoseInTargetFrame]: Extrapolation Error looking up target frame: Lookup would require extrapolation into the past.  Requested time 13.943000 but the earliest data is at time 126.493000, when looking up transform from frame [robot3/base_link] to frame [map]
[ros2-11] [bt_navigator-5] 
[ros2-11] [planner_server-3] [INFO] [1785153017.540474224] [robot3.global_costmap.global_costmap]: Message Filter dropping message: frame 'robot3/laser_frame' at time 136.446 for reason 'the timestamp on the message is earlier than all the data in the transform cache'
[ros2-11] [bt_navigator-5] [WARN] [1785153017.540534343] [BehaviorTreeEngine]: Behavior Tree tick rate 100.00 was exceeded!
[ros2-11] [bt_navigator-5] [ERROR] [1785153017.641694719] [transformPoseInTargetFrame]: Extrapolation Error looking up target frame: Lookup would require extrapolation into the past.  Requested time 13.943000 but the earliest data is at time 126.693000, when looking up transform from frame [robot3/base_link] to frame [map]
[ros2-11] [bt_navigator-5] 
[ros2-11] [bt_navigator-5] [WARN] [1785153017.641855575] [BehaviorTreeEngine]: Behavior Tree tick rate 100.00 was exceeded!
[ros2-11] [bt_navigator-5] [ERROR] [1785153017.743120098] [transformPoseInTargetFrame]: Extrapolation Error looking up target frame: Lookup would require extrapolation into the past.  Requested time 13.943000 but the earliest data is at time 126.793000, when looking up transform from frame [robot3/base_link] to frame [map]
[ros2-11] [bt_navigator-5] 
[ros2-11] [bt_navigator-5] [WARN] [1785153017.743378988] [BehaviorTreeEngine]: Behavior Tree tick rate 100.00 was exceeded!
[ros2-11] [bt_navigator-5] [ERROR] [1785153017.844441039] [transformPoseInTargetFrame]: Extrapolation Error looking up target frame: Lookup would require extrapolation into the past.  Requested time 13.943000 but the earliest data is at time 126.893000, when looking up transform from frame [robot3/base_link] to frame [map]
[ros2-11] [bt_navigator-5] 
[ros2-11] [bt_navigator-5] [WARN] [1785153017.844559955] [BehaviorTreeEngine]: Behavior Tree tick rate 100.00 was exceeded!
[ros2-11] [planner_server-3] [ERROR] [1785153017.847570074] [transformPoseInTargetFrame]: Extrapolation Error looking up target frame: Lookup would require extrapolation into the past.  Requested time 13.943000 but the earliest data is at time 126.893000, when looking up transform from frame [robot3/base_link] to frame [map]
[ros2-11] [planner_server-3] 
[ros2-11] [bt_navigator-5] [ERROR] [1785153017.945589088] [transformPoseInTargetFrame]: Extrapolation Error looking up target frame: Lookup would require extrapolation into the past.  Requested time 13.943000 but the earliest data is at time 126.993000, when looking up transform from frame [robot3/base_link] to frame [map]
[ros2-11] [bt_navigator-5] 
[ros2-11] [bt_navigator-5] [WARN] [1785153017.945725591] [BehaviorTreeEngine]: Behavior Tree tick rate 100.00 was exceeded!
[ros2-11] [bt_navigator-5] [ERROR] [1785153018.046749856] [transformPoseInTargetFrame]: Extrapolation Error looking up target frame: Lookup would require extrapolation into the past.  Requested time 13.943000 but the earliest data is at time 127.093000, when looking up transform from frame [robot3/base_link] to frame [map]
[ros2-11] [bt_navigator-5] 
[ros2-11] [bt_navigator-5] [WARN] [1785153018.046867729] [BehaviorTreeEngine]: Behavior Tree tick rate 100.00 was exceeded!
[ros2-11] [bt_navigator-5] [ERROR] [1785153018.147959367] [transformPoseInTargetFrame]: Extrapolation Error looking up target frame: Lookup would require extrapolation into the past.  Requested time 13.943000 but the earliest data is at time 127.193000, when looking up transform from frame [robot3/base_link] to frame [map]
[ros2-11] [bt_navigator-5] 
[ros2-11] [bt_navigator-5] [WARN] [1785153018.148129337] [BehaviorTreeEngine]: Behavior Tree tick rate 100.00 was exceeded!
[ros2-11] [bt_navigator-5] [ERROR] [1785153018.249192590] [transformPoseInTargetFrame]: Extrapolation Error looking up target frame: Lookup would require extrapolation into the past.  Requested time 13.943000 but the earliest data is at time 127.293000, when looking up transform from frame [robot3/base_link] to frame [map]
[ros2-11] [bt_navigator-5] 
[ros2-11] [bt_navigator-5] [WARN] [1785153018.249340173] [BehaviorTreeEngine]: Behavior Tree tick rate 100.00 was exceeded!
[ros2-11] [bt_navigator-5] [ERROR] [1785153018.350465372] [transformPoseInTargetFrame]: Extrapolation Error looking up target frame: Lookup would require extrapolation into the past.  Requested time 13.943000 but the earliest data is at time 127.393000, when looking up transform from frame [robot3/base_link] to frame [map]
[ros2-11] [bt_navigator-5] 
[ros2-11] [bt_navigator-5] [WARN] [1785153018.350616342] [BehaviorTreeEngine]: Behavior Tree tick rate 100.00 was exceeded!
[ros2-11] [bt_navigator-5] [ERROR] [1785153018.451689818] [transformPoseInTargetFrame]: Extrapolation Error looking up target frame: Lookup would require extrapolation into the past.  Requested time 13.943000 but the earliest data is at time 127.493000, when looking up transform from frame [robot3/base_link] to frame [map]
[ros2-11] [bt_navigator-5] 
[ros2-11] [bt_navigator-5] [WARN] [1785153018.451951389] [BehaviorTreeEngine]: Behavior Tree tick rate 100.00 was exceeded!
[ros2-11] [bt_navigator-5] [ERROR] [1785153018.542958392] [transformPoseInTargetFrame]: Extrapolation Error looking up target frame: Lookup would require extrapolation into the past.  Requested time 13.943000 but the earliest data is at time 127.593000, when looking up transform from frame [robot3/base_link] to frame [map]
[ros2-11] [bt_navigator-5] 
[ros2-11] [bt_navigator-5] [WARN] [1785153018.543116295] [BehaviorTreeEngine]: Behavior Tree tick rate 100.00 was exceeded!
[ros2-11] [bt_navigator-5] [ERROR] [1785153018.644895543] [transformPoseInTargetFrame]: Extrapolation Error looking up target frame: Lookup would require extrapolation into the past.  Requested time 13.943000 but the earliest data is at time 127.693000, when looking up transform from frame [robot3/base_link] to frame [map]
[ros2-11] [bt_navigator-5] 
[ros2-11] [bt_navigator-5] [WARN] [1785153018.645044113] [BehaviorTreeEngine]: Behavior Tree tick rate 100.00 was exceeded!
[ros2-11] [bt_navigator-5] [ERROR] [1785153018.746059937] [transformPoseInTargetFrame]: Extrapolation Error looking up target frame: Lookup would require extrapolation into the past.  Requested time 13.943000 but the earliest data is at time 127.793000, when looking up transform from frame [robot3/base_link] to frame [map]
[ros2-11] [bt_navigator-5] 
[ros2-11] [bt_navigator-5] [WARN] [1785153018.746327919] [BehaviorTreeEngine]: Behavior Tree tick rate 100.00 was exceeded!
[ros2-11] [bt_navigator-5] [ERROR] [1785153018.847402675] [transformPoseInTargetFrame]: Extrapolation Error looking up target frame: Lookup would require extrapolation into the past.  Requested time 13.943000 but the earliest data is at time 127.893000, when looking up transform from frame [robot3/base_link] to frame [map]
[ros2-11] [bt_navigator-5] 
[ros2-11] [bt_navigator-5] [WARN] [1785153018.847534498] [BehaviorTreeEngine]: Behavior Tree tick rate 100.00 was exceeded!
[ros2-11] [planner_server-3] [ERROR] [1785153018.847668503] [transformPoseInTargetFrame]: Extrapolation Error looking up target frame: Lookup would require extrapolation into the past.  Requested time 13.943000 but the earliest data is at time 127.893000, when looking up transform from frame [robot3/base_link] to frame [map]
[ros2-11] [planner_server-3] 
[ros2-11] [bt_navigator-5] [ERROR] [1785153018.948626838] [transformPoseInTargetFrame]: Extrapolation Error looking up target frame: Lookup would require extrapolation into the past.  Requested time 13.943000 but the earliest data is at time 127.993000, when looking up transform from frame [robot3/base_link] to frame [map]
[ros2-11] [bt_navigator-5] 
[ros2-11] [bt_navigator-5] [WARN] [1785153018.948757123] [BehaviorTreeEngine]: Behavior Tree tick rate 100.00 was exceeded!
[ros2-11] [bt_navigator-5] [ERROR] [1785153019.049771791] [transformPoseInTargetFrame]: Extrapolation Error looking up target frame: Lookup would require extrapolation into the past.  Requested time 13.943000 but the earliest data is at time 128.193000, when looking up transform from frame [robot3/base_link] to frame [map]
[ros2-11] [bt_navigator-5] 
[ros2-11] [bt_navigator-5] [WARN] [1785153019.049897662] [BehaviorTreeEngine]: Behavior Tree tick rate 100.00 was exceeded!
[ros2-11] [bt_navigator-5] [ERROR] [1785153019.151247977] [transformPoseInTargetFrame]: Extrapolation Error looking up target frame: Lookup would require extrapolation into the past.  Requested time 13.943000 but the earliest data is at time 128.293000, when looking up transform from frame [robot3/base_link] to frame [map]
[ros2-11] [bt_navigator-5] 
[ros2-11] [bt_navigator-5] [WARN] [1785153019.151401711] [BehaviorTreeEngine]: Behavior Tree tick rate 100.00 was exceeded!
[ros2-11] [bt_navigator-5] [ERROR] [1785153019.252487447] [transformPoseInTargetFrame]: Extrapolation Error looking up target frame: Lookup would require extrapolation into the past.  Requested time 13.943000 but the earliest data is at time 128.393000, when looking up transform from frame [robot3/base_link] to frame [map]
[ros2-11] [bt_navigator-5] 
[ros2-11] [bt_navigator-5] [WARN] [1785153019.252665926] [BehaviorTreeEngine]: Behavior Tree tick rate 100.00 was exceeded!
[ros2-11] [bt_navigator-5] [ERROR] [1785153019.343629311] [transformPoseInTargetFrame]: Extrapolation Error looking up target frame: Lookup would require extrapolation into the past.  Requested time 13.943000 but the earliest data is at time 128.493000, when looking up transform from frame [robot3/base_link] to frame [map]
[ros2-11] [bt_navigator-5] 
[ros2-11] [bt_navigator-5] [WARN] [1785153019.343786709] [BehaviorTreeEngine]: Behavior Tree tick rate 100.00 was exceeded!
[ros2-11] [bt_navigator-5] [ERROR] [1785153019.444860062] [transformPoseInTargetFrame]: Extrapolation Error looking up target frame: Lookup would require extrapolation into the past.  Requested time 13.943000 but the earliest data is at time 128.593000, when looking up transform from frame [robot3/base_link] to frame [map]
[ros2-11] [bt_navigator-5] 
[ros2-11] [bt_navigator-5] [WARN] [1785153019.445120948] [BehaviorTreeEngine]: Behavior Tree tick rate 100.00 was exceeded!
[ros2-11] [bt_navigator-5] [ERROR] [1785153019.546212177] [transformPoseInTargetFrame]: Extrapolation Error looking up target frame: Lookup would require extrapolation into the past.  Requested time 13.943000 but the earliest data is at time 128.693000, when looking up transform from frame [robot3/base_link] to frame [map]
[ros2-11] [bt_navigator-5] 
[ros2-11] [bt_navigator-5] [WARN] [1785153019.546322008] [BehaviorTreeEngine]: Behavior Tree tick rate 100.00 was exceeded!
[ros2-11] [bt_navigator-5] [ERROR] [1785153019.647296046] [transformPoseInTargetFrame]: Extrapolation Error looking up target frame: Lookup would require extrapolation into the past.  Requested time 13.943000 but the earliest data is at time 128.793000, when looking up transform from frame [robot3/base_link] to frame [map]
[ros2-11] [bt_navigator-5] 
[ros2-11] [bt_navigator-5] [WARN] [1785153019.647415856] [BehaviorTreeEngine]: Behavior Tree tick rate 100.00 was exceeded!
[ros2-11] [bt_navigator-5] [ERROR] [1785153019.748467685] [transformPoseInTargetFrame]: Extrapolation Error looking up target frame: Lookup would require extrapolation into the past.  Requested time 13.943000 but the earliest data is at time 128.893000, when looking up transform from frame [robot3/base_link] to frame [map]
[ros2-11] [bt_navigator-5] 
[ros2-11] [bt_navigator-5] [WARN] [1785153019.748592935] [BehaviorTreeEngine]: Behavior Tree tick rate 100.00 was exceeded!
[ros2-11] [planner_server-3] [ERROR] [1785153019.847824385] [transformPoseInTargetFrame]: Extrapolation Error looking up target frame: Lookup would require extrapolation into the past.  Requested time 13.943000 but the earliest data is at time 128.993000, when looking up transform from frame [robot3/base_link] to frame [map]
[ros2-11] [planner_server-3] 
[ros2-11] [bt_navigator-5] [ERROR] [1785153019.849582983] [transformPoseInTargetFrame]: Extrapolation Error looking up target frame: Lookup would require extrapolation into the past.  Requested time 13.943000 but the earliest data is at time 128.993000, when looking up transform from frame [robot3/base_link] to frame [map]
[ros2-11] [bt_navigator-5] 
[ros2-11] [bt_navigator-5] [WARN] [1785153019.849699128] [BehaviorTreeEngine]: Behavior Tree tick rate 100.00 was exceeded!
[ros2-11] [bt_navigator-5] [ERROR] [1785153019.950853278] [transformPoseInTargetFrame]: Extrapolation Error looking up target frame: Lookup would require extrapolation into the past.  Requested time 13.943000 but the earliest data is at time 129.093000, when looking up transform from frame [robot3/base_link] to frame [map]
[ros2-11] [bt_navigator-5] 
[ros2-11] [bt_navigator-5] [WARN] [1785153019.951148884] [BehaviorTreeEngine]: Behavior Tree tick rate 100.00 was exceeded!
[ros2-11] [planner_server-3] [INFO] [1785153020.044360145] [robot3.global_costmap.global_costmap]: Message Filter dropping message: frame 'robot3/laser_frame' at time 138.946 for reason 'the timestamp on the message is earlier than all the data in the transform cache'
[ros2-11] [bt_navigator-5] [ERROR] [1785153020.052311579] [transformPoseInTargetFrame]: Extrapolation Error looking up target frame: Lookup would require extrapolation into the past.  Requested time 13.943000 but the earliest data is at time 129.193000, when looking up transform from frame [robot3/base_link] to frame [map]
[ros2-11] [bt_navigator-5] 
[ros2-11] [bt_navigator-5] [WARN] [1785153020.052471069] [BehaviorTreeEngine]: Behavior Tree tick rate 100.00 was exceeded!
[ros2-11] [bt_navigator-5] [ERROR] [1785153020.153516512] [transformPoseInTargetFrame]: Extrapolation Error looking up target frame: Lookup would require extrapolation into the past.  Requested time 13.943000 but the earliest data is at time 129.293000, when looking up transform from frame [robot3/base_link] to frame [map]
[ros2-11] [bt_navigator-5] 
[ros2-11] [bt_navigator-5] [WARN] [1785153020.153669524] [BehaviorTreeEngine]: Behavior Tree tick rate 100.00 was exceeded!
[ros2-11] [bt_navigator-5] [ERROR] [1785153020.244651531] [transformPoseInTargetFrame]: Extrapolation Error looking up target frame: Lookup would require extrapolation into the past.  Requested time 13.943000 but the earliest data is at time 129.293000, when looking up transform from frame [robot3/base_link] to frame [map]
[ros2-11] [bt_navigator-5] 
[ros2-11] [bt_navigator-5] [WARN] [1785153020.244813594] [BehaviorTreeEngine]: Behavior Tree tick rate 100.00 was exceeded!
[ros2-11] [bt_navigator-5] [ERROR] [1785153020.345828818] [transformPoseInTargetFrame]: Extrapolation Error looking up target frame: Lookup would require extrapolation into the past.  Requested time 13.943000 but the earliest data is at time 129.493000, when looking up transform from frame [robot3/base_link] to frame [map]
[ros2-11] [bt_navigator-5] 
[ros2-11] [bt_navigator-5] [WARN] [1785153020.345999848] [BehaviorTreeEngine]: Behavior Tree tick rate 100.00 was exceeded!
[ros2-11] [bt_navigator-5] [ERROR] [1785153020.447049352] [transformPoseInTargetFrame]: Extrapolation Error looking up target frame: Lookup would require extrapolation into the past.  Requested time 13.943000 but the earliest data is at time 129.593000, when looking up transform from frame [robot3/base_link] to frame [map]
[ros2-11] [bt_navigator-5] 
[ros2-11] [bt_navigator-5] [WARN] [1785153020.447155401] [BehaviorTreeEngine]: Behavior Tree tick rate 100.00 was exceeded!
[ros2-11] [bt_navigator-5] [ERROR] [1785153020.548198269] [transformPoseInTargetFrame]: Extrapolation Error looking up target frame: Lookup would require extrapolation into the past.  Requested time 13.943000 but the earliest data is at time 129.693000, when looking up transform from frame [robot3/base_link] to frame [map]
[ros2-11] [bt_navigator-5] 
[ros2-11] [bt_navigator-5] [WARN] [1785153020.548334519] [BehaviorTreeEngine]: Behavior Tree tick rate 100.00 was exceeded!
[ros2-11] [bt_navigator-5] [ERROR] [1785153020.649262538] [transformPoseInTargetFrame]: Extrapolation Error looking up target frame: Lookup would require extrapolation into the past.  Requested time 13.943000 but the earliest data is at time 129.793000, when looking up transform from frame [robot3/base_link] to frame [map]
[ros2-11] [bt_navigator-5] 
[ros2-11] [bt_navigator-5] [WARN] [1785153020.649406023] [BehaviorTreeEngine]: Behavior Tree tick rate 100.00 was exceeded!
[ros2-11] [bt_navigator-5] [ERROR] [1785153020.750349707] [transformPoseInTargetFrame]: Extrapolation Error looking up target frame: Lookup would require extrapolation into the past.  Requested time 13.943000 but the earliest data is at time 129.893000, when looking up transform from frame [robot3/base_link] to frame [map]
[ros2-11] [bt_navigator-5] 
[ros2-11] [bt_navigator-5] [WARN] [1785153020.750518526] [BehaviorTreeEngine]: Behavior Tree tick rate 100.00 was exceeded!
[ros2-11] [planner_server-3] [ERROR] [1785153020.847787053] [transformPoseInTargetFrame]: Extrapolation Error looking up target frame: Lookup would require extrapolation into the past.  Requested time 13.943000 but the earliest data is at time 129.993000, when looking up transform from frame [robot3/base_link] to frame [map]
[ros2-11] [planner_server-3] 
[ros2-11] [bt_navigator-5] [ERROR] [1785153020.851745027] [transformPoseInTargetFrame]: Extrapolation Error looking up target frame: Lookup would require extrapolation into the past.  Requested time 13.943000 but the earliest data is at time 129.993000, when looking up transform from frame [robot3/base_link] to frame [map]
[ros2-11] [bt_navigator-5] 
[ros2-11] [bt_navigator-5] [WARN] [1785153020.851862082] [BehaviorTreeEngine]: Behavior Tree tick rate 100.00 was exceeded!
[ros2-11] [bt_navigator-5] [ERROR] [1785153020.952879127] [transformPoseInTargetFrame]: Extrapolation Error looking up target frame: Lookup would require extrapolation into the past.  Requested time 13.943000 but the earliest data is at time 130.093000, when looking up transform from frame [robot3/base_link] to frame [map]
[ros2-11] [bt_navigator-5] 
[ros2-11] [bt_navigator-5] [WARN] [1785153020.953034611] [BehaviorTreeEngine]: Behavior Tree tick rate 100.00 was exceeded!
[ros2-11] [bt_navigator-5] [ERROR] [1785153021.054062062] [transformPoseInTargetFrame]: Extrapolation Error looking up target frame: Lookup would require extrapolation into the past.  Requested time 13.943000 but the earliest data is at time 130.193000, when looking up transform from frame [robot3/base_link] to frame [map]
[ros2-11] [bt_navigator-5] 
[ros2-11] [bt_navigator-5] [WARN] [1785153021.054299501] [BehaviorTreeEngine]: Behavior Tree tick rate 100.00 was exceeded!
[ros2-11] [bt_navigator-5] [ERROR] [1785153021.155572784] [transformPoseInTargetFrame]: Extrapolation Error looking up target frame: Lookup would require extrapolation into the past.  Requested time 13.943000 but the earliest data is at time 130.293000, when looking up transform from frame [robot3/base_link] to frame [map]
[ros2-11] [bt_navigator-5] 
[ros2-11] [bt_navigator-5] [WARN] [1785153021.155773000] [BehaviorTreeEngine]: Behavior Tree tick rate 100.00 was exceeded!
[ros2-11] [bt_navigator-5] [ERROR] [1785153021.246785493] [transformPoseInTargetFrame]: Extrapolation Error looking up target frame: Lookup would require extrapolation into the past.  Requested time 13.943000 but the earliest data is at time 130.393000, when looking up transform from frame [robot3/base_link] to frame [map]
[ros2-11] [bt_navigator-5] 
[ros2-11] [bt_navigator-5] [WARN] [1785153021.246930313] [BehaviorTreeEngine]: Behavior Tree tick rate 100.00 was exceeded!
[ros2-11] [bt_navigator-5] [ERROR] [1785153021.348023216] [transformPoseInTargetFrame]: Extrapolation Error looking up target frame: Lookup would require extrapolation into the past.  Requested time 13.943000 but the earliest data is at time 130.493000, when looking up transform from frame [robot3/base_link] to frame [map]
[ros2-11] [bt_navigator-5] 
[ros2-11] [bt_navigator-5] [WARN] [1785153021.348164778] [BehaviorTreeEngine]: Behavior Tree tick rate 100.00 was exceeded!
[ros2-11] [bt_navigator-5] [ERROR] [1785153021.449216561] [transformPoseInTargetFrame]: Extrapolation Error looking up target frame: Lookup would require extrapolation into the past.  Requested time 13.943000 but the earliest data is at time 130.593000, when looking up transform from frame [robot3/base_link] to frame [map]
[ros2-11] [bt_navigator-5] 
[ros2-11] [bt_navigator-5] [WARN] [1785153021.449316317] [BehaviorTreeEngine]: Behavior Tree tick rate 100.00 was exceeded!
[ros2-11] [bt_navigator-5] [ERROR] [1785153021.550387654] [transformPoseInTargetFrame]: Extrapolation Error looking up target frame: Lookup would require extrapolation into the past.  Requested time 13.943000 but the earliest data is at time 130.693000, when looking up transform from frame [robot3/base_link] to frame [map]
[ros2-11] [bt_navigator-5] 
[ros2-11] [bt_navigator-5] [WARN] [1785153021.550498751] [BehaviorTreeEngine]: Behavior Tree tick rate 100.00 was exceeded!
[ros2-11] [bt_navigator-5] [ERROR] [1785153021.655026625] [transformPoseInTargetFrame]: Extrapolation Error looking up target frame: Lookup would require extrapolation into the past.  Requested time 13.943000 but the earliest data is at time 130.793000, when looking up transform from frame [robot3/base_link] to frame [map]
[ros2-11] [bt_navigator-5] 
[ros2-11] [bt_navigator-5] [WARN] [1785153021.655331189] [BehaviorTreeEngine]: Behavior Tree tick rate 100.00 was exceeded!
[ros2-11] [bt_navigator-5] [ERROR] [1785153021.761437560] [transformPoseInTargetFrame]: Extrapolation Error looking up target frame: Lookup would require extrapolation into the past.  Requested time 13.943000 but the earliest data is at time 130.893000, when looking up transform from frame [robot3/base_link] to frame [map]
[ros2-11] [bt_navigator-5] 
[ros2-11] [bt_navigator-5] [WARN] [1785153021.761758327] [BehaviorTreeEngine]: Behavior Tree tick rate 100.00 was exceeded!
[ros2-11] [planner_server-3] [ERROR] [1785153021.863740645] [transformPoseInTargetFrame]: Extrapolation Error looking up target frame: Lookup would require extrapolation into the past.  Requested time 13.943000 but the earliest data is at time 130.993000, when looking up transform from frame [robot3/base_link] to frame [map]
[ros2-11] [planner_server-3] 
[ros2-11] [bt_navigator-5] [ERROR] [1785153021.868116819] [transformPoseInTargetFrame]: Extrapolation Error looking up target frame: Lookup would require extrapolation into the past.  Requested time 13.943000 but the earliest data is at time 130.993000, when looking up transform from frame [robot3/base_link] to frame [map]
[ros2-11] [bt_navigator-5] 
[ros2-11] [bt_navigator-5] [WARN] [1785153021.868260846] [BehaviorTreeEngine]: Behavior Tree tick rate 100.00 was exceeded!
[ros2-11] [bt_navigator-5] [ERROR] [1785153021.959222581] [transformPoseInTargetFrame]: Extrapolation Error looking up target frame: Lookup would require extrapolation into the past.  Requested time 13.943000 but the earliest data is at time 131.093000, when looking up transform from frame [robot3/base_link] to frame [map]
[ros2-11] [bt_navigator-5] 
[ros2-11] [bt_navigator-5] [WARN] [1785153021.959368599] [BehaviorTreeEngine]: Behavior Tree tick rate 100.00 was exceeded!
[ros2-11] [bt_navigator-5] [ERROR] [1785153022.060404539] [transformPoseInTargetFrame]: Extrapolation Error looking up target frame: Lookup would require extrapolation into the past.  Requested time 13.943000 but the earliest data is at time 131.193000, when looking up transform from frame [robot3/base_link] to frame [map]
[ros2-11] [bt_navigator-5] 
[ros2-11] [bt_navigator-5] [WARN] [1785153022.060518091] [BehaviorTreeEngine]: Behavior Tree tick rate 100.00 was exceeded!
[ros2-11] [bt_navigator-5] [ERROR] [1785153022.161512314] [transformPoseInTargetFrame]: Extrapolation Error looking up target frame: Lookup would require extrapolation into the past.  Requested time 13.943000 but the earliest data is at time 131.293000, when looking up transform from frame [robot3/base_link] to frame [map]
[ros2-11] [bt_navigator-5] 
[ros2-11] [bt_navigator-5] [WARN] [1785153022.161624352] [BehaviorTreeEngine]: Behavior Tree tick rate 100.00 was exceeded!
[ros2-11] [bt_navigator-5] [ERROR] [1785153022.262629476] [transformPoseInTargetFrame]: Extrapolation Error looking up target frame: Lookup would require extrapolation into the past.  Requested time 13.943000 but the earliest data is at time 131.393000, when looking up transform from frame [robot3/base_link] to frame [map]
[ros2-11] [bt_navigator-5] 
[ros2-11] [bt_navigator-5] [WARN] [1785153022.262869170] [BehaviorTreeEngine]: Behavior Tree tick rate 100.00 was exceeded!
[ros2-11] [bt_navigator-5] [ERROR] [1785153022.364143216] [transformPoseInTargetFrame]: Extrapolation Error looking up target frame: Lookup would require extrapolation into the past.  Requested time 13.943000 but the earliest data is at time 131.493000, when looking up transform from frame [robot3/base_link] to frame [map]
[ros2-11] [bt_navigator-5] 
[ros2-11] [bt_navigator-5] [WARN] [1785153022.364288591] [BehaviorTreeEngine]: Behavior Tree tick rate 100.00 was exceeded!
[ros2-11] [bt_navigator-5] [ERROR] [1785153022.455226881] [transformPoseInTargetFrame]: Extrapolation Error looking up target frame: Lookup would require extrapolation into the past.  Requested time 13.943000 but the earliest data is at time 131.593000, when looking up transform from frame [robot3/base_link] to frame [map]
[ros2-11] [bt_navigator-5] 
[ros2-11] [bt_navigator-5] [WARN] [1785153022.455378589] [BehaviorTreeEngine]: Behavior Tree tick rate 100.00 was exceeded!
[ros2-11] [planner_server-3] [INFO] [1785153022.554383190] [robot3.global_costmap.global_costmap]: Message Filter dropping message: frame 'robot3/laser_frame' at time 141.446 for reason 'the timestamp on the message is earlier than all the data in the transform cache'
[ros2-11] [bt_navigator-5] [ERROR] [1785153022.556479357] [transformPoseInTargetFrame]: Extrapolation Error looking up target frame: Lookup would require extrapolation into the past.  Requested time 13.943000 but the earliest data is at time 131.693000, when looking up transform from frame [robot3/base_link] to frame [map]
[ros2-11] [bt_navigator-5] 
[ros2-11] [bt_navigator-5] [WARN] [1785153022.556648176] [BehaviorTreeEngine]: Behavior Tree tick rate 100.00 was exceeded!
[ros2-11] [bt_navigator-5] [ERROR] [1785153022.657646460] [transformPoseInTargetFrame]: Extrapolation Error looking up target frame: Lookup would require extrapolation into the past.  Requested time 13.943000 but the earliest data is at time 131.793000, when looking up transform from frame [robot3/base_link] to frame [map]
[ros2-11] [bt_navigator-5] 
[ros2-11] [bt_navigator-5] [WARN] [1785153022.657794546] [BehaviorTreeEngine]: Behavior Tree tick rate 100.00 was exceeded!
[ros2-11] [bt_navigator-5] [ERROR] [1785153022.758793376] [transformPoseInTargetFrame]: Extrapolation Error looking up target frame: Lookup would require extrapolation into the past.  Requested time 13.943000 but the earliest data is at time 131.893000, when looking up transform from frame [robot3/base_link] to frame [map]
[ros2-11] [bt_navigator-5] 
[ros2-11] [bt_navigator-5] [WARN] [1785153022.758916358] [BehaviorTreeEngine]: Behavior Tree tick rate 100.00 was exceeded!
[ros2-11] [planner_server-3] [ERROR] [1785153022.857987042] [transformPoseInTargetFrame]: Extrapolation Error looking up target frame: Lookup would require extrapolation into the past.  Requested time 13.943000 but the earliest data is at time 131.993000, when looking up transform from frame [robot3/base_link] to frame [map]
[ros2-11] [planner_server-3] 
[ros2-11] [bt_navigator-5] [ERROR] [1785153022.859941904] [transformPoseInTargetFrame]: Extrapolation Error looking up target frame: Lookup would require extrapolation into the past.  Requested time 13.943000 but the earliest data is at time 131.993000, when looking up transform from frame [robot3/base_link] to frame [map]
[ros2-11] [bt_navigator-5] 
[ros2-11] [bt_navigator-5] [WARN] [1785153022.860093837] [BehaviorTreeEngine]: Behavior Tree tick rate 100.00 was exceeded!
[ros2-11] [bt_navigator-5] [ERROR] [1785153022.961108681] [transformPoseInTargetFrame]: Extrapolation Error looking up target frame: Lookup would require extrapolation into the past.  Requested time 13.943000 but the earliest data is at time 132.093000, when looking up transform from frame [robot3/base_link] to frame [map]
[ros2-11] [bt_navigator-5] 
[ros2-11] [bt_navigator-5] [WARN] [1785153022.961256865] [BehaviorTreeEngine]: Behavior Tree tick rate 100.00 was exceeded!
[ros2-11] [bt_navigator-5] [ERROR] [1785153023.062290465] [transformPoseInTargetFrame]: Extrapolation Error looking up target frame: Lookup would require extrapolation into the past.  Requested time 13.943000 but the earliest data is at time 132.193000, when looking up transform from frame [robot3/base_link] to frame [map]
[ros2-11] [bt_navigator-5] 
[ros2-11] [bt_navigator-5] [WARN] [1785153023.062432423] [BehaviorTreeEngine]: Behavior Tree tick rate 100.00 was exceeded!
[ros2-11] [bt_navigator-5] [ERROR] [1785153023.163413712] [transformPoseInTargetFrame]: Extrapolation Error looking up target frame: Lookup would require extrapolation into the past.  Requested time 13.943000 but the earliest data is at time 132.293000, when looking up transform from frame [robot3/base_link] to frame [map]
[ros2-11] [bt_navigator-5] 
[ros2-11] [bt_navigator-5] [WARN] [1785153023.163559104] [BehaviorTreeEngine]: Behavior Tree tick rate 100.00 was exceeded!
[ros2-11] [bt_navigator-5] [ERROR] [1785153023.264625444] [transformPoseInTargetFrame]: Extrapolation Error looking up target frame: Lookup would require extrapolation into the past.  Requested time 13.943000 but the earliest data is at time 132.393000, when looking up transform from frame [robot3/base_link] to frame [map]
[ros2-11] [bt_navigator-5] 
[ros2-11] [bt_navigator-5] [WARN] [1785153023.264848588] [BehaviorTreeEngine]: Behavior Tree tick rate 100.00 was exceeded!
[ros2-11] [bt_navigator-5] [ERROR] [1785153023.355847944] [transformPoseInTargetFrame]: Extrapolation Error looking up target frame: Lookup would require extrapolation into the past.  Requested time 13.943000 but the earliest data is at time 132.493000, when looking up transform from frame [robot3/base_link] to frame [map]
[ros2-11] [bt_navigator-5] 
[ros2-11] [bt_navigator-5] [WARN] [1785153023.356011487] [BehaviorTreeEngine]: Behavior Tree tick rate 100.00 was exceeded!
[ros2-11] [bt_navigator-5] [ERROR] [1785153023.457037677] [transformPoseInTargetFrame]: Extrapolation Error looking up target frame: Lookup would require extrapolation into the past.  Requested time 13.943000 but the earliest data is at time 132.593000, when looking up transform from frame [robot3/base_link] to frame [map]
[ros2-11] [bt_navigator-5] 
[ros2-11] [bt_navigator-5] [WARN] [1785153023.457235356] [BehaviorTreeEngine]: Behavior Tree tick rate 100.00 was exceeded!
[ros2-11] [bt_navigator-5] [ERROR] [1785153023.558242830] [transformPoseInTargetFrame]: Extrapolation Error looking up target frame: Lookup would require extrapolation into the past.  Requested time 13.943000 but the earliest data is at time 132.693000, when looking up transform from frame [robot3/base_link] to frame [map]
[ros2-11] [bt_navigator-5] 
[ros2-11] [bt_navigator-5] [WARN] [1785153023.558353155] [BehaviorTreeEngine]: Behavior Tree tick rate 100.00 was exceeded!
[ros2-11] [bt_navigator-5] [ERROR] [1785153023.659299344] [transformPoseInTargetFrame]: Extrapolation Error looking up target frame: Lookup would require extrapolation into the past.  Requested time 13.943000 but the earliest data is at time 132.793000, when looking up transform from frame [robot3/base_link] to frame [map]
[ros2-11] [bt_navigator-5] 
[ros2-11] [bt_navigator-5] [WARN] [1785153023.659462249] [BehaviorTreeEngine]: Behavior Tree tick rate 100.00 was exceeded!
[ros2-11] [bt_navigator-5] [ERROR] [1785153023.760429278] [transformPoseInTargetFrame]: Extrapolation Error looking up target frame: Lookup would require extrapolation into the past.  Requested time 13.943000 but the earliest data is at time 132.893000, when looking up transform from frame [robot3/base_link] to frame [map]
[ros2-11] [bt_navigator-5] 
[ros2-11] [bt_navigator-5] [WARN] [1785153023.760548041] [BehaviorTreeEngine]: Behavior Tree tick rate 100.00 was exceeded!
[ros2-11] [planner_server-3] [ERROR] [1785153023.857687396] [transformPoseInTargetFrame]: Extrapolation Error looking up target frame: Lookup would require extrapolation into the past.  Requested time 13.943000 but the earliest data is at time 132.993000, when looking up transform from frame [robot3/base_link] to frame [map]
[ros2-11] [planner_server-3] 
[ros2-11] [bt_navigator-5] [ERROR] [1785153023.861508185] [transformPoseInTargetFrame]: Extrapolation Error looking up target frame: Lookup would require extrapolation into the past.  Requested time 13.943000 but the earliest data is at time 132.993000, when looking up transform from frame [robot3/base_link] to frame [map]
[ros2-11] [bt_navigator-5] 
[ros2-11] [bt_navigator-5] [WARN] [1785153023.861643650] [BehaviorTreeEngine]: Behavior Tree tick rate 100.00 was exceeded!
[ros2-11] [bt_navigator-5] [ERROR] [1785153023.962611382] [transformPoseInTargetFrame]: Extrapolation Error looking up target frame: Lookup would require extrapolation into the past.  Requested time 13.943000 but the earliest data is at time 133.093000, when looking up transform from frame [robot3/base_link] to frame [map]
[ros2-11] [bt_navigator-5] 
[ros2-11] [bt_navigator-5] [WARN] [1785153023.980074671] [BehaviorTreeEngine]: Behavior Tree tick rate 100.00 was exceeded!
[ros2-11] [bt_navigator-5] [ERROR] [1785153024.061029020] [transformPoseInTargetFrame]: Extrapolation Error looking up target frame: Lookup would require extrapolation into the past.  Requested time 13.943000 but the earliest data is at time 133.193000, when looking up transform from frame [robot3/base_link] to frame [map]
[ros2-11] [bt_navigator-5] 
[ros2-11] [bt_navigator-5] [WARN] [1785153024.061237589] [BehaviorTreeEngine]: Behavior Tree tick rate 100.00 was exceeded!
[ros2-11] [bt_navigator-5] [ERROR] [1785153024.162264666] [transformPoseInTargetFrame]: Extrapolation Error looking up target frame: Lookup would require extrapolation into the past.  Requested time 13.943000 but the earliest data is at time 133.293000, when looking up transform from frame [robot3/base_link] to frame [map]
[ros2-11] [bt_navigator-5] 
[ros2-11] [bt_navigator-5] [WARN] [1785153024.162425278] [BehaviorTreeEngine]: Behavior Tree tick rate 100.00 was exceeded!
[ros2-11] [bt_navigator-5] [ERROR] [1785153024.263410929] [transformPoseInTargetFrame]: Extrapolation Error looking up target frame: Lookup would require extrapolation into the past.  Requested time 13.943000 but the earliest data is at time 133.393000, when looking up transform from frame [robot3/base_link] to frame [map]
[ros2-11] [bt_navigator-5] 
[ros2-11] [bt_navigator-5] [WARN] [1785153024.263601426] [BehaviorTreeEngine]: Behavior Tree tick rate 100.00 was exceeded!
[ros2-11] [bt_navigator-5] [ERROR] [1785153024.364677226] [transformPoseInTargetFrame]: Extrapolation Error looking up target frame: Lookup would require extrapolation into the past.  Requested time 13.943000 but the earliest data is at time 133.493000, when looking up transform from frame [robot3/base_link] to frame [map]
[ros2-11] [bt_navigator-5] 
[ros2-11] [bt_navigator-5] [WARN] [1785153024.364808823] [BehaviorTreeEngine]: Behavior Tree tick rate 100.00 was exceeded!
[ros2-11] [bt_navigator-5] [ERROR] [1785153024.465815234] [transformPoseInTargetFrame]: Extrapolation Error looking up target frame: Lookup would require extrapolation into the past.  Requested time 13.943000 but the earliest data is at time 133.593000, when looking up transform from frame [robot3/base_link] to frame [map]
[ros2-11] [bt_navigator-5] 
[ros2-11] [bt_navigator-5] [WARN] [1785153024.465991040] [BehaviorTreeEngine]: Behavior Tree tick rate 100.00 was exceeded!
[ros2-11] [bt_navigator-5] [ERROR] [1785153024.557021595] [transformPoseInTargetFrame]: Extrapolation Error looking up target frame: Lookup would require extrapolation into the past.  Requested time 13.943000 but the earliest data is at time 133.693000, when looking up transform from frame [robot3/base_link] to frame [map]
[ros2-11] [bt_navigator-5] 
[ros2-11] [bt_navigator-5] [WARN] [1785153024.557146246] [BehaviorTreeEngine]: Behavior Tree tick rate 100.00 was exceeded!
[ros2-11] [bt_navigator-5] [ERROR] [1785153024.658220307] [transformPoseInTargetFrame]: Extrapolation Error looking up target frame: Lookup would require extrapolation into the past.  Requested time 13.943000 but the earliest data is at time 133.793000, when looking up transform from frame [robot3/base_link] to frame [map]
[ros2-11] [bt_navigator-5] 
[ros2-11] [bt_navigator-5] [WARN] [1785153024.658340370] [BehaviorTreeEngine]: Behavior Tree tick rate 100.00 was exceeded!
[ros2-11] [bt_navigator-5] [ERROR] [1785153024.759388895] [transformPoseInTargetFrame]: Extrapolation Error looking up target frame: Lookup would require extrapolation into the past.  Requested time 13.943000 but the earliest data is at time 133.893000, when looking up transform from frame [robot3/base_link] to frame [map]
[ros2-11] [bt_navigator-5] 
[ros2-11] [bt_navigator-5] [WARN] [1785153024.759488436] [BehaviorTreeEngine]: Behavior Tree tick rate 100.00 was exceeded!
[ros2-11] [planner_server-3] [ERROR] [1785153024.857783000] [transformPoseInTargetFrame]: Extrapolation Error looking up target frame: Lookup would require extrapolation into the past.  Requested time 13.943000 but the earliest data is at time 133.993000, when looking up transform from frame [robot3/base_link] to frame [map]
[ros2-11] [planner_server-3] 
[ros2-11] [bt_navigator-5] [ERROR] [1785153024.860490747] [transformPoseInTargetFrame]: Extrapolation Error looking up target frame: Lookup would require extrapolation into the past.  Requested time 13.943000 but the earliest data is at time 133.993000, when looking up transform from frame [robot3/base_link] to frame [map]
[ros2-11] [bt_navigator-5] 
[ros2-11] [bt_navigator-5] [WARN] [1785153024.860586720] [BehaviorTreeEngine]: Behavior Tree tick rate 100.00 was exceeded!
[ros2-11] [bt_navigator-5] [ERROR] [1785153024.961570512] [transformPoseInTargetFrame]: Extrapolation Error looking up target frame: Lookup would require extrapolation into the past.  Requested time 13.943000 but the earliest data is at time 134.093000, when looking up transform from frame [robot3/base_link] to frame [map]
[ros2-11] [bt_navigator-5] 
[ros2-11] [bt_navigator-5] [WARN] [1785153024.961703580] [BehaviorTreeEngine]: Behavior Tree tick rate 100.00 was exceeded!
[ros2-11] [planner_server-3] [INFO] [1785153025.057403410] [robot3.global_costmap.global_costmap]: Message Filter dropping message: frame 'robot3/laser_frame' at time 143.946 for reason 'the timestamp on the message is earlier than all the data in the transform cache'
[ros2-11] [bt_navigator-5] [ERROR] [1785153025.062681225] [transformPoseInTargetFrame]: Extrapolation Error looking up target frame: Lookup would require extrapolation into the past.  Requested time 13.943000 but the earliest data is at time 134.193000, when looking up transform from frame [robot3/base_link] to frame [map]
[ros2-11] [bt_navigator-5] 
[ros2-11] [bt_navigator-5] [WARN] [1785153025.062816257] [BehaviorTreeEngine]: Behavior Tree tick rate 100.00 was exceeded!
[ros2-11] [bt_navigator-5] [ERROR] [1785153025.163868023] [transformPoseInTargetFrame]: Extrapolation Error looking up target frame: Lookup would require extrapolation into the past.  Requested time 13.943000 but the earliest data is at time 134.293000, when looking up transform from frame [robot3/base_link] to frame [map]
[ros2-11] [bt_navigator-5] 
[ros2-11] [bt_navigator-5] [WARN] [1785153025.164011556] [BehaviorTreeEngine]: Behavior Tree tick rate 100.00 was exceeded!
[ros2-11] [bt_navigator-5] [ERROR] [1785153025.264950686] [transformPoseInTargetFrame]: Extrapolation Error looking up target frame: Lookup would require extrapolation into the past.  Requested time 13.943000 but the earliest data is at time 134.393000, when looking up transform from frame [robot3/base_link] to frame [map]
[ros2-11] [bt_navigator-5] 
[ros2-11] [bt_navigator-5] [WARN] [1785153025.265089579] [BehaviorTreeEngine]: Behavior Tree tick rate 100.00 was exceeded!
[ros2-11] [bt_navigator-5] [ERROR] [1785153025.366100578] [transformPoseInTargetFrame]: Extrapolation Error looking up target frame: Lookup would require extrapolation into the past.  Requested time 13.943000 but the earliest data is at time 134.493000, when looking up transform from frame [robot3/base_link] to frame [map]
[ros2-11] [bt_navigator-5] 
[ros2-11] [bt_navigator-5] [WARN] [1785153025.366216809] [BehaviorTreeEngine]: Behavior Tree tick rate 100.00 was exceeded!
[ros2-11] [bt_navigator-5] [ERROR] [1785153025.467307008] [transformPoseInTargetFrame]: Extrapolation Error looking up target frame: Lookup would require extrapolation into the past.  Requested time 13.943000 but the earliest data is at time 134.593000, when looking up transform from frame [robot3/base_link] to frame [map]
[ros2-11] [bt_navigator-5] 
[ros2-11] [bt_navigator-5] [WARN] [1785153025.467419534] [BehaviorTreeEngine]: Behavior Tree tick rate 100.00 was exceeded!
[ros2-11] [bt_navigator-5] [ERROR] [1785153025.558342684] [transformPoseInTargetFrame]: Extrapolation Error looking up target frame: Lookup would require extrapolation into the past.  Requested time 13.943000 but the earliest data is at time 134.593000, when looking up transform from frame [robot3/base_link] to frame [map]
[ros2-11] [bt_navigator-5] 
[ros2-11] [bt_navigator-5] [WARN] [1785153025.558502173] [BehaviorTreeEngine]: Behavior Tree tick rate 100.00 was exceeded!
[ros2-11] [bt_navigator-5] [ERROR] [1785153025.659494157] [transformPoseInTargetFrame]: Extrapolation Error looking up target frame: Lookup would require extrapolation into the past.  Requested time 13.943000 but the earliest data is at time 134.793000, when looking up transform from frame [robot3/base_link] to frame [map]
[ros2-11] [bt_navigator-5] 
[ros2-11] [bt_navigator-5] [WARN] [1785153025.659692904] [BehaviorTreeEngine]: Behavior Tree tick rate 100.00 was exceeded!
[ros2-11] [bt_navigator-5] [ERROR] [1785153025.760715438] [transformPoseInTargetFrame]: Extrapolation Error looking up target frame: Lookup would require extrapolation into the past.  Requested time 13.943000 but the earliest data is at time 134.893000, when looking up transform from frame [robot3/base_link] to frame [map]
[ros2-11] [bt_navigator-5] 
[ros2-11] [bt_navigator-5] [WARN] [1785153025.760855426] [BehaviorTreeEngine]: Behavior Tree tick rate 100.00 was exceeded!
[ros2-11] [bt_navigator-5] [ERROR] [1785153025.861908345] [transformPoseInTargetFrame]: Extrapolation Error looking up target frame: Lookup would require extrapolation into the past.  Requested time 13.943000 but the earliest data is at time 134.993000, when looking up transform from frame [robot3/base_link] to frame [map]
[ros2-11] [bt_navigator-5] 
[ros2-11] [bt_navigator-5] [WARN] [1785153025.862027519] [BehaviorTreeEngine]: Behavior Tree tick rate 100.00 was exceeded!
[ros2-11] [planner_server-3] [ERROR] [1785153025.867931634] [transformPoseInTargetFrame]: Extrapolation Error looking up target frame: Lookup would require extrapolation into the past.  Requested time 13.943000 but the earliest data is at time 134.993000, when looking up transform from frame [robot3/base_link] to frame [map]
[ros2-11] [planner_server-3] 
[ros2-11] [bt_navigator-5] [ERROR] [1785153025.963053337] [transformPoseInTargetFrame]: Extrapolation Error looking up target frame: Lookup would require extrapolation into the past.  Requested time 13.943000 but the earliest data is at time 135.093000, when looking up transform from frame [robot3/base_link] to frame [map]
[ros2-11] [bt_navigator-5] 
[ros2-11] [bt_navigator-5] [WARN] [1785153025.963204678] [BehaviorTreeEngine]: Behavior Tree tick rate 100.00 was exceeded!
[ros2-11] [bt_navigator-5] [ERROR] [1785153026.064100645] [transformPoseInTargetFrame]: Extrapolation Error looking up target frame: Lookup would require extrapolation into the past.  Requested time 13.943000 but the earliest data is at time 135.193000, when looking up transform from frame [robot3/base_link] to frame [map]
[ros2-11] [bt_navigator-5] 
[ros2-11] [bt_navigator-5] [WARN] [1785153026.064231886] [BehaviorTreeEngine]: Behavior Tree tick rate 100.00 was exceeded!
[ros2-11] [bt_navigator-5] [ERROR] [1785153026.165315822] [transformPoseInTargetFrame]: Extrapolation Error looking up target frame: Lookup would require extrapolation into the past.  Requested time 13.943000 but the earliest data is at time 135.293000, when looking up transform from frame [robot3/base_link] to frame [map]
[ros2-11] [bt_navigator-5] 
[ros2-11] [bt_navigator-5] [WARN] [1785153026.165490894] [BehaviorTreeEngine]: Behavior Tree tick rate 100.00 was exceeded!
[ros2-11] [bt_navigator-5] [ERROR] [1785153026.266497982] [transformPoseInTargetFrame]: Extrapolation Error looking up target frame: Lookup would require extrapolation into the past.  Requested time 13.943000 but the earliest data is at time 135.393000, when looking up transform from frame [robot3/base_link] to frame [map]
[ros2-11] [bt_navigator-5] 
[ros2-11] [bt_navigator-5] [WARN] [1785153026.266613230] [BehaviorTreeEngine]: Behavior Tree tick rate 100.00 was exceeded!
[ros2-11] [bt_navigator-5] [ERROR] [1785153026.367585777] [transformPoseInTargetFrame]: Extrapolation Error looking up target frame: Lookup would require extrapolation into the past.  Requested time 13.943000 but the earliest data is at time 135.493000, when looking up transform from frame [robot3/base_link] to frame [map]
[ros2-11] [bt_navigator-5] 
[ros2-11] [bt_navigator-5] [WARN] [1785153026.367731525] [BehaviorTreeEngine]: Behavior Tree tick rate 100.00 was exceeded!
[ros2-11] [bt_navigator-5] [ERROR] [1785153026.468809123] [transformPoseInTargetFrame]: Extrapolation Error looking up target frame: Lookup would require extrapolation into the past.  Requested time 13.943000 but the earliest data is at time 135.593000, when looking up transform from frame [robot3/base_link] to frame [map]
[ros2-11] [bt_navigator-5] 
[ros2-11] [bt_navigator-5] [WARN] [1785153026.468911880] [BehaviorTreeEngine]: Behavior Tree tick rate 100.00 was exceeded!
[ros2-11] [bt_navigator-5] [ERROR] [1785153026.559789883] [transformPoseInTargetFrame]: Extrapolation Error looking up target frame: Lookup would require extrapolation into the past.  Requested time 13.943000 but the earliest data is at time 135.593000, when looking up transform from frame [robot3/base_link] to frame [map]
[ros2-11] [bt_navigator-5] 
[ros2-11] [bt_navigator-5] [WARN] [1785153026.559974002] [BehaviorTreeEngine]: Behavior Tree tick rate 100.00 was exceeded!
[ros2-11] [bt_navigator-5] [ERROR] [1785153026.661020515] [transformPoseInTargetFrame]: Extrapolation Error looking up target frame: Lookup would require extrapolation into the past.  Requested time 13.943000 but the earliest data is at time 135.793000, when looking up transform from frame [robot3/base_link] to frame [map]
[ros2-11] [bt_navigator-5] 
[ros2-11] [bt_navigator-5] [WARN] [1785153026.661128210] [BehaviorTreeEngine]: Behavior Tree tick rate 100.00 was exceeded!
[ros2-11] [bt_navigator-5] [ERROR] [1785153026.762116689] [transformPoseInTargetFrame]: Extrapolation Error looking up target frame: Lookup would require extrapolation into the past.  Requested time 13.943000 but the earliest data is at time 135.893000, when looking up transform from frame [robot3/base_link] to frame [map]
[ros2-11] [bt_navigator-5] 
[ros2-11] [bt_navigator-5] [WARN] [1785153026.762260675] [BehaviorTreeEngine]: Behavior Tree tick rate 100.00 was exceeded!
[ros2-11] [bt_navigator-5] [ERROR] [1785153026.863338715] [transformPoseInTargetFrame]: Extrapolation Error looking up target frame: Lookup would require extrapolation into the past.  Requested time 13.943000 but the earliest data is at time 135.993000, when looking up transform from frame [robot3/base_link] to frame [map]
[ros2-11] [bt_navigator-5] 
[ros2-11] [bt_navigator-5] [WARN] [1785153026.863471006] [BehaviorTreeEngine]: Behavior Tree tick rate 100.00 was exceeded!
[ros2-11] [planner_server-3] [ERROR] [1785153026.867697486] [transformPoseInTargetFrame]: Extrapolation Error looking up target frame: Lookup would require extrapolation into the past.  Requested time 13.943000 but the earliest data is at time 135.993000, when looking up transform from frame [robot3/base_link] to frame [map]
[ros2-11] [planner_server-3] 
[ros2-11] [bt_navigator-5] [ERROR] [1785153026.964549719] [transformPoseInTargetFrame]: Extrapolation Error looking up target frame: Lookup would require extrapolation into the past.  Requested time 13.943000 but the earliest data is at time 136.093000, when looking up transform from frame [robot3/base_link] to frame [map]
[ros2-11] [bt_navigator-5] 
[ros2-11] [bt_navigator-5] [WARN] [1785153026.964764817] [BehaviorTreeEngine]: Behavior Tree tick rate 100.00 was exceeded!
[ros2-11] [bt_navigator-5] [ERROR] [1785153027.065808924] [transformPoseInTargetFrame]: Extrapolation Error looking up target frame: Lookup would require extrapolation into the past.  Requested time 13.943000 but the earliest data is at time 136.193000, when looking up transform from frame [robot3/base_link] to frame [map]
[ros2-11] [bt_navigator-5] 
[ros2-11] [bt_navigator-5] [WARN] [1785153027.066024869] [BehaviorTreeEngine]: Behavior Tree tick rate 100.00 was exceeded!
[ros2-11] [bt_navigator-5] [ERROR] [1785153027.167115064] [transformPoseInTargetFrame]: Extrapolation Error looking up target frame: Lookup would require extrapolation into the past.  Requested time 13.943000 but the earliest data is at time 136.293000, when looking up transform from frame [robot3/base_link] to frame [map]
[ros2-11] [bt_navigator-5] 
[ros2-11] [bt_navigator-5] [WARN] [1785153027.167294883] [BehaviorTreeEngine]: Behavior Tree tick rate 100.00 was exceeded!
[ros2-11] [bt_navigator-5] [ERROR] [1785153027.268315981] [transformPoseInTargetFrame]: Extrapolation Error looking up target frame: Lookup would require extrapolation into the past.  Requested time 13.943000 but the earliest data is at time 136.393000, when looking up transform from frame [robot3/base_link] to frame [map]
[ros2-11] [bt_navigator-5] 
[ros2-11] [bt_navigator-5] [WARN] [1785153027.268428850] [BehaviorTreeEngine]: Behavior Tree tick rate 100.00 was exceeded!
[ros2-11] [bt_navigator-5] [ERROR] [1785153027.369433414] [transformPoseInTargetFrame]: Extrapolation Error looking up target frame: Lookup would require extrapolation into the past.  Requested time 13.943000 but the earliest data is at time 136.493000, when looking up transform from frame [robot3/base_link] to frame [map]
[ros2-11] [bt_navigator-5] 
[ros2-11] [bt_navigator-5] [WARN] [1785153027.369606919] [BehaviorTreeEngine]: Behavior Tree tick rate 100.00 was exceeded!
[ros2-11] [bt_navigator-5] [ERROR] [1785153027.470740346] [transformPoseInTargetFrame]: Extrapolation Error looking up target frame: Lookup would require extrapolation into the past.  Requested time 13.943000 but the earliest data is at time 136.593000, when looking up transform from frame [robot3/base_link] to frame [map]
[ros2-11] [bt_navigator-5] 
[ros2-11] [bt_navigator-5] [WARN] [1785153027.470906171] [BehaviorTreeEngine]: Behavior Tree tick rate 100.00 was exceeded!
[ros2-11] [planner_server-3] [INFO] [1785153027.561259633] [robot3.global_costmap.global_costmap]: Message Filter dropping message: frame 'robot3/laser_frame' at time 146.446 for reason 'the timestamp on the message is earlier than all the data in the transform cache'
[ros2-11] [bt_navigator-5] [ERROR] [1785153027.561877262] [transformPoseInTargetFrame]: Extrapolation Error looking up target frame: Lookup would require extrapolation into the past.  Requested time 13.943000 but the earliest data is at time 136.693000, when looking up transform from frame [robot3/base_link] to frame [map]
[ros2-11] [bt_navigator-5] 
[ros2-11] [bt_navigator-5] [WARN] [1785153027.562031319] [BehaviorTreeEngine]: Behavior Tree tick rate 100.00 was exceeded!
[ros2-11] [bt_navigator-5] [ERROR] [1785153027.663115230] [transformPoseInTargetFrame]: Extrapolation Error looking up target frame: Lookup would require extrapolation into the past.  Requested time 13.943000 but the earliest data is at time 136.793000, when looking up transform from frame [robot3/base_link] to frame [map]
[ros2-11] [bt_navigator-5] 
[ros2-11] [bt_navigator-5] [WARN] [1785153027.663247355] [BehaviorTreeEngine]: Behavior Tree tick rate 100.00 was exceeded!
[ros2-11] [bt_navigator-5] [ERROR] [1785153027.764509546] [transformPoseInTargetFrame]: Extrapolation Error looking up target frame: Lookup would require extrapolation into the past.  Requested time 13.943000 but the earliest data is at time 136.893000, when looking up transform from frame [robot3/base_link] to frame [map]
[ros2-11] [bt_navigator-5] 
[ros2-11] [bt_navigator-5] [WARN] [1785153027.764638614] [BehaviorTreeEngine]: Behavior Tree tick rate 100.00 was exceeded!
[ros2-11] [bt_navigator-5] [ERROR] [1785153027.865675976] [transformPoseInTargetFrame]: Extrapolation Error looking up target frame: Lookup would require extrapolation into the past.  Requested time 13.943000 but the earliest data is at time 136.993000, when looking up transform from frame [robot3/base_link] to frame [map]
[ros2-11] [bt_navigator-5] 
[ros2-11] [bt_navigator-5] [WARN] [1785153027.865812499] [BehaviorTreeEngine]: Behavior Tree tick rate 100.00 was exceeded!
[ros2-11] [planner_server-3] [ERROR] [1785153027.868031914] [transformPoseInTargetFrame]: Extrapolation Error looking up target frame: Lookup would require extrapolation into the past.  Requested time 13.943000 but the earliest data is at time 136.993000, when looking up transform from frame [robot3/base_link] to frame [map]
[ros2-11] [planner_server-3] 
[ros2-11] [bt_navigator-5] [ERROR] [1785153027.966866777] [transformPoseInTargetFrame]: Extrapolation Error looking up target frame: Lookup would require extrapolation into the past.  Requested time 13.943000 but the earliest data is at time 137.093000, when looking up transform from frame [robot3/base_link] to frame [map]
[ros2-11] [bt_navigator-5] 
[ros2-11] [bt_navigator-5] [WARN] [1785153027.967019536] [BehaviorTreeEngine]: Behavior Tree tick rate 100.00 was exceeded!
[ros2-11] [bt_navigator-5] [ERROR] [1785153028.068008253] [transformPoseInTargetFrame]: Extrapolation Error looking up target frame: Lookup would require extrapolation into the past.  Requested time 13.943000 but the earliest data is at time 137.193000, when looking up transform from frame [robot3/base_link] to frame [map]
[ros2-11] [bt_navigator-5] 
[ros2-11] [bt_navigator-5] [WARN] [1785153028.068176541] [BehaviorTreeEngine]: Behavior Tree tick rate 100.00 was exceeded!
[ros2-11] [bt_navigator-5] [ERROR] [1785153028.169271157] [transformPoseInTargetFrame]: Extrapolation Error looking up target frame: Lookup would require extrapolation into the past.  Requested time 13.943000 but the earliest data is at time 137.293000, when looking up transform from frame [robot3/base_link] to frame [map]
[ros2-11] [bt_navigator-5] 
[ros2-11] [bt_navigator-5] [WARN] [1785153028.169449400] [BehaviorTreeEngine]: Behavior Tree tick rate 100.00 was exceeded!
[ros2-11] [bt_navigator-5] [ERROR] [1785153028.270472376] [transformPoseInTargetFrame]: Extrapolation Error looking up target frame: Lookup would require extrapolation into the past.  Requested time 13.943000 but the earliest data is at time 137.393000, when looking up transform from frame [robot3/base_link] to frame [map]
[ros2-11] [bt_navigator-5] 
[ros2-11] [bt_navigator-5] [WARN] [1785153028.270588637] [BehaviorTreeEngine]: Behavior Tree tick rate 100.00 was exceeded!
[ros2-11] [bt_navigator-5] [ERROR] [1785153028.361545809] [transformPoseInTargetFrame]: Extrapolation Error looking up target frame: Lookup would require extrapolation into the past.  Requested time 13.943000 but the earliest data is at time 137.393000, when looking up transform from frame [robot3/base_link] to frame [map]
[ros2-11] [bt_navigator-5] 
[ros2-11] [bt_navigator-5] [WARN] [1785153028.361729148] [BehaviorTreeEngine]: Behavior Tree tick rate 100.00 was exceeded!
[ros2-11] [bt_navigator-5] [ERROR] [1785153028.462762716] [transformPoseInTargetFrame]: Extrapolation Error looking up target frame: Lookup would require extrapolation into the past.  Requested time 13.943000 but the earliest data is at time 137.593000, when looking up transform from frame [robot3/base_link] to frame [map]
[ros2-11] [bt_navigator-5] 
[ros2-11] [bt_navigator-5] [WARN] [1785153028.462871015] [BehaviorTreeEngine]: Behavior Tree tick rate 100.00 was exceeded!
[ros2-11] [bt_navigator-5] [ERROR] [1785153028.563930282] [transformPoseInTargetFrame]: Extrapolation Error looking up target frame: Lookup would require extrapolation into the past.  Requested time 13.943000 but the earliest data is at time 137.693000, when looking up transform from frame [robot3/base_link] to frame [map]
[ros2-11] [bt_navigator-5] 
[ros2-11] [bt_navigator-5] [WARN] [1785153028.564088851] [BehaviorTreeEngine]: Behavior Tree tick rate 100.00 was exceeded!
[ros2-11] [bt_navigator-5] [ERROR] [1785153028.665187845] [transformPoseInTargetFrame]: Extrapolation Error looking up target frame: Lookup would require extrapolation into the past.  Requested time 13.943000 but the earliest data is at time 137.793000, when looking up transform from frame [robot3/base_link] to frame [map]
[ros2-11] [bt_navigator-5] 
[ros2-11] [bt_navigator-5] [WARN] [1785153028.665323985] [BehaviorTreeEngine]: Behavior Tree tick rate 100.00 was exceeded!
[ros2-11] [bt_navigator-5] [ERROR] [1785153028.766311169] [transformPoseInTargetFrame]: Extrapolation Error looking up target frame: Lookup would require extrapolation into the past.  Requested time 13.943000 but the earliest data is at time 137.893000, when looking up transform from frame [robot3/base_link] to frame [map]
[ros2-11] [bt_navigator-5] 
[ros2-11] [bt_navigator-5] [WARN] [1785153028.766465778] [BehaviorTreeEngine]: Behavior Tree tick rate 100.00 was exceeded!
[ros2-11] [bt_navigator-5] [ERROR] [1785153028.867478734] [transformPoseInTargetFrame]: Extrapolation Error looking up target frame: Lookup would require extrapolation into the past.  Requested time 13.943000 but the earliest data is at time 137.993000, when looking up transform from frame [robot3/base_link] to frame [map]
[ros2-11] [bt_navigator-5] 
[ros2-11] [bt_navigator-5] [WARN] [1785153028.867584022] [BehaviorTreeEngine]: Behavior Tree tick rate 100.00 was exceeded!
[ros2-11] [planner_server-3] [ERROR] [1785153028.867614581] [transformPoseInTargetFrame]: Extrapolation Error looking up target frame: Lookup would require extrapolation into the past.  Requested time 13.943000 but the earliest data is at time 137.993000, when looking up transform from frame [robot3/base_link] to frame [map]
[ros2-11] [planner_server-3] 
[ros2-11] [bt_navigator-5] [ERROR] [1785153028.968572147] [transformPoseInTargetFrame]: Extrapolation Error looking up target frame: Lookup would require extrapolation into the past.  Requested time 13.943000 but the earliest data is at time 138.094000, when looking up transform from frame [robot3/base_link] to frame [map]
[ros2-11] [bt_navigator-5] 
[ros2-11] [bt_navigator-5] [WARN] [1785153028.968680970] [BehaviorTreeEngine]: Behavior Tree tick rate 100.00 was exceeded!
[ros2-11] [bt_navigator-5] [ERROR] [1785153029.069699671] [transformPoseInTargetFrame]: Extrapolation Error looking up target frame: Lookup would require extrapolation into the past.  Requested time 13.943000 but the earliest data is at time 138.094000, when looking up transform from frame [robot3/base_link] to frame [map]
[ros2-11] [bt_navigator-5] 
[ros2-11] [bt_navigator-5] [WARN] [1785153029.069811333] [BehaviorTreeEngine]: Behavior Tree tick rate 100.00 was exceeded!
[ros2-11] [bt_navigator-5] [ERROR] [1785153029.170885187] [transformPoseInTargetFrame]: Extrapolation Error looking up target frame: Lookup would require extrapolation into the past.  Requested time 13.943000 but the earliest data is at time 138.194000, when looking up transform from frame [robot3/base_link] to frame [map]
[ros2-11] [bt_navigator-5] 
[ros2-11] [bt_navigator-5] [WARN] [1785153029.171001545] [BehaviorTreeEngine]: Behavior Tree tick rate 100.00 was exceeded!
[ros2-11] [bt_navigator-5] [ERROR] [1785153029.272023749] [transformPoseInTargetFrame]: Extrapolation Error looking up target frame: Lookup would require extrapolation into the past.  Requested time 13.943000 but the earliest data is at time 138.294000, when looking up transform from frame [robot3/base_link] to frame [map]
[ros2-11] [bt_navigator-5] 
[ros2-11] [bt_navigator-5] [WARN] [1785153029.272159516] [BehaviorTreeEngine]: Behavior Tree tick rate 100.00 was exceeded!
[ros2-11] [bt_navigator-5] [ERROR] [1785153029.373252997] [transformPoseInTargetFrame]: Extrapolation Error looking up target frame: Lookup would require extrapolation into the past.  Requested time 13.943000 but the earliest data is at time 138.394000, when looking up transform from frame [robot3/base_link] to frame [map]
[ros2-11] [bt_navigator-5] 
[ros2-11] [bt_navigator-5] [WARN] [1785153029.373449739] [BehaviorTreeEngine]: Behavior Tree tick rate 100.00 was exceeded!
[ros2-11] [bt_navigator-5] [ERROR] [1785153029.464398801] [transformPoseInTargetFrame]: Extrapolation Error looking up target frame: Lookup would require extrapolation into the past.  Requested time 13.943000 but the earliest data is at time 138.494000, when looking up transform from frame [robot3/base_link] to frame [map]
[ros2-11] [bt_navigator-5] 
[ros2-11] [bt_navigator-5] [WARN] [1785153029.464586125] [BehaviorTreeEngine]: Behavior Tree tick rate 100.00 was exceeded!
[ros2-11] [bt_navigator-5] [ERROR] [1785153029.565581645] [transformPoseInTargetFrame]: Extrapolation Error looking up target frame: Lookup would require extrapolation into the past.  Requested time 13.943000 but the earliest data is at time 138.594000, when looking up transform from frame [robot3/base_link] to frame [map]
[ros2-11] [bt_navigator-5] 
[ros2-11] [bt_navigator-5] [WARN] [1785153029.565780069] [BehaviorTreeEngine]: Behavior Tree tick rate 100.00 was exceeded!
[ros2-11] [bt_navigator-5] [ERROR] [1785153029.666831794] [transformPoseInTargetFrame]: Extrapolation Error looking up target frame: Lookup would require extrapolation into the past.  Requested time 13.943000 but the earliest data is at time 138.694000, when looking up transform from frame [robot3/base_link] to frame [map]
[ros2-11] [bt_navigator-5] 
[ros2-11] [bt_navigator-5] [WARN] [1785153029.666965673] [BehaviorTreeEngine]: Behavior Tree tick rate 100.00 was exceeded!
[ros2-11] [bt_navigator-5] [ERROR] [1785153029.767978976] [transformPoseInTargetFrame]: Extrapolation Error looking up target frame: Lookup would require extrapolation into the past.  Requested time 13.943000 but the earliest data is at time 138.794000, when looking up transform from frame [robot3/base_link] to frame [map]
[ros2-11] [bt_navigator-5] 
[ros2-11] [bt_navigator-5] [WARN] [1785153029.768217310] [BehaviorTreeEngine]: Behavior Tree tick rate 100.00 was exceeded!
[ros2-11] [planner_server-3] [ERROR] [1785153029.867824748] [transformPoseInTargetFrame]: Extrapolation Error looking up target frame: Lookup would require extrapolation into the past.  Requested time 13.943000 but the earliest data is at time 138.894000, when looking up transform from frame [robot3/base_link] to frame [map]
[ros2-11] [planner_server-3] 
[ros2-11] [bt_navigator-5] [ERROR] [1785153029.869183116] [transformPoseInTargetFrame]: Extrapolation Error looking up target frame: Lookup would require extrapolation into the past.  Requested time 13.943000 but the earliest data is at time 138.894000, when looking up transform from frame [robot3/base_link] to frame [map]
[ros2-11] [bt_navigator-5] 
[ros2-11] [bt_navigator-5] [WARN] [1785153029.869285114] [BehaviorTreeEngine]: Behavior Tree tick rate 100.00 was exceeded!
[ros2-11] [bt_navigator-5] [ERROR] [1785153029.970252923] [transformPoseInTargetFrame]: Extrapolation Error looking up target frame: Lookup would require extrapolation into the past.  Requested time 13.943000 but the earliest data is at time 138.994000, when looking up transform from frame [robot3/base_link] to frame [map]
[ros2-11] [bt_navigator-5] 
[ros2-11] [bt_navigator-5] [WARN] [1785153029.970419159] [BehaviorTreeEngine]: Behavior Tree tick rate 100.00 was exceeded!
[ros2-11] [planner_server-3] [INFO] [1785153030.063844744] [robot3.global_costmap.global_costmap]: Message Filter dropping message: frame 'robot3/laser_frame' at time 148.946 for reason 'the timestamp on the message is earlier than all the data in the transform cache'
[ros2-11] [bt_navigator-5] [ERROR] [1785153030.071498934] [transformPoseInTargetFrame]: Extrapolation Error looking up target frame: Lookup would require extrapolation into the past.  Requested time 13.943000 but the earliest data is at time 139.094000, when looking up transform from frame [robot3/base_link] to frame [map]
[ros2-11] [bt_navigator-5] 
[ros2-11] [bt_navigator-5] [WARN] [1785153030.071624289] [BehaviorTreeEngine]: Behavior Tree tick rate 100.00 was exceeded!
[ros2-11] [bt_navigator-5] [ERROR] [1785153030.172676250] [transformPoseInTargetFrame]: Extrapolation Error looking up target frame: Lookup would require extrapolation into the past.  Requested time 13.943000 but the earliest data is at time 139.194000, when looking up transform from frame [robot3/base_link] to frame [map]
[ros2-11] [bt_navigator-5] 
[ros2-11] [bt_navigator-5] [WARN] [1785153030.172809809] [BehaviorTreeEngine]: Behavior Tree tick rate 100.00 was exceeded!
[ros2-11] [bt_navigator-5] [ERROR] [1785153030.273824768] [transformPoseInTargetFrame]: Extrapolation Error looking up target frame: Lookup would require extrapolation into the past.  Requested time 13.943000 but the earliest data is at time 139.294000, when looking up transform from frame [robot3/base_link] to frame [map]
[ros2-11] [bt_navigator-5] 
[ros2-11] [bt_navigator-5] [WARN] [1785153030.273964802] [BehaviorTreeEngine]: Behavior Tree tick rate 100.00 was exceeded!
[ros2-11] [bt_navigator-5] [ERROR] [1785153030.364896741] [transformPoseInTargetFrame]: Extrapolation Error looking up target frame: Lookup would require extrapolation into the past.  Requested time 13.943000 but the earliest data is at time 139.394000, when looking up transform from frame [robot3/base_link] to frame [map]
[ros2-11] [bt_navigator-5] 
[ros2-11] [bt_navigator-5] [WARN] [1785153030.365058262] [BehaviorTreeEngine]: Behavior Tree tick rate 100.00 was exceeded!
[ros2-11] [bt_navigator-5] [ERROR] [1785153030.466004952] [transformPoseInTargetFrame]: Extrapolation Error looking up target frame: Lookup would require extrapolation into the past.  Requested time 13.943000 but the earliest data is at time 139.494000, when looking up transform from frame [robot3/base_link] to frame [map]
[ros2-11] [bt_navigator-5] 
[ros2-11] [bt_navigator-5] [WARN] [1785153030.466123833] [BehaviorTreeEngine]: Behavior Tree tick rate 100.00 was exceeded!
[ros2-11] [bt_navigator-5] [ERROR] [1785153030.567220771] [transformPoseInTargetFrame]: Extrapolation Error looking up target frame: Lookup would require extrapolation into the past.  Requested time 13.943000 but the earliest data is at time 139.594000, when looking up transform from frame [robot3/base_link] to frame [map]
[ros2-11] [bt_navigator-5] 
[ros2-11] [bt_navigator-5] [WARN] [1785153030.567331557] [BehaviorTreeEngine]: Behavior Tree tick rate 100.00 was exceeded!
[ros2-11] [bt_navigator-5] [ERROR] [1785153030.668278502] [transformPoseInTargetFrame]: Extrapolation Error looking up target frame: Lookup would require extrapolation into the past.  Requested time 13.943000 but the earliest data is at time 139.694000, when looking up transform from frame [robot3/base_link] to frame [map]
[ros2-11] [bt_navigator-5] 
[ros2-11] [bt_navigator-5] [WARN] [1785153030.668377233] [BehaviorTreeEngine]: Behavior Tree tick rate 100.00 was exceeded!
[ros2-11] [bt_navigator-5] [ERROR] [1785153030.769304920] [transformPoseInTargetFrame]: Extrapolation Error looking up target frame: Lookup would require extrapolation into the past.  Requested time 13.943000 but the earliest data is at time 139.794000, when looking up transform from frame [robot3/base_link] to frame [map]
[ros2-11] [bt_navigator-5] 
[ros2-11] [bt_navigator-5] [WARN] [1785153030.769510880] [BehaviorTreeEngine]: Behavior Tree tick rate 100.00 was exceeded!
[ros2-11] [planner_server-3] [ERROR] [1785153030.867806051] [transformPoseInTargetFrame]: Extrapolation Error looking up target frame: Lookup would require extrapolation into the past.  Requested time 13.943000 but the earliest data is at time 139.894000, when looking up transform from frame [robot3/base_link] to frame [map]
[ros2-11] [planner_server-3] 
[ros2-11] [bt_navigator-5] [ERROR] [1785153030.870547274] [transformPoseInTargetFrame]: Extrapolation Error looking up target frame: Lookup would require extrapolation into the past.  Requested time 13.943000 but the earliest data is at time 139.894000, when looking up transform from frame [robot3/base_link] to frame [map]
[ros2-11] [bt_navigator-5] 
[ros2-11] [bt_navigator-5] [WARN] [1785153030.870666264] [BehaviorTreeEngine]: Behavior Tree tick rate 100.00 was exceeded!
[ros2-11] [bt_navigator-5] [ERROR] [1785153030.971651906] [transformPoseInTargetFrame]: Extrapolation Error looking up target frame: Lookup would require extrapolation into the past.  Requested time 13.943000 but the earliest data is at time 139.994000, when looking up transform from frame [robot3/base_link] to frame [map]
[ros2-11] [bt_navigator-5] 
[ros2-11] [bt_navigator-5] [WARN] [1785153030.971786826] [BehaviorTreeEngine]: Behavior Tree tick rate 100.00 was exceeded!
[ros2-11] [bt_navigator-5] [ERROR] [1785153031.072824283] [transformPoseInTargetFrame]: Extrapolation Error looking up target frame: Lookup would require extrapolation into the past.  Requested time 13.943000 but the earliest data is at time 140.094000, when looking up transform from frame [robot3/base_link] to frame [map]
[ros2-11] [bt_navigator-5] 
[ros2-11] [bt_navigator-5] [WARN] [1785153031.072956790] [BehaviorTreeEngine]: Behavior Tree tick rate 100.00 was exceeded!
[ros2-11] [bt_navigator-5] [ERROR] [1785153031.173950001] [transformPoseInTargetFrame]: Extrapolation Error looking up target frame: Lookup would require extrapolation into the past.  Requested time 13.943000 but the earliest data is at time 140.194000, when looking up transform from frame [robot3/base_link] to frame [map]
[ros2-11] [bt_navigator-5] 
[ros2-11] [bt_navigator-5] [WARN] [1785153031.174087879] [BehaviorTreeEngine]: Behavior Tree tick rate 100.00 was exceeded!
[ros2-11] [bt_navigator-5] [ERROR] [1785153031.275185851] [transformPoseInTargetFrame]: Extrapolation Error looking up target frame: Lookup would require extrapolation into the past.  Requested time 13.943000 but the earliest data is at time 140.294000, when looking up transform from frame [robot3/base_link] to frame [map]
[ros2-11] [bt_navigator-5] 
[ros2-11] [bt_navigator-5] [WARN] [1785153031.275326907] [BehaviorTreeEngine]: Behavior Tree tick rate 100.00 was exceeded!
[ros2-11] [bt_navigator-5] [ERROR] [1785153031.376394108] [transformPoseInTargetFrame]: Extrapolation Error looking up target frame: Lookup would require extrapolation into the past.  Requested time 13.943000 but the earliest data is at time 140.394000, when looking up transform from frame [robot3/base_link] to frame [map]
[ros2-11] [bt_navigator-5] 
[ros2-11] [bt_navigator-5] [WARN] [1785153031.376553324] [BehaviorTreeEngine]: Behavior Tree tick rate 100.00 was exceeded!
[ros2-11] [bt_navigator-5] [ERROR] [1785153031.467515183] [transformPoseInTargetFrame]: Extrapolation Error looking up target frame: Lookup would require extrapolation into the past.  Requested time 13.943000 but the earliest data is at time 140.494000, when looking up transform from frame [robot3/base_link] to frame [map]
[ros2-11] [bt_navigator-5] 
[ros2-11] [bt_navigator-5] [WARN] [1785153031.467647067] [BehaviorTreeEngine]: Behavior Tree tick rate 100.00 was exceeded!
[ros2-11] [bt_navigator-5] [ERROR] [1785153031.568653580] [transformPoseInTargetFrame]: Extrapolation Error looking up target frame: Lookup would require extrapolation into the past.  Requested time 13.943000 but the earliest data is at time 140.594000, when looking up transform from frame [robot3/base_link] to frame [map]
[ros2-11] [bt_navigator-5] 
[ros2-11] [bt_navigator-5] [WARN] [1785153031.568775320] [BehaviorTreeEngine]: Behavior Tree tick rate 100.00 was exceeded!
[ros2-11] [bt_navigator-5] [ERROR] [1785153031.669760394] [transformPoseInTargetFrame]: Extrapolation Error looking up target frame: Lookup would require extrapolation into the past.  Requested time 13.943000 but the earliest data is at time 140.694000, when looking up transform from frame [robot3/base_link] to frame [map]
[ros2-11] [bt_navigator-5] 
[ros2-11] [bt_navigator-5] [WARN] [1785153031.669858263] [BehaviorTreeEngine]: Behavior Tree tick rate 100.00 was exceeded!
[ros2-11] [bt_navigator-5] [ERROR] [1785153031.770840421] [transformPoseInTargetFrame]: Extrapolation Error looking up target frame: Lookup would require extrapolation into the past.  Requested time 13.943000 but the earliest data is at time 140.794000, when looking up transform from frame [robot3/base_link] to frame [map]
[ros2-11] [bt_navigator-5] 
[ros2-11] [bt_navigator-5] [WARN] [1785153031.770965038] [BehaviorTreeEngine]: Behavior Tree tick rate 100.00 was exceeded!
[ros2-11] [planner_server-3] [ERROR] [1785153031.867683244] [transformPoseInTargetFrame]: Extrapolation Error looking up target frame: Lookup would require extrapolation into the past.  Requested time 13.943000 but the earliest data is at time 140.794000, when looking up transform from frame [robot3/base_link] to frame [map]
[ros2-11] [planner_server-3] 
[ros2-11] [bt_navigator-5] [ERROR] [1785153031.872001602] [transformPoseInTargetFrame]: Extrapolation Error looking up target frame: Lookup would require extrapolation into the past.  Requested time 13.943000 but the earliest data is at time 140.894000, when looking up transform from frame [robot3/base_link] to frame [map]
[ros2-11] [bt_navigator-5] 
[ros2-11] [bt_navigator-5] [WARN] [1785153031.872126291] [BehaviorTreeEngine]: Behavior Tree tick rate 100.00 was exceeded!
[ros2-11] [bt_navigator-5] [ERROR] [1785153031.973168338] [transformPoseInTargetFrame]: Extrapolation Error looking up target frame: Lookup would require extrapolation into the past.  Requested time 13.943000 but the earliest data is at time 140.994000, when looking up transform from frame [robot3/base_link] to frame [map]
[ros2-11] [bt_navigator-5] 
[ros2-11] [bt_navigator-5] [WARN] [1785153031.973309814] [BehaviorTreeEngine]: Behavior Tree tick rate 100.00 was exceeded!
[ros2-11] [bt_navigator-5] [ERROR] [1785153032.074323291] [transformPoseInTargetFrame]: Extrapolation Error looking up target frame: Lookup would require extrapolation into the past.  Requested time 13.943000 but the earliest data is at time 141.094000, when looking up transform from frame [robot3/base_link] to frame [map]
[ros2-11] [bt_navigator-5] 
[ros2-11] [bt_navigator-5] [WARN] [1785153032.074518284] [BehaviorTreeEngine]: Behavior Tree tick rate 100.00 was exceeded!
[ros2-11] [bt_navigator-5] [ERROR] [1785153032.175501949] [transformPoseInTargetFrame]: Extrapolation Error looking up target frame: Lookup would require extrapolation into the past.  Requested time 13.943000 but the earliest data is at time 141.194000, when looking up transform from frame [robot3/base_link] to frame [map]
[ros2-11] [bt_navigator-5] 
[ros2-11] [bt_navigator-5] [WARN] [1785153032.175614596] [BehaviorTreeEngine]: Behavior Tree tick rate 100.00 was exceeded!
[ros2-11] [bt_navigator-5] [ERROR] [1785153032.276628293] [transformPoseInTargetFrame]: Extrapolation Error looking up target frame: Lookup would require extrapolation into the past.  Requested time 13.943000 but the earliest data is at time 141.294000, when looking up transform from frame [robot3/base_link] to frame [map]
[ros2-11] [bt_navigator-5] 
[ros2-11] [bt_navigator-5] [WARN] [1785153032.276766272] [BehaviorTreeEngine]: Behavior Tree tick rate 100.00 was exceeded!
[ros2-11] [bt_navigator-5] [ERROR] [1785153032.368250687] [transformPoseInTargetFrame]: Extrapolation Error looking up target frame: Lookup would require extrapolation into the past.  Requested time 13.943000 but the earliest data is at time 141.394000, when looking up transform from frame [robot3/base_link] to frame [map]
[ros2-11] [bt_navigator-5] 
[ros2-11] [bt_navigator-5] [WARN] [1785153032.368391420] [BehaviorTreeEngine]: Behavior Tree tick rate 100.00 was exceeded!
[ros2-11] [bt_navigator-5] [ERROR] [1785153032.469446180] [transformPoseInTargetFrame]: Extrapolation Error looking up target frame: Lookup would require extrapolation into the past.  Requested time 13.943000 but the earliest data is at time 141.494000, when looking up transform from frame [robot3/base_link] to frame [map]
[ros2-11] [bt_navigator-5] 
[ros2-11] [bt_navigator-5] [WARN] [1785153032.469546599] [BehaviorTreeEngine]: Behavior Tree tick rate 100.00 was exceeded!
[ros2-11] [planner_server-3] [INFO] [1785153032.568928804] [robot3.global_costmap.global_costmap]: Message Filter dropping message: frame 'robot3/laser_frame' at time 151.446 for reason 'the timestamp on the message is earlier than all the data in the transform cache'
[ros2-11] [bt_navigator-5] [ERROR] [1785153032.570572615] [transformPoseInTargetFrame]: Extrapolation Error looking up target frame: Lookup would require extrapolation into the past.  Requested time 13.943000 but the earliest data is at time 141.594000, when looking up transform from frame [robot3/base_link] to frame [map]
[ros2-11] [bt_navigator-5] 
[ros2-11] [bt_navigator-5] [WARN] [1785153032.570674768] [BehaviorTreeEngine]: Behavior Tree tick rate 100.00 was exceeded!
[ros2-11] [bt_navigator-5] [ERROR] [1785153032.671636049] [transformPoseInTargetFrame]: Extrapolation Error looking up target frame: Lookup would require extrapolation into the past.  Requested time 13.943000 but the earliest data is at time 141.694000, when looking up transform from frame [robot3/base_link] to frame [map]
[ros2-11] [bt_navigator-5] 
[ros2-11] [bt_navigator-5] [WARN] [1785153032.671755094] [BehaviorTreeEngine]: Behavior Tree tick rate 100.00 was exceeded!
[ros2-11] [bt_navigator-5] [ERROR] [1785153032.772744479] [transformPoseInTargetFrame]: Extrapolation Error looking up target frame: Lookup would require extrapolation into the past.  Requested time 13.943000 but the earliest data is at time 141.794000, when looking up transform from frame [robot3/base_link] to frame [map]
[ros2-11] [bt_navigator-5] 
[ros2-11] [bt_navigator-5] [WARN] [1785153032.772864289] [BehaviorTreeEngine]: Behavior Tree tick rate 100.00 was exceeded!
[ros2-11] [bt_navigator-5] [ERROR] [1785153032.873880634] [transformPoseInTargetFrame]: Extrapolation Error looking up target frame: Lookup would require extrapolation into the past.  Requested time 13.943000 but the earliest data is at time 141.894000, when looking up transform from frame [robot3/base_link] to frame [map]
[ros2-11] [bt_navigator-5] 
[ros2-11] [bt_navigator-5] [WARN] [1785153032.873986984] [BehaviorTreeEngine]: Behavior Tree tick rate 100.00 was exceeded!
[ros2-11] [planner_server-3] [ERROR] [1785153032.877823334] [transformPoseInTargetFrame]: Extrapolation Error looking up target frame: Lookup would require extrapolation into the past.  Requested time 13.943000 but the earliest data is at time 141.894000, when looking up transform from frame [robot3/base_link] to frame [map]
[ros2-11] [planner_server-3] 
[ros2-11] [bt_navigator-5] [ERROR] [1785153032.975017321] [transformPoseInTargetFrame]: Extrapolation Error looking up target frame: Lookup would require extrapolation into the past.  Requested time 13.943000 but the earliest data is at time 141.994000, when looking up transform from frame [robot3/base_link] to frame [map]
[ros2-11] [bt_navigator-5] 
[ros2-11] [bt_navigator-5] [WARN] [1785153032.975142364] [BehaviorTreeEngine]: Behavior Tree tick rate 100.00 was exceeded!
[ros2-11] [bt_navigator-5] [ERROR] [1785153033.076122810] [transformPoseInTargetFrame]: Extrapolation Error looking up target frame: Lookup would require extrapolation into the past.  Requested time 13.943000 but the earliest data is at time 142.094000, when looking up transform from frame [robot3/base_link] to frame [map]
[ros2-11] [bt_navigator-5] 
[ros2-11] [bt_navigator-5] [WARN] [1785153033.076265051] [BehaviorTreeEngine]: Behavior Tree tick rate 100.00 was exceeded!
[ros2-11] [bt_navigator-5] [ERROR] [1785153033.177365288] [transformPoseInTargetFrame]: Extrapolation Error looking up target frame: Lookup would require extrapolation into the past.  Requested time 13.943000 but the earliest data is at time 142.194000, when looking up transform from frame [robot3/base_link] to frame [map]
[ros2-11] [bt_navigator-5] 
[ros2-11] [bt_navigator-5] [WARN] [1785153033.177503660] [BehaviorTreeEngine]: Behavior Tree tick rate 100.00 was exceeded!
[ros2-11] [bt_navigator-5] [ERROR] [1785153033.268472186] [transformPoseInTargetFrame]: Extrapolation Error looking up target frame: Lookup would require extrapolation into the past.  Requested time 13.943000 but the earliest data is at time 142.194000, when looking up transform from frame [robot3/base_link] to frame [map]
[ros2-11] [bt_navigator-5] 
[ros2-11] [bt_navigator-5] [WARN] [1785153033.268693744] [BehaviorTreeEngine]: Behavior Tree tick rate 100.00 was exceeded!
[ros2-11] [bt_navigator-5] [ERROR] [1785153033.369715581] [transformPoseInTargetFrame]: Extrapolation Error looking up target frame: Lookup would require extrapolation into the past.  Requested time 13.943000 but the earliest data is at time 142.394000, when looking up transform from frame [robot3/base_link] to frame [map]
[ros2-11] [bt_navigator-5] 
[ros2-11] [bt_navigator-5] [WARN] [1785153033.369838906] [BehaviorTreeEngine]: Behavior Tree tick rate 100.00 was exceeded!
[ros2-11] [bt_navigator-5] [ERROR] [1785153033.470848047] [transformPoseInTargetFrame]: Extrapolation Error looking up target frame: Lookup would require extrapolation into the past.  Requested time 13.943000 but the earliest data is at time 142.494000, when looking up transform from frame [robot3/base_link] to frame [map]
[ros2-11] [bt_navigator-5] 
[ros2-11] [bt_navigator-5] [WARN] [1785153033.470981260] [BehaviorTreeEngine]: Behavior Tree tick rate 100.00 was exceeded!
[ros2-11] [bt_navigator-5] [ERROR] [1785153033.572047818] [transformPoseInTargetFrame]: Extrapolation Error looking up target frame: Lookup would require extrapolation into the past.  Requested time 13.943000 but the earliest data is at time 142.594000, when looking up transform from frame [robot3/base_link] to frame [map]
[ros2-11] [bt_navigator-5] 
[ros2-11] [bt_navigator-5] [WARN] [1785153033.572158717] [BehaviorTreeEngine]: Behavior Tree tick rate 100.00 was exceeded!
[ros2-11] [bt_navigator-5] [ERROR] [1785153033.673200094] [transformPoseInTargetFrame]: Extrapolation Error looking up target frame: Lookup would require extrapolation into the past.  Requested time 13.943000 but the earliest data is at time 142.694000, when looking up transform from frame [robot3/base_link] to frame [map]
[ros2-11] [bt_navigator-5] 
[ros2-11] [bt_navigator-5] [WARN] [1785153033.673337504] [BehaviorTreeEngine]: Behavior Tree tick rate 100.00 was exceeded!
[ros2-11] [bt_navigator-5] [ERROR] [1785153033.774347754] [transformPoseInTargetFrame]: Extrapolation Error looking up target frame: Lookup would require extrapolation into the past.  Requested time 13.943000 but the earliest data is at time 142.794000, when looking up transform from frame [robot3/base_link] to frame [map]
[ros2-11] [bt_navigator-5] 
[ros2-11] [bt_navigator-5] [WARN] [1785153033.774527158] [BehaviorTreeEngine]: Behavior Tree tick rate 100.00 was exceeded!
[ros2-11] [bt_navigator-5] [ERROR] [1785153033.875721556] [transformPoseInTargetFrame]: Extrapolation Error looking up target frame: Lookup would require extrapolation into the past.  Requested time 13.943000 but the earliest data is at time 142.894000, when looking up transform from frame [robot3/base_link] to frame [map]
[ros2-11] [bt_navigator-5] 
[ros2-11] [bt_navigator-5] [WARN] [1785153033.875846520] [BehaviorTreeEngine]: Behavior Tree tick rate 100.00 was exceeded!
[ros2-11] [planner_server-3] [ERROR] [1785153033.877832424] [transformPoseInTargetFrame]: Extrapolation Error looking up target frame: Lookup would require extrapolation into the past.  Requested time 13.943000 but the earliest data is at time 142.894000, when looking up transform from frame [robot3/base_link] to frame [map]
[ros2-11] [planner_server-3] 
[ros2-11] [bt_navigator-5] [ERROR] [1785153033.976824351] [transformPoseInTargetFrame]: Extrapolation Error looking up target frame: Lookup would require extrapolation into the past.  Requested time 13.943000 but the earliest data is at time 142.994000, when looking up transform from frame [robot3/base_link] to frame [map]
[ros2-11] [bt_navigator-5] 
[ros2-11] [bt_navigator-5] [WARN] [1785153033.994680547] [BehaviorTreeEngine]: Behavior Tree tick rate 100.00 was exceeded!
[ros2-11] [bt_navigator-5] [ERROR] [1785153034.075538340] [transformPoseInTargetFrame]: Extrapolation Error looking up target frame: Lookup would require extrapolation into the past.  Requested time 13.943000 but the earliest data is at time 143.094000, when looking up transform from frame [robot3/base_link] to frame [map]
[ros2-11] [bt_navigator-5] 
[ros2-11] [bt_navigator-5] [WARN] [1785153034.075683403] [BehaviorTreeEngine]: Behavior Tree tick rate 100.00 was exceeded!
[ros2-11] [bt_navigator-5] [ERROR] [1785153034.176915958] [transformPoseInTargetFrame]: Extrapolation Error looking up target frame: Lookup would require extrapolation into the past.  Requested time 13.943000 but the earliest data is at time 143.094000, when looking up transform from frame [robot3/base_link] to frame [map]
[ros2-11] [bt_navigator-5] 
[ros2-11] [bt_navigator-5] [WARN] [1785153034.177269628] [BehaviorTreeEngine]: Behavior Tree tick rate 100.00 was exceeded!
[ros2-11] [bt_navigator-5] [ERROR] [1785153034.279457712] [transformPoseInTargetFrame]: Extrapolation Error looking up target frame: Lookup would require extrapolation into the past.  Requested time 13.943000 but the earliest data is at time 143.294000, when looking up transform from frame [robot3/base_link] to frame [map]
[ros2-11] [bt_navigator-5] 
[ros2-11] [bt_navigator-5] [WARN] [1785153034.279584116] [BehaviorTreeEngine]: Behavior Tree tick rate 100.00 was exceeded!
[ros2-11] [bt_navigator-5] [ERROR] [1785153034.380545241] [transformPoseInTargetFrame]: Extrapolation Error looking up target frame: Lookup would require extrapolation into the past.  Requested time 13.943000 but the earliest data is at time 143.394000, when looking up transform from frame [robot3/base_link] to frame [map]
[ros2-11] [bt_navigator-5] 
[ros2-11] [bt_navigator-5] [WARN] [1785153034.380661359] [BehaviorTreeEngine]: Behavior Tree tick rate 100.00 was exceeded!
[ros2-11] [bt_navigator-5] [ERROR] [1785153034.481857538] [transformPoseInTargetFrame]: Extrapolation Error looking up target frame: Lookup would require extrapolation into the past.  Requested time 13.943000 but the earliest data is at time 143.494000, when looking up transform from frame [robot3/base_link] to frame [map]
[ros2-11] [bt_navigator-5] 
[ros2-11] [bt_navigator-5] [WARN] [1785153034.481984367] [BehaviorTreeEngine]: Behavior Tree tick rate 100.00 was exceeded!
[ros2-11] [bt_navigator-5] [ERROR] [1785153034.572934029] [transformPoseInTargetFrame]: Extrapolation Error looking up target frame: Lookup would require extrapolation into the past.  Requested time 13.943000 but the earliest data is at time 143.594000, when looking up transform from frame [robot3/base_link] to frame [map]
[ros2-11] [bt_navigator-5] 
[ros2-11] [bt_navigator-5] [WARN] [1785153034.573052836] [BehaviorTreeEngine]: Behavior Tree tick rate 100.00 was exceeded!
[ros2-11] [bt_navigator-5] [ERROR] [1785153034.674103156] [transformPoseInTargetFrame]: Extrapolation Error looking up target frame: Lookup would require extrapolation into the past.  Requested time 13.943000 but the earliest data is at time 143.694000, when looking up transform from frame [robot3/base_link] to frame [map]
[ros2-11] [bt_navigator-5] 
[ros2-11] [bt_navigator-5] [WARN] [1785153034.674251095] [BehaviorTreeEngine]: Behavior Tree tick rate 100.00 was exceeded!
[ros2-11] [bt_navigator-5] [ERROR] [1785153034.775315373] [transformPoseInTargetFrame]: Extrapolation Error looking up target frame: Lookup would require extrapolation into the past.  Requested time 13.943000 but the earliest data is at time 143.794000, when looking up transform from frame [robot3/base_link] to frame [map]
[ros2-11] [bt_navigator-5] 
[ros2-11] [bt_navigator-5] [WARN] [1785153034.775456129] [BehaviorTreeEngine]: Behavior Tree tick rate 100.00 was exceeded!
[ros2-11] [bt_navigator-5] [ERROR] [1785153034.876407546] [transformPoseInTargetFrame]: Extrapolation Error looking up target frame: Lookup would require extrapolation into the past.  Requested time 13.943000 but the earliest data is at time 143.894000, when looking up transform from frame [robot3/base_link] to frame [map]
[ros2-11] [bt_navigator-5] 
[ros2-11] [bt_navigator-5] [WARN] [1785153034.876520546] [BehaviorTreeEngine]: Behavior Tree tick rate 100.00 was exceeded!
[ros2-11] [planner_server-3] [ERROR] [1785153034.877761798] [transformPoseInTargetFrame]: Extrapolation Error looking up target frame: Lookup would require extrapolation into the past.  Requested time 13.943000 but the earliest data is at time 143.894000, when looking up transform from frame [robot3/base_link] to frame [map]
[ros2-11] [planner_server-3] 
[ros2-11] [bt_navigator-5] [ERROR] [1785153034.977577367] [transformPoseInTargetFrame]: Extrapolation Error looking up target frame: Lookup would require extrapolation into the past.  Requested time 13.943000 but the earliest data is at time 143.994000, when looking up transform from frame [robot3/base_link] to frame [map]
[ros2-11] [bt_navigator-5] 
[ros2-11] [bt_navigator-5] [WARN] [1785153034.977713246] [BehaviorTreeEngine]: Behavior Tree tick rate 100.00 was exceeded!
[ros2-11] [planner_server-3] [INFO] [1785153035.071330106] [robot3.global_costmap.global_costmap]: Message Filter dropping message: frame 'robot3/laser_frame' at time 153.946 for reason 'the timestamp on the message is earlier than all the data in the transform cache'
[ros2-11] [bt_navigator-5] [ERROR] [1785153035.078721174] [transformPoseInTargetFrame]: Extrapolation Error looking up target frame: Lookup would require extrapolation into the past.  Requested time 13.943000 but the earliest data is at time 144.094000, when looking up transform from frame [robot3/base_link] to frame [map]
[ros2-11] [bt_navigator-5] 
[ros2-11] [bt_navigator-5] [WARN] [1785153035.078924721] [BehaviorTreeEngine]: Behavior Tree tick rate 100.00 was exceeded!
[ros2-11] [bt_navigator-5] [ERROR] [1785153035.180028937] [transformPoseInTargetFrame]: Extrapolation Error looking up target frame: Lookup would require extrapolation into the past.  Requested time 13.943000 but the earliest data is at time 144.194000, when looking up transform from frame [robot3/base_link] to frame [map]
[ros2-11] [bt_navigator-5] 
[ros2-11] [bt_navigator-5] [WARN] [1785153035.180173857] [BehaviorTreeEngine]: Behavior Tree tick rate 100.00 was exceeded!
[ros2-11] [bt_navigator-5] [ERROR] [1785153035.281161960] [transformPoseInTargetFrame]: Extrapolation Error looking up target frame: Lookup would require extrapolation into the past.  Requested time 13.943000 but the earliest data is at time 144.294000, when looking up transform from frame [robot3/base_link] to frame [map]
[ros2-11] [bt_navigator-5] 
[ros2-11] [bt_navigator-5] [WARN] [1785153035.281276114] [BehaviorTreeEngine]: Behavior Tree tick rate 100.00 was exceeded!
[ros2-11] [bt_navigator-5] [ERROR] [1785153035.372184419] [transformPoseInTargetFrame]: Extrapolation Error looking up target frame: Lookup would require extrapolation into the past.  Requested time 13.943000 but the earliest data is at time 144.394000, when looking up transform from frame [robot3/base_link] to frame [map]
[ros2-11] [bt_navigator-5] 
[ros2-11] [bt_navigator-5] [WARN] [1785153035.372384200] [BehaviorTreeEngine]: Behavior Tree tick rate 100.00 was exceeded!
[ros2-11] [bt_navigator-5] [ERROR] [1785153035.473362085] [transformPoseInTargetFrame]: Extrapolation Error looking up target frame: Lookup would require extrapolation into the past.  Requested time 13.943000 but the earliest data is at time 144.494000, when looking up transform from frame [robot3/base_link] to frame [map]
[ros2-11] [bt_navigator-5] 
[ros2-11] [bt_navigator-5] [WARN] [1785153035.473498380] [BehaviorTreeEngine]: Behavior Tree tick rate 100.00 was exceeded!
[ros2-11] [bt_navigator-5] [ERROR] [1785153035.574523593] [transformPoseInTargetFrame]: Extrapolation Error looking up target frame: Lookup would require extrapolation into the past.  Requested time 13.943000 but the earliest data is at time 144.594000, when looking up transform from frame [robot3/base_link] to frame [map]
[ros2-11] [bt_navigator-5] 
[ros2-11] [bt_navigator-5] [WARN] [1785153035.574651795] [BehaviorTreeEngine]: Behavior Tree tick rate 100.00 was exceeded!
[ros2-11] [bt_navigator-5] [ERROR] [1785153035.675725426] [transformPoseInTargetFrame]: Extrapolation Error looking up target frame: Lookup would require extrapolation into the past.  Requested time 13.943000 but the earliest data is at time 144.694000, when looking up transform from frame [robot3/base_link] to frame [map]
[ros2-11] [bt_navigator-5] 
[ros2-11] [bt_navigator-5] [WARN] [1785153035.675825876] [BehaviorTreeEngine]: Behavior Tree tick rate 100.00 was exceeded!
[ros2-11] [bt_navigator-5] [ERROR] [1785153035.776835328] [transformPoseInTargetFrame]: Extrapolation Error looking up target frame: Lookup would require extrapolation into the past.  Requested time 13.943000 but the earliest data is at time 144.794000, when looking up transform from frame [robot3/base_link] to frame [map]
[ros2-11] [bt_navigator-5] 
[ros2-11] [bt_navigator-5] [WARN] [1785153035.776968605] [BehaviorTreeEngine]: Behavior Tree tick rate 100.00 was exceeded!
[ros2-11] [planner_server-3] [ERROR] [1785153035.877842345] [transformPoseInTargetFrame]: Extrapolation Error looking up target frame: Lookup would require extrapolation into the past.  Requested time 13.943000 but the earliest data is at time 144.894000, when looking up transform from frame [robot3/base_link] to frame [map]
[ros2-11] [planner_server-3] 
[ros2-11] [bt_navigator-5] [ERROR] [1785153035.877955488] [transformPoseInTargetFrame]: Extrapolation Error looking up target frame: Lookup would require extrapolation into the past.  Requested time 13.943000 but the earliest data is at time 144.894000, when looking up transform from frame [robot3/base_link] to frame [map]
[ros2-11] [bt_navigator-5] 
[ros2-11] [bt_navigator-5] [WARN] [1785153035.878094636] [BehaviorTreeEngine]: Behavior Tree tick rate 100.00 was exceeded!
[ros2-11] [bt_navigator-5] [ERROR] [1785153035.979124762] [transformPoseInTargetFrame]: Extrapolation Error looking up target frame: Lookup would require extrapolation into the past.  Requested time 13.943000 but the earliest data is at time 144.994000, when looking up transform from frame [robot3/base_link] to frame [map]
[ros2-11] [bt_navigator-5] 
[ros2-11] [bt_navigator-5] [WARN] [1785153035.979265471] [BehaviorTreeEngine]: Behavior Tree tick rate 100.00 was exceeded!
[ros2-11] [bt_navigator-5] [ERROR] [1785153036.080226849] [transformPoseInTargetFrame]: Extrapolation Error looking up target frame: Lookup would require extrapolation into the past.  Requested time 13.943000 but the earliest data is at time 145.094000, when looking up transform from frame [robot3/base_link] to frame [map]
[ros2-11] [bt_navigator-5] 
[ros2-11] [bt_navigator-5] [WARN] [1785153036.080358960] [BehaviorTreeEngine]: Behavior Tree tick rate 100.00 was exceeded!
[ros2-11] [bt_navigator-5] [ERROR] [1785153036.181398058] [transformPoseInTargetFrame]: Extrapolation Error looking up target frame: Lookup would require extrapolation into the past.  Requested time 13.943000 but the earliest data is at time 145.194000, when looking up transform from frame [robot3/base_link] to frame [map]
[ros2-11] [bt_navigator-5] 
[ros2-11] [bt_navigator-5] [WARN] [1785153036.181528162] [BehaviorTreeEngine]: Behavior Tree tick rate 100.00 was exceeded!
[ros2-11] [bt_navigator-5] [ERROR] [1785153036.282578860] [transformPoseInTargetFrame]: Extrapolation Error looking up target frame: Lookup would require extrapolation into the past.  Requested time 13.943000 but the earliest data is at time 145.294000, when looking up transform from frame [robot3/base_link] to frame [map]
[ros2-11] [bt_navigator-5] 
[ros2-11] [bt_navigator-5] [WARN] [1785153036.282749904] [BehaviorTreeEngine]: Behavior Tree tick rate 100.00 was exceeded!
[ros2-11] [bt_navigator-5] [ERROR] [1785153036.373702614] [transformPoseInTargetFrame]: Extrapolation Error looking up target frame: Lookup would require extrapolation into the past.  Requested time 13.943000 but the earliest data is at time 145.294000, when looking up transform from frame [robot3/base_link] to frame [map]
[ros2-11] [bt_navigator-5] 
[ros2-11] [bt_navigator-5] [WARN] [1785153036.373899266] [BehaviorTreeEngine]: Behavior Tree tick rate 100.00 was exceeded!
[ros2-11] [bt_navigator-5] [ERROR] [1785153036.474913531] [transformPoseInTargetFrame]: Extrapolation Error looking up target frame: Lookup would require extrapolation into the past.  Requested time 13.943000 but the earliest data is at time 145.494000, when looking up transform from frame [robot3/base_link] to frame [map]
[ros2-11] [bt_navigator-5] 
[ros2-11] [bt_navigator-5] [WARN] [1785153036.475030049] [BehaviorTreeEngine]: Behavior Tree tick rate 100.00 was exceeded!
[ros2-11] [bt_navigator-5] [ERROR] [1785153036.576058560] [transformPoseInTargetFrame]: Extrapolation Error looking up target frame: Lookup would require extrapolation into the past.  Requested time 13.943000 but the earliest data is at time 145.594000, when looking up transform from frame [robot3/base_link] to frame [map]
[ros2-11] [bt_navigator-5] 
[ros2-11] [bt_navigator-5] [WARN] [1785153036.576203221] [BehaviorTreeEngine]: Behavior Tree tick rate 100.00 was exceeded!
[ros2-11] [bt_navigator-5] [ERROR] [1785153036.677181244] [transformPoseInTargetFrame]: Extrapolation Error looking up target frame: Lookup would require extrapolation into the past.  Requested time 13.943000 but the earliest data is at time 145.694000, when looking up transform from frame [robot3/base_link] to frame [map]
[ros2-11] [bt_navigator-5] 
[ros2-11] [bt_navigator-5] [WARN] [1785153036.677287254] [BehaviorTreeEngine]: Behavior Tree tick rate 100.00 was exceeded!
[ros2-11] [bt_navigator-5] [ERROR] [1785153036.778308753] [transformPoseInTargetFrame]: Extrapolation Error looking up target frame: Lookup would require extrapolation into the past.  Requested time 13.943000 but the earliest data is at time 145.794000, when looking up transform from frame [robot3/base_link] to frame [map]
[ros2-11] [bt_navigator-5] 
[ros2-11] [bt_navigator-5] [WARN] [1785153036.778442132] [BehaviorTreeEngine]: Behavior Tree tick rate 100.00 was exceeded!
[ros2-11] [planner_server-3] [ERROR] [1785153036.877869090] [transformPoseInTargetFrame]: Extrapolation Error looking up target frame: Lookup would require extrapolation into the past.  Requested time 13.943000 but the earliest data is at time 145.894000, when looking up transform from frame [robot3/base_link] to frame [map]
[ros2-11] [planner_server-3] 
[ros2-11] [bt_navigator-5] [ERROR] [1785153036.879417642] [transformPoseInTargetFrame]: Extrapolation Error looking up target frame: Lookup would require extrapolation into the past.  Requested time 13.943000 but the earliest data is at time 145.894000, when looking up transform from frame [robot3/base_link] to frame [map]
[ros2-11] [bt_navigator-5] 
[ros2-11] [bt_navigator-5] [WARN] [1785153036.879638135] [BehaviorTreeEngine]: Behavior Tree tick rate 100.00 was exceeded!
[ros2-11] [bt_navigator-5] [ERROR] [1785153036.980694395] [transformPoseInTargetFrame]: Extrapolation Error looking up target frame: Lookup would require extrapolation into the past.  Requested time 13.943000 but the earliest data is at time 145.994000, when looking up transform from frame [robot3/base_link] to frame [map]
[ros2-11] [bt_navigator-5] 
[ros2-11] [bt_navigator-5] [WARN] [1785153036.980812443] [BehaviorTreeEngine]: Behavior Tree tick rate 100.00 was exceeded!
[ros2-11] [bt_navigator-5] [ERROR] [1785153037.081793404] [transformPoseInTargetFrame]: Extrapolation Error looking up target frame: Lookup would require extrapolation into the past.  Requested time 13.943000 but the earliest data is at time 146.094000, when looking up transform from frame [robot3/base_link] to frame [map]
[ros2-11] [bt_navigator-5] 
[ros2-11] [bt_navigator-5] [WARN] [1785153037.081931030] [BehaviorTreeEngine]: Behavior Tree tick rate 100.00 was exceeded!
[ros2-11] [bt_navigator-5] [ERROR] [1785153037.182896877] [transformPoseInTargetFrame]: Extrapolation Error looking up target frame: Lookup would require extrapolation into the past.  Requested time 13.943000 but the earliest data is at time 146.194000, when looking up transform from frame [robot3/base_link] to frame [map]
[ros2-11] [bt_navigator-5] 
[ros2-11] [bt_navigator-5] [WARN] [1785153037.183083599] [BehaviorTreeEngine]: Behavior Tree tick rate 100.00 was exceeded!
[ros2-11] [bt_navigator-5] [ERROR] [1785153037.284103294] [transformPoseInTargetFrame]: Extrapolation Error looking up target frame: Lookup would require extrapolation into the past.  Requested time 13.943000 but the earliest data is at time 146.294000, when looking up transform from frame [robot3/base_link] to frame [map]
[ros2-11] [bt_navigator-5] 
[ros2-11] [bt_navigator-5] [WARN] [1785153037.284231017] [BehaviorTreeEngine]: Behavior Tree tick rate 100.00 was exceeded!
[ros2-11] [bt_navigator-5] [ERROR] [1785153037.375214741] [transformPoseInTargetFrame]: Extrapolation Error looking up target frame: Lookup would require extrapolation into the past.  Requested time 13.943000 but the earliest data is at time 146.394000, when looking up transform from frame [robot3/base_link] to frame [map]
[ros2-11] [bt_navigator-5] 
[ros2-11] [bt_navigator-5] [WARN] [1785153037.375460551] [BehaviorTreeEngine]: Behavior Tree tick rate 100.00 was exceeded!
[ros2-11] [bt_navigator-5] [ERROR] [1785153037.476484642] [transformPoseInTargetFrame]: Extrapolation Error looking up target frame: Lookup would require extrapolation into the past.  Requested time 13.943000 but the earliest data is at time 146.494000, when looking up transform from frame [robot3/base_link] to frame [map]
[ros2-11] [bt_navigator-5] 
[ros2-11] [bt_navigator-5] [WARN] [1785153037.476683049] [BehaviorTreeEngine]: Behavior Tree tick rate 100.00 was exceeded!
[ros2-11] [planner_server-3] [INFO] [1785153037.575281230] [robot3.global_costmap.global_costmap]: Message Filter dropping message: frame 'robot3/laser_frame' at time 156.446 for reason 'the timestamp on the message is earlier than all the data in the transform cache'
[ros2-11] [bt_navigator-5] [ERROR] [1785153037.577762919] [transformPoseInTargetFrame]: Extrapolation Error looking up target frame: Lookup would require extrapolation into the past.  Requested time 13.943000 but the earliest data is at time 146.594000, when looking up transform from frame [robot3/base_link] to frame [map]
[ros2-11] [bt_navigator-5] 
[ros2-11] [bt_navigator-5] [WARN] [1785153037.577885988] [BehaviorTreeEngine]: Behavior Tree tick rate 100.00 was exceeded!
[ros2-11] [bt_navigator-5] [ERROR] [1785153037.678843626] [transformPoseInTargetFrame]: Extrapolation Error looking up target frame: Lookup would require extrapolation into the past.  Requested time 13.943000 but the earliest data is at time 146.694000, when looking up transform from frame [robot3/base_link] to frame [map]
[ros2-11] [bt_navigator-5] 
[ros2-11] [bt_navigator-5] [WARN] [1785153037.678950369] [BehaviorTreeEngine]: Behavior Tree tick rate 100.00 was exceeded!
[ros2-11] [bt_navigator-5] [ERROR] [1785153037.779945849] [transformPoseInTargetFrame]: Extrapolation Error looking up target frame: Lookup would require extrapolation into the past.  Requested time 13.943000 but the earliest data is at time 146.794000, when looking up transform from frame [robot3/base_link] to frame [map]
[ros2-11] [bt_navigator-5] 
[ros2-11] [bt_navigator-5] [WARN] [1785153037.780057008] [BehaviorTreeEngine]: Behavior Tree tick rate 100.00 was exceeded!
[ros2-11] [planner_server-3] [ERROR] [1785153037.877876358] [transformPoseInTargetFrame]: Extrapolation Error looking up target frame: Lookup would require extrapolation into the past.  Requested time 13.943000 but the earliest data is at time 146.894000, when looking up transform from frame [robot3/base_link] to frame [map]
[ros2-11] [planner_server-3] 
[ros2-11] [bt_navigator-5] [ERROR] [1785153037.881059870] [transformPoseInTargetFrame]: Extrapolation Error looking up target frame: Lookup would require extrapolation into the past.  Requested time 13.943000 but the earliest data is at time 146.894000, when looking up transform from frame [robot3/base_link] to frame [map]
[ros2-11] [bt_navigator-5] 
[ros2-11] [bt_navigator-5] [WARN] [1785153037.881168822] [BehaviorTreeEngine]: Behavior Tree tick rate 100.00 was exceeded!
[ros2-11] [bt_navigator-5] [ERROR] [1785153037.982182783] [transformPoseInTargetFrame]: Extrapolation Error looking up target frame: Lookup would require extrapolation into the past.  Requested time 13.943000 but the earliest data is at time 146.994000, when looking up transform from frame [robot3/base_link] to frame [map]
[ros2-11] [bt_navigator-5] 
[ros2-11] [bt_navigator-5] [WARN] [1785153037.982333284] [BehaviorTreeEngine]: Behavior Tree tick rate 100.00 was exceeded!
[ros2-11] [bt_navigator-5] [ERROR] [1785153038.083405953] [transformPoseInTargetFrame]: Extrapolation Error looking up target frame: Lookup would require extrapolation into the past.  Requested time 13.943000 but the earliest data is at time 147.094000, when looking up transform from frame [robot3/base_link] to frame [map]
[ros2-11] [bt_navigator-5] 
[ros2-11] [bt_navigator-5] [WARN] [1785153038.083550519] [BehaviorTreeEngine]: Behavior Tree tick rate 100.00 was exceeded!
[ros2-11] [bt_navigator-5] [ERROR] [1785153038.184655221] [transformPoseInTargetFrame]: Extrapolation Error looking up target frame: Lookup would require extrapolation into the past.  Requested time 13.943000 but the earliest data is at time 147.194000, when looking up transform from frame [robot3/base_link] to frame [map]
[ros2-11] [bt_navigator-5] 
[ros2-11] [bt_navigator-5] [WARN] [1785153038.184803766] [BehaviorTreeEngine]: Behavior Tree tick rate 100.00 was exceeded!
[ros2-11] [bt_navigator-5] [ERROR] [1785153038.275759009] [transformPoseInTargetFrame]: Extrapolation Error looking up target frame: Lookup would require extrapolation into the past.  Requested time 13.943000 but the earliest data is at time 147.194000, when looking up transform from frame [robot3/base_link] to frame [map]
[ros2-11] [bt_navigator-5] 
[ros2-11] [bt_navigator-5] [WARN] [1785153038.275942958] [BehaviorTreeEngine]: Behavior Tree tick rate 100.00 was exceeded!
[ros2-11] [bt_navigator-5] [ERROR] [1785153038.376957115] [transformPoseInTargetFrame]: Extrapolation Error looking up target frame: Lookup would require extrapolation into the past.  Requested time 13.943000 but the earliest data is at time 147.394000, when looking up transform from frame [robot3/base_link] to frame [map]
[ros2-11] [bt_navigator-5] 
[ros2-11] [bt_navigator-5] [WARN] [1785153038.377082729] [BehaviorTreeEngine]: Behavior Tree tick rate 100.00 was exceeded!
[ros2-11] [bt_navigator-5] [ERROR] [1785153038.478180050] [transformPoseInTargetFrame]: Extrapolation Error looking up target frame: Lookup would require extrapolation into the past.  Requested time 13.943000 but the earliest data is at time 147.494000, when looking up transform from frame [robot3/base_link] to frame [map]
[ros2-11] [bt_navigator-5] 
[ros2-11] [bt_navigator-5] [WARN] [1785153038.478328002] [BehaviorTreeEngine]: Behavior Tree tick rate 100.00 was exceeded!
[ros2-11] [bt_navigator-5] [ERROR] [1785153038.579310821] [transformPoseInTargetFrame]: Extrapolation Error looking up target frame: Lookup would require extrapolation into the past.  Requested time 13.943000 but the earliest data is at time 147.594000, when looking up transform from frame [robot3/base_link] to frame [map]
[ros2-11] [bt_navigator-5] 
[ros2-11] [bt_navigator-5] [WARN] [1785153038.579446459] [BehaviorTreeEngine]: Behavior Tree tick rate 100.00 was exceeded!
[ros2-11] [bt_navigator-5] [ERROR] [1785153038.680416071] [transformPoseInTargetFrame]: Extrapolation Error looking up target frame: Lookup would require extrapolation into the past.  Requested time 13.943000 but the earliest data is at time 147.694000, when looking up transform from frame [robot3/base_link] to frame [map]
[ros2-11] [bt_navigator-5] 
[ros2-11] [bt_navigator-5] [WARN] [1785153038.680573835] [BehaviorTreeEngine]: Behavior Tree tick rate 100.00 was exceeded!
[ros2-11] [bt_navigator-5] [ERROR] [1785153038.781576997] [transformPoseInTargetFrame]: Extrapolation Error looking up target frame: Lookup would require extrapolation into the past.  Requested time 13.943000 but the earliest data is at time 147.794000, when looking up transform from frame [robot3/base_link] to frame [map]
[ros2-11] [bt_navigator-5] 
[ros2-11] [bt_navigator-5] [WARN] [1785153038.781731449] [BehaviorTreeEngine]: Behavior Tree tick rate 100.00 was exceeded!
[ros2-11] [planner_server-3] [ERROR] [1785153038.877861736] [transformPoseInTargetFrame]: Extrapolation Error looking up target frame: Lookup would require extrapolation into the past.  Requested time 13.943000 but the earliest data is at time 147.894000, when looking up transform from frame [robot3/base_link] to frame [map]
[ros2-11] [planner_server-3] 
[ros2-11] [bt_navigator-5] [ERROR] [1785153038.882700844] [transformPoseInTargetFrame]: Extrapolation Error looking up target frame: Lookup would require extrapolation into the past.  Requested time 13.943000 but the earliest data is at time 147.894000, when looking up transform from frame [robot3/base_link] to frame [map]
[ros2-11] [bt_navigator-5] 
[ros2-11] [bt_navigator-5] [WARN] [1785153038.882835492] [BehaviorTreeEngine]: Behavior Tree tick rate 100.00 was exceeded!
[ros2-11] [bt_navigator-5] [ERROR] [1785153038.983816802] [transformPoseInTargetFrame]: Extrapolation Error looking up target frame: Lookup would require extrapolation into the past.  Requested time 13.943000 but the earliest data is at time 147.994000, when looking up transform from frame [robot3/base_link] to frame [map]
[ros2-11] [bt_navigator-5] 
[ros2-11] [bt_navigator-5] [WARN] [1785153038.983973995] [BehaviorTreeEngine]: Behavior Tree tick rate 100.00 was exceeded!
[ros2-11] [bt_navigator-5] [ERROR] [1785153039.085051809] [transformPoseInTargetFrame]: Extrapolation Error looking up target frame: Lookup would require extrapolation into the past.  Requested time 13.943000 but the earliest data is at time 148.094000, when looking up transform from frame [robot3/base_link] to frame [map]
[ros2-11] [bt_navigator-5] 
[ros2-11] [bt_navigator-5] [WARN] [1785153039.085182211] [BehaviorTreeEngine]: Behavior Tree tick rate 100.00 was exceeded!
[ros2-11] [bt_navigator-5] [ERROR] [1785153039.186335008] [transformPoseInTargetFrame]: Extrapolation Error looking up target frame: Lookup would require extrapolation into the past.  Requested time 13.943000 but the earliest data is at time 148.194000, when looking up transform from frame [robot3/base_link] to frame [map]
[ros2-11] [bt_navigator-5] 
[ros2-11] [bt_navigator-5] [WARN] [1785153039.186495291] [BehaviorTreeEngine]: Behavior Tree tick rate 100.00 was exceeded!
[ros2-11] [bt_navigator-5] [ERROR] [1785153039.277347584] [transformPoseInTargetFrame]: Extrapolation Error looking up target frame: Lookup would require extrapolation into the past.  Requested time 13.943000 but the earliest data is at time 148.294000, when looking up transform from frame [robot3/base_link] to frame [map]
[ros2-11] [bt_navigator-5] 
[ros2-11] [bt_navigator-5] [WARN] [1785153039.277484791] [BehaviorTreeEngine]: Behavior Tree tick rate 100.00 was exceeded!
[ros2-11] [bt_navigator-5] [ERROR] [1785153039.378545215] [transformPoseInTargetFrame]: Extrapolation Error looking up target frame: Lookup would require extrapolation into the past.  Requested time 13.943000 but the earliest data is at time 148.394000, when looking up transform from frame [robot3/base_link] to frame [map]
[ros2-11] [bt_navigator-5] 
[ros2-11] [bt_navigator-5] [WARN] [1785153039.378713658] [BehaviorTreeEngine]: Behavior Tree tick rate 100.00 was exceeded!
[ros2-11] [bt_navigator-5] [ERROR] [1785153039.479707563] [transformPoseInTargetFrame]: Extrapolation Error looking up target frame: Lookup would require extrapolation into the past.  Requested time 13.943000 but the earliest data is at time 148.494000, when looking up transform from frame [robot3/base_link] to frame [map]
[ros2-11] [bt_navigator-5] 
[ros2-11] [bt_navigator-5] [WARN] [1785153039.479839127] [BehaviorTreeEngine]: Behavior Tree tick rate 100.00 was exceeded!
[ros2-11] [bt_navigator-5] [ERROR] [1785153039.580929477] [transformPoseInTargetFrame]: Extrapolation Error looking up target frame: Lookup would require extrapolation into the past.  Requested time 13.943000 but the earliest data is at time 148.594000, when looking up transform from frame [robot3/base_link] to frame [map]
[ros2-11] [bt_navigator-5] 
[ros2-11] [bt_navigator-5] [WARN] [1785153039.581096536] [BehaviorTreeEngine]: Behavior Tree tick rate 100.00 was exceeded!
[ros2-11] [bt_navigator-5] [ERROR] [1785153039.682148548] [transformPoseInTargetFrame]: Extrapolation Error looking up target frame: Lookup would require extrapolation into the past.  Requested time 13.943000 but the earliest data is at time 148.694000, when looking up transform from frame [robot3/base_link] to frame [map]
[ros2-11] [bt_navigator-5] 
[ros2-11] [bt_navigator-5] [WARN] [1785153039.682300053] [BehaviorTreeEngine]: Behavior Tree tick rate 100.00 was exceeded!
[ros2-11] [bt_navigator-5] [ERROR] [1785153039.783342515] [transformPoseInTargetFrame]: Extrapolation Error looking up target frame: Lookup would require extrapolation into the past.  Requested time 13.943000 but the earliest data is at time 148.794000, when looking up transform from frame [robot3/base_link] to frame [map]
[ros2-11] [bt_navigator-5] 
[ros2-11] [bt_navigator-5] [WARN] [1785153039.783457476] [BehaviorTreeEngine]: Behavior Tree tick rate 100.00 was exceeded!
[ros2-11] [bt_navigator-5] [ERROR] [1785153039.884529321] [transformPoseInTargetFrame]: Extrapolation Error looking up target frame: Lookup would require extrapolation into the past.  Requested time 13.943000 but the earliest data is at time 148.894000, when looking up transform from frame [robot3/base_link] to frame [map]
[ros2-11] [bt_navigator-5] 
[ros2-11] [bt_navigator-5] [WARN] [1785153039.884658090] [BehaviorTreeEngine]: Behavior Tree tick rate 100.00 was exceeded!
[ros2-11] [planner_server-3] [ERROR] [1785153039.888118356] [transformPoseInTargetFrame]: Extrapolation Error looking up target frame: Lookup would require extrapolation into the past.  Requested time 13.943000 but the earliest data is at time 148.894000, when looking up transform from frame [robot3/base_link] to frame [map]
[ros2-11] [planner_server-3] 
[ros2-11] [bt_navigator-5] [ERROR] [1785153039.985687209] [transformPoseInTargetFrame]: Extrapolation Error looking up target frame: Lookup would require extrapolation into the past.  Requested time 13.943000 but the earliest data is at time 148.994000, when looking up transform from frame [robot3/base_link] to frame [map]
[ros2-11] [bt_navigator-5] 
[ros2-11] [bt_navigator-5] [WARN] [1785153039.985859343] [BehaviorTreeEngine]: Behavior Tree tick rate 100.00 was exceeded!
[ros2-11] [planner_server-3] [INFO] [1785153040.077735085] [robot3.global_costmap.global_costmap]: Message Filter dropping message: frame 'robot3/laser_frame' at time 158.946 for reason 'the timestamp on the message is earlier than all the data in the transform cache'
[ros2-11] [bt_navigator-5] [ERROR] [1785153040.086912116] [transformPoseInTargetFrame]: Extrapolation Error looking up target frame: Lookup would require extrapolation into the past.  Requested time 13.943000 but the earliest data is at time 149.094000, when looking up transform from frame [robot3/base_link] to frame [map]
[ros2-11] [bt_navigator-5] 
[ros2-11] [bt_navigator-5] [WARN] [1785153040.087034168] [BehaviorTreeEngine]: Behavior Tree tick rate 100.00 was exceeded!
[ros2-11] [bt_navigator-5] [ERROR] [1785153040.188148264] [transformPoseInTargetFrame]: Extrapolation Error looking up target frame: Lookup would require extrapolation into the past.  Requested time 13.943000 but the earliest data is at time 149.194000, when looking up transform from frame [robot3/base_link] to frame [map]
[ros2-11] [bt_navigator-5] 
[ros2-11] [bt_navigator-5] [WARN] [1785153040.188299076] [BehaviorTreeEngine]: Behavior Tree tick rate 100.00 was exceeded!
[ros2-11] [bt_navigator-5] [ERROR] [1785153040.279203091] [transformPoseInTargetFrame]: Extrapolation Error looking up target frame: Lookup would require extrapolation into the past.  Requested time 13.943000 but the earliest data is at time 149.294000, when looking up transform from frame [robot3/base_link] to frame [map]
[ros2-11] [bt_navigator-5] 
[ros2-11] [bt_navigator-5] [WARN] [1785153040.279358856] [BehaviorTreeEngine]: Behavior Tree tick rate 100.00 was exceeded!
[ros2-11] [bt_navigator-5] [ERROR] [1785153040.380383847] [transformPoseInTargetFrame]: Extrapolation Error looking up target frame: Lookup would require extrapolation into the past.  Requested time 13.943000 but the earliest data is at time 149.394000, when looking up transform from frame [robot3/base_link] to frame [map]
[ros2-11] [bt_navigator-5] 
[ros2-11] [bt_navigator-5] [WARN] [1785153040.380502813] [BehaviorTreeEngine]: Behavior Tree tick rate 100.00 was exceeded!
[ros2-11] [bt_navigator-5] [ERROR] [1785153040.481572041] [transformPoseInTargetFrame]: Extrapolation Error looking up target frame: Lookup would require extrapolation into the past.  Requested time 13.943000 but the earliest data is at time 149.494000, when looking up transform from frame [robot3/base_link] to frame [map]
[ros2-11] [bt_navigator-5] 
[ros2-11] [bt_navigator-5] [WARN] [1785153040.481699626] [BehaviorTreeEngine]: Behavior Tree tick rate 100.00 was exceeded!
[ros2-11] [bt_navigator-5] [ERROR] [1785153040.582614253] [transformPoseInTargetFrame]: Extrapolation Error looking up target frame: Lookup would require extrapolation into the past.  Requested time 13.943000 but the earliest data is at time 149.594000, when looking up transform from frame [robot3/base_link] to frame [map]
[ros2-11] [bt_navigator-5] 
[ros2-11] [bt_navigator-5] [WARN] [1785153040.582729007] [BehaviorTreeEngine]: Behavior Tree tick rate 100.00 was exceeded!
[ros2-11] [bt_navigator-5] [ERROR] [1785153040.683766064] [transformPoseInTargetFrame]: Extrapolation Error looking up target frame: Lookup would require extrapolation into the past.  Requested time 13.943000 but the earliest data is at time 149.694000, when looking up transform from frame [robot3/base_link] to frame [map]
[ros2-11] [bt_navigator-5] 
[ros2-11] [bt_navigator-5] [WARN] [1785153040.683881706] [BehaviorTreeEngine]: Behavior Tree tick rate 100.00 was exceeded!
[ros2-11] [bt_navigator-5] [ERROR] [1785153040.784810165] [transformPoseInTargetFrame]: Extrapolation Error looking up target frame: Lookup would require extrapolation into the past.  Requested time 13.943000 but the earliest data is at time 149.794000, when looking up transform from frame [robot3/base_link] to frame [map]
[ros2-11] [bt_navigator-5] 
[ros2-11] [bt_navigator-5] [WARN] [1785153040.784946408] [BehaviorTreeEngine]: Behavior Tree tick rate 100.00 was exceeded!
[ros2-11] [bt_navigator-5] [ERROR] [1785153040.885960571] [transformPoseInTargetFrame]: Extrapolation Error looking up target frame: Lookup would require extrapolation into the past.  Requested time 13.943000 but the earliest data is at time 149.894000, when looking up transform from frame [robot3/base_link] to frame [map]
[ros2-11] [bt_navigator-5] 
[ros2-11] [bt_navigator-5] [WARN] [1785153040.886196484] [BehaviorTreeEngine]: Behavior Tree tick rate 100.00 was exceeded!
[ros2-11] [planner_server-3] [ERROR] [1785153040.887887306] [transformPoseInTargetFrame]: Extrapolation Error looking up target frame: Lookup would require extrapolation into the past.  Requested time 13.943000 but the earliest data is at time 149.894000, when looking up transform from frame [robot3/base_link] to frame [map]
[ros2-11] [planner_server-3] 
[ros2-11] [bt_navigator-5] [ERROR] [1785153040.987275850] [transformPoseInTargetFrame]: Extrapolation Error looking up target frame: Lookup would require extrapolation into the past.  Requested time 13.943000 but the earliest data is at time 149.994000, when looking up transform from frame [robot3/base_link] to frame [map]
[ros2-11] [bt_navigator-5] 
[ros2-11] [bt_navigator-5] [WARN] [1785153040.987398261] [BehaviorTreeEngine]: Behavior Tree tick rate 100.00 was exceeded!
[ros2-11] [bt_navigator-5] [ERROR] [1785153041.088502924] [transformPoseInTargetFrame]: Extrapolation Error looking up target frame: Lookup would require extrapolation into the past.  Requested time 13.943000 but the earliest data is at time 150.094000, when looking up transform from frame [robot3/base_link] to frame [map]
[ros2-11] [bt_navigator-5] 
[ros2-11] [bt_navigator-5] [WARN] [1785153041.088697041] [BehaviorTreeEngine]: Behavior Tree tick rate 100.00 was exceeded!
[ros2-11] [bt_navigator-5] [ERROR] [1785153041.179741359] [transformPoseInTargetFrame]: Extrapolation Error looking up target frame: Lookup would require extrapolation into the past.  Requested time 13.943000 but the earliest data is at time 150.094000, when looking up transform from frame [robot3/base_link] to frame [map]
[ros2-11] [bt_navigator-5] 
[ros2-11] [bt_navigator-5] [WARN] [1785153041.179930000] [BehaviorTreeEngine]: Behavior Tree tick rate 100.00 was exceeded!
[ros2-11] [bt_navigator-5] [ERROR] [1785153041.281177127] [transformPoseInTargetFrame]: Extrapolation Error looking up target frame: Lookup would require extrapolation into the past.  Requested time 13.943000 but the earliest data is at time 150.294000, when looking up transform from frame [robot3/base_link] to frame [map]
[ros2-11] [bt_navigator-5] 
[ros2-11] [bt_navigator-5] [WARN] [1785153041.281315092] [BehaviorTreeEngine]: Behavior Tree tick rate 100.00 was exceeded!
[ros2-11] [bt_navigator-5] [ERROR] [1785153041.382359732] [transformPoseInTargetFrame]: Extrapolation Error looking up target frame: Lookup would require extrapolation into the past.  Requested time 13.943000 but the earliest data is at time 150.394000, when looking up transform from frame [robot3/base_link] to frame [map]
[ros2-11] [bt_navigator-5] 
[ros2-11] [bt_navigator-5] [WARN] [1785153041.382468799] [BehaviorTreeEngine]: Behavior Tree tick rate 100.00 was exceeded!
[ros2-11] [bt_navigator-5] [ERROR] [1785153041.483606375] [transformPoseInTargetFrame]: Extrapolation Error looking up target frame: Lookup would require extrapolation into the past.  Requested time 13.943000 but the earliest data is at time 150.494000, when looking up transform from frame [robot3/base_link] to frame [map]
[ros2-11] [bt_navigator-5] 
[ros2-11] [bt_navigator-5] [WARN] [1785153041.483737600] [BehaviorTreeEngine]: Behavior Tree tick rate 100.00 was exceeded!
[ros2-11] [bt_navigator-5] [ERROR] [1785153041.584767566] [transformPoseInTargetFrame]: Extrapolation Error looking up target frame: Lookup would require extrapolation into the past.  Requested time 13.943000 but the earliest data is at time 150.594000, when looking up transform from frame [robot3/base_link] to frame [map]
[ros2-11] [bt_navigator-5] 
[ros2-11] [bt_navigator-5] [WARN] [1785153041.584887541] [BehaviorTreeEngine]: Behavior Tree tick rate 100.00 was exceeded!
[ros2-11] [bt_navigator-5] [ERROR] [1785153041.685865501] [transformPoseInTargetFrame]: Extrapolation Error looking up target frame: Lookup would require extrapolation into the past.  Requested time 13.943000 but the earliest data is at time 150.694000, when looking up transform from frame [robot3/base_link] to frame [map]
[ros2-11] [bt_navigator-5] 
[ros2-11] [bt_navigator-5] [WARN] [1785153041.686029251] [BehaviorTreeEngine]: Behavior Tree tick rate 100.00 was exceeded!
[ros2-11] [bt_navigator-5] [ERROR] [1785153041.786955810] [transformPoseInTargetFrame]: Extrapolation Error looking up target frame: Lookup would require extrapolation into the past.  Requested time 13.943000 but the earliest data is at time 150.794000, when looking up transform from frame [robot3/base_link] to frame [map]
[ros2-11] [bt_navigator-5] 
[ros2-11] [bt_navigator-5] [WARN] [1785153041.787077489] [BehaviorTreeEngine]: Behavior Tree tick rate 100.00 was exceeded!
[ros2-11] [planner_server-3] [ERROR] [1785153041.887872381] [transformPoseInTargetFrame]: Extrapolation Error looking up target frame: Lookup would require extrapolation into the past.  Requested time 13.943000 but the earliest data is at time 150.894000, when looking up transform from frame [robot3/base_link] to frame [map]
[ros2-11] [planner_server-3] 
[ros2-11] [bt_navigator-5] [ERROR] [1785153041.888055941] [transformPoseInTargetFrame]: Extrapolation Error looking up target frame: Lookup would require extrapolation into the past.  Requested time 13.943000 but the earliest data is at time 150.894000, when looking up transform from frame [robot3/base_link] to frame [map]
[ros2-11] [bt_navigator-5] 
[ros2-11] [bt_navigator-5] [WARN] [1785153041.888241196] [BehaviorTreeEngine]: Behavior Tree tick rate 100.00 was exceeded!
[ros2-11] [bt_navigator-5] [ERROR] [1785153041.989184764] [transformPoseInTargetFrame]: Extrapolation Error looking up target frame: Lookup would require extrapolation into the past.  Requested time 13.943000 but the earliest data is at time 150.994000, when looking up transform from frame [robot3/base_link] to frame [map]
[ros2-11] [bt_navigator-5] 
[ros2-11] [bt_navigator-5] [WARN] [1785153041.989316815] [BehaviorTreeEngine]: Behavior Tree tick rate 100.00 was exceeded!
[ros2-11] [bt_navigator-5] [ERROR] [1785153042.090321318] [transformPoseInTargetFrame]: Extrapolation Error looking up target frame: Lookup would require extrapolation into the past.  Requested time 13.943000 but the earliest data is at time 151.094000, when looking up transform from frame [robot3/base_link] to frame [map]
[ros2-11] [bt_navigator-5] 
[ros2-11] [bt_navigator-5] [WARN] [1785153042.090459058] [BehaviorTreeEngine]: Behavior Tree tick rate 100.00 was exceeded!
[ros2-11] [bt_navigator-5] [ERROR] [1785153042.181406380] [transformPoseInTargetFrame]: Extrapolation Error looking up target frame: Lookup would require extrapolation into the past.  Requested time 13.943000 but the earliest data is at time 151.194000, when looking up transform from frame [robot3/base_link] to frame [map]
[ros2-11] [bt_navigator-5] 
[ros2-11] [bt_navigator-5] [WARN] [1785153042.181541339] [BehaviorTreeEngine]: Behavior Tree tick rate 100.00 was exceeded!
[ros2-11] [bt_navigator-5] [ERROR] [1785153042.282530744] [transformPoseInTargetFrame]: Extrapolation Error looking up target frame: Lookup would require extrapolation into the past.  Requested time 13.943000 but the earliest data is at time 151.294000, when looking up transform from frame [robot3/base_link] to frame [map]
[ros2-11] [bt_navigator-5] 
[ros2-11] [bt_navigator-5] [WARN] [1785153042.282638594] [BehaviorTreeEngine]: Behavior Tree tick rate 100.00 was exceeded!
[ros2-11] [bt_navigator-5] [ERROR] [1785153042.383674986] [transformPoseInTargetFrame]: Extrapolation Error looking up target frame: Lookup would require extrapolation into the past.  Requested time 13.943000 but the earliest data is at time 151.394000, when looking up transform from frame [robot3/base_link] to frame [map]
[ros2-11] [bt_navigator-5] 
[ros2-11] [bt_navigator-5] [WARN] [1785153042.383795972] [BehaviorTreeEngine]: Behavior Tree tick rate 100.00 was exceeded!
[ros2-11] [bt_navigator-5] [ERROR] [1785153042.484769047] [transformPoseInTargetFrame]: Extrapolation Error looking up target frame: Lookup would require extrapolation into the past.  Requested time 13.943000 but the earliest data is at time 151.494000, when looking up transform from frame [robot3/base_link] to frame [map]
[ros2-11] [bt_navigator-5] 
[ros2-11] [bt_navigator-5] [WARN] [1785153042.484898216] [BehaviorTreeEngine]: Behavior Tree tick rate 100.00 was exceeded!
[ros2-11] [planner_server-3] [INFO] [1785153042.581157456] [robot3.global_costmap.global_costmap]: Message Filter dropping message: frame 'robot3/laser_frame' at time 161.446 for reason 'the timestamp on the message is earlier than all the data in the transform cache'
[ros2-11] [bt_navigator-5] [ERROR] [1785153042.585901850] [transformPoseInTargetFrame]: Extrapolation Error looking up target frame: Lookup would require extrapolation into the past.  Requested time 13.943000 but the earliest data is at time 151.594000, when looking up transform from frame [robot3/base_link] to frame [map]
[ros2-11] [bt_navigator-5] 
[ros2-11] [bt_navigator-5] [WARN] [1785153042.586143569] [BehaviorTreeEngine]: Behavior Tree tick rate 100.00 was exceeded!
[ros2-11] [bt_navigator-5] [ERROR] [1785153042.687090045] [transformPoseInTargetFrame]: Extrapolation Error looking up target frame: Lookup would require extrapolation into the past.  Requested time 13.943000 but the earliest data is at time 151.694000, when looking up transform from frame [robot3/base_link] to frame [map]
[ros2-11] [bt_navigator-5] 
[ros2-11] [bt_navigator-5] [WARN] [1785153042.687232021] [BehaviorTreeEngine]: Behavior Tree tick rate 100.00 was exceeded!
[ros2-11] [bt_navigator-5] [ERROR] [1785153042.788156510] [transformPoseInTargetFrame]: Extrapolation Error looking up target frame: Lookup would require extrapolation into the past.  Requested time 13.943000 but the earliest data is at time 151.794000, when looking up transform from frame [robot3/base_link] to frame [map]
[ros2-11] [bt_navigator-5] 
[ros2-11] [bt_navigator-5] [WARN] [1785153042.788337460] [BehaviorTreeEngine]: Behavior Tree tick rate 100.00 was exceeded!
[ros2-11] [planner_server-3] [ERROR] [1785153042.888063741] [transformPoseInTargetFrame]: Extrapolation Error looking up target frame: Lookup would require extrapolation into the past.  Requested time 13.943000 but the earliest data is at time 151.894000, when looking up transform from frame [robot3/base_link] to frame [map]
[ros2-11] [planner_server-3] 
[ros2-11] [bt_navigator-5] [ERROR] [1785153042.889548083] [transformPoseInTargetFrame]: Extrapolation Error looking up target frame: Lookup would require extrapolation into the past.  Requested time 13.943000 but the earliest data is at time 151.894000, when looking up transform from frame [robot3/base_link] to frame [map]
[ros2-11] [bt_navigator-5] 
[ros2-11] [bt_navigator-5] [WARN] [1785153042.889648266] [BehaviorTreeEngine]: Behavior Tree tick rate 100.00 was exceeded!
[ros2-11] [bt_navigator-5] [ERROR] [1785153042.990643981] [transformPoseInTargetFrame]: Extrapolation Error looking up target frame: Lookup would require extrapolation into the past.  Requested time 13.943000 but the earliest data is at time 151.994000, when looking up transform from frame [robot3/base_link] to frame [map]
[ros2-11] [bt_navigator-5] 
[ros2-11] [bt_navigator-5] [WARN] [1785153042.990800354] [BehaviorTreeEngine]: Behavior Tree tick rate 100.00 was exceeded!
[ros2-11] [bt_navigator-5] [ERROR] [1785153043.081700559] [transformPoseInTargetFrame]: Extrapolation Error looking up target frame: Lookup would require extrapolation into the past.  Requested time 13.943000 but the earliest data is at time 151.994000, when looking up transform from frame [robot3/base_link] to frame [map]
[ros2-11] [bt_navigator-5] 
[ros2-11] [bt_navigator-5] [WARN] [1785153043.081846166] [BehaviorTreeEngine]: Behavior Tree tick rate 100.00 was exceeded!
[ros2-11] [bt_navigator-5] [ERROR] [1785153043.182917466] [transformPoseInTargetFrame]: Extrapolation Error looking up target frame: Lookup would require extrapolation into the past.  Requested time 13.943000 but the earliest data is at time 152.194000, when looking up transform from frame [robot3/base_link] to frame [map]
[ros2-11] [bt_navigator-5] 
[ros2-11] [bt_navigator-5] [WARN] [1785153043.183034691] [BehaviorTreeEngine]: Behavior Tree tick rate 100.00 was exceeded!
[ros2-11] [bt_navigator-5] [ERROR] [1785153043.284050203] [transformPoseInTargetFrame]: Extrapolation Error looking up target frame: Lookup would require extrapolation into the past.  Requested time 13.943000 but the earliest data is at time 152.294000, when looking up transform from frame [robot3/base_link] to frame [map]
[ros2-11] [bt_navigator-5] 
[ros2-11] [bt_navigator-5] [WARN] [1785153043.284239028] [BehaviorTreeEngine]: Behavior Tree tick rate 100.00 was exceeded!
[ros2-11] [bt_navigator-5] [ERROR] [1785153043.385296622] [transformPoseInTargetFrame]: Extrapolation Error looking up target frame: Lookup would require extrapolation into the past.  Requested time 13.943000 but the earliest data is at time 152.394000, when looking up transform from frame [robot3/base_link] to frame [map]
[ros2-11] [bt_navigator-5] 
[ros2-11] [bt_navigator-5] [WARN] [1785153043.385430257] [BehaviorTreeEngine]: Behavior Tree tick rate 100.00 was exceeded!
[ros2-11] [bt_navigator-5] [ERROR] [1785153043.486475830] [transformPoseInTargetFrame]: Extrapolation Error looking up target frame: Lookup would require extrapolation into the past.  Requested time 13.943000 but the earliest data is at time 152.494000, when looking up transform from frame [robot3/base_link] to frame [map]
[ros2-11] [bt_navigator-5] 
[ros2-11] [bt_navigator-5] [WARN] [1785153043.486625326] [BehaviorTreeEngine]: Behavior Tree tick rate 100.00 was exceeded!
[ros2-11] [bt_navigator-5] [ERROR] [1785153043.587588082] [transformPoseInTargetFrame]: Extrapolation Error looking up target frame: Lookup would require extrapolation into the past.  Requested time 13.943000 but the earliest data is at time 152.594000, when looking up transform from frame [robot3/base_link] to frame [map]
[ros2-11] [bt_navigator-5] 
[ros2-11] [bt_navigator-5] [WARN] [1785153043.587780972] [BehaviorTreeEngine]: Behavior Tree tick rate 100.00 was exceeded!
[ros2-11] [bt_navigator-5] [ERROR] [1785153043.688831510] [transformPoseInTargetFrame]: Extrapolation Error looking up target frame: Lookup would require extrapolation into the past.  Requested time 13.943000 but the earliest data is at time 152.694000, when looking up transform from frame [robot3/base_link] to frame [map]
[ros2-11] [bt_navigator-5] 
[ros2-11] [bt_navigator-5] [WARN] [1785153043.688945169] [BehaviorTreeEngine]: Behavior Tree tick rate 100.00 was exceeded!
[ros2-11] [bt_navigator-5] [ERROR] [1785153043.789912187] [transformPoseInTargetFrame]: Extrapolation Error looking up target frame: Lookup would require extrapolation into the past.  Requested time 13.943000 but the earliest data is at time 152.794000, when looking up transform from frame [robot3/base_link] to frame [map]
[ros2-11] [bt_navigator-5] 
[ros2-11] [bt_navigator-5] [WARN] [1785153043.790052802] [BehaviorTreeEngine]: Behavior Tree tick rate 100.00 was exceeded!
[ros2-11] [planner_server-3] [ERROR] [1785153043.887963582] [transformPoseInTargetFrame]: Extrapolation Error looking up target frame: Lookup would require extrapolation into the past.  Requested time 13.943000 but the earliest data is at time 152.894000, when looking up transform from frame [robot3/base_link] to frame [map]
[ros2-11] [planner_server-3] 
[ros2-11] [bt_navigator-5] [ERROR] [1785153043.891049057] [transformPoseInTargetFrame]: Extrapolation Error looking up target frame: Lookup would require extrapolation into the past.  Requested time 13.943000 but the earliest data is at time 152.894000, when looking up transform from frame [robot3/base_link] to frame [map]
[ros2-11] [bt_navigator-5] 
[ros2-11] [bt_navigator-5] [WARN] [1785153043.891175244] [BehaviorTreeEngine]: Behavior Tree tick rate 100.00 was exceeded!
[ros2-11] [bt_navigator-5] [ERROR] [1785153043.992214397] [transformPoseInTargetFrame]: Extrapolation Error looking up target frame: Lookup would require extrapolation into the past.  Requested time 13.943000 but the earliest data is at time 152.994000, when looking up transform from frame [robot3/base_link] to frame [map]
[ros2-11] [bt_navigator-5] 
[ros2-11] [bt_navigator-5] [WARN] [1785153043.992352478] [BehaviorTreeEngine]: Behavior Tree tick rate 100.00 was exceeded!
[ros2-11] [bt_navigator-5] [ERROR] [1785153044.093449176] [transformPoseInTargetFrame]: Extrapolation Error looking up target frame: Lookup would require extrapolation into the past.  Requested time 13.943000 but the earliest data is at time 153.094000, when looking up transform from frame [robot3/base_link] to frame [map]
[ros2-11] [bt_navigator-5] 
[ros2-11] [bt_navigator-5] [WARN] [1785153044.093618638] [BehaviorTreeEngine]: Behavior Tree tick rate 100.00 was exceeded!
[ros2-11] [bt_navigator-5] [ERROR] [1785153044.184705850] [transformPoseInTargetFrame]: Extrapolation Error looking up target frame: Lookup would require extrapolation into the past.  Requested time 13.943000 but the earliest data is at time 153.194000, when looking up transform from frame [robot3/base_link] to frame [map]
[ros2-11] [bt_navigator-5] 
[ros2-11] [bt_navigator-5] [WARN] [1785153044.184898040] [BehaviorTreeEngine]: Behavior Tree tick rate 100.00 was exceeded!
[ros2-11] [bt_navigator-5] [ERROR] [1785153044.285944550] [transformPoseInTargetFrame]: Extrapolation Error looking up target frame: Lookup would require extrapolation into the past.  Requested time 13.943000 but the earliest data is at time 153.294000, when looking up transform from frame [robot3/base_link] to frame [map]
[ros2-11] [bt_navigator-5] 
[ros2-11] [bt_navigator-5] [WARN] [1785153044.286126916] [BehaviorTreeEngine]: Behavior Tree tick rate 100.00 was exceeded!
[ros2-11] [bt_navigator-5] [ERROR] [1785153044.387103875] [transformPoseInTargetFrame]: Extrapolation Error looking up target frame: Lookup would require extrapolation into the past.  Requested time 13.943000 but the earliest data is at time 153.394000, when looking up transform from frame [robot3/base_link] to frame [map]
[ros2-11] [bt_navigator-5] 
[ros2-11] [bt_navigator-5] [WARN] [1785153044.387209462] [BehaviorTreeEngine]: Behavior Tree tick rate 100.00 was exceeded!
[ros2-11] [bt_navigator-5] [ERROR] [1785153044.488142443] [transformPoseInTargetFrame]: Extrapolation Error looking up target frame: Lookup would require extrapolation into the past.  Requested time 13.943000 but the earliest data is at time 153.494000, when looking up transform from frame [robot3/base_link] to frame [map]
[ros2-11] [bt_navigator-5] 
[ros2-11] [bt_navigator-5] [WARN] [1785153044.488332363] [BehaviorTreeEngine]: Behavior Tree tick rate 100.00 was exceeded!
[ros2-11] [bt_navigator-5] [ERROR] [1785153044.589430475] [transformPoseInTargetFrame]: Extrapolation Error looking up target frame: Lookup would require extrapolation into the past.  Requested time 13.943000 but the earliest data is at time 153.594000, when looking up transform from frame [robot3/base_link] to frame [map]
[ros2-11] [bt_navigator-5] 
[ros2-11] [bt_navigator-5] [WARN] [1785153044.589553407] [BehaviorTreeEngine]: Behavior Tree tick rate 100.00 was exceeded!
[ros2-11] [bt_navigator-5] [ERROR] [1785153044.690611583] [transformPoseInTargetFrame]: Extrapolation Error looking up target frame: Lookup would require extrapolation into the past.  Requested time 13.943000 but the earliest data is at time 153.694000, when looking up transform from frame [robot3/base_link] to frame [map]
[ros2-11] [bt_navigator-5] 
[ros2-11] [bt_navigator-5] [WARN] [1785153044.690736944] [BehaviorTreeEngine]: Behavior Tree tick rate 100.00 was exceeded!
[ros2-11] [bt_navigator-5] [ERROR] [1785153044.791748667] [transformPoseInTargetFrame]: Extrapolation Error looking up target frame: Lookup would require extrapolation into the past.  Requested time 13.943000 but the earliest data is at time 153.794000, when looking up transform from frame [robot3/base_link] to frame [map]
[ros2-11] [bt_navigator-5] 
[ros2-11] [bt_navigator-5] [WARN] [1785153044.791866533] [BehaviorTreeEngine]: Behavior Tree tick rate 100.00 was exceeded!
[ros2-11] [planner_server-3] [ERROR] [1785153044.887961212] [transformPoseInTargetFrame]: Extrapolation Error looking up target frame: Lookup would require extrapolation into the past.  Requested time 13.943000 but the earliest data is at time 153.894000, when looking up transform from frame [robot3/base_link] to frame [map]
[ros2-11] [planner_server-3] 
[ros2-11] [bt_navigator-5] [ERROR] [1785153044.892827900] [transformPoseInTargetFrame]: Extrapolation Error looking up target frame: Lookup would require extrapolation into the past.  Requested time 13.943000 but the earliest data is at time 153.894000, when looking up transform from frame [robot3/base_link] to frame [map]
[ros2-11] [bt_navigator-5] 
[ros2-11] [bt_navigator-5] [WARN] [1785153044.892994805] [BehaviorTreeEngine]: Behavior Tree tick rate 100.00 was exceeded!
[ros2-11] [bt_navigator-5] [ERROR] [1785153044.984123831] [transformPoseInTargetFrame]: Extrapolation Error looking up target frame: Lookup would require extrapolation into the past.  Requested time 13.943000 but the earliest data is at time 153.894000, when looking up transform from frame [robot3/base_link] to frame [map]
[ros2-11] [bt_navigator-5] 
[ros2-11] [bt_navigator-5] [WARN] [1785153044.984300285] [BehaviorTreeEngine]: Behavior Tree tick rate 100.00 was exceeded!
[ros2-11] [planner_server-3] [INFO] [1785153045.084325723] [robot3.global_costmap.global_costmap]: Message Filter dropping message: frame 'robot3/laser_frame' at time 163.946 for reason 'the timestamp on the message is earlier than all the data in the transform cache'
[ros2-11] [bt_navigator-5] [ERROR] [1785153045.085294062] [transformPoseInTargetFrame]: Extrapolation Error looking up target frame: Lookup would require extrapolation into the past.  Requested time 13.943000 but the earliest data is at time 153.994000, when looking up transform from frame [robot3/base_link] to frame [map]
[ros2-11] [bt_navigator-5] 
[ros2-11] [bt_navigator-5] [WARN] [1785153045.085443664] [BehaviorTreeEngine]: Behavior Tree tick rate 100.00 was exceeded!
[ros2-11] [bt_navigator-5] [ERROR] [1785153045.186603169] [transformPoseInTargetFrame]: Extrapolation Error looking up target frame: Lookup would require extrapolation into the past.  Requested time 13.943000 but the earliest data is at time 154.194000, when looking up transform from frame [robot3/base_link] to frame [map]
[ros2-11] [bt_navigator-5] 
[ros2-11] [bt_navigator-5] [WARN] [1785153045.186757132] [BehaviorTreeEngine]: Behavior Tree tick rate 100.00 was exceeded!
[ros2-11] [bt_navigator-5] [ERROR] [1785153045.287889205] [transformPoseInTargetFrame]: Extrapolation Error looking up target frame: Lookup would require extrapolation into the past.  Requested time 13.943000 but the earliest data is at time 154.294000, when looking up transform from frame [robot3/base_link] to frame [map]
[ros2-11] [bt_navigator-5] 
[ros2-11] [bt_navigator-5] [WARN] [1785153045.287991809] [BehaviorTreeEngine]: Behavior Tree tick rate 100.00 was exceeded!
[ros2-11] [bt_navigator-5] [ERROR] [1785153045.389001538] [transformPoseInTargetFrame]: Extrapolation Error looking up target frame: Lookup would require extrapolation into the past.  Requested time 13.943000 but the earliest data is at time 154.394000, when looking up transform from frame [robot3/base_link] to frame [map]
[ros2-11] [bt_navigator-5] 
[ros2-11] [bt_navigator-5] [WARN] [1785153045.389117678] [BehaviorTreeEngine]: Behavior Tree tick rate 100.00 was exceeded!
[ros2-11] [bt_navigator-5] [ERROR] [1785153045.490074887] [transformPoseInTargetFrame]: Extrapolation Error looking up target frame: Lookup would require extrapolation into the past.  Requested time 13.943000 but the earliest data is at time 154.494000, when looking up transform from frame [robot3/base_link] to frame [map]
[ros2-11] [bt_navigator-5] 
[ros2-11] [bt_navigator-5] [WARN] [1785153045.490257526] [BehaviorTreeEngine]: Behavior Tree tick rate 100.00 was exceeded!
[ros2-11] [bt_navigator-5] [ERROR] [1785153045.591279533] [transformPoseInTargetFrame]: Extrapolation Error looking up target frame: Lookup would require extrapolation into the past.  Requested time 13.943000 but the earliest data is at time 154.594000, when looking up transform from frame [robot3/base_link] to frame [map]
[ros2-11] [bt_navigator-5] 
[ros2-11] [bt_navigator-5] [WARN] [1785153045.591394420] [BehaviorTreeEngine]: Behavior Tree tick rate 100.00 was exceeded!
[ros2-11] [bt_navigator-5] [ERROR] [1785153045.692382934] [transformPoseInTargetFrame]: Extrapolation Error looking up target frame: Lookup would require extrapolation into the past.  Requested time 13.943000 but the earliest data is at time 154.694000, when looking up transform from frame [robot3/base_link] to frame [map]
[ros2-11] [bt_navigator-5] 
[ros2-11] [bt_navigator-5] [WARN] [1785153045.692537162] [BehaviorTreeEngine]: Behavior Tree tick rate 100.00 was exceeded!
[ros2-11] [bt_navigator-5] [ERROR] [1785153045.793463353] [transformPoseInTargetFrame]: Extrapolation Error looking up target frame: Lookup would require extrapolation into the past.  Requested time 13.943000 but the earliest data is at time 154.794000, when looking up transform from frame [robot3/base_link] to frame [map]
[ros2-11] [bt_navigator-5] 
[ros2-11] [bt_navigator-5] [WARN] [1785153045.793575516] [BehaviorTreeEngine]: Behavior Tree tick rate 100.00 was exceeded!
[ros2-11] [planner_server-3] [ERROR] [1785153045.887973036] [transformPoseInTargetFrame]: Extrapolation Error looking up target frame: Lookup would require extrapolation into the past.  Requested time 13.943000 but the earliest data is at time 154.894000, when looking up transform from frame [robot3/base_link] to frame [map]
[ros2-11] [planner_server-3] 
[ros2-11] [bt_navigator-5] [ERROR] [1785153045.894660568] [transformPoseInTargetFrame]: Extrapolation Error looking up target frame: Lookup would require extrapolation into the past.  Requested time 13.943000 but the earliest data is at time 154.894000, when looking up transform from frame [robot3/base_link] to frame [map]
[ros2-11] [bt_navigator-5] 
[ros2-11] [bt_navigator-5] [WARN] [1785153045.894766926] [BehaviorTreeEngine]: Behavior Tree tick rate 100.00 was exceeded!
[ros2-11] [bt_navigator-5] [ERROR] [1785153045.995783848] [transformPoseInTargetFrame]: Extrapolation Error looking up target frame: Lookup would require extrapolation into the past.  Requested time 13.943000 but the earliest data is at time 154.994000, when looking up transform from frame [robot3/base_link] to frame [map]
[ros2-11] [bt_navigator-5] 
[ros2-11] [bt_navigator-5] [WARN] [1785153045.995900986] [BehaviorTreeEngine]: Behavior Tree tick rate 100.00 was exceeded!
[ros2-11] [bt_navigator-5] [ERROR] [1785153046.086954924] [transformPoseInTargetFrame]: Extrapolation Error looking up target frame: Lookup would require extrapolation into the past.  Requested time 13.943000 but the earliest data is at time 154.994000, when looking up transform from frame [robot3/base_link] to frame [map]
[ros2-11] [bt_navigator-5] 
[ros2-11] [bt_navigator-5] [WARN] [1785153046.087191909] [BehaviorTreeEngine]: Behavior Tree tick rate 100.00 was exceeded!
[ros2-11] [bt_navigator-5] [ERROR] [1785153046.188237571] [transformPoseInTargetFrame]: Extrapolation Error looking up target frame: Lookup would require extrapolation into the past.  Requested time 13.943000 but the earliest data is at time 155.194000, when looking up transform from frame [robot3/base_link] to frame [map]
[ros2-11] [bt_navigator-5] 
[ros2-11] [bt_navigator-5] [WARN] [1785153046.188342589] [BehaviorTreeEngine]: Behavior Tree tick rate 100.00 was exceeded!
[ros2-11] [bt_navigator-5] [ERROR] [1785153046.289366101] [transformPoseInTargetFrame]: Extrapolation Error looking up target frame: Lookup would require extrapolation into the past.  Requested time 13.943000 but the earliest data is at time 155.294000, when looking up transform from frame [robot3/base_link] to frame [map]
[ros2-11] [bt_navigator-5] 
[ros2-11] [bt_navigator-5] [WARN] [1785153046.289481348] [BehaviorTreeEngine]: Behavior Tree tick rate 100.00 was exceeded!
[ros2-11] [bt_navigator-5] [ERROR] [1785153046.390410591] [transformPoseInTargetFrame]: Extrapolation Error looking up target frame: Lookup would require extrapolation into the past.  Requested time 13.943000 but the earliest data is at time 155.394000, when looking up transform from frame [robot3/base_link] to frame [map]
[ros2-11] [bt_navigator-5] 
[ros2-11] [bt_navigator-5] [WARN] [1785153046.390515257] [BehaviorTreeEngine]: Behavior Tree tick rate 100.00 was exceeded!
[ros2-11] [bt_navigator-5] [ERROR] [1785153046.491644328] [transformPoseInTargetFrame]: Extrapolation Error looking up target frame: Lookup would require extrapolation into the past.  Requested time 13.943000 but the earliest data is at time 155.494000, when looking up transform from frame [robot3/base_link] to frame [map]
[ros2-11] [bt_navigator-5] 
[ros2-11] [bt_navigator-5] [WARN] [1785153046.491761989] [BehaviorTreeEngine]: Behavior Tree tick rate 100.00 was exceeded!
[ros2-11] [bt_navigator-5] [ERROR] [1785153046.592724858] [transformPoseInTargetFrame]: Extrapolation Error looking up target frame: Lookup would require extrapolation into the past.  Requested time 13.943000 but the earliest data is at time 155.594000, when looking up transform from frame [robot3/base_link] to frame [map]
[ros2-11] [bt_navigator-5] 
[ros2-11] [bt_navigator-5] [WARN] [1785153046.592868376] [BehaviorTreeEngine]: Behavior Tree tick rate 100.00 was exceeded!
[ros2-11] [bt_navigator-5] [ERROR] [1785153046.693806496] [transformPoseInTargetFrame]: Extrapolation Error looking up target frame: Lookup would require extrapolation into the past.  Requested time 13.943000 but the earliest data is at time 155.694000, when looking up transform from frame [robot3/base_link] to frame [map]
[ros2-11] [bt_navigator-5] 
[ros2-11] [bt_navigator-5] [WARN] [1785153046.693930248] [BehaviorTreeEngine]: Behavior Tree tick rate 100.00 was exceeded!
[ros2-11] [planner_server-3] [ERROR] [1785153046.787260040] [transformPoseInTargetFrame]: Extrapolation Error looking up target frame: Lookup would require extrapolation into the past.  Requested time 13.943000 but the earliest data is at time 155.694000, when looking up transform from frame [robot3/base_link] to frame [map]
[ros2-11] [planner_server-3] 
[ros2-11] [bt_navigator-5] [ERROR] [1785153046.794899387] [transformPoseInTargetFrame]: Extrapolation Error looking up target frame: Lookup would require extrapolation into the past.  Requested time 13.943000 but the earliest data is at time 155.794000, when looking up transform from frame [robot3/base_link] to frame [map]
[ros2-11] [bt_navigator-5] 
[ros2-11] [bt_navigator-5] [WARN] [1785153046.795019760] [BehaviorTreeEngine]: Behavior Tree tick rate 100.00 was exceeded!
[ros2-11] [bt_navigator-5] [ERROR] [1785153046.896140834] [transformPoseInTargetFrame]: Extrapolation Error looking up target frame: Lookup would require extrapolation into the past.  Requested time 13.943000 but the earliest data is at time 155.894000, when looking up transform from frame [robot3/base_link] to frame [map]
[ros2-11] [bt_navigator-5] 
[ros2-11] [bt_navigator-5] [WARN] [1785153046.896261017] [BehaviorTreeEngine]: Behavior Tree tick rate 100.00 was exceeded!
[ros2-11] [bt_navigator-5] [ERROR] [1785153046.987233116] [transformPoseInTargetFrame]: Extrapolation Error looking up target frame: Lookup would require extrapolation into the past.  Requested time 13.943000 but the earliest data is at time 155.894000, when looking up transform from frame [robot3/base_link] to frame [map]
[ros2-11] [bt_navigator-5] 
[ros2-11] [bt_navigator-5] [WARN] [1785153046.987415185] [BehaviorTreeEngine]: Behavior Tree tick rate 100.00 was exceeded!
[ros2-11] [bt_navigator-5] [ERROR] [1785153047.088418840] [transformPoseInTargetFrame]: Extrapolation Error looking up target frame: Lookup would require extrapolation into the past.  Requested time 13.943000 but the earliest data is at time 156.094000, when looking up transform from frame [robot3/base_link] to frame [map]
[ros2-11] [bt_navigator-5] 
[ros2-11] [bt_navigator-5] [WARN] [1785153047.088564887] [BehaviorTreeEngine]: Behavior Tree tick rate 100.00 was exceeded!
[ros2-11] [bt_navigator-5] [ERROR] [1785153047.203699425] [transformPoseInTargetFrame]: Extrapolation Error looking up target frame: Lookup would require extrapolation into the past.  Requested time 13.943000 but the earliest data is at time 156.194000, when looking up transform from frame [robot3/base_link] to frame [map]
[ros2-11] [bt_navigator-5] 
[ros2-11] [bt_navigator-5] [WARN] [1785153047.204643158] [BehaviorTreeEngine]: Behavior Tree tick rate 100.00 was exceeded!
[ros2-11] [bt_navigator-5] [ERROR] [1785153047.296048256] [transformPoseInTargetFrame]: Extrapolation Error looking up target frame: Lookup would require extrapolation into the past.  Requested time 13.943000 but the earliest data is at time 156.294000, when looking up transform from frame [robot3/base_link] to frame [map]
[ros2-11] [bt_navigator-5] 
[ros2-11] [bt_navigator-5] [WARN] [1785153047.296232513] [BehaviorTreeEngine]: Behavior Tree tick rate 100.00 was exceeded!
[ros2-11] [bt_navigator-5] [ERROR] [1785153047.397248302] [transformPoseInTargetFrame]: Extrapolation Error looking up target frame: Lookup would require extrapolation into the past.  Requested time 13.943000 but the earliest data is at time 156.394000, when looking up transform from frame [robot3/base_link] to frame [map]
[ros2-11] [bt_navigator-5] 
[ros2-11] [bt_navigator-5] [WARN] [1785153047.397379735] [BehaviorTreeEngine]: Behavior Tree tick rate 100.00 was exceeded!
[ros2-11] [bt_navigator-5] [ERROR] [1785153047.498424823] [transformPoseInTargetFrame]: Extrapolation Error looking up target frame: Lookup would require extrapolation into the past.  Requested time 13.943000 but the earliest data is at time 156.494000, when looking up transform from frame [robot3/base_link] to frame [map]
[ros2-11] [bt_navigator-5] 
[ros2-11] [bt_navigator-5] [WARN] [1785153047.498578045] [BehaviorTreeEngine]: Behavior Tree tick rate 100.00 was exceeded!
[ros2-11] [planner_server-3] [INFO] [1785153047.589871499] [robot3.global_costmap.global_costmap]: Message Filter dropping message: frame 'robot3/laser_frame' at time 166.446 for reason 'the timestamp on the message is earlier than all the data in the transform cache'
[ros2-11] [bt_navigator-5] [ERROR] [1785153047.599602403] [transformPoseInTargetFrame]: Extrapolation Error looking up target frame: Lookup would require extrapolation into the past.  Requested time 13.943000 but the earliest data is at time 156.594000, when looking up transform from frame [robot3/base_link] to frame [map]
[ros2-11] [bt_navigator-5] 
[ros2-11] [bt_navigator-5] [WARN] [1785153047.599723565] [BehaviorTreeEngine]: Behavior Tree tick rate 100.00 was exceeded!
[ros2-11] [bt_navigator-5] [ERROR] [1785153047.690641549] [transformPoseInTargetFrame]: Extrapolation Error looking up target frame: Lookup would require extrapolation into the past.  Requested time 13.943000 but the earliest data is at time 156.694000, when looking up transform from frame [robot3/base_link] to frame [map]
[ros2-11] [bt_navigator-5] 
[ros2-11] [bt_navigator-5] [WARN] [1785153047.690804859] [BehaviorTreeEngine]: Behavior Tree tick rate 100.00 was exceeded!
[ros2-11] [bt_navigator-5] [ERROR] [1785153047.791727623] [transformPoseInTargetFrame]: Extrapolation Error looking up target frame: Lookup would require extrapolation into the past.  Requested time 13.943000 but the earliest data is at time 156.794000, when looking up transform from frame [robot3/base_link] to frame [map]
[ros2-11] [bt_navigator-5] 
[ros2-11] [bt_navigator-5] [WARN] [1785153047.791848910] [BehaviorTreeEngine]: Behavior Tree tick rate 100.00 was exceeded!
[ros2-11] [planner_server-3] [ERROR] [1785153047.797205938] [transformPoseInTargetFrame]: Extrapolation Error looking up target frame: Lookup would require extrapolation into the past.  Requested time 13.943000 but the earliest data is at time 156.794000, when looking up transform from frame [robot3/base_link] to frame [map]
[ros2-11] [planner_server-3] 
[ros2-11] [bt_navigator-5] [ERROR] [1785153047.892840937] [transformPoseInTargetFrame]: Extrapolation Error looking up target frame: Lookup would require extrapolation into the past.  Requested time 13.943000 but the earliest data is at time 156.894000, when looking up transform from frame [robot3/base_link] to frame [map]
[ros2-11] [bt_navigator-5] 
[ros2-11] [bt_navigator-5] [WARN] [1785153047.893011563] [BehaviorTreeEngine]: Behavior Tree tick rate 100.00 was exceeded!
[ros2-11] [bt_navigator-5] [ERROR] [1785153047.993994131] [transformPoseInTargetFrame]: Extrapolation Error looking up target frame: Lookup would require extrapolation into the past.  Requested time 13.943000 but the earliest data is at time 156.994000, when looking up transform from frame [robot3/base_link] to frame [map]
[ros2-11] [bt_navigator-5] 
[ros2-11] [bt_navigator-5] [WARN] [1785153047.994109919] [BehaviorTreeEngine]: Behavior Tree tick rate 100.00 was exceeded!
[ros2-11] [bt_navigator-5] [ERROR] [1785153048.095157119] [transformPoseInTargetFrame]: Extrapolation Error looking up target frame: Lookup would require extrapolation into the past.  Requested time 13.943000 but the earliest data is at time 157.094000, when looking up transform from frame [robot3/base_link] to frame [map]
[ros2-11] [bt_navigator-5] 
[ros2-11] [bt_navigator-5] [WARN] [1785153048.095296593] [BehaviorTreeEngine]: Behavior Tree tick rate 100.00 was exceeded!
[ros2-11] [bt_navigator-5] [ERROR] [1785153048.196305336] [transformPoseInTargetFrame]: Extrapolation Error looking up target frame: Lookup would require extrapolation into the past.  Requested time 13.943000 but the earliest data is at time 157.194000, when looking up transform from frame [robot3/base_link] to frame [map]
[ros2-11] [bt_navigator-5] 
[ros2-11] [bt_navigator-5] [WARN] [1785153048.196453017] [BehaviorTreeEngine]: Behavior Tree tick rate 100.00 was exceeded!
[ros2-11] [bt_navigator-5] [ERROR] [1785153048.297428471] [transformPoseInTargetFrame]: Extrapolation Error looking up target frame: Lookup would require extrapolation into the past.  Requested time 13.943000 but the earliest data is at time 157.294000, when looking up transform from frame [robot3/base_link] to frame [map]
[ros2-11] [bt_navigator-5] 
[ros2-11] [bt_navigator-5] [WARN] [1785153048.297553049] [BehaviorTreeEngine]: Behavior Tree tick rate 100.00 was exceeded!
[ros2-11] [bt_navigator-5] [ERROR] [1785153048.398589734] [transformPoseInTargetFrame]: Extrapolation Error looking up target frame: Lookup would require extrapolation into the past.  Requested time 13.943000 but the earliest data is at time 157.394000, when looking up transform from frame [robot3/base_link] to frame [map]
[ros2-11] [bt_navigator-5] 
[ros2-11] [bt_navigator-5] [WARN] [1785153048.398704687] [BehaviorTreeEngine]: Behavior Tree tick rate 100.00 was exceeded!
[ros2-11] [bt_navigator-5] [ERROR] [1785153048.499753591] [transformPoseInTargetFrame]: Extrapolation Error looking up target frame: Lookup would require extrapolation into the past.  Requested time 13.943000 but the earliest data is at time 157.494000, when looking up transform from frame [robot3/base_link] to frame [map]
[ros2-11] [bt_navigator-5] 
[ros2-11] [bt_navigator-5] [WARN] [1785153048.499879714] [BehaviorTreeEngine]: Behavior Tree tick rate 100.00 was exceeded!
[ros2-11] [bt_navigator-5] [ERROR] [1785153048.590831728] [transformPoseInTargetFrame]: Extrapolation Error looking up target frame: Lookup would require extrapolation into the past.  Requested time 13.943000 but the earliest data is at time 157.494000, when looking up transform from frame [robot3/base_link] to frame [map]
[ros2-11] [bt_navigator-5] 
[ros2-11] [bt_navigator-5] [WARN] [1785153048.591003232] [BehaviorTreeEngine]: Behavior Tree tick rate 100.00 was exceeded!
[ros2-11] [bt_navigator-5] [ERROR] [1785153048.692047964] [transformPoseInTargetFrame]: Extrapolation Error looking up target frame: Lookup would require extrapolation into the past.  Requested time 13.943000 but the earliest data is at time 157.594000, when looking up transform from frame [robot3/base_link] to frame [map]
[ros2-11] [bt_navigator-5] 
[ros2-11] [bt_navigator-5] [WARN] [1785153048.692189959] [BehaviorTreeEngine]: Behavior Tree tick rate 100.00 was exceeded!
[ros2-11] [bt_navigator-5] [ERROR] [1785153048.793194634] [transformPoseInTargetFrame]: Extrapolation Error looking up target frame: Lookup would require extrapolation into the past.  Requested time 13.943000 but the earliest data is at time 157.694000, when looking up transform from frame [robot3/base_link] to frame [map]
[ros2-11] [bt_navigator-5] 
[ros2-11] [bt_navigator-5] [WARN] [1785153048.793359290] [BehaviorTreeEngine]: Behavior Tree tick rate 100.00 was exceeded!
[ros2-11] [planner_server-3] [ERROR] [1785153048.797094035] [transformPoseInTargetFrame]: Extrapolation Error looking up target frame: Lookup would require extrapolation into the past.  Requested time 13.943000 but the earliest data is at time 157.794000, when looking up transform from frame [robot3/base_link] to frame [map]
[ros2-11] [planner_server-3] 
[ros2-11] [bt_navigator-5] [ERROR] [1785153048.894409820] [transformPoseInTargetFrame]: Extrapolation Error looking up target frame: Lookup would require extrapolation into the past.  Requested time 13.943000 but the earliest data is at time 157.894000, when looking up transform from frame [robot3/base_link] to frame [map]
[ros2-11] [bt_navigator-5] 
[ros2-11] [bt_navigator-5] [WARN] [1785153048.894529965] [BehaviorTreeEngine]: Behavior Tree tick rate 100.00 was exceeded!
[ros2-11] [bt_navigator-5] [ERROR] [1785153048.995493380] [transformPoseInTargetFrame]: Extrapolation Error looking up target frame: Lookup would require extrapolation into the past.  Requested time 13.943000 but the earliest data is at time 157.994000, when looking up transform from frame [robot3/base_link] to frame [map]
[ros2-11] [bt_navigator-5] 
[ros2-11] [bt_navigator-5] [WARN] [1785153048.995596189] [BehaviorTreeEngine]: Behavior Tree tick rate 100.00 was exceeded!
[ros2-11] [bt_navigator-5] [ERROR] [1785153049.096639490] [transformPoseInTargetFrame]: Extrapolation Error looking up target frame: Lookup would require extrapolation into the past.  Requested time 13.943000 but the earliest data is at time 158.094000, when looking up transform from frame [robot3/base_link] to frame [map]
[ros2-11] [bt_navigator-5] 
[ros2-11] [bt_navigator-5] [WARN] [1785153049.096759670] [BehaviorTreeEngine]: Behavior Tree tick rate 100.00 was exceeded!
[ros2-11] [bt_navigator-5] [ERROR] [1785153049.197746050] [transformPoseInTargetFrame]: Extrapolation Error looking up target frame: Lookup would require extrapolation into the past.  Requested time 13.943000 but the earliest data is at time 158.194000, when looking up transform from frame [robot3/base_link] to frame [map]
[ros2-11] [bt_navigator-5] 
[ros2-11] [bt_navigator-5] [WARN] [1785153049.197873588] [BehaviorTreeEngine]: Behavior Tree tick rate 100.00 was exceeded!
[ros2-11] [bt_navigator-5] [ERROR] [1785153049.298907883] [transformPoseInTargetFrame]: Extrapolation Error looking up target frame: Lookup would require extrapolation into the past.  Requested time 13.943000 but the earliest data is at time 158.294000, when looking up transform from frame [robot3/base_link] to frame [map]
[ros2-11] [bt_navigator-5] 
[ros2-11] [bt_navigator-5] [WARN] [1785153049.299048537] [BehaviorTreeEngine]: Behavior Tree tick rate 100.00 was exceeded!
[ros2-11] [bt_navigator-5] [ERROR] [1785153049.400151433] [transformPoseInTargetFrame]: Extrapolation Error looking up target frame: Lookup would require extrapolation into the past.  Requested time 13.943000 but the earliest data is at time 158.394000, when looking up transform from frame [robot3/base_link] to frame [map]
[ros2-11] [bt_navigator-5] 
[ros2-11] [bt_navigator-5] [WARN] [1785153049.416188390] [BehaviorTreeEngine]: Behavior Tree tick rate 100.00 was exceeded!
[ros2-11] [bt_navigator-5] [ERROR] [1785153049.497048056] [transformPoseInTargetFrame]: Extrapolation Error looking up target frame: Lookup would require extrapolation into the past.  Requested time 13.943000 but the earliest data is at time 158.494000, when looking up transform from frame [robot3/base_link] to frame [map]
[ros2-11] [bt_navigator-5] 
[ros2-11] [bt_navigator-5] [WARN] [1785153049.497166572] [BehaviorTreeEngine]: Behavior Tree tick rate 100.00 was exceeded!
[ros2-11] [bt_navigator-5] [ERROR] [1785153049.598195681] [transformPoseInTargetFrame]: Extrapolation Error looking up target frame: Lookup would require extrapolation into the past.  Requested time 13.943000 but the earliest data is at time 158.594000, when looking up transform from frame [robot3/base_link] to frame [map]
[ros2-11] [bt_navigator-5] 
[ros2-11] [bt_navigator-5] [WARN] [1785153049.598362677] [BehaviorTreeEngine]: Behavior Tree tick rate 100.00 was exceeded!
[ros2-11] [bt_navigator-5] [ERROR] [1785153049.699495584] [transformPoseInTargetFrame]: Extrapolation Error looking up target frame: Lookup would require extrapolation into the past.  Requested time 13.943000 but the earliest data is at time 158.694000, when looking up transform from frame [robot3/base_link] to frame [map]
[ros2-11] [bt_navigator-5] 
[ros2-11] [bt_navigator-5] [WARN] [1785153049.699643412] [BehaviorTreeEngine]: Behavior Tree tick rate 100.00 was exceeded!
[ros2-11] [planner_server-3] [ERROR] [1785153049.797254860] [transformPoseInTargetFrame]: Extrapolation Error looking up target frame: Lookup would require extrapolation into the past.  Requested time 13.943000 but the earliest data is at time 158.794000, when looking up transform from frame [robot3/base_link] to frame [map]
[ros2-11] [planner_server-3] 
[ros2-11] [bt_navigator-5] [ERROR] [1785153049.800634668] [transformPoseInTargetFrame]: Extrapolation Error looking up target frame: Lookup would require extrapolation into the past.  Requested time 13.943000 but the earliest data is at time 158.794000, when looking up transform from frame [robot3/base_link] to frame [map]
[ros2-11] [bt_navigator-5] 
[ros2-11] [bt_navigator-5] [WARN] [1785153049.800744498] [BehaviorTreeEngine]: Behavior Tree tick rate 100.00 was exceeded!
[ros2-11] [bt_navigator-5] [ERROR] [1785153049.901861473] [transformPoseInTargetFrame]: Extrapolation Error looking up target frame: Lookup would require extrapolation into the past.  Requested time 13.943000 but the earliest data is at time 158.894000, when looking up transform from frame [robot3/base_link] to frame [map]
[ros2-11] [bt_navigator-5] 
[ros2-11] [bt_navigator-5] [WARN] [1785153049.901980882] [BehaviorTreeEngine]: Behavior Tree tick rate 100.00 was exceeded!
[ros2-11] [bt_navigator-5] [ERROR] [1785153050.003036149] [transformPoseInTargetFrame]: Extrapolation Error looking up target frame: Lookup would require extrapolation into the past.  Requested time 13.943000 but the earliest data is at time 158.994000, when looking up transform from frame [robot3/base_link] to frame [map]
[ros2-11] [bt_navigator-5] 
[ros2-11] [bt_navigator-5] [WARN] [1785153050.003166697] [BehaviorTreeEngine]: Behavior Tree tick rate 100.00 was exceeded!
[ros2-11] [planner_server-3] [INFO] [1785153050.092433751] [robot3.global_costmap.global_costmap]: Message Filter dropping message: frame 'robot3/laser_frame' at time 168.946 for reason 'the timestamp on the message is earlier than all the data in the transform cache'
[ros2-11] [bt_navigator-5] [ERROR] [1785153050.094131695] [transformPoseInTargetFrame]: Extrapolation Error looking up target frame: Lookup would require extrapolation into the past.  Requested time 13.943000 but the earliest data is at time 159.094000, when looking up transform from frame [robot3/base_link] to frame [map]
[ros2-11] [bt_navigator-5] 
[ros2-11] [bt_navigator-5] [WARN] [1785153050.094315072] [BehaviorTreeEngine]: Behavior Tree tick rate 100.00 was exceeded!
[ros2-11] [bt_navigator-5] [ERROR] [1785153050.195388772] [transformPoseInTargetFrame]: Extrapolation Error looking up target frame: Lookup would require extrapolation into the past.  Requested time 13.943000 but the earliest data is at time 159.194000, when looking up transform from frame [robot3/base_link] to frame [map]
[ros2-11] [bt_navigator-5] 
[ros2-11] [bt_navigator-5] [WARN] [1785153050.195492264] [BehaviorTreeEngine]: Behavior Tree tick rate 100.00 was exceeded!
[ros2-11] [bt_navigator-5] [ERROR] [1785153050.296582636] [transformPoseInTargetFrame]: Extrapolation Error looking up target frame: Lookup would require extrapolation into the past.  Requested time 13.943000 but the earliest data is at time 159.294000, when looking up transform from frame [robot3/base_link] to frame [map]
[ros2-11] [bt_navigator-5] 
[ros2-11] [bt_navigator-5] [WARN] [1785153050.296689540] [BehaviorTreeEngine]: Behavior Tree tick rate 100.00 was exceeded!
[ros2-11] [bt_navigator-5] [ERROR] [1785153050.397700735] [transformPoseInTargetFrame]: Extrapolation Error looking up target frame: Lookup would require extrapolation into the past.  Requested time 13.943000 but the earliest data is at time 159.394000, when looking up transform from frame [robot3/base_link] to frame [map]
[ros2-11] [bt_navigator-5] 
[ros2-11] [bt_navigator-5] [WARN] [1785153050.397811121] [BehaviorTreeEngine]: Behavior Tree tick rate 100.00 was exceeded!
[ros2-11] [bt_navigator-5] [ERROR] [1785153050.498870650] [transformPoseInTargetFrame]: Extrapolation Error looking up target frame: Lookup would require extrapolation into the past.  Requested time 13.943000 but the earliest data is at time 159.494000, when looking up transform from frame [robot3/base_link] to frame [map]
[ros2-11] [bt_navigator-5] 
[ros2-11] [bt_navigator-5] [WARN] [1785153050.499022396] [BehaviorTreeEngine]: Behavior Tree tick rate 100.00 was exceeded!
[ros2-11] [bt_navigator-5] [ERROR] [1785153050.600009088] [transformPoseInTargetFrame]: Extrapolation Error looking up target frame: Lookup would require extrapolation into the past.  Requested time 13.943000 but the earliest data is at time 159.594000, when looking up transform from frame [robot3/base_link] to frame [map]
[ros2-11] [bt_navigator-5] 
[ros2-11] [bt_navigator-5] [WARN] [1785153050.600151849] [BehaviorTreeEngine]: Behavior Tree tick rate 100.00 was exceeded!
[ros2-11] [bt_navigator-5] [ERROR] [1785153050.701149266] [transformPoseInTargetFrame]: Extrapolation Error looking up target frame: Lookup would require extrapolation into the past.  Requested time 13.943000 but the earliest data is at time 159.694000, when looking up transform from frame [robot3/base_link] to frame [map]
[ros2-11] [bt_navigator-5] 
[ros2-11] [bt_navigator-5] [WARN] [1785153050.701274794] [BehaviorTreeEngine]: Behavior Tree tick rate 100.00 was exceeded!
[ros2-11] [planner_server-3] [ERROR] [1785153050.797150463] [transformPoseInTargetFrame]: Extrapolation Error looking up target frame: Lookup would require extrapolation into the past.  Requested time 13.943000 but the earliest data is at time 159.794000, when looking up transform from frame [robot3/base_link] to frame [map]
[ros2-11] [planner_server-3] 
[ros2-11] [bt_navigator-5] [ERROR] [1785153050.802251830] [transformPoseInTargetFrame]: Extrapolation Error looking up target frame: Lookup would require extrapolation into the past.  Requested time 13.943000 but the earliest data is at time 159.794000, when looking up transform from frame [robot3/base_link] to frame [map]
[ros2-11] [bt_navigator-5] 
[ros2-11] [bt_navigator-5] [WARN] [1785153050.802442457] [BehaviorTreeEngine]: Behavior Tree tick rate 100.00 was exceeded!
[ros2-11] [bt_navigator-5] [ERROR] [1785153050.903484512] [transformPoseInTargetFrame]: Extrapolation Error looking up target frame: Lookup would require extrapolation into the past.  Requested time 13.943000 but the earliest data is at time 159.894000, when looking up transform from frame [robot3/base_link] to frame [map]
[ros2-11] [bt_navigator-5] 
[ros2-11] [bt_navigator-5] [WARN] [1785153050.903694723] [BehaviorTreeEngine]: Behavior Tree tick rate 100.00 was exceeded!
[ros2-11] [bt_navigator-5] [ERROR] [1785153050.994766906] [transformPoseInTargetFrame]: Extrapolation Error looking up target frame: Lookup would require extrapolation into the past.  Requested time 13.943000 but the earliest data is at time 159.994000, when looking up transform from frame [robot3/base_link] to frame [map]
[ros2-11] [bt_navigator-5] 
[ros2-11] [bt_navigator-5] [WARN] [1785153050.994937689] [BehaviorTreeEngine]: Behavior Tree tick rate 100.00 was exceeded!
[ros2-11] [bt_navigator-5] [ERROR] [1785153051.096084709] [transformPoseInTargetFrame]: Extrapolation Error looking up target frame: Lookup would require extrapolation into the past.  Requested time 13.943000 but the earliest data is at time 160.094000, when looking up transform from frame [robot3/base_link] to frame [map]
[ros2-11] [bt_navigator-5] 
[ros2-11] [bt_navigator-5] [WARN] [1785153051.096203470] [BehaviorTreeEngine]: Behavior Tree tick rate 100.00 was exceeded!
[ros2-11] [bt_navigator-5] [ERROR] [1785153051.197192345] [transformPoseInTargetFrame]: Extrapolation Error looking up target frame: Lookup would require extrapolation into the past.  Requested time 13.943000 but the earliest data is at time 160.194000, when looking up transform from frame [robot3/base_link] to frame [map]
[ros2-11] [bt_navigator-5] 
[ros2-11] [bt_navigator-5] [WARN] [1785153051.197333196] [BehaviorTreeEngine]: Behavior Tree tick rate 100.00 was exceeded!
[ros2-11] [bt_navigator-5] [ERROR] [1785153051.298379582] [transformPoseInTargetFrame]: Extrapolation Error looking up target frame: Lookup would require extrapolation into the past.  Requested time 13.943000 but the earliest data is at time 160.294000, when looking up transform from frame [robot3/base_link] to frame [map]
[ros2-11] [bt_navigator-5] 
[ros2-11] [bt_navigator-5] [WARN] [1785153051.298502706] [BehaviorTreeEngine]: Behavior Tree tick rate 100.00 was exceeded!
[ros2-11] [bt_navigator-5] [ERROR] [1785153051.399489713] [transformPoseInTargetFrame]: Extrapolation Error looking up target frame: Lookup would require extrapolation into the past.  Requested time 13.943000 but the earliest data is at time 160.394000, when looking up transform from frame [robot3/base_link] to frame [map]
[ros2-11] [bt_navigator-5] 
[ros2-11] [bt_navigator-5] [WARN] [1785153051.399597569] [BehaviorTreeEngine]: Behavior Tree tick rate 100.00 was exceeded!
[ros2-11] [bt_navigator-5] [ERROR] [1785153051.500571950] [transformPoseInTargetFrame]: Extrapolation Error looking up target frame: Lookup would require extrapolation into the past.  Requested time 13.943000 but the earliest data is at time 160.494000, when looking up transform from frame [robot3/base_link] to frame [map]
[ros2-11] [bt_navigator-5] 
[ros2-11] [bt_navigator-5] [WARN] [1785153051.500711998] [BehaviorTreeEngine]: Behavior Tree tick rate 100.00 was exceeded!
[ros2-11] [bt_navigator-5] [ERROR] [1785153051.601706849] [transformPoseInTargetFrame]: Extrapolation Error looking up target frame: Lookup would require extrapolation into the past.  Requested time 13.943000 but the earliest data is at time 160.594000, when looking up transform from frame [robot3/base_link] to frame [map]
[ros2-11] [bt_navigator-5] 
[ros2-11] [bt_navigator-5] [WARN] [1785153051.601817552] [BehaviorTreeEngine]: Behavior Tree tick rate 100.00 was exceeded!
[ros2-11] [bt_navigator-5] [ERROR] [1785153051.702839054] [transformPoseInTargetFrame]: Extrapolation Error looking up target frame: Lookup would require extrapolation into the past.  Requested time 13.943000 but the earliest data is at time 160.694000, when looking up transform from frame [robot3/base_link] to frame [map]
[ros2-11] [bt_navigator-5] 
[ros2-11] [bt_navigator-5] [WARN] [1785153051.702967805] [BehaviorTreeEngine]: Behavior Tree tick rate 100.00 was exceeded!
[ros2-11] [planner_server-3] [ERROR] [1785153051.797096903] [transformPoseInTargetFrame]: Extrapolation Error looking up target frame: Lookup would require extrapolation into the past.  Requested time 13.943000 but the earliest data is at time 160.794000, when looking up transform from frame [robot3/base_link] to frame [map]
[ros2-11] [planner_server-3] 
[ros2-11] [bt_navigator-5] [ERROR] [1785153051.804033552] [transformPoseInTargetFrame]: Extrapolation Error looking up target frame: Lookup would require extrapolation into the past.  Requested time 13.943000 but the earliest data is at time 160.794000, when looking up transform from frame [robot3/base_link] to frame [map]
[ros2-11] [bt_navigator-5] 
[ros2-11] [bt_navigator-5] [WARN] [1785153051.804180796] [BehaviorTreeEngine]: Behavior Tree tick rate 100.00 was exceeded!
[ros2-11] [bt_navigator-5] [ERROR] [1785153051.905232572] [transformPoseInTargetFrame]: Extrapolation Error looking up target frame: Lookup would require extrapolation into the past.  Requested time 13.943000 but the earliest data is at time 160.894000, when looking up transform from frame [robot3/base_link] to frame [map]
[ros2-11] [bt_navigator-5] 
[ros2-11] [bt_navigator-5] [WARN] [1785153051.905353688] [BehaviorTreeEngine]: Behavior Tree tick rate 100.00 was exceeded!
[ros2-11] [bt_navigator-5] [ERROR] [1785153051.996307181] [transformPoseInTargetFrame]: Extrapolation Error looking up target frame: Lookup would require extrapolation into the past.  Requested time 13.943000 but the earliest data is at time 160.994000, when looking up transform from frame [robot3/base_link] to frame [map]
[ros2-11] [bt_navigator-5] 
[ros2-11] [bt_navigator-5] [WARN] [1785153051.996496793] [BehaviorTreeEngine]: Behavior Tree tick rate 100.00 was exceeded!
[ros2-11] [bt_navigator-5] [ERROR] [1785153052.097733806] [transformPoseInTargetFrame]: Extrapolation Error looking up target frame: Lookup would require extrapolation into the past.  Requested time 13.943000 but the earliest data is at time 160.994000, when looking up transform from frame [robot3/base_link] to frame [map]
[ros2-11] [bt_navigator-5] 
[ros2-11] [bt_navigator-5] [WARN] [1785153052.097863335] [BehaviorTreeEngine]: Behavior Tree tick rate 100.00 was exceeded!
[ros2-11] [bt_navigator-5] [ERROR] [1785153052.198942512] [transformPoseInTargetFrame]: Extrapolation Error looking up target frame: Lookup would require extrapolation into the past.  Requested time 13.943000 but the earliest data is at time 161.194000, when looking up transform from frame [robot3/base_link] to frame [map]
[ros2-11] [bt_navigator-5] 
[ros2-11] [bt_navigator-5] [WARN] [1785153052.199041316] [BehaviorTreeEngine]: Behavior Tree tick rate 100.00 was exceeded!
[ros2-11] [bt_navigator-5] [ERROR] [1785153052.300065065] [transformPoseInTargetFrame]: Extrapolation Error looking up target frame: Lookup would require extrapolation into the past.  Requested time 13.943000 but the earliest data is at time 161.294000, when looking up transform from frame [robot3/base_link] to frame [map]
[ros2-11] [bt_navigator-5] 
[ros2-11] [bt_navigator-5] [WARN] [1785153052.300167278] [BehaviorTreeEngine]: Behavior Tree tick rate 100.00 was exceeded!
[ros2-11] [bt_navigator-5] [ERROR] [1785153052.401165006] [transformPoseInTargetFrame]: Extrapolation Error looking up target frame: Lookup would require extrapolation into the past.  Requested time 13.943000 but the earliest data is at time 161.394000, when looking up transform from frame [robot3/base_link] to frame [map]
[ros2-11] [bt_navigator-5] 
[ros2-11] [bt_navigator-5] [WARN] [1785153052.401281502] [BehaviorTreeEngine]: Behavior Tree tick rate 100.00 was exceeded!
[ros2-11] [bt_navigator-5] [ERROR] [1785153052.502336261] [transformPoseInTargetFrame]: Extrapolation Error looking up target frame: Lookup would require extrapolation into the past.  Requested time 13.943000 but the earliest data is at time 161.494000, when looking up transform from frame [robot3/base_link] to frame [map]
[ros2-11] [bt_navigator-5] 
[ros2-11] [bt_navigator-5] [WARN] [1785153052.502470207] [BehaviorTreeEngine]: Behavior Tree tick rate 100.00 was exceeded!
[ros2-11] [planner_server-3] [INFO] [1785153052.596291448] [robot3.global_costmap.global_costmap]: Message Filter dropping message: frame 'robot3/laser_frame' at time 171.446 for reason 'the timestamp on the message is earlier than all the data in the transform cache'
[ros2-11] [bt_navigator-5] [ERROR] [1785153052.603491348] [transformPoseInTargetFrame]: Extrapolation Error looking up target frame: Lookup would require extrapolation into the past.  Requested time 13.943000 but the earliest data is at time 161.594000, when looking up transform from frame [robot3/base_link] to frame [map]
[ros2-11] [bt_navigator-5] 
[ros2-11] [bt_navigator-5] [WARN] [1785153052.603612134] [BehaviorTreeEngine]: Behavior Tree tick rate 100.00 was exceeded!
[ros2-11] [bt_navigator-5] [ERROR] [1785153052.704614172] [transformPoseInTargetFrame]: Extrapolation Error looking up target frame: Lookup would require extrapolation into the past.  Requested time 13.943000 but the earliest data is at time 161.694000, when looking up transform from frame [robot3/base_link] to frame [map]
[ros2-11] [bt_navigator-5] 
[ros2-11] [bt_navigator-5] [WARN] [1785153052.704730552] [BehaviorTreeEngine]: Behavior Tree tick rate 100.00 was exceeded!
[ros2-11] [planner_server-3] [ERROR] [1785153052.797120979] [transformPoseInTargetFrame]: Extrapolation Error looking up target frame: Lookup would require extrapolation into the past.  Requested time 13.943000 but the earliest data is at time 161.794000, when looking up transform from frame [robot3/base_link] to frame [map]
[ros2-11] [planner_server-3] 
[ros2-11] [bt_navigator-5] [ERROR] [1785153052.805722707] [transformPoseInTargetFrame]: Extrapolation Error looking up target frame: Lookup would require extrapolation into the past.  Requested time 13.943000 but the earliest data is at time 161.794000, when looking up transform from frame [robot3/base_link] to frame [map]
[ros2-11] [bt_navigator-5] 
[ros2-11] [bt_navigator-5] [WARN] [1785153052.805880884] [BehaviorTreeEngine]: Behavior Tree tick rate 100.00 was exceeded!
[ros2-11] [bt_navigator-5] [ERROR] [1785153052.896836059] [transformPoseInTargetFrame]: Extrapolation Error looking up target frame: Lookup would require extrapolation into the past.  Requested time 13.943000 but the earliest data is at time 161.894000, when looking up transform from frame [robot3/base_link] to frame [map]
[ros2-11] [bt_navigator-5] 
[ros2-11] [bt_navigator-5] [WARN] [1785153052.897032279] [BehaviorTreeEngine]: Behavior Tree tick rate 100.00 was exceeded!
[ros2-11] [bt_navigator-5] [ERROR] [1785153052.998109034] [transformPoseInTargetFrame]: Extrapolation Error looking up target frame: Lookup would require extrapolation into the past.  Requested time 13.943000 but the earliest data is at time 161.994000, when looking up transform from frame [robot3/base_link] to frame [map]
[ros2-11] [bt_navigator-5] 
[ros2-11] [bt_navigator-5] [WARN] [1785153052.998230930] [BehaviorTreeEngine]: Behavior Tree tick rate 100.00 was exceeded!
[ros2-11] [bt_navigator-5] [ERROR] [1785153053.099258415] [transformPoseInTargetFrame]: Extrapolation Error looking up target frame: Lookup would require extrapolation into the past.  Requested time 13.943000 but the earliest data is at time 162.094000, when looking up transform from frame [robot3/base_link] to frame [map]
[ros2-11] [bt_navigator-5] 
[ros2-11] [bt_navigator-5] [WARN] [1785153053.099357706] [BehaviorTreeEngine]: Behavior Tree tick rate 100.00 was exceeded!
[ros2-11] [bt_navigator-5] [ERROR] [1785153053.200337987] [transformPoseInTargetFrame]: Extrapolation Error looking up target frame: Lookup would require extrapolation into the past.  Requested time 13.943000 but the earliest data is at time 162.194000, when looking up transform from frame [robot3/base_link] to frame [map]
[ros2-11] [bt_navigator-5] 
[ros2-11] [bt_navigator-5] [WARN] [1785153053.200500468] [BehaviorTreeEngine]: Behavior Tree tick rate 100.00 was exceeded!
[ros2-11] [bt_navigator-5] [ERROR] [1785153053.301510242] [transformPoseInTargetFrame]: Extrapolation Error looking up target frame: Lookup would require extrapolation into the past.  Requested time 13.943000 but the earliest data is at time 162.294000, when looking up transform from frame [robot3/base_link] to frame [map]
[ros2-11] [bt_navigator-5] 
[ros2-11] [bt_navigator-5] [WARN] [1785153053.301630759] [BehaviorTreeEngine]: Behavior Tree tick rate 100.00 was exceeded!
[ros2-11] [bt_navigator-5] [ERROR] [1785153053.402735872] [transformPoseInTargetFrame]: Extrapolation Error looking up target frame: Lookup would require extrapolation into the past.  Requested time 13.943000 but the earliest data is at time 162.394000, when looking up transform from frame [robot3/base_link] to frame [map]
[ros2-11] [bt_navigator-5] 
[ros2-11] [bt_navigator-5] [WARN] [1785153053.402868507] [BehaviorTreeEngine]: Behavior Tree tick rate 100.00 was exceeded!
[ros2-11] [bt_navigator-5] [ERROR] [1785153053.503848928] [transformPoseInTargetFrame]: Extrapolation Error looking up target frame: Lookup would require extrapolation into the past.  Requested time 13.943000 but the earliest data is at time 162.494000, when looking up transform from frame [robot3/base_link] to frame [map]
[ros2-11] [bt_navigator-5] 
[ros2-11] [bt_navigator-5] [WARN] [1785153053.503987444] [BehaviorTreeEngine]: Behavior Tree tick rate 100.00 was exceeded!
[ros2-11] [bt_navigator-5] [ERROR] [1785153053.605042745] [transformPoseInTargetFrame]: Extrapolation Error looking up target frame: Lookup would require extrapolation into the past.  Requested time 13.943000 but the earliest data is at time 162.594000, when looking up transform from frame [robot3/base_link] to frame [map]
[ros2-11] [bt_navigator-5] 
[ros2-11] [bt_navigator-5] [WARN] [1785153053.605169362] [BehaviorTreeEngine]: Behavior Tree tick rate 100.00 was exceeded!
[ros2-11] [bt_navigator-5] [ERROR] [1785153053.706223395] [transformPoseInTargetFrame]: Extrapolation Error looking up target frame: Lookup would require extrapolation into the past.  Requested time 13.943000 but the earliest data is at time 162.694000, when looking up transform from frame [robot3/base_link] to frame [map]
[ros2-11] [bt_navigator-5] 
[ros2-11] [bt_navigator-5] [WARN] [1785153053.706340512] [BehaviorTreeEngine]: Behavior Tree tick rate 100.00 was exceeded!
[ros2-11] [planner_server-3] [ERROR] [1785153053.797285919] [transformPoseInTargetFrame]: Extrapolation Error looking up target frame: Lookup would require extrapolation into the past.  Requested time 13.943000 but the earliest data is at time 162.694000, when looking up transform from frame [robot3/base_link] to frame [map]
[ros2-11] [planner_server-3] 
[ros2-11] [bt_navigator-5] [ERROR] [1785153053.807376340] [transformPoseInTargetFrame]: Extrapolation Error looking up target frame: Lookup would require extrapolation into the past.  Requested time 13.943000 but the earliest data is at time 162.794000, when looking up transform from frame [robot3/base_link] to frame [map]
[ros2-11] [bt_navigator-5] 
[ros2-11] [bt_navigator-5] [WARN] [1785153053.807486710] [BehaviorTreeEngine]: Behavior Tree tick rate 100.00 was exceeded!
[ros2-11] [bt_navigator-5] [ERROR] [1785153053.898471070] [transformPoseInTargetFrame]: Extrapolation Error looking up target frame: Lookup would require extrapolation into the past.  Requested time 13.943000 but the earliest data is at time 162.894000, when looking up transform from frame [robot3/base_link] to frame [map]
[ros2-11] [bt_navigator-5] 
[ros2-11] [bt_navigator-5] [WARN] [1785153053.898633547] [BehaviorTreeEngine]: Behavior Tree tick rate 100.00 was exceeded!
[ros2-11] [bt_navigator-5] [ERROR] [1785153053.999640797] [transformPoseInTargetFrame]: Extrapolation Error looking up target frame: Lookup would require extrapolation into the past.  Requested time 13.943000 but the earliest data is at time 162.894000, when looking up transform from frame [robot3/base_link] to frame [map]
[ros2-11] [bt_navigator-5] 
[ros2-11] [bt_navigator-5] [WARN] [1785153053.999793534] [BehaviorTreeEngine]: Behavior Tree tick rate 100.00 was exceeded!
[ros2-11] [bt_navigator-5] [ERROR] [1785153054.100820623] [transformPoseInTargetFrame]: Extrapolation Error looking up target frame: Lookup would require extrapolation into the past.  Requested time 13.943000 but the earliest data is at time 163.094000, when looking up transform from frame [robot3/base_link] to frame [map]
[ros2-11] [bt_navigator-5] 
[ros2-11] [bt_navigator-5] [WARN] [1785153054.101054764] [BehaviorTreeEngine]: Behavior Tree tick rate 100.00 was exceeded!
[ros2-11] [bt_navigator-5] [ERROR] [1785153054.202205694] [transformPoseInTargetFrame]: Extrapolation Error looking up target frame: Lookup would require extrapolation into the past.  Requested time 13.943000 but the earliest data is at time 163.194000, when looking up transform from frame [robot3/base_link] to frame [map]
[ros2-11] [bt_navigator-5] 
[ros2-11] [bt_navigator-5] [WARN] [1785153054.202321311] [BehaviorTreeEngine]: Behavior Tree tick rate 100.00 was exceeded!
[ros2-11] [bt_navigator-5] [ERROR] [1785153054.303376833] [transformPoseInTargetFrame]: Extrapolation Error looking up target frame: Lookup would require extrapolation into the past.  Requested time 13.943000 but the earliest data is at time 163.294000, when looking up transform from frame [robot3/base_link] to frame [map]
[ros2-11] [bt_navigator-5] 
[ros2-11] [bt_navigator-5] [WARN] [1785153054.303527799] [BehaviorTreeEngine]: Behavior Tree tick rate 100.00 was exceeded!
[ros2-11] [bt_navigator-5] [ERROR] [1785153054.404525937] [transformPoseInTargetFrame]: Extrapolation Error looking up target frame: Lookup would require extrapolation into the past.  Requested time 13.943000 but the earliest data is at time 163.394000, when looking up transform from frame [robot3/base_link] to frame [map]
[ros2-11] [bt_navigator-5] 
[ros2-11] [bt_navigator-5] [WARN] [1785153054.404651096] [BehaviorTreeEngine]: Behavior Tree tick rate 100.00 was exceeded!
[ros2-11] [bt_navigator-5] [ERROR] [1785153054.505817504] [transformPoseInTargetFrame]: Extrapolation Error looking up target frame: Lookup would require extrapolation into the past.  Requested time 13.943000 but the earliest data is at time 163.494000, when looking up transform from frame [robot3/base_link] to frame [map]
[ros2-11] [bt_navigator-5] 
[ros2-11] [bt_navigator-5] [WARN] [1785153054.505972450] [BehaviorTreeEngine]: Behavior Tree tick rate 100.00 was exceeded!
[ros2-11] [bt_navigator-5] [ERROR] [1785153054.607064171] [transformPoseInTargetFrame]: Extrapolation Error looking up target frame: Lookup would require extrapolation into the past.  Requested time 13.943000 but the earliest data is at time 163.594000, when looking up transform from frame [robot3/base_link] to frame [map]
[ros2-11] [bt_navigator-5] 
[ros2-11] [bt_navigator-5] [WARN] [1785153054.607306377] [BehaviorTreeEngine]: Behavior Tree tick rate 100.00 was exceeded!
[ros2-11] [bt_navigator-5] [ERROR] [1785153054.708335080] [transformPoseInTargetFrame]: Extrapolation Error looking up target frame: Lookup would require extrapolation into the past.  Requested time 13.943000 but the earliest data is at time 163.694000, when looking up transform from frame [robot3/base_link] to frame [map]
[ros2-11] [bt_navigator-5] 
[ros2-11] [bt_navigator-5] [WARN] [1785153054.708472385] [BehaviorTreeEngine]: Behavior Tree tick rate 100.00 was exceeded!
[ros2-11] [planner_server-3] [ERROR] [1785153054.807342826] [transformPoseInTargetFrame]: Extrapolation Error looking up target frame: Lookup would require extrapolation into the past.  Requested time 13.943000 but the earliest data is at time 163.794000, when looking up transform from frame [robot3/base_link] to frame [map]
[ros2-11] [planner_server-3] 
[ros2-11] [bt_navigator-5] [ERROR] [1785153054.809400638] [transformPoseInTargetFrame]: Extrapolation Error looking up target frame: Lookup would require extrapolation into the past.  Requested time 13.943000 but the earliest data is at time 163.794000, when looking up transform from frame [robot3/base_link] to frame [map]
[ros2-11] [bt_navigator-5] 
[ros2-11] [bt_navigator-5] [WARN] [1785153054.809515536] [BehaviorTreeEngine]: Behavior Tree tick rate 100.00 was exceeded!
[ros2-11] [bt_navigator-5] [ERROR] [1785153054.902270154] [transformPoseInTargetFrame]: Extrapolation Error looking up target frame: Lookup would require extrapolation into the past.  Requested time 13.943000 but the earliest data is at time 163.894000, when looking up transform from frame [robot3/base_link] to frame [map]
[ros2-11] [bt_navigator-5] 
[ros2-11] [bt_navigator-5] [WARN] [1785153054.902401360] [BehaviorTreeEngine]: Behavior Tree tick rate 100.00 was exceeded!
[ros2-11] [bt_navigator-5] [ERROR] [1785153055.003497030] [transformPoseInTargetFrame]: Extrapolation Error looking up target frame: Lookup would require extrapolation into the past.  Requested time 13.943000 but the earliest data is at time 163.994000, when looking up transform from frame [robot3/base_link] to frame [map]
[ros2-11] [bt_navigator-5] 
[ros2-11] [bt_navigator-5] [WARN] [1785153055.003781890] [BehaviorTreeEngine]: Behavior Tree tick rate 100.00 was exceeded!
[ros2-11] [planner_server-3] [INFO] [1785153055.099296517] [robot3.global_costmap.global_costmap]: Message Filter dropping message: frame 'robot3/laser_frame' at time 173.946 for reason 'the timestamp on the message is earlier than all the data in the transform cache'
[ros2-11] [bt_navigator-5] [ERROR] [1785153055.104844953] [transformPoseInTargetFrame]: Extrapolation Error looking up target frame: Lookup would require extrapolation into the past.  Requested time 13.943000 but the earliest data is at time 164.094000, when looking up transform from frame [robot3/base_link] to frame [map]
[ros2-11] [bt_navigator-5] 
[ros2-11] [bt_navigator-5] [WARN] [1785153055.105031971] [BehaviorTreeEngine]: Behavior Tree tick rate 100.00 was exceeded!
[ros2-11] [bt_navigator-5] [ERROR] [1785153055.207006341] [transformPoseInTargetFrame]: Extrapolation Error looking up target frame: Lookup would require extrapolation into the past.  Requested time 13.943000 but the earliest data is at time 164.194000, when looking up transform from frame [robot3/base_link] to frame [map]
[ros2-11] [bt_navigator-5] 
[ros2-11] [bt_navigator-5] [WARN] [1785153055.207163435] [BehaviorTreeEngine]: Behavior Tree tick rate 100.00 was exceeded!
[ros2-11] [bt_navigator-5] [ERROR] [1785153055.308305269] [transformPoseInTargetFrame]: Extrapolation Error looking up target frame: Lookup would require extrapolation into the past.  Requested time 13.943000 but the earliest data is at time 164.294000, when looking up transform from frame [robot3/base_link] to frame [map]
[ros2-11] [bt_navigator-5] 
[ros2-11] [bt_navigator-5] [WARN] [1785153055.308516553] [BehaviorTreeEngine]: Behavior Tree tick rate 100.00 was exceeded!
[ros2-11] [bt_navigator-5] [ERROR] [1785153055.409731048] [transformPoseInTargetFrame]: Extrapolation Error looking up target frame: Lookup would require extrapolation into the past.  Requested time 13.943000 but the earliest data is at time 164.394000, when looking up transform from frame [robot3/base_link] to frame [map]
[ros2-11] [bt_navigator-5] 
[ros2-11] [bt_navigator-5] [WARN] [1785153055.409915521] [BehaviorTreeEngine]: Behavior Tree tick rate 100.00 was exceeded!
[ros2-11] [bt_navigator-5] [ERROR] [1785153055.500932140] [transformPoseInTargetFrame]: Extrapolation Error looking up target frame: Lookup would require extrapolation into the past.  Requested time 13.943000 but the earliest data is at time 164.394000, when looking up transform from frame [robot3/base_link] to frame [map]
[ros2-11] [bt_navigator-5] 
[ros2-11] [bt_navigator-5] [WARN] [1785153055.501113442] [BehaviorTreeEngine]: Behavior Tree tick rate 100.00 was exceeded!
[ros2-11] [bt_navigator-5] [ERROR] [1785153055.602232192] [transformPoseInTargetFrame]: Extrapolation Error looking up target frame: Lookup would require extrapolation into the past.  Requested time 13.943000 but the earliest data is at time 164.494000, when looking up transform from frame [robot3/base_link] to frame [map]
[ros2-11] [bt_navigator-5] 
[ros2-11] [bt_navigator-5] [WARN] [1785153055.602379238] [BehaviorTreeEngine]: Behavior Tree tick rate 100.00 was exceeded!
[ros2-11] [bt_navigator-5] [ERROR] [1785153055.703506233] [transformPoseInTargetFrame]: Extrapolation Error looking up target frame: Lookup would require extrapolation into the past.  Requested time 13.943000 but the earliest data is at time 164.694000, when looking up transform from frame [robot3/base_link] to frame [map]
[ros2-11] [bt_navigator-5] 
[ros2-11] [bt_navigator-5] [WARN] [1785153055.703639782] [BehaviorTreeEngine]: Behavior Tree tick rate 100.00 was exceeded!
[ros2-11] [bt_navigator-5] [ERROR] [1785153055.804691597] [transformPoseInTargetFrame]: Extrapolation Error looking up target frame: Lookup would require extrapolation into the past.  Requested time 13.943000 but the earliest data is at time 164.794000, when looking up transform from frame [robot3/base_link] to frame [map]
[ros2-11] [bt_navigator-5] 
[ros2-11] [bt_navigator-5] [WARN] [1785153055.804805746] [BehaviorTreeEngine]: Behavior Tree tick rate 100.00 was exceeded!
[ros2-11] [planner_server-3] [ERROR] [1785153055.807312474] [transformPoseInTargetFrame]: Extrapolation Error looking up target frame: Lookup would require extrapolation into the past.  Requested time 13.943000 but the earliest data is at time 164.794000, when looking up transform from frame [robot3/base_link] to frame [map]
[ros2-11] [planner_server-3] 
[ros2-11] [bt_navigator-5] [ERROR] [1785153055.905934080] [transformPoseInTargetFrame]: Extrapolation Error looking up target frame: Lookup would require extrapolation into the past.  Requested time 13.943000 but the earliest data is at time 164.894000, when looking up transform from frame [robot3/base_link] to frame [map]
[ros2-11] [bt_navigator-5] 
[ros2-11] [bt_navigator-5] [WARN] [1785153055.906199198] [BehaviorTreeEngine]: Behavior Tree tick rate 100.00 was exceeded!
[ros2-11] [bt_navigator-5] [ERROR] [1785153056.007304576] [transformPoseInTargetFrame]: Extrapolation Error looking up target frame: Lookup would require extrapolation into the past.  Requested time 13.943000 but the earliest data is at time 164.994000, when looking up transform from frame [robot3/base_link] to frame [map]
[ros2-11] [bt_navigator-5] 
[ros2-11] [bt_navigator-5] [WARN] [1785153056.007457393] [BehaviorTreeEngine]: Behavior Tree tick rate 100.00 was exceeded!
[ros2-11] [bt_navigator-5] [ERROR] [1785153056.108415251] [transformPoseInTargetFrame]: Extrapolation Error looking up target frame: Lookup would require extrapolation into the past.  Requested time 13.943000 but the earliest data is at time 165.094000, when looking up transform from frame [robot3/base_link] to frame [map]
[ros2-11] [bt_navigator-5] 
[ros2-11] [bt_navigator-5] [WARN] [1785153056.108514476] [BehaviorTreeEngine]: Behavior Tree tick rate 100.00 was exceeded!
[ros2-11] [bt_navigator-5] [ERROR] [1785153056.209563068] [transformPoseInTargetFrame]: Extrapolation Error looking up target frame: Lookup would require extrapolation into the past.  Requested time 13.943000 but the earliest data is at time 165.194000, when looking up transform from frame [robot3/base_link] to frame [map]
[ros2-11] [bt_navigator-5] 
[ros2-11] [bt_navigator-5] [WARN] [1785153056.209684250] [BehaviorTreeEngine]: Behavior Tree tick rate 100.00 was exceeded!
[ros2-11] [bt_navigator-5] [ERROR] [1785153056.310701326] [transformPoseInTargetFrame]: Extrapolation Error looking up target frame: Lookup would require extrapolation into the past.  Requested time 13.943000 but the earliest data is at time 165.294000, when looking up transform from frame [robot3/base_link] to frame [map]
[ros2-11] [bt_navigator-5] 
[ros2-11] [bt_navigator-5] [WARN] [1785153056.310849093] [BehaviorTreeEngine]: Behavior Tree tick rate 100.00 was exceeded!
[ros2-11] [bt_navigator-5] [ERROR] [1785153056.401851113] [transformPoseInTargetFrame]: Extrapolation Error looking up target frame: Lookup would require extrapolation into the past.  Requested time 13.943000 but the earliest data is at time 165.294000, when looking up transform from frame [robot3/base_link] to frame [map]
[ros2-11] [bt_navigator-5] 
[ros2-11] [bt_navigator-5] [WARN] [1785153056.402023237] [BehaviorTreeEngine]: Behavior Tree tick rate 100.00 was exceeded!
[ros2-11] [bt_navigator-5] [ERROR] [1785153056.503253003] [transformPoseInTargetFrame]: Extrapolation Error looking up target frame: Lookup would require extrapolation into the past.  Requested time 13.943000 but the earliest data is at time 165.494000, when looking up transform from frame [robot3/base_link] to frame [map]
[ros2-11] [bt_navigator-5] 
[ros2-11] [bt_navigator-5] [WARN] [1785153056.503453725] [BehaviorTreeEngine]: Behavior Tree tick rate 100.00 was exceeded!
[ros2-11] [bt_navigator-5] [ERROR] [1785153056.604487733] [transformPoseInTargetFrame]: Extrapolation Error looking up target frame: Lookup would require extrapolation into the past.  Requested time 13.943000 but the earliest data is at time 165.594000, when looking up transform from frame [robot3/base_link] to frame [map]
[ros2-11] [bt_navigator-5] 
[ros2-11] [bt_navigator-5] [WARN] [1785153056.604592447] [BehaviorTreeEngine]: Behavior Tree tick rate 100.00 was exceeded!
[ros2-11] [bt_navigator-5] [ERROR] [1785153056.705754887] [transformPoseInTargetFrame]: Extrapolation Error looking up target frame: Lookup would require extrapolation into the past.  Requested time 13.943000 but the earliest data is at time 165.694000, when looking up transform from frame [robot3/base_link] to frame [map]
[ros2-11] [bt_navigator-5] 
[ros2-11] [bt_navigator-5] [WARN] [1785153056.705928694] [BehaviorTreeEngine]: Behavior Tree tick rate 100.00 was exceeded!
[ros2-11] [bt_navigator-5] [ERROR] [1785153056.806931913] [transformPoseInTargetFrame]: Extrapolation Error looking up target frame: Lookup would require extrapolation into the past.  Requested time 13.943000 but the earliest data is at time 165.794000, when looking up transform from frame [robot3/base_link] to frame [map]
[ros2-11] [bt_navigator-5] 
[ros2-11] [bt_navigator-5] [WARN] [1785153056.807040861] [BehaviorTreeEngine]: Behavior Tree tick rate 100.00 was exceeded!
[ros2-11] [planner_server-3] [ERROR] [1785153056.807180989] [transformPoseInTargetFrame]: Extrapolation Error looking up target frame: Lookup would require extrapolation into the past.  Requested time 13.943000 but the earliest data is at time 165.794000, when looking up transform from frame [robot3/base_link] to frame [map]
[ros2-11] [planner_server-3] 
[ros2-11] [bt_navigator-5] [ERROR] [1785153056.908076000] [transformPoseInTargetFrame]: Extrapolation Error looking up target frame: Lookup would require extrapolation into the past.  Requested time 13.943000 but the earliest data is at time 165.894000, when looking up transform from frame [robot3/base_link] to frame [map]
[ros2-11] [bt_navigator-5] 
[ros2-11] [bt_navigator-5] [WARN] [1785153056.908246567] [BehaviorTreeEngine]: Behavior Tree tick rate 100.00 was exceeded!
[ros2-11] [bt_navigator-5] [ERROR] [1785153057.009340778] [transformPoseInTargetFrame]: Extrapolation Error looking up target frame: Lookup would require extrapolation into the past.  Requested time 13.943000 but the earliest data is at time 165.994000, when looking up transform from frame [robot3/base_link] to frame [map]
[ros2-11] [bt_navigator-5] 
[ros2-11] [bt_navigator-5] [WARN] [1785153057.009599886] [BehaviorTreeEngine]: Behavior Tree tick rate 100.00 was exceeded!
[ros2-11] [bt_navigator-5] [ERROR] [1785153057.110716812] [transformPoseInTargetFrame]: Extrapolation Error looking up target frame: Lookup would require extrapolation into the past.  Requested time 13.943000 but the earliest data is at time 166.094000, when looking up transform from frame [robot3/base_link] to frame [map]
[ros2-11] [bt_navigator-5] 
[ros2-11] [bt_navigator-5] [WARN] [1785153057.110848648] [BehaviorTreeEngine]: Behavior Tree tick rate 100.00 was exceeded!
[ros2-11] [bt_navigator-5] [ERROR] [1785153057.211895340] [transformPoseInTargetFrame]: Extrapolation Error looking up target frame: Lookup would require extrapolation into the past.  Requested time 13.943000 but the earliest data is at time 166.194000, when looking up transform from frame [robot3/base_link] to frame [map]
[ros2-11] [bt_navigator-5] 
[ros2-11] [bt_navigator-5] [WARN] [1785153057.212033687] [BehaviorTreeEngine]: Behavior Tree tick rate 100.00 was exceeded!
[ros2-11] [bt_navigator-5] [ERROR] [1785153057.303076084] [transformPoseInTargetFrame]: Extrapolation Error looking up target frame: Lookup would require extrapolation into the past.  Requested time 13.943000 but the earliest data is at time 166.294000, when looking up transform from frame [robot3/base_link] to frame [map]
[ros2-11] [bt_navigator-5] 
[ros2-11] [bt_navigator-5] [WARN] [1785153057.303298685] [BehaviorTreeEngine]: Behavior Tree tick rate 100.00 was exceeded!
[ros2-11] [bt_navigator-5] [ERROR] [1785153057.404534776] [transformPoseInTargetFrame]: Extrapolation Error looking up target frame: Lookup would require extrapolation into the past.  Requested time 13.943000 but the earliest data is at time 166.394000, when looking up transform from frame [robot3/base_link] to frame [map]
[ros2-11] [bt_navigator-5] 
[ros2-11] [bt_navigator-5] [WARN] [1785153057.404678298] [BehaviorTreeEngine]: Behavior Tree tick rate 100.00 was exceeded!
[ros2-11] [bt_navigator-5] [ERROR] [1785153057.505755687] [transformPoseInTargetFrame]: Extrapolation Error looking up target frame: Lookup would require extrapolation into the past.  Requested time 13.943000 but the earliest data is at time 166.494000, when looking up transform from frame [robot3/base_link] to frame [map]
[ros2-11] [bt_navigator-5] 
[ros2-11] [bt_navigator-5] [WARN] [1785153057.505909081] [BehaviorTreeEngine]: Behavior Tree tick rate 100.00 was exceeded!
[ros2-11] [planner_server-3] [INFO] [1785153057.603315202] [robot3.global_costmap.global_costmap]: Message Filter dropping message: frame 'robot3/laser_frame' at time 176.446 for reason 'the timestamp on the message is earlier than all the data in the transform cache'
[ros2-11] [bt_navigator-5] [ERROR] [1785153057.606948305] [transformPoseInTargetFrame]: Extrapolation Error looking up target frame: Lookup would require extrapolation into the past.  Requested time 13.943000 but the earliest data is at time 166.594000, when looking up transform from frame [robot3/base_link] to frame [map]
[ros2-11] [bt_navigator-5] 
[ros2-11] [bt_navigator-5] [WARN] [1785153057.607103341] [BehaviorTreeEngine]: Behavior Tree tick rate 100.00 was exceeded!
[ros2-11] [bt_navigator-5] [ERROR] [1785153057.708098592] [transformPoseInTargetFrame]: Extrapolation Error looking up target frame: Lookup would require extrapolation into the past.  Requested time 13.943000 but the earliest data is at time 166.694000, when looking up transform from frame [robot3/base_link] to frame [map]
[ros2-11] [bt_navigator-5] 
[ros2-11] [bt_navigator-5] [WARN] [1785153057.708232610] [BehaviorTreeEngine]: Behavior Tree tick rate 100.00 was exceeded!
[ros2-11] [planner_server-3] [ERROR] [1785153057.807319302] [transformPoseInTargetFrame]: Extrapolation Error looking up target frame: Lookup would require extrapolation into the past.  Requested time 13.943000 but the earliest data is at time 166.794000, when looking up transform from frame [robot3/base_link] to frame [map]
[ros2-11] [planner_server-3] 
[ros2-11] [bt_navigator-5] [ERROR] [1785153057.809288183] [transformPoseInTargetFrame]: Extrapolation Error looking up target frame: Lookup would require extrapolation into the past.  Requested time 13.943000 but the earliest data is at time 166.794000, when looking up transform from frame [robot3/base_link] to frame [map]
[ros2-11] [bt_navigator-5] 
[ros2-11] [bt_navigator-5] [WARN] [1785153057.809401884] [BehaviorTreeEngine]: Behavior Tree tick rate 100.00 was exceeded!
[ros2-11] [bt_navigator-5] [ERROR] [1785153057.910489827] [transformPoseInTargetFrame]: Extrapolation Error looking up target frame: Lookup would require extrapolation into the past.  Requested time 13.943000 but the earliest data is at time 166.894000, when looking up transform from frame [robot3/base_link] to frame [map]
[ros2-11] [bt_navigator-5] 
[ros2-11] [bt_navigator-5] [WARN] [1785153057.910628941] [BehaviorTreeEngine]: Behavior Tree tick rate 100.00 was exceeded!
[ros2-11] [bt_navigator-5] [ERROR] [1785153058.011669453] [transformPoseInTargetFrame]: Extrapolation Error looking up target frame: Lookup would require extrapolation into the past.  Requested time 13.943000 but the earliest data is at time 166.994000, when looking up transform from frame [robot3/base_link] to frame [map]
[ros2-11] [bt_navigator-5] 
[ros2-11] [bt_navigator-5] [WARN] [1785153058.011796434] [BehaviorTreeEngine]: Behavior Tree tick rate 100.00 was exceeded!
[ros2-11] [bt_navigator-5] [ERROR] [1785153058.112823954] [transformPoseInTargetFrame]: Extrapolation Error looking up target frame: Lookup would require extrapolation into the past.  Requested time 13.943000 but the earliest data is at time 167.094000, when looking up transform from frame [robot3/base_link] to frame [map]
[ros2-11] [bt_navigator-5] 
[ros2-11] [bt_navigator-5] [WARN] [1785153058.112971371] [BehaviorTreeEngine]: Behavior Tree tick rate 100.00 was exceeded!
[ros2-11] [bt_navigator-5] [ERROR] [1785153058.214012063] [transformPoseInTargetFrame]: Extrapolation Error looking up target frame: Lookup would require extrapolation into the past.  Requested time 13.943000 but the earliest data is at time 167.194000, when looking up transform from frame [robot3/base_link] to frame [map]
[ros2-11] [bt_navigator-5] 
[ros2-11] [bt_navigator-5] [WARN] [1785153058.214195550] [BehaviorTreeEngine]: Behavior Tree tick rate 100.00 was exceeded!
[ros2-11] [bt_navigator-5] [ERROR] [1785153058.305177710] [transformPoseInTargetFrame]: Extrapolation Error looking up target frame: Lookup would require extrapolation into the past.  Requested time 13.943000 but the earliest data is at time 167.294000, when looking up transform from frame [robot3/base_link] to frame [map]
[ros2-11] [bt_navigator-5] 
[ros2-11] [bt_navigator-5] [WARN] [1785153058.305342735] [BehaviorTreeEngine]: Behavior Tree tick rate 100.00 was exceeded!
[ros2-11] [bt_navigator-5] [ERROR] [1785153058.406394297] [transformPoseInTargetFrame]: Extrapolation Error looking up target frame: Lookup would require extrapolation into the past.  Requested time 13.943000 but the earliest data is at time 167.394000, when looking up transform from frame [robot3/base_link] to frame [map]
[ros2-11] [bt_navigator-5] 
[ros2-11] [bt_navigator-5] [WARN] [1785153058.406510568] [BehaviorTreeEngine]: Behavior Tree tick rate 100.00 was exceeded!
[ros2-11] [bt_navigator-5] [ERROR] [1785153058.507473884] [transformPoseInTargetFrame]: Extrapolation Error looking up target frame: Lookup would require extrapolation into the past.  Requested time 13.943000 but the earliest data is at time 167.494000, when looking up transform from frame [robot3/base_link] to frame [map]
[ros2-11] [bt_navigator-5] 
[ros2-11] [bt_navigator-5] [WARN] [1785153058.507601312] [BehaviorTreeEngine]: Behavior Tree tick rate 100.00 was exceeded!
[ros2-11] [bt_navigator-5] [ERROR] [1785153058.608587856] [transformPoseInTargetFrame]: Extrapolation Error looking up target frame: Lookup would require extrapolation into the past.  Requested time 13.943000 but the earliest data is at time 167.594000, when looking up transform from frame [robot3/base_link] to frame [map]
[ros2-11] [bt_navigator-5] 
[ros2-11] [bt_navigator-5] [WARN] [1785153058.608691225] [BehaviorTreeEngine]: Behavior Tree tick rate 100.00 was exceeded!
[ros2-11] [bt_navigator-5] [ERROR] [1785153058.721705025] [transformPoseInTargetFrame]: Extrapolation Error looking up target frame: Lookup would require extrapolation into the past.  Requested time 13.943000 but the earliest data is at time 167.694000, when looking up transform from frame [robot3/base_link] to frame [map]
[ros2-11] [bt_navigator-5] 
[ros2-11] [bt_navigator-5] [WARN] [1785153058.722312947] [BehaviorTreeEngine]: Behavior Tree tick rate 100.00 was exceeded!
[ros2-11] [planner_server-3] [ERROR] [1785153058.821830464] [transformPoseInTargetFrame]: Extrapolation Error looking up target frame: Lookup would require extrapolation into the past.  Requested time 13.943000 but the earliest data is at time 167.794000, when looking up transform from frame [robot3/base_link] to frame [map]
[ros2-11] [planner_server-3] 
[ros2-11] [bt_navigator-5] [ERROR] [1785153058.825365857] [transformPoseInTargetFrame]: Extrapolation Error looking up target frame: Lookup would require extrapolation into the past.  Requested time 13.943000 but the earliest data is at time 167.794000, when looking up transform from frame [robot3/base_link] to frame [map]
[ros2-11] [bt_navigator-5] 
[ros2-11] [bt_navigator-5] [WARN] [1785153058.825526704] [BehaviorTreeEngine]: Behavior Tree tick rate 100.00 was exceeded!
[ros2-11] [bt_navigator-5] [ERROR] [1785153058.916520716] [transformPoseInTargetFrame]: Extrapolation Error looking up target frame: Lookup would require extrapolation into the past.  Requested time 13.943000 but the earliest data is at time 167.894000, when looking up transform from frame [robot3/base_link] to frame [map]
[ros2-11] [bt_navigator-5] 
[ros2-11] [bt_navigator-5] [WARN] [1785153058.916663094] [BehaviorTreeEngine]: Behavior Tree tick rate 100.00 was exceeded!
[ros2-11] [bt_navigator-5] [ERROR] [1785153059.007556195] [transformPoseInTargetFrame]: Extrapolation Error looking up target frame: Lookup would require extrapolation into the past.  Requested time 13.943000 but the earliest data is at time 167.994000, when looking up transform from frame [robot3/base_link] to frame [map]
[ros2-11] [bt_navigator-5] 
[ros2-11] [bt_navigator-5] [WARN] [1785153059.007769574] [BehaviorTreeEngine]: Behavior Tree tick rate 100.00 was exceeded!
[ros2-11] [bt_navigator-5] [ERROR] [1785153059.108868471] [transformPoseInTargetFrame]: Extrapolation Error looking up target frame: Lookup would require extrapolation into the past.  Requested time 13.943000 but the earliest data is at time 168.094000, when looking up transform from frame [robot3/base_link] to frame [map]
[ros2-11] [bt_navigator-5] 
[ros2-11] [bt_navigator-5] [WARN] [1785153059.109029520] [BehaviorTreeEngine]: Behavior Tree tick rate 100.00 was exceeded!
[ros2-11] [bt_navigator-5] [ERROR] [1785153059.210087324] [transformPoseInTargetFrame]: Extrapolation Error looking up target frame: Lookup would require extrapolation into the past.  Requested time 13.943000 but the earliest data is at time 168.194000, when looking up transform from frame [robot3/base_link] to frame [map]
[ros2-11] [bt_navigator-5] 
[ros2-11] [bt_navigator-5] [WARN] [1785153059.210200359] [BehaviorTreeEngine]: Behavior Tree tick rate 100.00 was exceeded!
[ros2-11] [bt_navigator-5] [ERROR] [1785153059.311279864] [transformPoseInTargetFrame]: Extrapolation Error looking up target frame: Lookup would require extrapolation into the past.  Requested time 13.943000 but the earliest data is at time 168.294000, when looking up transform from frame [robot3/base_link] to frame [map]
[ros2-11] [bt_navigator-5] 
[ros2-11] [bt_navigator-5] [WARN] [1785153059.311418809] [BehaviorTreeEngine]: Behavior Tree tick rate 100.00 was exceeded!
[ros2-11] [bt_navigator-5] [ERROR] [1785153059.412447010] [transformPoseInTargetFrame]: Extrapolation Error looking up target frame: Lookup would require extrapolation into the past.  Requested time 13.943000 but the earliest data is at time 168.394000, when looking up transform from frame [robot3/base_link] to frame [map]
[ros2-11] [bt_navigator-5] 
[ros2-11] [bt_navigator-5] [WARN] [1785153059.412625335] [BehaviorTreeEngine]: Behavior Tree tick rate 100.00 was exceeded!
[ros2-11] [bt_navigator-5] [ERROR] [1785153059.513677015] [transformPoseInTargetFrame]: Extrapolation Error looking up target frame: Lookup would require extrapolation into the past.  Requested time 13.943000 but the earliest data is at time 168.494000, when looking up transform from frame [robot3/base_link] to frame [map]
[ros2-11] [bt_navigator-5] 
[ros2-11] [bt_navigator-5] [WARN] [1785153059.513805618] [BehaviorTreeEngine]: Behavior Tree tick rate 100.00 was exceeded!
[ros2-11] [bt_navigator-5] [ERROR] [1785153059.614799202] [transformPoseInTargetFrame]: Extrapolation Error looking up target frame: Lookup would require extrapolation into the past.  Requested time 13.943000 but the earliest data is at time 168.594000, when looking up transform from frame [robot3/base_link] to frame [map]
[ros2-11] [bt_navigator-5] 
[ros2-11] [bt_navigator-5] [WARN] [1785153059.614946966] [BehaviorTreeEngine]: Behavior Tree tick rate 100.00 was exceeded!
[ros2-11] [bt_navigator-5] [ERROR] [1785153059.715945140] [transformPoseInTargetFrame]: Extrapolation Error looking up target frame: Lookup would require extrapolation into the past.  Requested time 13.943000 but the earliest data is at time 168.694000, when looking up transform from frame [robot3/base_link] to frame [map]
[ros2-11] [bt_navigator-5] 
[ros2-11] [bt_navigator-5] [WARN] [1785153059.716067212] [BehaviorTreeEngine]: Behavior Tree tick rate 100.00 was exceeded!
[ros2-11] [bt_navigator-5] [ERROR] [1785153059.807045329] [transformPoseInTargetFrame]: Extrapolation Error looking up target frame: Lookup would require extrapolation into the past.  Requested time 13.943000 but the earliest data is at time 168.794000, when looking up transform from frame [robot3/base_link] to frame [map]
[ros2-11] [bt_navigator-5] 
[ros2-11] [bt_navigator-5] [WARN] [1785153059.807215127] [BehaviorTreeEngine]: Behavior Tree tick rate 100.00 was exceeded!
[ros2-11] [planner_server-3] [ERROR] [1785153059.807674932] [transformPoseInTargetFrame]: Extrapolation Error looking up target frame: Lookup would require extrapolation into the past.  Requested time 13.943000 but the earliest data is at time 168.794000, when looking up transform from frame [robot3/base_link] to frame [map]
[ros2-11] [planner_server-3] 
[ros2-11] [bt_navigator-5] [ERROR] [1785153059.908224795] [transformPoseInTargetFrame]: Extrapolation Error looking up target frame: Lookup would require extrapolation into the past.  Requested time 13.943000 but the earliest data is at time 168.894000, when looking up transform from frame [robot3/base_link] to frame [map]
[ros2-11] [bt_navigator-5] 
[ros2-11] [bt_navigator-5] [WARN] [1785153059.908353798] [BehaviorTreeEngine]: Behavior Tree tick rate 100.00 was exceeded!
[ros2-11] [bt_navigator-5] [ERROR] [1785153060.009374530] [transformPoseInTargetFrame]: Extrapolation Error looking up target frame: Lookup would require extrapolation into the past.  Requested time 13.943000 but the earliest data is at time 168.994000, when looking up transform from frame [robot3/base_link] to frame [map]
[ros2-11] [bt_navigator-5] 
[ros2-11] [bt_navigator-5] [WARN] [1785153060.009634397] [BehaviorTreeEngine]: Behavior Tree tick rate 100.00 was exceeded!
[ros2-11] [planner_server-3] [INFO] [1785153060.107103298] [robot3.global_costmap.global_costmap]: Message Filter dropping message: frame 'robot3/laser_frame' at time 178.946 for reason 'the timestamp on the message is earlier than all the data in the transform cache'
[ros2-11] [bt_navigator-5] [ERROR] [1785153060.110714517] [transformPoseInTargetFrame]: Extrapolation Error looking up target frame: Lookup would require extrapolation into the past.  Requested time 13.943000 but the earliest data is at time 169.094000, when looking up transform from frame [robot3/base_link] to frame [map]
[ros2-11] [bt_navigator-5] 
[ros2-11] [bt_navigator-5] [WARN] [1785153060.110832903] [BehaviorTreeEngine]: Behavior Tree tick rate 100.00 was exceeded!
[ros2-11] [bt_navigator-5] [ERROR] [1785153060.211845162] [transformPoseInTargetFrame]: Extrapolation Error looking up target frame: Lookup would require extrapolation into the past.  Requested time 13.943000 but the earliest data is at time 169.194000, when looking up transform from frame [robot3/base_link] to frame [map]
[ros2-11] [bt_navigator-5] 
[ros2-11] [bt_navigator-5] [WARN] [1785153060.211997314] [BehaviorTreeEngine]: Behavior Tree tick rate 100.00 was exceeded!
[ros2-11] [bt_navigator-5] [ERROR] [1785153060.312975604] [transformPoseInTargetFrame]: Extrapolation Error looking up target frame: Lookup would require extrapolation into the past.  Requested time 13.943000 but the earliest data is at time 169.294000, when looking up transform from frame [robot3/base_link] to frame [map]
[ros2-11] [bt_navigator-5] 
[ros2-11] [bt_navigator-5] [WARN] [1785153060.313096325] [BehaviorTreeEngine]: Behavior Tree tick rate 100.00 was exceeded!
[ros2-11] [bt_navigator-5] [ERROR] [1785153060.414102149] [transformPoseInTargetFrame]: Extrapolation Error looking up target frame: Lookup would require extrapolation into the past.  Requested time 13.943000 but the earliest data is at time 169.394000, when looking up transform from frame [robot3/base_link] to frame [map]
[ros2-11] [bt_navigator-5] 
[ros2-11] [bt_navigator-5] [WARN] [1785153060.414279649] [BehaviorTreeEngine]: Behavior Tree tick rate 100.00 was exceeded!
[ros2-11] [bt_navigator-5] [ERROR] [1785153060.515370175] [transformPoseInTargetFrame]: Extrapolation Error looking up target frame: Lookup would require extrapolation into the past.  Requested time 13.943000 but the earliest data is at time 169.494000, when looking up transform from frame [robot3/base_link] to frame [map]
[ros2-11] [bt_navigator-5] 
[ros2-11] [bt_navigator-5] [WARN] [1785153060.515507523] [BehaviorTreeEngine]: Behavior Tree tick rate 100.00 was exceeded!
[ros2-11] [bt_navigator-5] [ERROR] [1785153060.616467148] [transformPoseInTargetFrame]: Extrapolation Error looking up target frame: Lookup would require extrapolation into the past.  Requested time 13.943000 but the earliest data is at time 169.594000, when looking up transform from frame [robot3/base_link] to frame [map]
[ros2-11] [bt_navigator-5] 
[ros2-11] [bt_navigator-5] [WARN] [1785153060.616577519] [BehaviorTreeEngine]: Behavior Tree tick rate 100.00 was exceeded!
[ros2-11] [bt_navigator-5] [ERROR] [1785153060.707484356] [transformPoseInTargetFrame]: Extrapolation Error looking up target frame: Lookup would require extrapolation into the past.  Requested time 13.943000 but the earliest data is at time 169.594000, when looking up transform from frame [robot3/base_link] to frame [map]
[ros2-11] [bt_navigator-5] 
[ros2-11] [bt_navigator-5] [WARN] [1785153060.707829816] [BehaviorTreeEngine]: Behavior Tree tick rate 100.00 was exceeded!
[ros2-11] [bt_navigator-5] [ERROR] [1785153060.808826387] [transformPoseInTargetFrame]: Extrapolation Error looking up target frame: Lookup would require extrapolation into the past.  Requested time 13.943000 but the earliest data is at time 169.794000, when looking up transform from frame [robot3/base_link] to frame [map]
[ros2-11] [bt_navigator-5] 
[ros2-11] [bt_navigator-5] [WARN] [1785153060.808968180] [BehaviorTreeEngine]: Behavior Tree tick rate 100.00 was exceeded!
[ros2-11] [planner_server-3] [ERROR] [1785153060.817399061] [transformPoseInTargetFrame]: Extrapolation Error looking up target frame: Lookup would require extrapolation into the past.  Requested time 13.943000 but the earliest data is at time 169.794000, when looking up transform from frame [robot3/base_link] to frame [map]
[ros2-11] [planner_server-3] 
[ros2-11] [bt_navigator-5] [ERROR] [1785153060.909951507] [transformPoseInTargetFrame]: Extrapolation Error looking up target frame: Lookup would require extrapolation into the past.  Requested time 13.943000 but the earliest data is at time 169.894000, when looking up transform from frame [robot3/base_link] to frame [map]
[ros2-11] [bt_navigator-5] 
[ros2-11] [bt_navigator-5] [WARN] [1785153060.910098347] [BehaviorTreeEngine]: Behavior Tree tick rate 100.00 was exceeded!
[ros2-11] [bt_navigator-5] [ERROR] [1785153061.011192572] [transformPoseInTargetFrame]: Extrapolation Error looking up target frame: Lookup would require extrapolation into the past.  Requested time 13.943000 but the earliest data is at time 169.994000, when looking up transform from frame [robot3/base_link] to frame [map]
[ros2-11] [bt_navigator-5] 
[ros2-11] [bt_navigator-5] [WARN] [1785153061.011311232] [BehaviorTreeEngine]: Behavior Tree tick rate 100.00 was exceeded!
[ros2-11] [bt_navigator-5] [ERROR] [1785153061.112297584] [transformPoseInTargetFrame]: Extrapolation Error looking up target frame: Lookup would require extrapolation into the past.  Requested time 13.943000 but the earliest data is at time 170.094000, when looking up transform from frame [robot3/base_link] to frame [map]
[ros2-11] [bt_navigator-5] 
[ros2-11] [bt_navigator-5] [WARN] [1785153061.112415741] [BehaviorTreeEngine]: Behavior Tree tick rate 100.00 was exceeded!
[ros2-11] [bt_navigator-5] [ERROR] [1785153061.213499959] [transformPoseInTargetFrame]: Extrapolation Error looking up target frame: Lookup would require extrapolation into the past.  Requested time 13.943000 but the earliest data is at time 170.194000, when looking up transform from frame [robot3/base_link] to frame [map]
[ros2-11] [bt_navigator-5] 
[ros2-11] [bt_navigator-5] [WARN] [1785153061.213694694] [BehaviorTreeEngine]: Behavior Tree tick rate 100.00 was exceeded!
[ros2-11] [bt_navigator-5] [ERROR] [1785153061.314732874] [transformPoseInTargetFrame]: Extrapolation Error looking up target frame: Lookup would require extrapolation into the past.  Requested time 13.943000 but the earliest data is at time 170.294000, when looking up transform from frame [robot3/base_link] to frame [map]
[ros2-11] [bt_navigator-5] 
[ros2-11] [bt_navigator-5] [WARN] [1785153061.314841086] [BehaviorTreeEngine]: Behavior Tree tick rate 100.00 was exceeded!
[ros2-11] [bt_navigator-5] [ERROR] [1785153061.415786133] [transformPoseInTargetFrame]: Extrapolation Error looking up target frame: Lookup would require extrapolation into the past.  Requested time 13.943000 but the earliest data is at time 170.394000, when looking up transform from frame [robot3/base_link] to frame [map]
[ros2-11] [bt_navigator-5] 
[ros2-11] [bt_navigator-5] [WARN] [1785153061.415905206] [BehaviorTreeEngine]: Behavior Tree tick rate 100.00 was exceeded!
[ros2-11] [bt_navigator-5] [ERROR] [1785153061.516916468] [transformPoseInTargetFrame]: Extrapolation Error looking up target frame: Lookup would require extrapolation into the past.  Requested time 13.943000 but the earliest data is at time 170.494000, when looking up transform from frame [robot3/base_link] to frame [map]
[ros2-11] [bt_navigator-5] 
[ros2-11] [bt_navigator-5] [WARN] [1785153061.517033431] [BehaviorTreeEngine]: Behavior Tree tick rate 100.00 was exceeded!
[ros2-11] [bt_navigator-5] [ERROR] [1785153061.618058781] [transformPoseInTargetFrame]: Extrapolation Error looking up target frame: Lookup would require extrapolation into the past.  Requested time 13.943000 but the earliest data is at time 170.594000, when looking up transform from frame [robot3/base_link] to frame [map]
[ros2-11] [bt_navigator-5] 
[ros2-11] [bt_navigator-5] [WARN] [1785153061.618190054] [BehaviorTreeEngine]: Behavior Tree tick rate 100.00 was exceeded!
[ros2-11] [bt_navigator-5] [ERROR] [1785153061.719169992] [transformPoseInTargetFrame]: Extrapolation Error looking up target frame: Lookup would require extrapolation into the past.  Requested time 13.943000 but the earliest data is at time 170.694000, when looking up transform from frame [robot3/base_link] to frame [map]
[ros2-11] [bt_navigator-5] 
[ros2-11] [bt_navigator-5] [WARN] [1785153061.719277086] [BehaviorTreeEngine]: Behavior Tree tick rate 100.00 was exceeded!
[ros2-11] [planner_server-3] [ERROR] [1785153061.817265578] [transformPoseInTargetFrame]: Extrapolation Error looking up target frame: Lookup would require extrapolation into the past.  Requested time 13.943000 but the earliest data is at time 170.794000, when looking up transform from frame [robot3/base_link] to frame [map]
[ros2-11] [planner_server-3] 
[ros2-11] [bt_navigator-5] [ERROR] [1785153061.820222438] [transformPoseInTargetFrame]: Extrapolation Error looking up target frame: Lookup would require extrapolation into the past.  Requested time 13.943000 but the earliest data is at time 170.794000, when looking up transform from frame [robot3/base_link] to frame [map]
[ros2-11] [bt_navigator-5] 
[ros2-11] [bt_navigator-5] [WARN] [1785153061.820327395] [BehaviorTreeEngine]: Behavior Tree tick rate 100.00 was exceeded!
[ros2-11] [bt_navigator-5] [ERROR] [1785153061.911182485] [transformPoseInTargetFrame]: Extrapolation Error looking up target frame: Lookup would require extrapolation into the past.  Requested time 13.943000 but the earliest data is at time 170.894000, when looking up transform from frame [robot3/base_link] to frame [map]
[ros2-11] [bt_navigator-5] 
[ros2-11] [bt_navigator-5] [WARN] [1785153061.911299454] [BehaviorTreeEngine]: Behavior Tree tick rate 100.00 was exceeded!
[ros2-11] [bt_navigator-5] [ERROR] [1785153062.012275699] [transformPoseInTargetFrame]: Extrapolation Error looking up target frame: Lookup would require extrapolation into the past.  Requested time 13.943000 but the earliest data is at time 170.994000, when looking up transform from frame [robot3/base_link] to frame [map]
[ros2-11] [bt_navigator-5] 
[ros2-11] [bt_navigator-5] [WARN] [1785153062.012404669] [BehaviorTreeEngine]: Behavior Tree tick rate 100.00 was exceeded!
[ros2-11] [bt_navigator-5] [ERROR] [1785153062.113358335] [transformPoseInTargetFrame]: Extrapolation Error looking up target frame: Lookup would require extrapolation into the past.  Requested time 13.943000 but the earliest data is at time 171.094000, when looking up transform from frame [robot3/base_link] to frame [map]
[ros2-11] [bt_navigator-5] 
[ros2-11] [bt_navigator-5] [WARN] [1785153062.113484088] [BehaviorTreeEngine]: Behavior Tree tick rate 100.00 was exceeded!
[ros2-11] [bt_navigator-5] [ERROR] [1785153062.214448065] [transformPoseInTargetFrame]: Extrapolation Error looking up target frame: Lookup would require extrapolation into the past.  Requested time 13.943000 but the earliest data is at time 171.194000, when looking up transform from frame [robot3/base_link] to frame [map]
[ros2-11] [bt_navigator-5] 
[ros2-11] [bt_navigator-5] [WARN] [1785153062.214574762] [BehaviorTreeEngine]: Behavior Tree tick rate 100.00 was exceeded!
[ros2-11] [bt_navigator-5] [ERROR] [1785153062.315548436] [transformPoseInTargetFrame]: Extrapolation Error looking up target frame: Lookup would require extrapolation into the past.  Requested time 13.943000 but the earliest data is at time 171.294000, when looking up transform from frame [robot3/base_link] to frame [map]
[ros2-11] [bt_navigator-5] 
[ros2-11] [bt_navigator-5] [WARN] [1785153062.315693565] [BehaviorTreeEngine]: Behavior Tree tick rate 100.00 was exceeded!
[ros2-11] [bt_navigator-5] [ERROR] [1785153062.416712863] [transformPoseInTargetFrame]: Extrapolation Error looking up target frame: Lookup would require extrapolation into the past.  Requested time 13.943000 but the earliest data is at time 171.394000, when looking up transform from frame [robot3/base_link] to frame [map]
[ros2-11] [bt_navigator-5] 
[ros2-11] [bt_navigator-5] [WARN] [1785153062.416815495] [BehaviorTreeEngine]: Behavior Tree tick rate 100.00 was exceeded!
[ros2-11] [bt_navigator-5] [ERROR] [1785153062.517725860] [transformPoseInTargetFrame]: Extrapolation Error looking up target frame: Lookup would require extrapolation into the past.  Requested time 13.943000 but the earliest data is at time 171.494000, when looking up transform from frame [robot3/base_link] to frame [map]
[ros2-11] [bt_navigator-5] 
[ros2-11] [bt_navigator-5] [WARN] [1785153062.517834766] [BehaviorTreeEngine]: Behavior Tree tick rate 100.00 was exceeded!
[ros2-11] [planner_server-3] [INFO] [1785153062.611291859] [robot3.global_costmap.global_costmap]: Message Filter dropping message: frame 'robot3/laser_frame' at time 181.446 for reason 'the timestamp on the message is earlier than all the data in the transform cache'
[ros2-11] [bt_navigator-5] [ERROR] [1785153062.618769297] [transformPoseInTargetFrame]: Extrapolation Error looking up target frame: Lookup would require extrapolation into the past.  Requested time 13.943000 but the earliest data is at time 171.594000, when looking up transform from frame [robot3/base_link] to frame [map]
[ros2-11] [bt_navigator-5] 
[ros2-11] [bt_navigator-5] [WARN] [1785153062.618886660] [BehaviorTreeEngine]: Behavior Tree tick rate 100.00 was exceeded!
[ros2-11] [bt_navigator-5] [ERROR] [1785153062.719905184] [transformPoseInTargetFrame]: Extrapolation Error looking up target frame: Lookup would require extrapolation into the past.  Requested time 13.943000 but the earliest data is at time 171.694000, when looking up transform from frame [robot3/base_link] to frame [map]
[ros2-11] [bt_navigator-5] 
[ros2-11] [bt_navigator-5] [WARN] [1785153062.720057220] [BehaviorTreeEngine]: Behavior Tree tick rate 100.00 was exceeded!
[ros2-11] [planner_server-3] [ERROR] [1785153062.817308998] [transformPoseInTargetFrame]: Extrapolation Error looking up target frame: Lookup would require extrapolation into the past.  Requested time 13.943000 but the earliest data is at time 171.794000, when looking up transform from frame [robot3/base_link] to frame [map]
[ros2-11] [planner_server-3] 
[ros2-11] [bt_navigator-5] [ERROR] [1785153062.821194437] [transformPoseInTargetFrame]: Extrapolation Error looking up target frame: Lookup would require extrapolation into the past.  Requested time 13.943000 but the earliest data is at time 171.794000, when looking up transform from frame [robot3/base_link] to frame [map]
[ros2-11] [bt_navigator-5] 
[ros2-11] [bt_navigator-5] [WARN] [1785153062.821407567] [BehaviorTreeEngine]: Behavior Tree tick rate 100.00 was exceeded!
[ros2-11] [bt_navigator-5] [ERROR] [1785153062.912457237] [transformPoseInTargetFrame]: Extrapolation Error looking up target frame: Lookup would require extrapolation into the past.  Requested time 13.943000 but the earliest data is at time 171.894000, when looking up transform from frame [robot3/base_link] to frame [map]
[ros2-11] [bt_navigator-5] 
[ros2-11] [bt_navigator-5] [WARN] [1785153062.912638218] [BehaviorTreeEngine]: Behavior Tree tick rate 100.00 was exceeded!
[ros2-11] [bt_navigator-5] [ERROR] [1785153063.013653220] [transformPoseInTargetFrame]: Extrapolation Error looking up target frame: Lookup would require extrapolation into the past.  Requested time 13.943000 but the earliest data is at time 171.994000, when looking up transform from frame [robot3/base_link] to frame [map]
[ros2-11] [bt_navigator-5] 
[ros2-11] [bt_navigator-5] [WARN] [1785153063.013774751] [BehaviorTreeEngine]: Behavior Tree tick rate 100.00 was exceeded!
[ros2-11] [bt_navigator-5] [ERROR] [1785153063.114827634] [transformPoseInTargetFrame]: Extrapolation Error looking up target frame: Lookup would require extrapolation into the past.  Requested time 13.943000 but the earliest data is at time 172.094000, when looking up transform from frame [robot3/base_link] to frame [map]
[ros2-11] [bt_navigator-5] 
[ros2-11] [bt_navigator-5] [WARN] [1785153063.114932973] [BehaviorTreeEngine]: Behavior Tree tick rate 100.00 was exceeded!
[ros2-11] [bt_navigator-5] [ERROR] [1785153063.215908646] [transformPoseInTargetFrame]: Extrapolation Error looking up target frame: Lookup would require extrapolation into the past.  Requested time 13.943000 but the earliest data is at time 172.194000, when looking up transform from frame [robot3/base_link] to frame [map]
[ros2-11] [bt_navigator-5] 
[ros2-11] [bt_navigator-5] [WARN] [1785153063.216008847] [BehaviorTreeEngine]: Behavior Tree tick rate 100.00 was exceeded!
[ros2-11] [bt_navigator-5] [ERROR] [1785153063.317011701] [transformPoseInTargetFrame]: Extrapolation Error looking up target frame: Lookup would require extrapolation into the past.  Requested time 13.943000 but the earliest data is at time 172.294000, when looking up transform from frame [robot3/base_link] to frame [map]
[ros2-11] [bt_navigator-5] 
[ros2-11] [bt_navigator-5] [WARN] [1785153063.317167782] [BehaviorTreeEngine]: Behavior Tree tick rate 100.00 was exceeded!
[ros2-11] [bt_navigator-5] [ERROR] [1785153063.418154079] [transformPoseInTargetFrame]: Extrapolation Error looking up target frame: Lookup would require extrapolation into the past.  Requested time 13.943000 but the earliest data is at time 172.394000, when looking up transform from frame [robot3/base_link] to frame [map]
[ros2-11] [bt_navigator-5] 
[ros2-11] [bt_navigator-5] [WARN] [1785153063.418354929] [BehaviorTreeEngine]: Behavior Tree tick rate 100.00 was exceeded!
[ros2-11] [bt_navigator-5] [ERROR] [1785153063.519423537] [transformPoseInTargetFrame]: Extrapolation Error looking up target frame: Lookup would require extrapolation into the past.  Requested time 13.943000 but the earliest data is at time 172.494000, when looking up transform from frame [robot3/base_link] to frame [map]
[ros2-11] [bt_navigator-5] 
[ros2-11] [bt_navigator-5] [WARN] [1785153063.519552900] [BehaviorTreeEngine]: Behavior Tree tick rate 100.00 was exceeded!
[ros2-11] [bt_navigator-5] [ERROR] [1785153063.620521504] [transformPoseInTargetFrame]: Extrapolation Error looking up target frame: Lookup would require extrapolation into the past.  Requested time 13.943000 but the earliest data is at time 172.594000, when looking up transform from frame [robot3/base_link] to frame [map]
[ros2-11] [bt_navigator-5] 
[ros2-11] [bt_navigator-5] [WARN] [1785153063.620695350] [BehaviorTreeEngine]: Behavior Tree tick rate 100.00 was exceeded!
[ros2-11] [bt_navigator-5] [ERROR] [1785153063.721831648] [transformPoseInTargetFrame]: Extrapolation Error looking up target frame: Lookup would require extrapolation into the past.  Requested time 13.943000 but the earliest data is at time 172.694000, when looking up transform from frame [robot3/base_link] to frame [map]
[ros2-11] [bt_navigator-5] 
[ros2-11] [bt_navigator-5] [WARN] [1785153063.721941941] [BehaviorTreeEngine]: Behavior Tree tick rate 100.00 was exceeded!
[ros2-11] [bt_navigator-5] [ERROR] [1785153063.812968366] [transformPoseInTargetFrame]: Extrapolation Error looking up target frame: Lookup would require extrapolation into the past.  Requested time 13.943000 but the earliest data is at time 172.694000, when looking up transform from frame [robot3/base_link] to frame [map]
[ros2-11] [bt_navigator-5] 
[ros2-11] [bt_navigator-5] [WARN] [1785153063.813147260] [BehaviorTreeEngine]: Behavior Tree tick rate 100.00 was exceeded!
[ros2-11] [planner_server-3] [ERROR] [1785153063.817245700] [transformPoseInTargetFrame]: Extrapolation Error looking up target frame: Lookup would require extrapolation into the past.  Requested time 13.943000 but the earliest data is at time 172.794000, when looking up transform from frame [robot3/base_link] to frame [map]
[ros2-11] [planner_server-3] 
[ros2-11] [bt_navigator-5] [ERROR] [1785153063.914357051] [transformPoseInTargetFrame]: Extrapolation Error looking up target frame: Lookup would require extrapolation into the past.  Requested time 13.943000 but the earliest data is at time 172.894000, when looking up transform from frame [robot3/base_link] to frame [map]
[ros2-11] [bt_navigator-5] 
[ros2-11] [bt_navigator-5] [WARN] [1785153063.914522817] [BehaviorTreeEngine]: Behavior Tree tick rate 100.00 was exceeded!
[ros2-11] [bt_navigator-5] [ERROR] [1785153064.015601861] [transformPoseInTargetFrame]: Extrapolation Error looking up target frame: Lookup would require extrapolation into the past.  Requested time 13.943000 but the earliest data is at time 172.994000, when looking up transform from frame [robot3/base_link] to frame [map]
[ros2-11] [bt_navigator-5] 
[ros2-11] [bt_navigator-5] [WARN] [1785153064.015852786] [BehaviorTreeEngine]: Behavior Tree tick rate 100.00 was exceeded!
[ros2-11] [bt_navigator-5] [ERROR] [1785153064.116954734] [transformPoseInTargetFrame]: Extrapolation Error looking up target frame: Lookup would require extrapolation into the past.  Requested time 13.943000 but the earliest data is at time 173.094000, when looking up transform from frame [robot3/base_link] to frame [map]
[ros2-11] [bt_navigator-5] 
[ros2-11] [bt_navigator-5] [WARN] [1785153064.117146987] [BehaviorTreeEngine]: Behavior Tree tick rate 100.00 was exceeded!
[ros2-11] [bt_navigator-5] [ERROR] [1785153064.218264205] [transformPoseInTargetFrame]: Extrapolation Error looking up target frame: Lookup would require extrapolation into the past.  Requested time 13.943000 but the earliest data is at time 173.194000, when looking up transform from frame [robot3/base_link] to frame [map]
[ros2-11] [bt_navigator-5] 
[ros2-11] [bt_navigator-5] [WARN] [1785153064.218373288] [BehaviorTreeEngine]: Behavior Tree tick rate 100.00 was exceeded!
[ros2-11] [bt_navigator-5] [ERROR] [1785153064.319400054] [transformPoseInTargetFrame]: Extrapolation Error looking up target frame: Lookup would require extrapolation into the past.  Requested time 13.943000 but the earliest data is at time 173.294000, when looking up transform from frame [robot3/base_link] to frame [map]
[ros2-11] [bt_navigator-5] 
[ros2-11] [bt_navigator-5] [WARN] [1785153064.319594369] [BehaviorTreeEngine]: Behavior Tree tick rate 100.00 was exceeded!
[ros2-11] [bt_navigator-5] [ERROR] [1785153064.420820889] [transformPoseInTargetFrame]: Extrapolation Error looking up target frame: Lookup would require extrapolation into the past.  Requested time 13.943000 but the earliest data is at time 173.394000, when looking up transform from frame [robot3/base_link] to frame [map]
[ros2-11] [bt_navigator-5] 
[ros2-11] [bt_navigator-5] [WARN] [1785153064.421004186] [BehaviorTreeEngine]: Behavior Tree tick rate 100.00 was exceeded!
[ros2-11] [bt_navigator-5] [ERROR] [1785153064.522132346] [transformPoseInTargetFrame]: Extrapolation Error looking up target frame: Lookup would require extrapolation into the past.  Requested time 13.943000 but the earliest data is at time 173.494000, when looking up transform from frame [robot3/base_link] to frame [map]
[ros2-11] [bt_navigator-5] 
[ros2-11] [bt_navigator-5] [WARN] [1785153064.522232280] [BehaviorTreeEngine]: Behavior Tree tick rate 100.00 was exceeded!
[ros2-11] [bt_navigator-5] [ERROR] [1785153064.623198260] [transformPoseInTargetFrame]: Extrapolation Error looking up target frame: Lookup would require extrapolation into the past.  Requested time 13.943000 but the earliest data is at time 173.594000, when looking up transform from frame [robot3/base_link] to frame [map]
[ros2-11] [bt_navigator-5] 
[ros2-11] [bt_navigator-5] [WARN] [1785153064.623325385] [BehaviorTreeEngine]: Behavior Tree tick rate 100.00 was exceeded!
[ros2-11] [bt_navigator-5] [ERROR] [1785153064.724439800] [transformPoseInTargetFrame]: Extrapolation Error looking up target frame: Lookup would require extrapolation into the past.  Requested time 13.943000 but the earliest data is at time 173.694000, when looking up transform from frame [robot3/base_link] to frame [map]
[ros2-11] [bt_navigator-5] 
[ros2-11] [bt_navigator-5] [WARN] [1785153064.724582710] [BehaviorTreeEngine]: Behavior Tree tick rate 100.00 was exceeded!
[ros2-11] [bt_navigator-5] [ERROR] [1785153064.815530353] [transformPoseInTargetFrame]: Extrapolation Error looking up target frame: Lookup would require extrapolation into the past.  Requested time 13.943000 but the earliest data is at time 173.794000, when looking up transform from frame [robot3/base_link] to frame [map]
[ros2-11] [bt_navigator-5] 
[ros2-11] [bt_navigator-5] [WARN] [1785153064.815684918] [BehaviorTreeEngine]: Behavior Tree tick rate 100.00 was exceeded!
[ros2-11] [planner_server-3] [ERROR] [1785153064.817439589] [transformPoseInTargetFrame]: Extrapolation Error looking up target frame: Lookup would require extrapolation into the past.  Requested time 13.943000 but the earliest data is at time 173.794000, when looking up transform from frame [robot3/base_link] to frame [map]
[ros2-11] [planner_server-3] 
[ros2-11] [bt_navigator-5] [ERROR] [1785153064.916786928] [transformPoseInTargetFrame]: Extrapolation Error looking up target frame: Lookup would require extrapolation into the past.  Requested time 13.943000 but the earliest data is at time 173.894000, when looking up transform from frame [robot3/base_link] to frame [map]
[ros2-11] [bt_navigator-5] 
[ros2-11] [bt_navigator-5] [WARN] [1785153064.916895171] [BehaviorTreeEngine]: Behavior Tree tick rate 100.00 was exceeded!
[ros2-11] [bt_navigator-5] [ERROR] [1785153065.018054336] [transformPoseInTargetFrame]: Extrapolation Error looking up target frame: Lookup would require extrapolation into the past.  Requested time 13.943000 but the earliest data is at time 173.994000, when looking up transform from frame [robot3/base_link] to frame [map]
[ros2-11] [bt_navigator-5] 
[ros2-11] [bt_navigator-5] [WARN] [1785153065.018200972] [BehaviorTreeEngine]: Behavior Tree tick rate 100.00 was exceeded!
[ros2-11] [planner_server-3] [INFO] [1785153065.114176824] [robot3.global_costmap.global_costmap]: Message Filter dropping message: frame 'robot3/laser_frame' at time 183.946 for reason 'the timestamp on the message is earlier than all the data in the transform cache'
[ros2-11] [bt_navigator-5] [ERROR] [1785153065.119102662] [transformPoseInTargetFrame]: Extrapolation Error looking up target frame: Lookup would require extrapolation into the past.  Requested time 13.943000 but the earliest data is at time 174.094000, when looking up transform from frame [robot3/base_link] to frame [map]
[ros2-11] [bt_navigator-5] 
[ros2-11] [bt_navigator-5] [WARN] [1785153065.119280270] [BehaviorTreeEngine]: Behavior Tree tick rate 100.00 was exceeded!
[ros2-11] [bt_navigator-5] [ERROR] [1785153065.220382812] [transformPoseInTargetFrame]: Extrapolation Error looking up target frame: Lookup would require extrapolation into the past.  Requested time 13.943000 but the earliest data is at time 174.194000, when looking up transform from frame [robot3/base_link] to frame [map]
[ros2-11] [bt_navigator-5] 
[ros2-11] [bt_navigator-5] [WARN] [1785153065.220495029] [BehaviorTreeEngine]: Behavior Tree tick rate 100.00 was exceeded!
[ros2-11] [bt_navigator-5] [ERROR] [1785153065.321547804] [transformPoseInTargetFrame]: Extrapolation Error looking up target frame: Lookup would require extrapolation into the past.  Requested time 13.943000 but the earliest data is at time 174.294000, when looking up transform from frame [robot3/base_link] to frame [map]
[ros2-11] [bt_navigator-5] 
[ros2-11] [bt_navigator-5] [WARN] [1785153065.321689677] [BehaviorTreeEngine]: Behavior Tree tick rate 100.00 was exceeded!
[ros2-11] [bt_navigator-5] [ERROR] [1785153065.422758466] [transformPoseInTargetFrame]: Extrapolation Error looking up target frame: Lookup would require extrapolation into the past.  Requested time 13.943000 but the earliest data is at time 174.394000, when looking up transform from frame [robot3/base_link] to frame [map]
[ros2-11] [bt_navigator-5] 
[ros2-11] [bt_navigator-5] [WARN] [1785153065.422923467] [BehaviorTreeEngine]: Behavior Tree tick rate 100.00 was exceeded!
[ros2-11] [bt_navigator-5] [ERROR] [1785153065.523948783] [transformPoseInTargetFrame]: Extrapolation Error looking up target frame: Lookup would require extrapolation into the past.  Requested time 13.943000 but the earliest data is at time 174.494000, when looking up transform from frame [robot3/base_link] to frame [map]
[ros2-11] [bt_navigator-5] 
[ros2-11] [bt_navigator-5] [WARN] [1785153065.524104299] [BehaviorTreeEngine]: Behavior Tree tick rate 100.00 was exceeded!
[ros2-11] [bt_navigator-5] [ERROR] [1785153065.625134786] [transformPoseInTargetFrame]: Extrapolation Error looking up target frame: Lookup would require extrapolation into the past.  Requested time 13.943000 but the earliest data is at time 174.594000, when looking up transform from frame [robot3/base_link] to frame [map]
[ros2-11] [bt_navigator-5] 
[ros2-11] [bt_navigator-5] [WARN] [1785153065.625262753] [BehaviorTreeEngine]: Behavior Tree tick rate 100.00 was exceeded!
[ros2-11] [bt_navigator-5] [ERROR] [1785153065.716214269] [transformPoseInTargetFrame]: Extrapolation Error looking up target frame: Lookup would require extrapolation into the past.  Requested time 13.943000 but the earliest data is at time 174.694000, when looking up transform from frame [robot3/base_link] to frame [map]
[ros2-11] [bt_navigator-5] 
[ros2-11] [bt_navigator-5] [WARN] [1785153065.716342533] [BehaviorTreeEngine]: Behavior Tree tick rate 100.00 was exceeded!
[ros2-11] [planner_server-3] [ERROR] [1785153065.817205948] [transformPoseInTargetFrame]: Extrapolation Error looking up target frame: Lookup would require extrapolation into the past.  Requested time 13.943000 but the earliest data is at time 174.794000, when looking up transform from frame [robot3/base_link] to frame [map]
[ros2-11] [planner_server-3] 
[ros2-11] [bt_navigator-5] [ERROR] [1785153065.817402631] [transformPoseInTargetFrame]: Extrapolation Error looking up target frame: Lookup would require extrapolation into the past.  Requested time 13.943000 but the earliest data is at time 174.794000, when looking up transform from frame [robot3/base_link] to frame [map]
[ros2-11] [bt_navigator-5] 
[ros2-11] [bt_navigator-5] [WARN] [1785153065.817532426] [BehaviorTreeEngine]: Behavior Tree tick rate 100.00 was exceeded!
[ros2-11] [bt_navigator-5] [ERROR] [1785153065.918530607] [transformPoseInTargetFrame]: Extrapolation Error looking up target frame: Lookup would require extrapolation into the past.  Requested time 13.943000 but the earliest data is at time 174.894000, when looking up transform from frame [robot3/base_link] to frame [map]
[ros2-11] [bt_navigator-5] 
[ros2-11] [bt_navigator-5] [WARN] [1785153065.918656511] [BehaviorTreeEngine]: Behavior Tree tick rate 100.00 was exceeded!
[ros2-11] [bt_navigator-5] [ERROR] [1785153066.019693854] [transformPoseInTargetFrame]: Extrapolation Error looking up target frame: Lookup would require extrapolation into the past.  Requested time 13.943000 but the earliest data is at time 174.994000, when looking up transform from frame [robot3/base_link] to frame [map]
[ros2-11] [bt_navigator-5] 
[ros2-11] [bt_navigator-5] [WARN] [1785153066.019824172] [BehaviorTreeEngine]: Behavior Tree tick rate 100.00 was exceeded!
[ros2-11] [bt_navigator-5] [ERROR] [1785153066.120871762] [transformPoseInTargetFrame]: Extrapolation Error looking up target frame: Lookup would require extrapolation into the past.  Requested time 13.943000 but the earliest data is at time 175.094000, when looking up transform from frame [robot3/base_link] to frame [map]
[ros2-11] [bt_navigator-5] 
[ros2-11] [bt_navigator-5] [WARN] [1785153066.120981244] [BehaviorTreeEngine]: Behavior Tree tick rate 100.00 was exceeded!
[ros2-11] [bt_navigator-5] [ERROR] [1785153066.221939917] [transformPoseInTargetFrame]: Extrapolation Error looking up target frame: Lookup would require extrapolation into the past.  Requested time 13.943000 but the earliest data is at time 175.194000, when looking up transform from frame [robot3/base_link] to frame [map]
[ros2-11] [bt_navigator-5] 
[ros2-11] [bt_navigator-5] [WARN] [1785153066.222055147] [BehaviorTreeEngine]: Behavior Tree tick rate 100.00 was exceeded!
[ros2-11] [bt_navigator-5] [ERROR] [1785153066.323110143] [transformPoseInTargetFrame]: Extrapolation Error looking up target frame: Lookup would require extrapolation into the past.  Requested time 13.943000 but the earliest data is at time 175.294000, when looking up transform from frame [robot3/base_link] to frame [map]
[ros2-11] [bt_navigator-5] 
[ros2-11] [bt_navigator-5] [WARN] [1785153066.323212144] [BehaviorTreeEngine]: Behavior Tree tick rate 100.00 was exceeded!
[ros2-11] [bt_navigator-5] [ERROR] [1785153066.424223126] [transformPoseInTargetFrame]: Extrapolation Error looking up target frame: Lookup would require extrapolation into the past.  Requested time 13.943000 but the earliest data is at time 175.394000, when looking up transform from frame [robot3/base_link] to frame [map]
[ros2-11] [bt_navigator-5] 
[ros2-11] [bt_navigator-5] [WARN] [1785153066.424364919] [BehaviorTreeEngine]: Behavior Tree tick rate 100.00 was exceeded!
[ros2-11] [bt_navigator-5] [ERROR] [1785153066.525295216] [transformPoseInTargetFrame]: Extrapolation Error looking up target frame: Lookup would require extrapolation into the past.  Requested time 13.943000 but the earliest data is at time 175.494000, when looking up transform from frame [robot3/base_link] to frame [map]
[ros2-11] [bt_navigator-5] 
[ros2-11] [bt_navigator-5] [WARN] [1785153066.525425084] [BehaviorTreeEngine]: Behavior Tree tick rate 100.00 was exceeded!
[ros2-11] [bt_navigator-5] [ERROR] [1785153066.626470330] [transformPoseInTargetFrame]: Extrapolation Error looking up target frame: Lookup would require extrapolation into the past.  Requested time 13.943000 but the earliest data is at time 175.594000, when looking up transform from frame [robot3/base_link] to frame [map]
[ros2-11] [bt_navigator-5] 
[ros2-11] [bt_navigator-5] [WARN] [1785153066.626674339] [BehaviorTreeEngine]: Behavior Tree tick rate 100.00 was exceeded!
[ros2-11] [bt_navigator-5] [ERROR] [1785153066.727671126] [transformPoseInTargetFrame]: Extrapolation Error looking up target frame: Lookup would require extrapolation into the past.  Requested time 13.943000 but the earliest data is at time 175.694000, when looking up transform from frame [robot3/base_link] to frame [map]
[ros2-11] [bt_navigator-5] 
[ros2-11] [bt_navigator-5] [WARN] [1785153066.727791648] [BehaviorTreeEngine]: Behavior Tree tick rate 100.00 was exceeded!
[ros2-11] [planner_server-3] [ERROR] [1785153066.827689220] [transformPoseInTargetFrame]: Extrapolation Error looking up target frame: Lookup would require extrapolation into the past.  Requested time 13.943000 but the earliest data is at time 175.794000, when looking up transform from frame [robot3/base_link] to frame [map]
[ros2-11] [planner_server-3] 
[ros2-11] [bt_navigator-5] [ERROR] [1785153066.828761540] [transformPoseInTargetFrame]: Extrapolation Error looking up target frame: Lookup would require extrapolation into the past.  Requested time 13.943000 but the earliest data is at time 175.794000, when looking up transform from frame [robot3/base_link] to frame [map]
[ros2-11] [bt_navigator-5] 
[ros2-11] [bt_navigator-5] [WARN] [1785153066.828887250] [BehaviorTreeEngine]: Behavior Tree tick rate 100.00 was exceeded!
[ros2-11] [bt_navigator-5] [ERROR] [1785153066.919856835] [transformPoseInTargetFrame]: Extrapolation Error looking up target frame: Lookup would require extrapolation into the past.  Requested time 13.943000 but the earliest data is at time 175.794000, when looking up transform from frame [robot3/base_link] to frame [map]
[ros2-11] [bt_navigator-5] 
[ros2-11] [bt_navigator-5] [WARN] [1785153066.920052412] [BehaviorTreeEngine]: Behavior Tree tick rate 100.00 was exceeded!
[ros2-11] [bt_navigator-5] [ERROR] [1785153067.021224098] [transformPoseInTargetFrame]: Extrapolation Error looking up target frame: Lookup would require extrapolation into the past.  Requested time 13.943000 but the earliest data is at time 175.994000, when looking up transform from frame [robot3/base_link] to frame [map]
[ros2-11] [bt_navigator-5] 
[ros2-11] [bt_navigator-5] [WARN] [1785153067.021358154] [BehaviorTreeEngine]: Behavior Tree tick rate 100.00 was exceeded!
[ros2-11] [bt_navigator-5] [ERROR] [1785153067.122379775] [transformPoseInTargetFrame]: Extrapolation Error looking up target frame: Lookup would require extrapolation into the past.  Requested time 13.943000 but the earliest data is at time 176.094000, when looking up transform from frame [robot3/base_link] to frame [map]
[ros2-11] [bt_navigator-5] 
[ros2-11] [bt_navigator-5] [WARN] [1785153067.122506025] [BehaviorTreeEngine]: Behavior Tree tick rate 100.00 was exceeded!
[ros2-11] [bt_navigator-5] [ERROR] [1785153067.223571864] [transformPoseInTargetFrame]: Extrapolation Error looking up target frame: Lookup would require extrapolation into the past.  Requested time 13.943000 but the earliest data is at time 176.194000, when looking up transform from frame [robot3/base_link] to frame [map]
[ros2-11] [bt_navigator-5] 
[ros2-11] [bt_navigator-5] [WARN] [1785153067.223678094] [BehaviorTreeEngine]: Behavior Tree tick rate 100.00 was exceeded!
[ros2-11] [bt_navigator-5] [ERROR] [1785153067.324644688] [transformPoseInTargetFrame]: Extrapolation Error looking up target frame: Lookup would require extrapolation into the past.  Requested time 13.943000 but the earliest data is at time 176.294000, when looking up transform from frame [robot3/base_link] to frame [map]
[ros2-11] [bt_navigator-5] 
[ros2-11] [bt_navigator-5] [WARN] [1785153067.324785260] [BehaviorTreeEngine]: Behavior Tree tick rate 100.00 was exceeded!
[ros2-11] [bt_navigator-5] [ERROR] [1785153067.425870973] [transformPoseInTargetFrame]: Extrapolation Error looking up target frame: Lookup would require extrapolation into the past.  Requested time 13.943000 but the earliest data is at time 176.394000, when looking up transform from frame [robot3/base_link] to frame [map]
[ros2-11] [bt_navigator-5] 
[ros2-11] [bt_navigator-5] [WARN] [1785153067.426071426] [BehaviorTreeEngine]: Behavior Tree tick rate 100.00 was exceeded!
[ros2-11] [bt_navigator-5] [ERROR] [1785153067.527091212] [transformPoseInTargetFrame]: Extrapolation Error looking up target frame: Lookup would require extrapolation into the past.  Requested time 13.943000 but the earliest data is at time 176.494000, when looking up transform from frame [robot3/base_link] to frame [map]
[ros2-11] [bt_navigator-5] 
[ros2-11] [bt_navigator-5] [WARN] [1785153067.527287767] [BehaviorTreeEngine]: Behavior Tree tick rate 100.00 was exceeded!
[ros2-11] [planner_server-3] [INFO] [1785153067.626421722] [robot3.global_costmap.global_costmap]: Message Filter dropping message: frame 'robot3/laser_frame' at time 186.446 for reason 'the timestamp on the message is earlier than all the data in the transform cache'
[ros2-11] [bt_navigator-5] [ERROR] [1785153067.628486170] [transformPoseInTargetFrame]: Extrapolation Error looking up target frame: Lookup would require extrapolation into the past.  Requested time 13.943000 but the earliest data is at time 176.494000, when looking up transform from frame [robot3/base_link] to frame [map]
[ros2-11] [bt_navigator-5] 
[ros2-11] [bt_navigator-5] [WARN] [1785153067.629417943] [BehaviorTreeEngine]: Behavior Tree tick rate 100.00 was exceeded!
[ros2-11] [bt_navigator-5] [ERROR] [1785153067.732830232] [transformPoseInTargetFrame]: Extrapolation Error looking up target frame: Lookup would require extrapolation into the past.  Requested time 13.943000 but the earliest data is at time 176.694000, when looking up transform from frame [robot3/base_link] to frame [map]
[ros2-11] [bt_navigator-5] 
[ros2-11] [bt_navigator-5] [WARN] [1785153067.733009732] [BehaviorTreeEngine]: Behavior Tree tick rate 100.00 was exceeded!
[ros2-11] [planner_server-3] [ERROR] [1785153067.829185225] [transformPoseInTargetFrame]: Extrapolation Error looking up target frame: Lookup would require extrapolation into the past.  Requested time 13.943000 but the earliest data is at time 176.794000, when looking up transform from frame [robot3/base_link] to frame [map]
[ros2-11] [planner_server-3] 
[ros2-11] [bt_navigator-5] [ERROR] [1785153067.834206289] [transformPoseInTargetFrame]: Extrapolation Error looking up target frame: Lookup would require extrapolation into the past.  Requested time 13.943000 but the earliest data is at time 176.794000, when looking up transform from frame [robot3/base_link] to frame [map]
[ros2-11] [bt_navigator-5] 
[ros2-11] [bt_navigator-5] [WARN] [1785153067.834302871] [BehaviorTreeEngine]: Behavior Tree tick rate 100.00 was exceeded!
[ros2-11] [bt_navigator-5] [ERROR] [1785153067.925225364] [transformPoseInTargetFrame]: Extrapolation Error looking up target frame: Lookup would require extrapolation into the past.  Requested time 13.943000 but the earliest data is at time 176.894000, when looking up transform from frame [robot3/base_link] to frame [map]
[ros2-11] [bt_navigator-5] 
[ros2-11] [bt_navigator-5] [WARN] [1785153067.925417162] [BehaviorTreeEngine]: Behavior Tree tick rate 100.00 was exceeded!
[ros2-11] [bt_navigator-5] [ERROR] [1785153068.026619983] [transformPoseInTargetFrame]: Extrapolation Error looking up target frame: Lookup would require extrapolation into the past.  Requested time 13.943000 but the earliest data is at time 176.994000, when looking up transform from frame [robot3/base_link] to frame [map]
[ros2-11] [bt_navigator-5] 
[ros2-11] [bt_navigator-5] [WARN] [1785153068.026776698] [BehaviorTreeEngine]: Behavior Tree tick rate 100.00 was exceeded!
[ros2-11] [bt_navigator-5] [ERROR] [1785153068.127864394] [transformPoseInTargetFrame]: Extrapolation Error looking up target frame: Lookup would require extrapolation into the past.  Requested time 13.943000 but the earliest data is at time 177.094000, when looking up transform from frame [robot3/base_link] to frame [map]
[ros2-11] [bt_navigator-5] 
[ros2-11] [bt_navigator-5] [WARN] [1785153068.128114477] [BehaviorTreeEngine]: Behavior Tree tick rate 100.00 was exceeded!
[ros2-11] [bt_navigator-5] [ERROR] [1785153068.229154267] [transformPoseInTargetFrame]: Extrapolation Error looking up target frame: Lookup would require extrapolation into the past.  Requested time 13.943000 but the earliest data is at time 177.194000, when looking up transform from frame [robot3/base_link] to frame [map]
[ros2-11] [bt_navigator-5] 
[ros2-11] [bt_navigator-5] [WARN] [1785153068.229270213] [BehaviorTreeEngine]: Behavior Tree tick rate 100.00 was exceeded!
[ros2-11] [bt_navigator-5] [ERROR] [1785153068.330303119] [transformPoseInTargetFrame]: Extrapolation Error looking up target frame: Lookup would require extrapolation into the past.  Requested time 13.943000 but the earliest data is at time 177.294000, when looking up transform from frame [robot3/base_link] to frame [map]
[ros2-11] [bt_navigator-5] 
[ros2-11] [bt_navigator-5] [WARN] [1785153068.330518385] [BehaviorTreeEngine]: Behavior Tree tick rate 100.00 was exceeded!
[ros2-11] [bt_navigator-5] [ERROR] [1785153068.431530015] [transformPoseInTargetFrame]: Extrapolation Error looking up target frame: Lookup would require extrapolation into the past.  Requested time 13.943000 but the earliest data is at time 177.394000, when looking up transform from frame [robot3/base_link] to frame [map]
[ros2-11] [bt_navigator-5] 
[ros2-11] [bt_navigator-5] [WARN] [1785153068.431654729] [BehaviorTreeEngine]: Behavior Tree tick rate 100.00 was exceeded!
[ros2-11] [bt_navigator-5] [ERROR] [1785153068.532776192] [transformPoseInTargetFrame]: Extrapolation Error looking up target frame: Lookup would require extrapolation into the past.  Requested time 13.943000 but the earliest data is at time 177.494000, when looking up transform from frame [robot3/base_link] to frame [map]
[ros2-11] [bt_navigator-5] 
[ros2-11] [bt_navigator-5] [WARN] [1785153068.532923543] [BehaviorTreeEngine]: Behavior Tree tick rate 100.00 was exceeded!
[ros2-11] [bt_navigator-5] [ERROR] [1785153068.633993551] [transformPoseInTargetFrame]: Extrapolation Error looking up target frame: Lookup would require extrapolation into the past.  Requested time 13.943000 but the earliest data is at time 177.594000, when looking up transform from frame [robot3/base_link] to frame [map]
[ros2-11] [bt_navigator-5] 
[ros2-11] [bt_navigator-5] [WARN] [1785153068.634201588] [BehaviorTreeEngine]: Behavior Tree tick rate 100.00 was exceeded!
[ros2-11] [bt_navigator-5] [ERROR] [1785153068.725185248] [transformPoseInTargetFrame]: Extrapolation Error looking up target frame: Lookup would require extrapolation into the past.  Requested time 13.943000 but the earliest data is at time 177.594000, when looking up transform from frame [robot3/base_link] to frame [map]
[ros2-11] [bt_navigator-5] 
[ros2-11] [bt_navigator-5] [WARN] [1785153068.725319801] [BehaviorTreeEngine]: Behavior Tree tick rate 100.00 was exceeded!
[ros2-11] [bt_navigator-5] [ERROR] [1785153068.826371559] [transformPoseInTargetFrame]: Extrapolation Error looking up target frame: Lookup would require extrapolation into the past.  Requested time 13.943000 but the earliest data is at time 177.794000, when looking up transform from frame [robot3/base_link] to frame [map]
[ros2-11] [bt_navigator-5] 
[ros2-11] [bt_navigator-5] [WARN] [1785153068.826506368] [BehaviorTreeEngine]: Behavior Tree tick rate 100.00 was exceeded!
[ros2-11] [planner_server-3] [ERROR] [1785153068.827393367] [transformPoseInTargetFrame]: Extrapolation Error looking up target frame: Lookup would require extrapolation into the past.  Requested time 13.943000 but the earliest data is at time 177.794000, when looking up transform from frame [robot3/base_link] to frame [map]
[ros2-11] [planner_server-3] 
[ros2-11] [bt_navigator-5] [ERROR] [1785153068.927472490] [transformPoseInTargetFrame]: Extrapolation Error looking up target frame: Lookup would require extrapolation into the past.  Requested time 13.943000 but the earliest data is at time 177.894000, when looking up transform from frame [robot3/base_link] to frame [map]
[ros2-11] [bt_navigator-5] 
[ros2-11] [bt_navigator-5] [WARN] [1785153068.927619154] [BehaviorTreeEngine]: Behavior Tree tick rate 100.00 was exceeded!
[ros2-11] [bt_navigator-5] [ERROR] [1785153069.028843601] [transformPoseInTargetFrame]: Extrapolation Error looking up target frame: Lookup would require extrapolation into the past.  Requested time 13.943000 but the earliest data is at time 177.994000, when looking up transform from frame [robot3/base_link] to frame [map]
[ros2-11] [bt_navigator-5] 
[ros2-11] [bt_navigator-5] [WARN] [1785153069.028955561] [BehaviorTreeEngine]: Behavior Tree tick rate 100.00 was exceeded!
[ros2-11] [bt_navigator-5] [ERROR] [1785153069.130019515] [transformPoseInTargetFrame]: Extrapolation Error looking up target frame: Lookup would require extrapolation into the past.  Requested time 13.943000 but the earliest data is at time 178.094000, when looking up transform from frame [robot3/base_link] to frame [map]
[ros2-11] [bt_navigator-5] 
[ros2-11] [bt_navigator-5] [WARN] [1785153069.130174803] [BehaviorTreeEngine]: Behavior Tree tick rate 100.00 was exceeded!
[ros2-11] [bt_navigator-5] [ERROR] [1785153069.231208560] [transformPoseInTargetFrame]: Extrapolation Error looking up target frame: Lookup would require extrapolation into the past.  Requested time 13.943000 but the earliest data is at time 178.194000, when looking up transform from frame [robot3/base_link] to frame [map]
[ros2-11] [bt_navigator-5] 
[ros2-11] [bt_navigator-5] [WARN] [1785153069.231358020] [BehaviorTreeEngine]: Behavior Tree tick rate 100.00 was exceeded!
[ros2-11] [bt_navigator-5] [ERROR] [1785153069.332383582] [transformPoseInTargetFrame]: Extrapolation Error looking up target frame: Lookup would require extrapolation into the past.  Requested time 13.943000 but the earliest data is at time 178.294000, when looking up transform from frame [robot3/base_link] to frame [map]
[ros2-11] [bt_navigator-5] 
[ros2-11] [bt_navigator-5] [WARN] [1785153069.332540807] [BehaviorTreeEngine]: Behavior Tree tick rate 100.00 was exceeded!
[ros2-11] [bt_navigator-5] [ERROR] [1785153069.433661192] [transformPoseInTargetFrame]: Extrapolation Error looking up target frame: Lookup would require extrapolation into the past.  Requested time 13.943000 but the earliest data is at time 178.394000, when looking up transform from frame [robot3/base_link] to frame [map]
[ros2-11] [bt_navigator-5] 
[ros2-11] [bt_navigator-5] [WARN] [1785153069.433759065] [BehaviorTreeEngine]: Behavior Tree tick rate 100.00 was exceeded!
[ros2-11] [bt_navigator-5] [ERROR] [1785153069.534846455] [transformPoseInTargetFrame]: Extrapolation Error looking up target frame: Lookup would require extrapolation into the past.  Requested time 13.943000 but the earliest data is at time 178.494000, when looking up transform from frame [robot3/base_link] to frame [map]
[ros2-11] [bt_navigator-5] 
[ros2-11] [bt_navigator-5] [WARN] [1785153069.535009670] [BehaviorTreeEngine]: Behavior Tree tick rate 100.00 was exceeded!
[ros2-11] [bt_navigator-5] [ERROR] [1785153069.625942373] [transformPoseInTargetFrame]: Extrapolation Error looking up target frame: Lookup would require extrapolation into the past.  Requested time 13.943000 but the earliest data is at time 178.494000, when looking up transform from frame [robot3/base_link] to frame [map]
[ros2-11] [bt_navigator-5] 
[ros2-11] [bt_navigator-5] [WARN] [1785153069.626138068] [BehaviorTreeEngine]: Behavior Tree tick rate 100.00 was exceeded!
[ros2-11] [bt_navigator-5] [ERROR] [1785153069.727472949] [transformPoseInTargetFrame]: Extrapolation Error looking up target frame: Lookup would require extrapolation into the past.  Requested time 13.943000 but the earliest data is at time 178.694000, when looking up transform from frame [robot3/base_link] to frame [map]
[ros2-11] [bt_navigator-5] 
[ros2-11] [bt_navigator-5] [WARN] [1785153069.727673862] [BehaviorTreeEngine]: Behavior Tree tick rate 100.00 was exceeded!
[ros2-11] [planner_server-3] [ERROR] [1785153069.827631807] [transformPoseInTargetFrame]: Extrapolation Error looking up target frame: Lookup would require extrapolation into the past.  Requested time 13.943000 but the earliest data is at time 178.794000, when looking up transform from frame [robot3/base_link] to frame [map]
[ros2-11] [planner_server-3] 
[ros2-11] [bt_navigator-5] [ERROR] [1785153069.828768226] [transformPoseInTargetFrame]: Extrapolation Error looking up target frame: Lookup would require extrapolation into the past.  Requested time 13.943000 but the earliest data is at time 178.794000, when looking up transform from frame [robot3/base_link] to frame [map]
[ros2-11] [bt_navigator-5] 
[ros2-11] [bt_navigator-5] [WARN] [1785153069.828980898] [BehaviorTreeEngine]: Behavior Tree tick rate 100.00 was exceeded!
[ros2-11] [bt_navigator-5] [ERROR] [1785153069.930088271] [transformPoseInTargetFrame]: Extrapolation Error looking up target frame: Lookup would require extrapolation into the past.  Requested time 13.943000 but the earliest data is at time 178.894000, when looking up transform from frame [robot3/base_link] to frame [map]
[ros2-11] [bt_navigator-5] 
[ros2-11] [bt_navigator-5] [WARN] [1785153069.930219132] [BehaviorTreeEngine]: Behavior Tree tick rate 100.00 was exceeded!
[ros2-11] [bt_navigator-5] [ERROR] [1785153070.031286500] [transformPoseInTargetFrame]: Extrapolation Error looking up target frame: Lookup would require extrapolation into the past.  Requested time 13.943000 but the earliest data is at time 178.994000, when looking up transform from frame [robot3/base_link] to frame [map]
[ros2-11] [bt_navigator-5] 
[ros2-11] [bt_navigator-5] [WARN] [1785153070.031471770] [BehaviorTreeEngine]: Behavior Tree tick rate 100.00 was exceeded!
[ros2-11] [planner_server-3] [INFO] [1785153070.127388763] [robot3.global_costmap.global_costmap]: Message Filter dropping message: frame 'robot3/laser_frame' at time 188.946 for reason 'the timestamp on the message is earlier than all the data in the transform cache'
[ros2-11] [bt_navigator-5] [ERROR] [1785153070.132467123] [transformPoseInTargetFrame]: Extrapolation Error looking up target frame: Lookup would require extrapolation into the past.  Requested time 13.943000 but the earliest data is at time 179.094000, when looking up transform from frame [robot3/base_link] to frame [map]
[ros2-11] [bt_navigator-5] 
[ros2-11] [bt_navigator-5] [WARN] [1785153070.132601646] [BehaviorTreeEngine]: Behavior Tree tick rate 100.00 was exceeded!
[ros2-11] [bt_navigator-5] [ERROR] [1785153070.233613540] [transformPoseInTargetFrame]: Extrapolation Error looking up target frame: Lookup would require extrapolation into the past.  Requested time 13.943000 but the earliest data is at time 179.194000, when looking up transform from frame [robot3/base_link] to frame [map]
[ros2-11] [bt_navigator-5] 
[ros2-11] [bt_navigator-5] [WARN] [1785153070.233736211] [BehaviorTreeEngine]: Behavior Tree tick rate 100.00 was exceeded!
[ros2-11] [bt_navigator-5] [ERROR] [1785153070.334744563] [transformPoseInTargetFrame]: Extrapolation Error looking up target frame: Lookup would require extrapolation into the past.  Requested time 13.943000 but the earliest data is at time 179.294000, when looking up transform from frame [robot3/base_link] to frame [map]
[ros2-11] [bt_navigator-5] 
[ros2-11] [bt_navigator-5] [WARN] [1785153070.334939142] [BehaviorTreeEngine]: Behavior Tree tick rate 100.00 was exceeded!
[ros2-11] [bt_navigator-5] [ERROR] [1785153070.436038085] [transformPoseInTargetFrame]: Extrapolation Error looking up target frame: Lookup would require extrapolation into the past.  Requested time 13.943000 but the earliest data is at time 179.394000, when looking up transform from frame [robot3/base_link] to frame [map]
[ros2-11] [bt_navigator-5] 
[ros2-11] [bt_navigator-5] [WARN] [1785153070.436195615] [BehaviorTreeEngine]: Behavior Tree tick rate 100.00 was exceeded!
[ros2-11] [bt_navigator-5] [ERROR] [1785153070.537364968] [transformPoseInTargetFrame]: Extrapolation Error looking up target frame: Lookup would require extrapolation into the past.  Requested time 13.943000 but the earliest data is at time 179.494000, when looking up transform from frame [robot3/base_link] to frame [map]
[ros2-11] [bt_navigator-5] 
[ros2-11] [bt_navigator-5] [WARN] [1785153070.537490038] [BehaviorTreeEngine]: Behavior Tree tick rate 100.00 was exceeded!
[ros2-11] [bt_navigator-5] [ERROR] [1785153070.628410370] [transformPoseInTargetFrame]: Extrapolation Error looking up target frame: Lookup would require extrapolation into the past.  Requested time 13.943000 but the earliest data is at time 179.494000, when looking up transform from frame [robot3/base_link] to frame [map]
[ros2-11] [bt_navigator-5] 
[ros2-11] [bt_navigator-5] [WARN] [1785153070.628696064] [BehaviorTreeEngine]: Behavior Tree tick rate 100.00 was exceeded!
[ros2-11] [bt_navigator-5] [ERROR] [1785153070.729735654] [transformPoseInTargetFrame]: Extrapolation Error looking up target frame: Lookup would require extrapolation into the past.  Requested time 13.943000 but the earliest data is at time 179.694000, when looking up transform from frame [robot3/base_link] to frame [map]
[ros2-11] [bt_navigator-5] 
[ros2-11] [bt_navigator-5] [WARN] [1785153070.729840844] [BehaviorTreeEngine]: Behavior Tree tick rate 100.00 was exceeded!
[ros2-11] [bt_navigator-5] [ERROR] [1785153070.830900422] [transformPoseInTargetFrame]: Extrapolation Error looking up target frame: Lookup would require extrapolation into the past.  Requested time 13.943000 but the earliest data is at time 179.794000, when looking up transform from frame [robot3/base_link] to frame [map]
[ros2-11] [bt_navigator-5] 
[ros2-11] [bt_navigator-5] [WARN] [1785153070.831032478] [BehaviorTreeEngine]: Behavior Tree tick rate 100.00 was exceeded!
[ros2-11] [planner_server-3] [ERROR] [1785153070.837518361] [transformPoseInTargetFrame]: Extrapolation Error looking up target frame: Lookup would require extrapolation into the past.  Requested time 13.943000 but the earliest data is at time 179.794000, when looking up transform from frame [robot3/base_link] to frame [map]
[ros2-11] [planner_server-3] 
[ros2-11] [bt_navigator-5] [ERROR] [1785153070.932085879] [transformPoseInTargetFrame]: Extrapolation Error looking up target frame: Lookup would require extrapolation into the past.  Requested time 13.943000 but the earliest data is at time 179.894000, when looking up transform from frame [robot3/base_link] to frame [map]
[ros2-11] [bt_navigator-5] 
[ros2-11] [bt_navigator-5] [WARN] [1785153070.932246121] [BehaviorTreeEngine]: Behavior Tree tick rate 100.00 was exceeded!
[ros2-11] [bt_navigator-5] [ERROR] [1785153071.033266794] [transformPoseInTargetFrame]: Extrapolation Error looking up target frame: Lookup would require extrapolation into the past.  Requested time 13.943000 but the earliest data is at time 179.994000, when looking up transform from frame [robot3/base_link] to frame [map]
[ros2-11] [bt_navigator-5] 
[ros2-11] [bt_navigator-5] [WARN] [1785153071.033396574] [BehaviorTreeEngine]: Behavior Tree tick rate 100.00 was exceeded!
[ros2-11] [bt_navigator-5] [ERROR] [1785153071.134373203] [transformPoseInTargetFrame]: Extrapolation Error looking up target frame: Lookup would require extrapolation into the past.  Requested time 13.943000 but the earliest data is at time 180.094000, when looking up transform from frame [robot3/base_link] to frame [map]
[ros2-11] [bt_navigator-5] 
[ros2-11] [bt_navigator-5] [WARN] [1785153071.134558797] [BehaviorTreeEngine]: Behavior Tree tick rate 100.00 was exceeded!
[ros2-11] [bt_navigator-5] [ERROR] [1785153071.235564796] [transformPoseInTargetFrame]: Extrapolation Error looking up target frame: Lookup would require extrapolation into the past.  Requested time 13.943000 but the earliest data is at time 180.194000, when looking up transform from frame [robot3/base_link] to frame [map]
[ros2-11] [bt_navigator-5] 
[ros2-11] [bt_navigator-5] [WARN] [1785153071.235690727] [BehaviorTreeEngine]: Behavior Tree tick rate 100.00 was exceeded!
[ros2-11] [bt_navigator-5] [ERROR] [1785153071.336682610] [transformPoseInTargetFrame]: Extrapolation Error looking up target frame: Lookup would require extrapolation into the past.  Requested time 13.943000 but the earliest data is at time 180.294000, when looking up transform from frame [robot3/base_link] to frame [map]
[ros2-11] [bt_navigator-5] 
[ros2-11] [bt_navigator-5] [WARN] [1785153071.336788975] [BehaviorTreeEngine]: Behavior Tree tick rate 100.00 was exceeded!
[ros2-11] [bt_navigator-5] [ERROR] [1785153071.437787751] [transformPoseInTargetFrame]: Extrapolation Error looking up target frame: Lookup would require extrapolation into the past.  Requested time 13.943000 but the earliest data is at time 180.394000, when looking up transform from frame [robot3/base_link] to frame [map]
[ros2-11] [bt_navigator-5] 
[ros2-11] [bt_navigator-5] [WARN] [1785153071.437942064] [BehaviorTreeEngine]: Behavior Tree tick rate 100.00 was exceeded!
[ros2-11] [bt_navigator-5] [ERROR] [1785153071.538943096] [transformPoseInTargetFrame]: Extrapolation Error looking up target frame: Lookup would require extrapolation into the past.  Requested time 13.943000 but the earliest data is at time 180.494000, when looking up transform from frame [robot3/base_link] to frame [map]
[ros2-11] [bt_navigator-5] 
[ros2-11] [bt_navigator-5] [WARN] [1785153071.539064923] [BehaviorTreeEngine]: Behavior Tree tick rate 100.00 was exceeded!
[ros2-11] [bt_navigator-5] [ERROR] [1785153071.630036101] [transformPoseInTargetFrame]: Extrapolation Error looking up target frame: Lookup would require extrapolation into the past.  Requested time 13.943000 but the earliest data is at time 180.494000, when looking up transform from frame [robot3/base_link] to frame [map]
[ros2-11] [bt_navigator-5] 
[ros2-11] [bt_navigator-5] [WARN] [1785153071.630218395] [BehaviorTreeEngine]: Behavior Tree tick rate 100.00 was exceeded!
[ros2-11] [bt_navigator-5] [ERROR] [1785153071.731306429] [transformPoseInTargetFrame]: Extrapolation Error looking up target frame: Lookup would require extrapolation into the past.  Requested time 13.943000 but the earliest data is at time 180.694000, when looking up transform from frame [robot3/base_link] to frame [map]
[ros2-11] [bt_navigator-5] 
[ros2-11] [bt_navigator-5] [WARN] [1785153071.731454727] [BehaviorTreeEngine]: Behavior Tree tick rate 100.00 was exceeded!
[ros2-11] [bt_navigator-5] [ERROR] [1785153071.832505204] [transformPoseInTargetFrame]: Extrapolation Error looking up target frame: Lookup would require extrapolation into the past.  Requested time 13.943000 but the earliest data is at time 180.794000, when looking up transform from frame [robot3/base_link] to frame [map]
[ros2-11] [bt_navigator-5] 
[ros2-11] [bt_navigator-5] [WARN] [1785153071.832625842] [BehaviorTreeEngine]: Behavior Tree tick rate 100.00 was exceeded!
[ros2-11] [planner_server-3] [ERROR] [1785153071.837468495] [transformPoseInTargetFrame]: Extrapolation Error looking up target frame: Lookup would require extrapolation into the past.  Requested time 13.943000 but the earliest data is at time 180.794000, when looking up transform from frame [robot3/base_link] to frame [map]
[ros2-11] [planner_server-3] 
[ros2-11] [bt_navigator-5] [ERROR] [1785153071.933597614] [transformPoseInTargetFrame]: Extrapolation Error looking up target frame: Lookup would require extrapolation into the past.  Requested time 13.943000 but the earliest data is at time 180.894000, when looking up transform from frame [robot3/base_link] to frame [map]
[ros2-11] [bt_navigator-5] 
[ros2-11] [bt_navigator-5] [WARN] [1785153071.933742978] [BehaviorTreeEngine]: Behavior Tree tick rate 100.00 was exceeded!
[ros2-11] [bt_navigator-5] [ERROR] [1785153072.034783764] [transformPoseInTargetFrame]: Extrapolation Error looking up target frame: Lookup would require extrapolation into the past.  Requested time 13.943000 but the earliest data is at time 180.994000, when looking up transform from frame [robot3/base_link] to frame [map]
[ros2-11] [bt_navigator-5] 
[ros2-11] [bt_navigator-5] [WARN] [1785153072.034926934] [BehaviorTreeEngine]: Behavior Tree tick rate 100.00 was exceeded!
[ros2-11] [bt_navigator-5] [ERROR] [1785153072.135907848] [transformPoseInTargetFrame]: Extrapolation Error looking up target frame: Lookup would require extrapolation into the past.  Requested time 13.943000 but the earliest data is at time 181.094000, when looking up transform from frame [robot3/base_link] to frame [map]
[ros2-11] [bt_navigator-5] 
[ros2-11] [bt_navigator-5] [WARN] [1785153072.136055723] [BehaviorTreeEngine]: Behavior Tree tick rate 100.00 was exceeded!
[ros2-11] [bt_navigator-5] [ERROR] [1785153072.238970775] [transformPoseInTargetFrame]: Extrapolation Error looking up target frame: Lookup would require extrapolation into the past.  Requested time 13.943000 but the earliest data is at time 181.194000, when looking up transform from frame [robot3/base_link] to frame [map]
[ros2-11] [bt_navigator-5] 
[ros2-11] [bt_navigator-5] [WARN] [1785153072.239213003] [BehaviorTreeEngine]: Behavior Tree tick rate 100.00 was exceeded!
[ros2-11] [bt_navigator-5] [ERROR] [1785153072.341029207] [transformPoseInTargetFrame]: Extrapolation Error looking up target frame: Lookup would require extrapolation into the past.  Requested time 13.943000 but the earliest data is at time 181.294000, when looking up transform from frame [robot3/base_link] to frame [map]
[ros2-11] [bt_navigator-5] 
[ros2-11] [bt_navigator-5] [WARN] [1785153072.341206300] [BehaviorTreeEngine]: Behavior Tree tick rate 100.00 was exceeded!
[ros2-11] [bt_navigator-5] [ERROR] [1785153072.442440381] [transformPoseInTargetFrame]: Extrapolation Error looking up target frame: Lookup would require extrapolation into the past.  Requested time 13.943000 but the earliest data is at time 181.394000, when looking up transform from frame [robot3/base_link] to frame [map]
[ros2-11] [bt_navigator-5] 
[ros2-11] [bt_navigator-5] [WARN] [1785153072.442572349] [BehaviorTreeEngine]: Behavior Tree tick rate 100.00 was exceeded!
[ros2-11] [bt_navigator-5] [ERROR] [1785153072.533552393] [transformPoseInTargetFrame]: Extrapolation Error looking up target frame: Lookup would require extrapolation into the past.  Requested time 13.943000 but the earliest data is at time 181.494000, when looking up transform from frame [robot3/base_link] to frame [map]
[ros2-11] [bt_navigator-5] 
[ros2-11] [bt_navigator-5] [WARN] [1785153072.533661006] [BehaviorTreeEngine]: Behavior Tree tick rate 100.00 was exceeded!
[ros2-11] [planner_server-3] [INFO] [1785153072.631356578] [robot3.global_costmap.global_costmap]: Message Filter dropping message: frame 'robot3/laser_frame' at time 191.446 for reason 'the timestamp on the message is earlier than all the data in the transform cache'
[ros2-11] [bt_navigator-5] [ERROR] [1785153072.634603785] [transformPoseInTargetFrame]: Extrapolation Error looking up target frame: Lookup would require extrapolation into the past.  Requested time 13.943000 but the earliest data is at time 181.594000, when looking up transform from frame [robot3/base_link] to frame [map]
[ros2-11] [bt_navigator-5] 
[ros2-11] [bt_navigator-5] [WARN] [1785153072.634719892] [BehaviorTreeEngine]: Behavior Tree tick rate 100.00 was exceeded!
[ros2-11] [bt_navigator-5] [ERROR] [1785153072.735708923] [transformPoseInTargetFrame]: Extrapolation Error looking up target frame: Lookup would require extrapolation into the past.  Requested time 13.943000 but the earliest data is at time 181.694000, when looking up transform from frame [robot3/base_link] to frame [map]
[ros2-11] [bt_navigator-5] 
[ros2-11] [bt_navigator-5] [WARN] [1785153072.735848278] [BehaviorTreeEngine]: Behavior Tree tick rate 100.00 was exceeded!
[ros2-11] [bt_navigator-5] [ERROR] [1785153072.836791752] [transformPoseInTargetFrame]: Extrapolation Error looking up target frame: Lookup would require extrapolation into the past.  Requested time 13.943000 but the earliest data is at time 181.794000, when looking up transform from frame [robot3/base_link] to frame [map]
[ros2-11] [bt_navigator-5] 
[ros2-11] [bt_navigator-5] [WARN] [1785153072.836932369] [BehaviorTreeEngine]: Behavior Tree tick rate 100.00 was exceeded!
[ros2-11] [planner_server-3] [ERROR] [1785153072.837327451] [transformPoseInTargetFrame]: Extrapolation Error looking up target frame: Lookup would require extrapolation into the past.  Requested time 13.943000 but the earliest data is at time 181.794000, when looking up transform from frame [robot3/base_link] to frame [map]
[ros2-11] [planner_server-3] 
[ros2-11] [bt_navigator-5] [ERROR] [1785153072.937962195] [transformPoseInTargetFrame]: Extrapolation Error looking up target frame: Lookup would require extrapolation into the past.  Requested time 13.943000 but the earliest data is at time 181.894000, when looking up transform from frame [robot3/base_link] to frame [map]
[ros2-11] [bt_navigator-5] 
[ros2-11] [bt_navigator-5] [WARN] [1785153072.938120489] [BehaviorTreeEngine]: Behavior Tree tick rate 100.00 was exceeded!
[ros2-11] [bt_navigator-5] [ERROR] [1785153073.039162694] [transformPoseInTargetFrame]: Extrapolation Error looking up target frame: Lookup would require extrapolation into the past.  Requested time 13.943000 but the earliest data is at time 181.994000, when looking up transform from frame [robot3/base_link] to frame [map]
[ros2-11] [bt_navigator-5] 
[ros2-11] [bt_navigator-5] [WARN] [1785153073.039288928] [BehaviorTreeEngine]: Behavior Tree tick rate 100.00 was exceeded!
[ros2-11] [bt_navigator-5] [ERROR] [1785153073.140301454] [transformPoseInTargetFrame]: Extrapolation Error looking up target frame: Lookup would require extrapolation into the past.  Requested time 13.943000 but the earliest data is at time 182.094000, when looking up transform from frame [robot3/base_link] to frame [map]
[ros2-11] [bt_navigator-5] 
[ros2-11] [bt_navigator-5] [WARN] [1785153073.140426681] [BehaviorTreeEngine]: Behavior Tree tick rate 100.00 was exceeded!
[ros2-11] [bt_navigator-5] [ERROR] [1785153073.241468720] [transformPoseInTargetFrame]: Extrapolation Error looking up target frame: Lookup would require extrapolation into the past.  Requested time 13.943000 but the earliest data is at time 182.194000, when looking up transform from frame [robot3/base_link] to frame [map]
[ros2-11] [bt_navigator-5] 
[ros2-11] [bt_navigator-5] [WARN] [1785153073.241593341] [BehaviorTreeEngine]: Behavior Tree tick rate 100.00 was exceeded!
[ros2-11] [bt_navigator-5] [ERROR] [1785153073.342690111] [transformPoseInTargetFrame]: Extrapolation Error looking up target frame: Lookup would require extrapolation into the past.  Requested time 13.943000 but the earliest data is at time 182.294000, when looking up transform from frame [robot3/base_link] to frame [map]
[ros2-11] [bt_navigator-5] 
[ros2-11] [bt_navigator-5] [WARN] [1785153073.342832045] [BehaviorTreeEngine]: Behavior Tree tick rate 100.00 was exceeded!
[ros2-11] [bt_navigator-5] [ERROR] [1785153073.433761351] [transformPoseInTargetFrame]: Extrapolation Error looking up target frame: Lookup would require extrapolation into the past.  Requested time 13.943000 but the earliest data is at time 182.394000, when looking up transform from frame [robot3/base_link] to frame [map]
[ros2-11] [bt_navigator-5] 
[ros2-11] [bt_navigator-5] [WARN] [1785153073.433921246] [BehaviorTreeEngine]: Behavior Tree tick rate 100.00 was exceeded!
[ros2-11] [bt_navigator-5] [ERROR] [1785153073.534946418] [transformPoseInTargetFrame]: Extrapolation Error looking up target frame: Lookup would require extrapolation into the past.  Requested time 13.943000 but the earliest data is at time 182.494000, when looking up transform from frame [robot3/base_link] to frame [map]
[ros2-11] [bt_navigator-5] 
[ros2-11] [bt_navigator-5] [WARN] [1785153073.535106532] [BehaviorTreeEngine]: Behavior Tree tick rate 100.00 was exceeded!
[ros2-11] [bt_navigator-5] [ERROR] [1785153073.636103453] [transformPoseInTargetFrame]: Extrapolation Error looking up target frame: Lookup would require extrapolation into the past.  Requested time 13.943000 but the earliest data is at time 182.594000, when looking up transform from frame [robot3/base_link] to frame [map]
[ros2-11] [bt_navigator-5] 
[ros2-11] [bt_navigator-5] [WARN] [1785153073.636261317] [BehaviorTreeEngine]: Behavior Tree tick rate 100.00 was exceeded!
[ros2-11] [bt_navigator-5] [ERROR] [1785153073.737269875] [transformPoseInTargetFrame]: Extrapolation Error looking up target frame: Lookup would require extrapolation into the past.  Requested time 13.943000 but the earliest data is at time 182.694000, when looking up transform from frame [robot3/base_link] to frame [map]
[ros2-11] [bt_navigator-5] 
[ros2-11] [bt_navigator-5] [WARN] [1785153073.737421023] [BehaviorTreeEngine]: Behavior Tree tick rate 100.00 was exceeded!
[ros2-11] [planner_server-3] [ERROR] [1785153073.837380802] [transformPoseInTargetFrame]: Extrapolation Error looking up target frame: Lookup would require extrapolation into the past.  Requested time 13.943000 but the earliest data is at time 182.794000, when looking up transform from frame [robot3/base_link] to frame [map]
[ros2-11] [planner_server-3] 
[ros2-11] [bt_navigator-5] [ERROR] [1785153073.838390590] [transformPoseInTargetFrame]: Extrapolation Error looking up target frame: Lookup would require extrapolation into the past.  Requested time 13.943000 but the earliest data is at time 182.794000, when looking up transform from frame [robot3/base_link] to frame [map]
[ros2-11] [bt_navigator-5] 
[ros2-11] [bt_navigator-5] [WARN] [1785153073.838493690] [BehaviorTreeEngine]: Behavior Tree tick rate 100.00 was exceeded!
[ros2-11] [bt_navigator-5] [ERROR] [1785153073.939511151] [transformPoseInTargetFrame]: Extrapolation Error looking up target frame: Lookup would require extrapolation into the past.  Requested time 13.943000 but the earliest data is at time 182.894000, when looking up transform from frame [robot3/base_link] to frame [map]
[ros2-11] [bt_navigator-5] 
[ros2-11] [bt_navigator-5] [WARN] [1785153073.939657565] [BehaviorTreeEngine]: Behavior Tree tick rate 100.00 was exceeded!
[ros2-11] [bt_navigator-5] [ERROR] [1785153074.040757366] [transformPoseInTargetFrame]: Extrapolation Error looking up target frame: Lookup would require extrapolation into the past.  Requested time 13.943000 but the earliest data is at time 182.994000, when looking up transform from frame [robot3/base_link] to frame [map]
[ros2-11] [bt_navigator-5] 
[ros2-11] [bt_navigator-5] [WARN] [1785153074.040881350] [BehaviorTreeEngine]: Behavior Tree tick rate 100.00 was exceeded!
[ros2-11] [bt_navigator-5] [ERROR] [1785153074.141852813] [transformPoseInTargetFrame]: Extrapolation Error looking up target frame: Lookup would require extrapolation into the past.  Requested time 13.943000 but the earliest data is at time 183.094000, when looking up transform from frame [robot3/base_link] to frame [map]
[ros2-11] [bt_navigator-5] 
[ros2-11] [bt_navigator-5] [WARN] [1785153074.142027697] [BehaviorTreeEngine]: Behavior Tree tick rate 100.00 was exceeded!
[ros2-11] [bt_navigator-5] [ERROR] [1785153074.233118065] [transformPoseInTargetFrame]: Extrapolation Error looking up target frame: Lookup would require extrapolation into the past.  Requested time 13.943000 but the earliest data is at time 183.094000, when looking up transform from frame [robot3/base_link] to frame [map]
[ros2-11] [bt_navigator-5] 
[ros2-11] [bt_navigator-5] [WARN] [1785153074.233303829] [BehaviorTreeEngine]: Behavior Tree tick rate 100.00 was exceeded!
[ros2-11] [bt_navigator-5] [ERROR] [1785153074.334993285] [transformPoseInTargetFrame]: Extrapolation Error looking up target frame: Lookup would require extrapolation into the past.  Requested time 13.943000 but the earliest data is at time 183.294000, when looking up transform from frame [robot3/base_link] to frame [map]
[ros2-11] [bt_navigator-5] 
[ros2-11] [bt_navigator-5] [WARN] [1785153074.335114524] [BehaviorTreeEngine]: Behavior Tree tick rate 100.00 was exceeded!
[ros2-11] [bt_navigator-5] [ERROR] [1785153074.436123729] [transformPoseInTargetFrame]: Extrapolation Error looking up target frame: Lookup would require extrapolation into the past.  Requested time 13.943000 but the earliest data is at time 183.394000, when looking up transform from frame [robot3/base_link] to frame [map]
[ros2-11] [bt_navigator-5] 
[ros2-11] [bt_navigator-5] [WARN] [1785153074.436266721] [BehaviorTreeEngine]: Behavior Tree tick rate 100.00 was exceeded!
[ros2-11] [bt_navigator-5] [ERROR] [1785153074.538558965] [transformPoseInTargetFrame]: Extrapolation Error looking up target frame: Lookup would require extrapolation into the past.  Requested time 13.943000 but the earliest data is at time 183.494000, when looking up transform from frame [robot3/base_link] to frame [map]
[ros2-11] [bt_navigator-5] 
[ros2-11] [bt_navigator-5] [WARN] [1785153074.538713590] [BehaviorTreeEngine]: Behavior Tree tick rate 100.00 was exceeded!
[ros2-11] [bt_navigator-5] [ERROR] [1785153074.640153960] [transformPoseInTargetFrame]: Extrapolation Error looking up target frame: Lookup would require extrapolation into the past.  Requested time 13.943000 but the earliest data is at time 183.594000, when looking up transform from frame [robot3/base_link] to frame [map]
[ros2-11] [bt_navigator-5] 
[ros2-11] [bt_navigator-5] [WARN] [1785153074.640554798] [BehaviorTreeEngine]: Behavior Tree tick rate 100.00 was exceeded!
[ros2-11] [bt_navigator-5] [ERROR] [1785153074.741741180] [transformPoseInTargetFrame]: Extrapolation Error looking up target frame: Lookup would require extrapolation into the past.  Requested time 13.943000 but the earliest data is at time 183.694000, when looking up transform from frame [robot3/base_link] to frame [map]
[ros2-11] [bt_navigator-5] 
[ros2-11] [bt_navigator-5] [WARN] [1785153074.741963921] [BehaviorTreeEngine]: Behavior Tree tick rate 100.00 was exceeded!
[ros2-11] [planner_server-3] [ERROR] [1785153074.838474667] [transformPoseInTargetFrame]: Extrapolation Error looking up target frame: Lookup would require extrapolation into the past.  Requested time 13.943000 but the earliest data is at time 183.794000, when looking up transform from frame [robot3/base_link] to frame [map]
[ros2-11] [planner_server-3] 
[ros2-11] [bt_navigator-5] [ERROR] [1785153074.844194466] [transformPoseInTargetFrame]: Extrapolation Error looking up target frame: Lookup would require extrapolation into the past.  Requested time 13.943000 but the earliest data is at time 183.794000, when looking up transform from frame [robot3/base_link] to frame [map]
[ros2-11] [bt_navigator-5] 
[ros2-11] [bt_navigator-5] [WARN] [1785153074.844476193] [BehaviorTreeEngine]: Behavior Tree tick rate 100.00 was exceeded!
[ros2-11] [bt_navigator-5] [ERROR] [1785153074.935688776] [transformPoseInTargetFrame]: Extrapolation Error looking up target frame: Lookup would require extrapolation into the past.  Requested time 13.943000 but the earliest data is at time 183.794000, when looking up transform from frame [robot3/base_link] to frame [map]
[ros2-11] [bt_navigator-5] 
[ros2-11] [bt_navigator-5] [WARN] [1785153074.935984997] [BehaviorTreeEngine]: Behavior Tree tick rate 100.00 was exceeded!
[ros2-11] [bt_navigator-5] [ERROR] [1785153075.037416399] [transformPoseInTargetFrame]: Extrapolation Error looking up target frame: Lookup would require extrapolation into the past.  Requested time 13.943000 but the earliest data is at time 183.994000, when looking up transform from frame [robot3/base_link] to frame [map]
[ros2-11] [bt_navigator-5] 
[ros2-11] [bt_navigator-5] [WARN] [1785153075.037623007] [BehaviorTreeEngine]: Behavior Tree tick rate 100.00 was exceeded!
[ros2-11] [planner_server-3] [INFO] [1785153075.135757333] [robot3.global_costmap.global_costmap]: Message Filter dropping message: frame 'robot3/laser_frame' at time 193.946 for reason 'the timestamp on the message is earlier than all the data in the transform cache'
[ros2-11] [bt_navigator-5] [ERROR] [1785153075.139022928] [transformPoseInTargetFrame]: Extrapolation Error looking up target frame: Lookup would require extrapolation into the past.  Requested time 13.943000 but the earliest data is at time 184.094000, when looking up transform from frame [robot3/base_link] to frame [map]
[ros2-11] [bt_navigator-5] 
[ros2-11] [bt_navigator-5] [WARN] [1785153075.139264259] [BehaviorTreeEngine]: Behavior Tree tick rate 100.00 was exceeded!
[ros2-11] [bt_navigator-5] [ERROR] [1785153075.240617673] [transformPoseInTargetFrame]: Extrapolation Error looking up target frame: Lookup would require extrapolation into the past.  Requested time 13.943000 but the earliest data is at time 184.194000, when looking up transform from frame [robot3/base_link] to frame [map]
[ros2-11] [bt_navigator-5] 
[ros2-11] [bt_navigator-5] [WARN] [1785153075.240878228] [BehaviorTreeEngine]: Behavior Tree tick rate 100.00 was exceeded!
[ros2-11] [bt_navigator-5] [ERROR] [1785153075.342132522] [transformPoseInTargetFrame]: Extrapolation Error looking up target frame: Lookup would require extrapolation into the past.  Requested time 13.943000 but the earliest data is at time 184.294000, when looking up transform from frame [robot3/base_link] to frame [map]
[ros2-11] [bt_navigator-5] 
[ros2-11] [bt_navigator-5] [WARN] [1785153075.342260993] [BehaviorTreeEngine]: Behavior Tree tick rate 100.00 was exceeded!
[ros2-11] [bt_navigator-5] [ERROR] [1785153075.443370872] [transformPoseInTargetFrame]: Extrapolation Error looking up target frame: Lookup would require extrapolation into the past.  Requested time 13.943000 but the earliest data is at time 184.394000, when looking up transform from frame [robot3/base_link] to frame [map]
[ros2-11] [bt_navigator-5] 
[ros2-11] [bt_navigator-5] [WARN] [1785153075.443497011] [BehaviorTreeEngine]: Behavior Tree tick rate 100.00 was exceeded!
[ros2-11] [bt_navigator-5] [ERROR] [1785153075.544559897] [transformPoseInTargetFrame]: Extrapolation Error looking up target frame: Lookup would require extrapolation into the past.  Requested time 13.943000 but the earliest data is at time 184.494000, when looking up transform from frame [robot3/base_link] to frame [map]
[ros2-11] [bt_navigator-5] 
[ros2-11] [bt_navigator-5] [WARN] [1785153075.544717385] [BehaviorTreeEngine]: Behavior Tree tick rate 100.00 was exceeded!
[ros2-11] [bt_navigator-5] [ERROR] [1785153075.635751600] [transformPoseInTargetFrame]: Extrapolation Error looking up target frame: Lookup would require extrapolation into the past.  Requested time 13.943000 but the earliest data is at time 184.494000, when looking up transform from frame [robot3/base_link] to frame [map]
[ros2-11] [bt_navigator-5] 
[ros2-11] [bt_navigator-5] [WARN] [1785153075.635931405] [BehaviorTreeEngine]: Behavior Tree tick rate 100.00 was exceeded!
[ros2-11] [bt_navigator-5] [ERROR] [1785153075.736947200] [transformPoseInTargetFrame]: Extrapolation Error looking up target frame: Lookup would require extrapolation into the past.  Requested time 13.943000 but the earliest data is at time 184.694000, when looking up transform from frame [robot3/base_link] to frame [map]
[ros2-11] [bt_navigator-5] 
[ros2-11] [bt_navigator-5] [WARN] [1785153075.737099279] [BehaviorTreeEngine]: Behavior Tree tick rate 100.00 was exceeded!
[ros2-11] [planner_server-3] [ERROR] [1785153075.837410789] [transformPoseInTargetFrame]: Extrapolation Error looking up target frame: Lookup would require extrapolation into the past.  Requested time 13.943000 but the earliest data is at time 184.794000, when looking up transform from frame [robot3/base_link] to frame [map]
[ros2-11] [planner_server-3] 
[ros2-11] [bt_navigator-5] [ERROR] [1785153075.838270014] [transformPoseInTargetFrame]: Extrapolation Error looking up target frame: Lookup would require extrapolation into the past.  Requested time 13.943000 but the earliest data is at time 184.794000, when looking up transform from frame [robot3/base_link] to frame [map]
[ros2-11] [bt_navigator-5] 
[ros2-11] [bt_navigator-5] [WARN] [1785153075.838413508] [BehaviorTreeEngine]: Behavior Tree tick rate 100.00 was exceeded!
[ros2-11] [bt_navigator-5] [ERROR] [1785153075.939380120] [transformPoseInTargetFrame]: Extrapolation Error looking up target frame: Lookup would require extrapolation into the past.  Requested time 13.943000 but the earliest data is at time 184.894000, when looking up transform from frame [robot3/base_link] to frame [map]
[ros2-11] [bt_navigator-5] 
[ros2-11] [bt_navigator-5] [WARN] [1785153075.939486998] [BehaviorTreeEngine]: Behavior Tree tick rate 100.00 was exceeded!
[ros2-11] [bt_navigator-5] [ERROR] [1785153076.040515200] [transformPoseInTargetFrame]: Extrapolation Error looking up target frame: Lookup would require extrapolation into the past.  Requested time 13.943000 but the earliest data is at time 184.994000, when looking up transform from frame [robot3/base_link] to frame [map]
[ros2-11] [bt_navigator-5] 
[ros2-11] [bt_navigator-5] [WARN] [1785153076.040631751] [BehaviorTreeEngine]: Behavior Tree tick rate 100.00 was exceeded!
[ros2-11] [bt_navigator-5] [ERROR] [1785153076.141751662] [transformPoseInTargetFrame]: Extrapolation Error looking up target frame: Lookup would require extrapolation into the past.  Requested time 13.943000 but the earliest data is at time 185.094000, when looking up transform from frame [robot3/base_link] to frame [map]
[ros2-11] [bt_navigator-5] 
[ros2-11] [bt_navigator-5] [WARN] [1785153076.141900939] [BehaviorTreeEngine]: Behavior Tree tick rate 100.00 was exceeded!
[ros2-11] [bt_navigator-5] [ERROR] [1785153076.243164723] [transformPoseInTargetFrame]: Extrapolation Error looking up target frame: Lookup would require extrapolation into the past.  Requested time 13.943000 but the earliest data is at time 185.194000, when looking up transform from frame [robot3/base_link] to frame [map]
[ros2-11] [bt_navigator-5] 
[ros2-11] [bt_navigator-5] [WARN] [1785153076.243368820] [BehaviorTreeEngine]: Behavior Tree tick rate 100.00 was exceeded!
[ros2-11] [bt_navigator-5] [ERROR] [1785153076.344511846] [transformPoseInTargetFrame]: Extrapolation Error looking up target frame: Lookup would require extrapolation into the past.  Requested time 13.943000 but the earliest data is at time 185.294000, when looking up transform from frame [robot3/base_link] to frame [map]
[ros2-11] [bt_navigator-5] 
[ros2-11] [bt_navigator-5] [WARN] [1785153076.344672714] [BehaviorTreeEngine]: Behavior Tree tick rate 100.00 was exceeded!
[ros2-11] [bt_navigator-5] [ERROR] [1785153076.445814373] [transformPoseInTargetFrame]: Extrapolation Error looking up target frame: Lookup would require extrapolation into the past.  Requested time 13.943000 but the earliest data is at time 185.394000, when looking up transform from frame [robot3/base_link] to frame [map]
[ros2-11] [bt_navigator-5] 
[ros2-11] [bt_navigator-5] [WARN] [1785153076.446030054] [BehaviorTreeEngine]: Behavior Tree tick rate 100.00 was exceeded!
[ros2-11] [bt_navigator-5] [ERROR] [1785153076.537181265] [transformPoseInTargetFrame]: Extrapolation Error looking up target frame: Lookup would require extrapolation into the past.  Requested time 13.943000 but the earliest data is at time 185.494000, when looking up transform from frame [robot3/base_link] to frame [map]
[ros2-11] [bt_navigator-5] 
[ros2-11] [bt_navigator-5] [WARN] [1785153076.537312407] [BehaviorTreeEngine]: Behavior Tree tick rate 100.00 was exceeded!
[ros2-11] [bt_navigator-5] [ERROR] [1785153076.638312674] [transformPoseInTargetFrame]: Extrapolation Error looking up target frame: Lookup would require extrapolation into the past.  Requested time 13.943000 but the earliest data is at time 185.594000, when looking up transform from frame [robot3/base_link] to frame [map]
[ros2-11] [bt_navigator-5] 
[ros2-11] [bt_navigator-5] [WARN] [1785153076.638427905] [BehaviorTreeEngine]: Behavior Tree tick rate 100.00 was exceeded!
[ros2-11] [bt_navigator-5] [ERROR] [1785153076.739374732] [transformPoseInTargetFrame]: Extrapolation Error looking up target frame: Lookup would require extrapolation into the past.  Requested time 13.943000 but the earliest data is at time 185.694000, when looking up transform from frame [robot3/base_link] to frame [map]
[ros2-11] [bt_navigator-5] 
[ros2-11] [bt_navigator-5] [WARN] [1785153076.739525685] [BehaviorTreeEngine]: Behavior Tree tick rate 100.00 was exceeded!
[ros2-11] [planner_server-3] [ERROR] [1785153076.837758890] [transformPoseInTargetFrame]: Extrapolation Error looking up target frame: Lookup would require extrapolation into the past.  Requested time 13.943000 but the earliest data is at time 185.794000, when looking up transform from frame [robot3/base_link] to frame [map]
[ros2-11] [planner_server-3] 
[ros2-11] [bt_navigator-5] [ERROR] [1785153076.840562373] [transformPoseInTargetFrame]: Extrapolation Error looking up target frame: Lookup would require extrapolation into the past.  Requested time 13.943000 but the earliest data is at time 185.794000, when looking up transform from frame [robot3/base_link] to frame [map]
[ros2-11] [bt_navigator-5] 
[ros2-11] [bt_navigator-5] [WARN] [1785153076.840667728] [BehaviorTreeEngine]: Behavior Tree tick rate 100.00 was exceeded!
[ros2-11] [bt_navigator-5] [ERROR] [1785153076.941616186] [transformPoseInTargetFrame]: Extrapolation Error looking up target frame: Lookup would require extrapolation into the past.  Requested time 13.943000 but the earliest data is at time 185.894000, when looking up transform from frame [robot3/base_link] to frame [map]
[ros2-11] [bt_navigator-5] 
[ros2-11] [bt_navigator-5] [WARN] [1785153076.941749165] [BehaviorTreeEngine]: Behavior Tree tick rate 100.00 was exceeded!
[ros2-11] [bt_navigator-5] [ERROR] [1785153077.042693829] [transformPoseInTargetFrame]: Extrapolation Error looking up target frame: Lookup would require extrapolation into the past.  Requested time 13.943000 but the earliest data is at time 185.994000, when looking up transform from frame [robot3/base_link] to frame [map]
[ros2-11] [bt_navigator-5] 
[ros2-11] [bt_navigator-5] [WARN] [1785153077.042880014] [BehaviorTreeEngine]: Behavior Tree tick rate 100.00 was exceeded!
[ros2-11] [bt_navigator-5] [ERROR] [1785153077.143934349] [transformPoseInTargetFrame]: Extrapolation Error looking up target frame: Lookup would require extrapolation into the past.  Requested time 13.943000 but the earliest data is at time 186.094000, when looking up transform from frame [robot3/base_link] to frame [map]
[ros2-11] [bt_navigator-5] 
[ros2-11] [bt_navigator-5] [WARN] [1785153077.144079289] [BehaviorTreeEngine]: Behavior Tree tick rate 100.00 was exceeded!
[ros2-11] [bt_navigator-5] [ERROR] [1785153077.245093804] [transformPoseInTargetFrame]: Extrapolation Error looking up target frame: Lookup would require extrapolation into the past.  Requested time 13.943000 but the earliest data is at time 186.194000, when looking up transform from frame [robot3/base_link] to frame [map]
[ros2-11] [bt_navigator-5] 
[ros2-11] [bt_navigator-5] [WARN] [1785153077.245215267] [BehaviorTreeEngine]: Behavior Tree tick rate 100.00 was exceeded!
[ros2-11] [bt_navigator-5] [ERROR] [1785153077.346265328] [transformPoseInTargetFrame]: Extrapolation Error looking up target frame: Lookup would require extrapolation into the past.  Requested time 13.943000 but the earliest data is at time 186.294000, when looking up transform from frame [robot3/base_link] to frame [map]
[ros2-11] [bt_navigator-5] 
[ros2-11] [bt_navigator-5] [WARN] [1785153077.346422649] [BehaviorTreeEngine]: Behavior Tree tick rate 100.00 was exceeded!
[ros2-11] [bt_navigator-5] [ERROR] [1785153077.437352943] [transformPoseInTargetFrame]: Extrapolation Error looking up target frame: Lookup would require extrapolation into the past.  Requested time 13.943000 but the earliest data is at time 186.294000, when looking up transform from frame [robot3/base_link] to frame [map]
[ros2-11] [bt_navigator-5] 
[ros2-11] [bt_navigator-5] [WARN] [1785153077.437526862] [BehaviorTreeEngine]: Behavior Tree tick rate 100.00 was exceeded!
[ros2-11] [bt_navigator-5] [ERROR] [1785153077.538606416] [transformPoseInTargetFrame]: Extrapolation Error looking up target frame: Lookup would require extrapolation into the past.  Requested time 13.943000 but the earliest data is at time 186.494000, when looking up transform from frame [robot3/base_link] to frame [map]
[ros2-11] [bt_navigator-5] 
[ros2-11] [bt_navigator-5] [WARN] [1785153077.538794229] [BehaviorTreeEngine]: Behavior Tree tick rate 100.00 was exceeded!
[ros2-11] [planner_server-3] [INFO] [1785153077.638222177] [robot3.global_costmap.global_costmap]: Message Filter dropping message: frame 'robot3/laser_frame' at time 196.446 for reason 'the timestamp on the message is earlier than all the data in the transform cache'
[ros2-11] [bt_navigator-5] [ERROR] [1785153077.639924057] [transformPoseInTargetFrame]: Extrapolation Error looking up target frame: Lookup would require extrapolation into the past.  Requested time 13.943000 but the earliest data is at time 186.594000, when looking up transform from frame [robot3/base_link] to frame [map]
[ros2-11] [bt_navigator-5] 
[ros2-11] [bt_navigator-5] [WARN] [1785153077.640087824] [BehaviorTreeEngine]: Behavior Tree tick rate 100.00 was exceeded!
[ros2-11] [bt_navigator-5] [ERROR] [1785153077.741150207] [transformPoseInTargetFrame]: Extrapolation Error looking up target frame: Lookup would require extrapolation into the past.  Requested time 13.943000 but the earliest data is at time 186.694000, when looking up transform from frame [robot3/base_link] to frame [map]
[ros2-11] [bt_navigator-5] 
[ros2-11] [bt_navigator-5] [WARN] [1785153077.741251600] [BehaviorTreeEngine]: Behavior Tree tick rate 100.00 was exceeded!
[ros2-11] [bt_navigator-5] [ERROR] [1785153077.842256571] [transformPoseInTargetFrame]: Extrapolation Error looking up target frame: Lookup would require extrapolation into the past.  Requested time 13.943000 but the earliest data is at time 186.794000, when looking up transform from frame [robot3/base_link] to frame [map]
[ros2-11] [bt_navigator-5] 
[ros2-11] [bt_navigator-5] [WARN] [1785153077.842372791] [BehaviorTreeEngine]: Behavior Tree tick rate 100.00 was exceeded!
[ros2-11] [planner_server-3] [ERROR] [1785153077.847675363] [transformPoseInTargetFrame]: Extrapolation Error looking up target frame: Lookup would require extrapolation into the past.  Requested time 13.943000 but the earliest data is at time 186.794000, when looking up transform from frame [robot3/base_link] to frame [map]
[ros2-11] [planner_server-3] 
[ros2-11] [bt_navigator-5] [ERROR] [1785153077.943486074] [transformPoseInTargetFrame]: Extrapolation Error looking up target frame: Lookup would require extrapolation into the past.  Requested time 13.943000 but the earliest data is at time 186.894000, when looking up transform from frame [robot3/base_link] to frame [map]
[ros2-11] [bt_navigator-5] 
[ros2-11] [bt_navigator-5] [WARN] [1785153077.943587750] [BehaviorTreeEngine]: Behavior Tree tick rate 100.00 was exceeded!
[ros2-11] [bt_navigator-5] [ERROR] [1785153078.044584472] [transformPoseInTargetFrame]: Extrapolation Error looking up target frame: Lookup would require extrapolation into the past.  Requested time 13.943000 but the earliest data is at time 186.994000, when looking up transform from frame [robot3/base_link] to frame [map]
[ros2-11] [bt_navigator-5] 
[ros2-11] [bt_navigator-5] [WARN] [1785153078.044711653] [BehaviorTreeEngine]: Behavior Tree tick rate 100.00 was exceeded!
[ros2-11] [bt_navigator-5] [ERROR] [1785153078.145709055] [transformPoseInTargetFrame]: Extrapolation Error looking up target frame: Lookup would require extrapolation into the past.  Requested time 13.943000 but the earliest data is at time 187.094000, when looking up transform from frame [robot3/base_link] to frame [map]
[ros2-11] [bt_navigator-5] 
[ros2-11] [bt_navigator-5] [WARN] [1785153078.145837241] [BehaviorTreeEngine]: Behavior Tree tick rate 100.00 was exceeded!
[ros2-11] [bt_navigator-5] [ERROR] [1785153078.246754727] [transformPoseInTargetFrame]: Extrapolation Error looking up target frame: Lookup would require extrapolation into the past.  Requested time 13.943000 but the earliest data is at time 187.194000, when looking up transform from frame [robot3/base_link] to frame [map]
[ros2-11] [bt_navigator-5] 
[ros2-11] [bt_navigator-5] [WARN] [1785153078.246901043] [BehaviorTreeEngine]: Behavior Tree tick rate 100.00 was exceeded!
[ros2-11] [bt_navigator-5] [ERROR] [1785153078.347947016] [transformPoseInTargetFrame]: Extrapolation Error looking up target frame: Lookup would require extrapolation into the past.  Requested time 13.943000 but the earliest data is at time 187.294000, when looking up transform from frame [robot3/base_link] to frame [map]
[ros2-11] [bt_navigator-5] 
[ros2-11] [bt_navigator-5] [WARN] [1785153078.348098363] [BehaviorTreeEngine]: Behavior Tree tick rate 100.00 was exceeded!
[ros2-11] [bt_navigator-5] [ERROR] [1785153078.439952961] [transformPoseInTargetFrame]: Extrapolation Error looking up target frame: Lookup would require extrapolation into the past.  Requested time 13.943000 but the earliest data is at time 187.394000, when looking up transform from frame [robot3/base_link] to frame [map]
[ros2-11] [bt_navigator-5] 
[ros2-11] [bt_navigator-5] [WARN] [1785153078.440083445] [BehaviorTreeEngine]: Behavior Tree tick rate 100.00 was exceeded!
[ros2-11] [bt_navigator-5] [ERROR] [1785153078.541111682] [transformPoseInTargetFrame]: Extrapolation Error looking up target frame: Lookup would require extrapolation into the past.  Requested time 13.943000 but the earliest data is at time 187.494000, when looking up transform from frame [robot3/base_link] to frame [map]
[ros2-11] [bt_navigator-5] 
[ros2-11] [bt_navigator-5] [WARN] [1785153078.541213989] [BehaviorTreeEngine]: Behavior Tree tick rate 100.00 was exceeded!
[ros2-11] [bt_navigator-5] [ERROR] [1785153078.642213587] [transformPoseInTargetFrame]: Extrapolation Error looking up target frame: Lookup would require extrapolation into the past.  Requested time 13.943000 but the earliest data is at time 187.594000, when looking up transform from frame [robot3/base_link] to frame [map]
[ros2-11] [bt_navigator-5] 
[ros2-11] [bt_navigator-5] [WARN] [1785153078.642372454] [BehaviorTreeEngine]: Behavior Tree tick rate 100.00 was exceeded!
[ros2-11] [bt_navigator-5] [ERROR] [1785153078.743461501] [transformPoseInTargetFrame]: Extrapolation Error looking up target frame: Lookup would require extrapolation into the past.  Requested time 13.943000 but the earliest data is at time 187.694000, when looking up transform from frame [robot3/base_link] to frame [map]
[ros2-11] [bt_navigator-5] 
[ros2-11] [bt_navigator-5] [WARN] [1785153078.743591045] [BehaviorTreeEngine]: Behavior Tree tick rate 100.00 was exceeded!
[ros2-11] [bt_navigator-5] [ERROR] [1785153078.844579352] [transformPoseInTargetFrame]: Extrapolation Error looking up target frame: Lookup would require extrapolation into the past.  Requested time 13.943000 but the earliest data is at time 187.794000, when looking up transform from frame [robot3/base_link] to frame [map]
[ros2-11] [bt_navigator-5] 
[ros2-11] [bt_navigator-5] [WARN] [1785153078.844703856] [BehaviorTreeEngine]: Behavior Tree tick rate 100.00 was exceeded!
[ros2-11] [planner_server-3] [ERROR] [1785153078.847571616] [transformPoseInTargetFrame]: Extrapolation Error looking up target frame: Lookup would require extrapolation into the past.  Requested time 13.943000 but the earliest data is at time 187.794000, when looking up transform from frame [robot3/base_link] to frame [map]
[ros2-11] [planner_server-3] 
[ros2-11] [bt_navigator-5] [ERROR] [1785153078.945672972] [transformPoseInTargetFrame]: Extrapolation Error looking up target frame: Lookup would require extrapolation into the past.  Requested time 13.943000 but the earliest data is at time 187.894000, when looking up transform from frame [robot3/base_link] to frame [map]
[ros2-11] [bt_navigator-5] 
[ros2-11] [bt_navigator-5] [WARN] [1785153078.945856449] [BehaviorTreeEngine]: Behavior Tree tick rate 100.00 was exceeded!
[ros2-11] [bt_navigator-5] [ERROR] [1785153079.046906286] [transformPoseInTargetFrame]: Extrapolation Error looking up target frame: Lookup would require extrapolation into the past.  Requested time 13.943000 but the earliest data is at time 187.994000, when looking up transform from frame [robot3/base_link] to frame [map]
[ros2-11] [bt_navigator-5] 
[ros2-11] [bt_navigator-5] [WARN] [1785153079.047049967] [BehaviorTreeEngine]: Behavior Tree tick rate 100.00 was exceeded!
[ros2-11] [bt_navigator-5] [ERROR] [1785153079.148251236] [transformPoseInTargetFrame]: Extrapolation Error looking up target frame: Lookup would require extrapolation into the past.  Requested time 13.943000 but the earliest data is at time 188.094000, when looking up transform from frame [robot3/base_link] to frame [map]
[ros2-11] [bt_navigator-5] 
[ros2-11] [bt_navigator-5] [WARN] [1785153079.148399335] [BehaviorTreeEngine]: Behavior Tree tick rate 100.00 was exceeded!
[ros2-11] [bt_navigator-5] [ERROR] [1785153079.239923704] [transformPoseInTargetFrame]: Extrapolation Error looking up target frame: Lookup would require extrapolation into the past.  Requested time 13.943000 but the earliest data is at time 188.094000, when looking up transform from frame [robot3/base_link] to frame [map]
[ros2-11] [bt_navigator-5] 
[ros2-11] [bt_navigator-5] [WARN] [1785153079.240082851] [BehaviorTreeEngine]: Behavior Tree tick rate 100.00 was exceeded!
[ros2-11] [bt_navigator-5] [ERROR] [1785153079.351301036] [transformPoseInTargetFrame]: Extrapolation Error looking up target frame: Lookup would require extrapolation into the past.  Requested time 13.943000 but the earliest data is at time 188.294000, when looking up transform from frame [robot3/base_link] to frame [map]
[ros2-11] [bt_navigator-5] 
[ros2-11] [bt_navigator-5] [WARN] [1785153079.351432531] [BehaviorTreeEngine]: Behavior Tree tick rate 100.00 was exceeded!
[ros2-11] [bt_navigator-5] [ERROR] [1785153079.442380781] [transformPoseInTargetFrame]: Extrapolation Error looking up target frame: Lookup would require extrapolation into the past.  Requested time 13.943000 but the earliest data is at time 188.394000, when looking up transform from frame [robot3/base_link] to frame [map]
[ros2-11] [bt_navigator-5] 
[ros2-11] [bt_navigator-5] [WARN] [1785153079.442497982] [BehaviorTreeEngine]: Behavior Tree tick rate 100.00 was exceeded!
[ros2-11] [bt_navigator-5] [ERROR] [1785153079.543539128] [transformPoseInTargetFrame]: Extrapolation Error looking up target frame: Lookup would require extrapolation into the past.  Requested time 13.943000 but the earliest data is at time 188.494000, when looking up transform from frame [robot3/base_link] to frame [map]
[ros2-11] [bt_navigator-5] 
[ros2-11] [bt_navigator-5] [WARN] [1785153079.564951962] [BehaviorTreeEngine]: Behavior Tree tick rate 100.00 was exceeded!
[ros2-11] [bt_navigator-5] [ERROR] [1785153079.645862603] [transformPoseInTargetFrame]: Extrapolation Error looking up target frame: Lookup would require extrapolation into the past.  Requested time 13.943000 but the earliest data is at time 188.594000, when looking up transform from frame [robot3/base_link] to frame [map]
[ros2-11] [bt_navigator-5] 
[ros2-11] [bt_navigator-5] [WARN] [1785153079.646033002] [BehaviorTreeEngine]: Behavior Tree tick rate 100.00 was exceeded!
[ros2-11] [bt_navigator-5] [ERROR] [1785153079.747044816] [transformPoseInTargetFrame]: Extrapolation Error looking up target frame: Lookup would require extrapolation into the past.  Requested time 13.943000 but the earliest data is at time 188.694000, when looking up transform from frame [robot3/base_link] to frame [map]
[ros2-11] [bt_navigator-5] 
[ros2-11] [bt_navigator-5] [WARN] [1785153079.747187292] [BehaviorTreeEngine]: Behavior Tree tick rate 100.00 was exceeded!
[ros2-11] [planner_server-3] [ERROR] [1785153079.847732099] [transformPoseInTargetFrame]: Extrapolation Error looking up target frame: Lookup would require extrapolation into the past.  Requested time 13.943000 but the earliest data is at time 188.794000, when looking up transform from frame [robot3/base_link] to frame [map]
[ros2-11] [planner_server-3] 
[ros2-11] [bt_navigator-5] [ERROR] [1785153079.848172928] [transformPoseInTargetFrame]: Extrapolation Error looking up target frame: Lookup would require extrapolation into the past.  Requested time 13.943000 but the earliest data is at time 188.794000, when looking up transform from frame [robot3/base_link] to frame [map]
[ros2-11] [bt_navigator-5] 
[ros2-11] [bt_navigator-5] [WARN] [1785153079.848385304] [BehaviorTreeEngine]: Behavior Tree tick rate 100.00 was exceeded!
[ros2-11] [bt_navigator-5] [ERROR] [1785153079.949458411] [transformPoseInTargetFrame]: Extrapolation Error looking up target frame: Lookup would require extrapolation into the past.  Requested time 13.943000 but the earliest data is at time 188.894000, when looking up transform from frame [robot3/base_link] to frame [map]
[ros2-11] [bt_navigator-5] 
[ros2-11] [bt_navigator-5] [WARN] [1785153079.949585899] [BehaviorTreeEngine]: Behavior Tree tick rate 100.00 was exceeded!
[ros2-11] [bt_navigator-5] [ERROR] [1785153080.042095532] [transformPoseInTargetFrame]: Extrapolation Error looking up target frame: Lookup would require extrapolation into the past.  Requested time 13.943000 but the earliest data is at time 188.994000, when looking up transform from frame [robot3/base_link] to frame [map]
[ros2-11] [bt_navigator-5] 
[ros2-11] [bt_navigator-5] [WARN] [1785153080.042277311] [BehaviorTreeEngine]: Behavior Tree tick rate 100.00 was exceeded!
[ros2-11] [planner_server-3] [INFO] [1785153080.140985516] [robot3.global_costmap.global_costmap]: Message Filter dropping message: frame 'robot3/laser_frame' at time 198.946 for reason 'the timestamp on the message is earlier than all the data in the transform cache'
[ros2-11] [bt_navigator-5] [ERROR] [1785153080.143352922] [transformPoseInTargetFrame]: Extrapolation Error looking up target frame: Lookup would require extrapolation into the past.  Requested time 13.943000 but the earliest data is at time 189.094000, when looking up transform from frame [robot3/base_link] to frame [map]
[ros2-11] [bt_navigator-5] 
[ros2-11] [bt_navigator-5] [WARN] [1785153080.143520413] [BehaviorTreeEngine]: Behavior Tree tick rate 100.00 was exceeded!
[ros2-11] [bt_navigator-5] [ERROR] [1785153080.244703206] [transformPoseInTargetFrame]: Extrapolation Error looking up target frame: Lookup would require extrapolation into the past.  Requested time 13.943000 but the earliest data is at time 189.194000, when looking up transform from frame [robot3/base_link] to frame [map]
[ros2-11] [bt_navigator-5] 
[ros2-11] [bt_navigator-5] [WARN] [1785153080.244875713] [BehaviorTreeEngine]: Behavior Tree tick rate 100.00 was exceeded!
[ros2-11] [bt_navigator-5] [ERROR] [1785153080.345886983] [transformPoseInTargetFrame]: Extrapolation Error looking up target frame: Lookup would require extrapolation into the past.  Requested time 13.943000 but the earliest data is at time 189.294000, when looking up transform from frame [robot3/base_link] to frame [map]
[ros2-11] [bt_navigator-5] 
[ros2-11] [bt_navigator-5] [WARN] [1785153080.346012327] [BehaviorTreeEngine]: Behavior Tree tick rate 100.00 was exceeded!
[ros2-11] [bt_navigator-5] [ERROR] [1785153080.447038315] [transformPoseInTargetFrame]: Extrapolation Error looking up target frame: Lookup would require extrapolation into the past.  Requested time 13.943000 but the earliest data is at time 189.394000, when looking up transform from frame [robot3/base_link] to frame [map]
[ros2-11] [bt_navigator-5] 
[ros2-11] [bt_navigator-5] [WARN] [1785153080.447168711] [BehaviorTreeEngine]: Behavior Tree tick rate 100.00 was exceeded!
[ros2-11] [bt_navigator-5] [ERROR] [1785153080.548171022] [transformPoseInTargetFrame]: Extrapolation Error looking up target frame: Lookup would require extrapolation into the past.  Requested time 13.943000 but the earliest data is at time 189.494000, when looking up transform from frame [robot3/base_link] to frame [map]
[ros2-11] [bt_navigator-5] 
[ros2-11] [bt_navigator-5] [WARN] [1785153080.548336111] [BehaviorTreeEngine]: Behavior Tree tick rate 100.00 was exceeded!
[ros2-11] [bt_navigator-5] [ERROR] [1785153080.649329518] [transformPoseInTargetFrame]: Extrapolation Error looking up target frame: Lookup would require extrapolation into the past.  Requested time 13.943000 but the earliest data is at time 189.594000, when looking up transform from frame [robot3/base_link] to frame [map]
[ros2-11] [bt_navigator-5] 
[ros2-11] [bt_navigator-5] [WARN] [1785153080.649512278] [BehaviorTreeEngine]: Behavior Tree tick rate 100.00 was exceeded!
[ros2-11] [bt_navigator-5] [ERROR] [1785153080.750521267] [transformPoseInTargetFrame]: Extrapolation Error looking up target frame: Lookup would require extrapolation into the past.  Requested time 13.943000 but the earliest data is at time 189.694000, when looking up transform from frame [robot3/base_link] to frame [map]
[ros2-11] [bt_navigator-5] 
[ros2-11] [bt_navigator-5] [WARN] [1785153080.750662921] [BehaviorTreeEngine]: Behavior Tree tick rate 100.00 was exceeded!
[ros2-11] [bt_navigator-5] [ERROR] [1785153080.841586796] [transformPoseInTargetFrame]: Extrapolation Error looking up target frame: Lookup would require extrapolation into the past.  Requested time 13.943000 but the earliest data is at time 189.694000, when looking up transform from frame [robot3/base_link] to frame [map]
[ros2-11] [bt_navigator-5] 
[ros2-11] [bt_navigator-5] [WARN] [1785153080.841869473] [BehaviorTreeEngine]: Behavior Tree tick rate 100.00 was exceeded!
[ros2-11] [planner_server-3] [ERROR] [1785153080.847431822] [transformPoseInTargetFrame]: Extrapolation Error looking up target frame: Lookup would require extrapolation into the past.  Requested time 13.943000 but the earliest data is at time 189.794000, when looking up transform from frame [robot3/base_link] to frame [map]
[ros2-11] [planner_server-3] 
[ros2-11] [bt_navigator-5] [ERROR] [1785153080.943024165] [transformPoseInTargetFrame]: Extrapolation Error looking up target frame: Lookup would require extrapolation into the past.  Requested time 13.943000 but the earliest data is at time 189.794000, when looking up transform from frame [robot3/base_link] to frame [map]
[ros2-11] [bt_navigator-5] 
[ros2-11] [bt_navigator-5] [WARN] [1785153080.943166243] [BehaviorTreeEngine]: Behavior Tree tick rate 100.00 was exceeded!
[ros2-11] [bt_navigator-5] [ERROR] [1785153081.044214154] [transformPoseInTargetFrame]: Extrapolation Error looking up target frame: Lookup would require extrapolation into the past.  Requested time 13.943000 but the earliest data is at time 189.994000, when looking up transform from frame [robot3/base_link] to frame [map]
[ros2-11] [bt_navigator-5] 
[ros2-11] [bt_navigator-5] [WARN] [1785153081.044339754] [BehaviorTreeEngine]: Behavior Tree tick rate 100.00 was exceeded!
[ros2-11] [bt_navigator-5] [ERROR] [1785153081.145303882] [transformPoseInTargetFrame]: Extrapolation Error looking up target frame: Lookup would require extrapolation into the past.  Requested time 13.943000 but the earliest data is at time 190.094000, when looking up transform from frame [robot3/base_link] to frame [map]
[ros2-11] [bt_navigator-5] 
[ros2-11] [bt_navigator-5] [WARN] [1785153081.145434247] [BehaviorTreeEngine]: Behavior Tree tick rate 100.00 was exceeded!
[ros2-11] [bt_navigator-5] [ERROR] [1785153081.246481127] [transformPoseInTargetFrame]: Extrapolation Error looking up target frame: Lookup would require extrapolation into the past.  Requested time 13.943000 but the earliest data is at time 190.194000, when looking up transform from frame [robot3/base_link] to frame [map]
[ros2-11] [bt_navigator-5] 
[ros2-11] [bt_navigator-5] [WARN] [1785153081.246643623] [BehaviorTreeEngine]: Behavior Tree tick rate 100.00 was exceeded!
[ros2-11] [bt_navigator-5] [ERROR] [1785153081.347663326] [transformPoseInTargetFrame]: Extrapolation Error looking up target frame: Lookup would require extrapolation into the past.  Requested time 13.943000 but the earliest data is at time 190.294000, when looking up transform from frame [robot3/base_link] to frame [map]
[ros2-11] [bt_navigator-5] 
[ros2-11] [bt_navigator-5] [WARN] [1785153081.347779590] [BehaviorTreeEngine]: Behavior Tree tick rate 100.00 was exceeded!
[ros2-11] [bt_navigator-5] [ERROR] [1785153081.448761056] [transformPoseInTargetFrame]: Extrapolation Error looking up target frame: Lookup would require extrapolation into the past.  Requested time 13.943000 but the earliest data is at time 190.394000, when looking up transform from frame [robot3/base_link] to frame [map]
[ros2-11] [bt_navigator-5] 
[ros2-11] [bt_navigator-5] [WARN] [1785153081.448882448] [BehaviorTreeEngine]: Behavior Tree tick rate 100.00 was exceeded!
[ros2-11] [bt_navigator-5] [ERROR] [1785153081.549905765] [transformPoseInTargetFrame]: Extrapolation Error looking up target frame: Lookup would require extrapolation into the past.  Requested time 13.943000 but the earliest data is at time 190.494000, when looking up transform from frame [robot3/base_link] to frame [map]
[ros2-11] [bt_navigator-5] 
[ros2-11] [bt_navigator-5] [WARN] [1785153081.550013059] [BehaviorTreeEngine]: Behavior Tree tick rate 100.00 was exceeded!
[ros2-11] [bt_navigator-5] [ERROR] [1785153081.651074545] [transformPoseInTargetFrame]: Extrapolation Error looking up target frame: Lookup would require extrapolation into the past.  Requested time 13.943000 but the earliest data is at time 190.594000, when looking up transform from frame [robot3/base_link] to frame [map]
[ros2-11] [bt_navigator-5] 
[ros2-11] [bt_navigator-5] [WARN] [1785153081.651215701] [BehaviorTreeEngine]: Behavior Tree tick rate 100.00 was exceeded!
[ros2-11] [bt_navigator-5] [ERROR] [1785153081.752205066] [transformPoseInTargetFrame]: Extrapolation Error looking up target frame: Lookup would require extrapolation into the past.  Requested time 13.943000 but the earliest data is at time 190.694000, when looking up transform from frame [robot3/base_link] to frame [map]
[ros2-11] [bt_navigator-5] 
[ros2-11] [bt_navigator-5] [WARN] [1785153081.752352069] [BehaviorTreeEngine]: Behavior Tree tick rate 100.00 was exceeded!
[ros2-11] [planner_server-3] [ERROR] [1785153081.847585372] [transformPoseInTargetFrame]: Extrapolation Error looking up target frame: Lookup would require extrapolation into the past.  Requested time 13.943000 but the earliest data is at time 190.794000, when looking up transform from frame [robot3/base_link] to frame [map]
[ros2-11] [planner_server-3] 
[ros2-11] [bt_navigator-5] [ERROR] [1785153081.853407845] [transformPoseInTargetFrame]: Extrapolation Error looking up target frame: Lookup would require extrapolation into the past.  Requested time 13.943000 but the earliest data is at time 190.794000, when looking up transform from frame [robot3/base_link] to frame [map]
[ros2-11] [bt_navigator-5] 
[ros2-11] [bt_navigator-5] [WARN] [1785153081.853565641] [BehaviorTreeEngine]: Behavior Tree tick rate 100.00 was exceeded!
[ros2-11] [bt_navigator-5] [ERROR] [1785153081.944438528] [transformPoseInTargetFrame]: Extrapolation Error looking up target frame: Lookup would require extrapolation into the past.  Requested time 13.943000 but the earliest data is at time 190.894000, when looking up transform from frame [robot3/base_link] to frame [map]
[ros2-11] [bt_navigator-5] 
[ros2-11] [bt_navigator-5] [WARN] [1785153081.944589274] [BehaviorTreeEngine]: Behavior Tree tick rate 100.00 was exceeded!
[ros2-11] [bt_navigator-5] [ERROR] [1785153082.045607552] [transformPoseInTargetFrame]: Extrapolation Error looking up target frame: Lookup would require extrapolation into the past.  Requested time 13.943000 but the earliest data is at time 190.994000, when looking up transform from frame [robot3/base_link] to frame [map]
[ros2-11] [bt_navigator-5] 
[ros2-11] [bt_navigator-5] [WARN] [1785153082.045766078] [BehaviorTreeEngine]: Behavior Tree tick rate 100.00 was exceeded!
[ros2-11] [bt_navigator-5] [ERROR] [1785153082.146811972] [transformPoseInTargetFrame]: Extrapolation Error looking up target frame: Lookup would require extrapolation into the past.  Requested time 13.943000 but the earliest data is at time 191.094000, when looking up transform from frame [robot3/base_link] to frame [map]
[ros2-11] [bt_navigator-5] 
[ros2-11] [bt_navigator-5] [WARN] [1785153082.146964740] [BehaviorTreeEngine]: Behavior Tree tick rate 100.00 was exceeded!
[ros2-11] [bt_navigator-5] [ERROR] [1785153082.247975457] [transformPoseInTargetFrame]: Extrapolation Error looking up target frame: Lookup would require extrapolation into the past.  Requested time 13.943000 but the earliest data is at time 191.194000, when looking up transform from frame [robot3/base_link] to frame [map]
[ros2-11] [bt_navigator-5] 
[ros2-11] [bt_navigator-5] [WARN] [1785153082.248103519] [BehaviorTreeEngine]: Behavior Tree tick rate 100.00 was exceeded!
[ros2-11] [bt_navigator-5] [ERROR] [1785153082.349136297] [transformPoseInTargetFrame]: Extrapolation Error looking up target frame: Lookup would require extrapolation into the past.  Requested time 13.943000 but the earliest data is at time 191.294000, when looking up transform from frame [robot3/base_link] to frame [map]
[ros2-11] [bt_navigator-5] 
[ros2-11] [bt_navigator-5] [WARN] [1785153082.349235001] [BehaviorTreeEngine]: Behavior Tree tick rate 100.00 was exceeded!
[ros2-11] [bt_navigator-5] [ERROR] [1785153082.450165607] [transformPoseInTargetFrame]: Extrapolation Error looking up target frame: Lookup would require extrapolation into the past.  Requested time 13.943000 but the earliest data is at time 191.394000, when looking up transform from frame [robot3/base_link] to frame [map]
[ros2-11] [bt_navigator-5] 
[ros2-11] [bt_navigator-5] [WARN] [1785153082.450290704] [BehaviorTreeEngine]: Behavior Tree tick rate 100.00 was exceeded!
[ros2-11] [bt_navigator-5] [ERROR] [1785153082.551313136] [transformPoseInTargetFrame]: Extrapolation Error looking up target frame: Lookup would require extrapolation into the past.  Requested time 13.943000 but the earliest data is at time 191.494000, when looking up transform from frame [robot3/base_link] to frame [map]
[ros2-11] [bt_navigator-5] 
[ros2-11] [bt_navigator-5] [WARN] [1785153082.551456988] [BehaviorTreeEngine]: Behavior Tree tick rate 100.00 was exceeded!
[ros2-11] [planner_server-3] [INFO] [1785153082.644393197] [robot3.global_costmap.global_costmap]: Message Filter dropping message: frame 'robot3/laser_frame' at time 201.446 for reason 'the timestamp on the message is earlier than all the data in the transform cache'
[ros2-11] [bt_navigator-5] [ERROR] [1785153082.652628386] [transformPoseInTargetFrame]: Extrapolation Error looking up target frame: Lookup would require extrapolation into the past.  Requested time 13.943000 but the earliest data is at time 191.594000, when looking up transform from frame [robot3/base_link] to frame [map]
[ros2-11] [bt_navigator-5] 
[ros2-11] [bt_navigator-5] [WARN] [1785153082.652744213] [BehaviorTreeEngine]: Behavior Tree tick rate 100.00 was exceeded!
[ros2-11] [bt_navigator-5] [ERROR] [1785153082.753784630] [transformPoseInTargetFrame]: Extrapolation Error looking up target frame: Lookup would require extrapolation into the past.  Requested time 13.943000 but the earliest data is at time 191.694000, when looking up transform from frame [robot3/base_link] to frame [map]
[ros2-11] [bt_navigator-5] 
[ros2-11] [bt_navigator-5] [WARN] [1785153082.753934549] [BehaviorTreeEngine]: Behavior Tree tick rate 100.00 was exceeded!
[ros2-11] [bt_navigator-5] [ERROR] [1785153082.844918740] [transformPoseInTargetFrame]: Extrapolation Error looking up target frame: Lookup would require extrapolation into the past.  Requested time 13.943000 but the earliest data is at time 191.794000, when looking up transform from frame [robot3/base_link] to frame [map]
[ros2-11] [bt_navigator-5] 
[ros2-11] [bt_navigator-5] [WARN] [1785153082.845070166] [BehaviorTreeEngine]: Behavior Tree tick rate 100.00 was exceeded!
[ros2-11] [planner_server-3] [ERROR] [1785153082.847702835] [transformPoseInTargetFrame]: Extrapolation Error looking up target frame: Lookup would require extrapolation into the past.  Requested time 13.943000 but the earliest data is at time 191.794000, when looking up transform from frame [robot3/base_link] to frame [map]
[ros2-11] [planner_server-3] 
[ros2-11] [bt_navigator-5] [ERROR] [1785153082.946162107] [transformPoseInTargetFrame]: Extrapolation Error looking up target frame: Lookup would require extrapolation into the past.  Requested time 13.943000 but the earliest data is at time 191.894000, when looking up transform from frame [robot3/base_link] to frame [map]
[ros2-11] [bt_navigator-5] 
[ros2-11] [bt_navigator-5] [WARN] [1785153082.946454821] [BehaviorTreeEngine]: Behavior Tree tick rate 100.00 was exceeded!
[ros2-11] [bt_navigator-5] [ERROR] [1785153083.047540830] [transformPoseInTargetFrame]: Extrapolation Error looking up target frame: Lookup would require extrapolation into the past.  Requested time 13.943000 but the earliest data is at time 191.994000, when looking up transform from frame [robot3/base_link] to frame [map]
[ros2-11] [bt_navigator-5] 
[ros2-11] [bt_navigator-5] [WARN] [1785153083.047654319] [BehaviorTreeEngine]: Behavior Tree tick rate 100.00 was exceeded!
[ros2-11] [bt_navigator-5] [ERROR] [1785153083.150233908] [transformPoseInTargetFrame]: Extrapolation Error looking up target frame: Lookup would require extrapolation into the past.  Requested time 13.943000 but the earliest data is at time 191.994000, when looking up transform from frame [robot3/base_link] to frame [map]
[ros2-11] [bt_navigator-5] 
[ros2-11] [bt_navigator-5] [WARN] [1785153083.150406365] [BehaviorTreeEngine]: Behavior Tree tick rate 100.00 was exceeded!
[ros2-11] [bt_navigator-5] [ERROR] [1785153083.264866364] [transformPoseInTargetFrame]: Extrapolation Error looking up target frame: Lookup would require extrapolation into the past.  Requested time 13.943000 but the earliest data is at time 192.194000, when looking up transform from frame [robot3/base_link] to frame [map]
[ros2-11] [bt_navigator-5] 
[ros2-11] [bt_navigator-5] [WARN] [1785153083.265182240] [BehaviorTreeEngine]: Behavior Tree tick rate 100.00 was exceeded!
[ros2-11] [bt_navigator-5] [ERROR] [1785153083.356176683] [transformPoseInTargetFrame]: Extrapolation Error looking up target frame: Lookup would require extrapolation into the past.  Requested time 13.943000 but the earliest data is at time 192.294000, when looking up transform from frame [robot3/base_link] to frame [map]
[ros2-11] [bt_navigator-5] 
[ros2-11] [bt_navigator-5] [WARN] [1785153083.356288089] [BehaviorTreeEngine]: Behavior Tree tick rate 100.00 was exceeded!
[ros2-11] [bt_navigator-5] [ERROR] [1785153083.447272519] [transformPoseInTargetFrame]: Extrapolation Error looking up target frame: Lookup would require extrapolation into the past.  Requested time 13.943000 but the earliest data is at time 192.294000, when looking up transform from frame [robot3/base_link] to frame [map]
[ros2-11] [bt_navigator-5] 
[ros2-11] [bt_navigator-5] [WARN] [1785153083.447450166] [BehaviorTreeEngine]: Behavior Tree tick rate 100.00 was exceeded!
[ros2-11] [bt_navigator-5] [ERROR] [1785153083.548450734] [transformPoseInTargetFrame]: Extrapolation Error looking up target frame: Lookup would require extrapolation into the past.  Requested time 13.943000 but the earliest data is at time 192.494000, when looking up transform from frame [robot3/base_link] to frame [map]
[ros2-11] [bt_navigator-5] 
[ros2-11] [bt_navigator-5] [WARN] [1785153083.548555178] [BehaviorTreeEngine]: Behavior Tree tick rate 100.00 was exceeded!
