[INFO] [launch]: All log files can be found below /home/sanket/.ros/log/2026-07-27-13-24-59-219579-sanket-Victus-by-HP-Laptop-16-d0xxx-8417
[INFO] [launch]: Default logging verbosity is set to INFO
[INFO] [gzserver-1]: process started with pid [8419]
[INFO] [gzclient-2]: process started with pid [8421]
[INFO] [rviz2-3]: process started with pid [8423]
[INFO] [map_server-4]: process started with pid [8425]
[INFO] [lifecycle_manager-5]: process started with pid [8427]
[INFO] [robot_state_publisher-6]: process started with pid [8429]
[INFO] [spawn_entity.py-7]: process started with pid [8431]
[INFO] [ekf_node-8]: process started with pid [8433]
[INFO] [amcl-9]: process started with pid [8435]
[INFO] [tf_to_odom-10]: process started with pid [8437]
[INFO] [ros2-11]: process started with pid [8439]
[map_server-4] [INFO] [1785138899.407609132] [map_server]: 
[map_server-4] 	map_server lifecycle node launched. 
[map_server-4] 	Waiting on external lifecycle transitions to activate
[map_server-4] 	See https://design.ros2.org/articles/node_lifecycle.html for more information.
[map_server-4] [INFO] [1785138899.407793786] [map_server]: Creating
[lifecycle_manager-5] [INFO] [1785138899.435945089] [lifecycle_manager_localization]: Creating
[robot_state_publisher-6] [INFO] [1785138899.443591720] [robot3.robot_state_publisher]: got segment robot3/AGV_Body-v1
[robot_state_publisher-6] [INFO] [1785138899.444577947] [robot3.robot_state_publisher]: got segment robot3/ZLtech_6.5inch-v3
[robot_state_publisher-6] [INFO] [1785138899.444596937] [robot3.robot_state_publisher]: got segment robot3/ZLtech_6.5inch-v3-1
[robot_state_publisher-6] [INFO] [1785138899.444602517] [robot3.robot_state_publisher]: got segment robot3/base_link
[robot_state_publisher-6] [INFO] [1785138899.444607578] [robot3.robot_state_publisher]: got segment robot3/caster_back
[robot_state_publisher-6] [INFO] [1785138899.444613880] [robot3.robot_state_publisher]: got segment robot3/caster_front
[robot_state_publisher-6] [INFO] [1785138899.444619039] [robot3.robot_state_publisher]: got segment robot3/front_indicator
[robot_state_publisher-6] [INFO] [1785138899.444623738] [robot3.robot_state_publisher]: got segment robot3/laser_frame
[robot_state_publisher-6] [INFO] [1785138899.444628320] [robot3.robot_state_publisher]: got segment robot3/scanner-v2
[amcl-9] [INFO] [1785138899.497689818] [amcl3]: 
[amcl-9] 	amcl3 lifecycle node launched. 
[amcl-9] 	Waiting on external lifecycle transitions to activate
[amcl-9] 	See https://design.ros2.org/articles/node_lifecycle.html for more information.
[amcl-9] [INFO] [1785138899.499587064] [amcl3]: Creating
[ros2-11] [INFO] [launch]: All log files can be found below /home/sanket/.ros/log/2026-07-27-13-24-59-716115-sanket-Victus-by-HP-Laptop-16-d0xxx-8439
[ros2-11] [INFO] [launch]: Default logging verbosity is set to INFO
[lifecycle_manager-5] [INFO] [1785138899.800271404] [lifecycle_manager_localization]: [34m[1mCreating and initializing lifecycle service clients[0m[0m
[tf_to_odom-10] [INFO] [1785138899.987352589] [robot3.tf_to_odom]: Publishing TF (map -> robot3/base_link) to odometry/filtered
[spawn_entity.py-7] [INFO] [1785138900.011780450] [spawn_entity]: Spawn Entity started
[spawn_entity.py-7] [INFO] [1785138900.012054411] [spawn_entity]: Loading entity published on topic /robot3/robot_description
[spawn_entity.py-7] [INFO] [1785138900.014957226] [spawn_entity]: Waiting for entity xml on /robot3/robot_description
[spawn_entity.py-7] [INFO] [1785138900.027745466] [spawn_entity]: Waiting for service /spawn_entity, timeout = 30
[spawn_entity.py-7] [INFO] [1785138900.028255352] [spawn_entity]: Waiting for service /spawn_entity
[ros2-11] [INFO] [controller_server-1]: process started with pid [8587]
[ros2-11] [INFO] [smoother_server-2]: process started with pid [8589]
[ros2-11] [INFO] [planner_server-3]: process started with pid [8591]
[ros2-11] [INFO] [behavior_server-4]: process started with pid [8593]
[ros2-11] [INFO] [bt_navigator-5]: process started with pid [8595]
[ros2-11] [INFO] [waypoint_follower-6]: process started with pid [8597]
[ros2-11] [INFO] [velocity_smoother-7]: process started with pid [8599]
[ros2-11] [INFO] [lifecycle_manager-8]: process started with pid [8601]
[ros2-11] [controller_server-1] [INFO] [1785138900.182761061] [robot3.controller_server]: 
[ros2-11] [controller_server-1] 	controller_server lifecycle node launched. 
[ros2-11] [controller_server-1] 	Waiting on external lifecycle transitions to activate
[ros2-11] [controller_server-1] 	See https://design.ros2.org/articles/node_lifecycle.html for more information.
[ros2-11] [velocity_smoother-7] [INFO] [1785138900.184902192] [robot3.velocity_smoother]: 
[ros2-11] [velocity_smoother-7] 	velocity_smoother lifecycle node launched. 
[ros2-11] [velocity_smoother-7] 	Waiting on external lifecycle transitions to activate
[ros2-11] [velocity_smoother-7] 	See https://design.ros2.org/articles/node_lifecycle.html for more information.
[ros2-11] [controller_server-1] [INFO] [1785138900.203480861] [robot3.controller_server]: Creating controller server
[ros2-11] [smoother_server-2] [INFO] [1785138900.218467379] [robot3.smoother_server]: 
[ros2-11] [smoother_server-2] 	smoother_server lifecycle node launched. 
[ros2-11] [smoother_server-2] 	Waiting on external lifecycle transitions to activate
[ros2-11] [smoother_server-2] 	See https://design.ros2.org/articles/node_lifecycle.html for more information.
[ros2-11] [smoother_server-2] [INFO] [1785138900.228231852] [robot3.smoother_server]: Creating smoother server
[ros2-11] [lifecycle_manager-8] [INFO] [1785138900.264068143] [robot3.lifecycle_manager_navigation]: Creating
[ros2-11] [waypoint_follower-6] [INFO] [1785138900.295853527] [robot3.waypoint_follower]: 
[ros2-11] [waypoint_follower-6] 	waypoint_follower lifecycle node launched. 
[ros2-11] [waypoint_follower-6] 	Waiting on external lifecycle transitions to activate
[ros2-11] [waypoint_follower-6] 	See https://design.ros2.org/articles/node_lifecycle.html for more information.
[ros2-11] [waypoint_follower-6] [INFO] [1785138900.298076748] [robot3.waypoint_follower]: Creating
[ros2-11] [lifecycle_manager-8] [INFO] [1785138900.305899876] [robot3.lifecycle_manager_navigation]: [34m[1mCreating and initializing lifecycle service clients[0m[0m
[ros2-11] [planner_server-3] [INFO] [1785138900.307170253] [robot3.planner_server]: 
[ros2-11] [planner_server-3] 	planner_server lifecycle node launched. 
[ros2-11] [planner_server-3] 	Waiting on external lifecycle transitions to activate
[ros2-11] [planner_server-3] 	See https://design.ros2.org/articles/node_lifecycle.html for more information.
[ros2-11] [planner_server-3] [INFO] [1785138900.308605632] [robot3.planner_server]: Creating
[ros2-11] [bt_navigator-5] [INFO] [1785138900.314763863] [robot3.bt_navigator]: 
[ros2-11] [bt_navigator-5] 	bt_navigator lifecycle node launched. 
[ros2-11] [bt_navigator-5] 	Waiting on external lifecycle transitions to activate
[ros2-11] [bt_navigator-5] 	See https://design.ros2.org/articles/node_lifecycle.html for more information.
[ros2-11] [bt_navigator-5] [INFO] [1785138900.314900294] [robot3.bt_navigator]: Creating
[ros2-11] [behavior_server-4] [INFO] [1785138900.366849010] [robot3.behavior_server]: 
[ros2-11] [behavior_server-4] 	behavior_server lifecycle node launched. 
[ros2-11] [behavior_server-4] 	Waiting on external lifecycle transitions to activate
[ros2-11] [behavior_server-4] 	See https://design.ros2.org/articles/node_lifecycle.html for more information.
[lifecycle_manager-5] [INFO] [1785138900.383641672] [lifecycle_manager_localization]: [34m[1mStarting managed nodes bringup...[0m[0m
[lifecycle_manager-5] [INFO] [1785138900.383697998] [lifecycle_manager_localization]: [34m[1mConfiguring map_server[0m[0m
[map_server-4] [INFO] [1785138900.386519685] [map_server]: Configuring
[map_server-4] [INFO] [1785138900.386613089] [map_io]: Loading yaml file: /home/sanket/Documents/XP_Robotics/StepFile_gazebo/AGV/agv_simulation_workspace/install/agv/share/agv/maps/my_new_map.yaml
[map_server-4] [INFO] [1785138900.386932515] [map_io]: resolution: 0.05
[map_server-4] [INFO] [1785138900.386947201] [map_io]: origin[0]: -7.275
[map_server-4] [INFO] [1785138900.386952037] [map_io]: origin[1]: -6.625
[map_server-4] [INFO] [1785138900.386956555] [map_io]: origin[2]: 0
[map_server-4] [INFO] [1785138900.386961261] [map_io]: free_thresh: 0.25
[map_server-4] [INFO] [1785138900.386966100] [map_io]: occupied_thresh: 0.65
[map_server-4] [INFO] [1785138900.386972189] [map_io]: mode: trinary
[map_server-4] [INFO] [1785138900.386977749] [map_io]: negate: 0
[map_server-4] [INFO] [1785138900.387163580] [map_io]: Loading image_file: /home/sanket/Documents/XP_Robotics/StepFile_gazebo/AGV/agv_simulation_workspace/install/agv/share/agv/maps/my_new_map.pgm
[map_server-4] [INFO] [1785138900.435332267] [map_io]: Read map /home/sanket/Documents/XP_Robotics/StepFile_gazebo/AGV/agv_simulation_workspace/install/agv/share/agv/maps/my_new_map.pgm: 275 X 241 map @ 0.05 m/cell
[ros2-11] [planner_server-3] [INFO] [1785138900.432772911] [robot3.global_costmap.global_costmap]: 
[ros2-11] [planner_server-3] 	global_costmap lifecycle node launched. 
[ros2-11] [planner_server-3] 	Waiting on external lifecycle transitions to activate
[ros2-11] [planner_server-3] 	See https://design.ros2.org/articles/node_lifecycle.html for more information.
[ros2-11] [planner_server-3] [INFO] [1785138900.450820544] [robot3.global_costmap.global_costmap]: Creating Costmap
[lifecycle_manager-5] [INFO] [1785138900.491353327] [lifecycle_manager_localization]: [34m[1mConfiguring amcl3[0m[0m
[amcl-9] [INFO] [1785138900.500383663] [amcl3]: Configuring
[amcl-9] [INFO] [1785138900.500496942] [amcl3]: initTransforms
[amcl-9] [INFO] [1785138900.564579485] [amcl3]: initPubSub
[amcl-9] [INFO] [1785138900.572377221] [amcl3]: Subscribed to map topic.
[lifecycle_manager-5] [INFO] [1785138900.592653543] [lifecycle_manager_localization]: [34m[1mActivating map_server[0m[0m
[map_server-4] [INFO] [1785138900.598142033] [map_server]: Activating
[map_server-4] [INFO] [1785138900.602400234] [map_server]: Creating bond (map_server) to lifecycle manager.
[ros2-11] [controller_server-1] [INFO] [1785138900.631871965] [robot3.local_costmap.local_costmap]: 
[ros2-11] [controller_server-1] 	local_costmap lifecycle node launched. 
[ros2-11] [controller_server-1] 	Waiting on external lifecycle transitions to activate
[ros2-11] [controller_server-1] 	See https://design.ros2.org/articles/node_lifecycle.html for more information.
[ros2-11] [controller_server-1] [INFO] [1785138900.632420079] [robot3.local_costmap.local_costmap]: Creating Costmap
[lifecycle_manager-5] [INFO] [1785138900.686052669] [lifecycle_manager_localization]: Server map_server connected with bond.
[lifecycle_manager-5] [INFO] [1785138900.686220054] [lifecycle_manager_localization]: [34m[1mActivating amcl3[0m[0m
[amcl-9] [INFO] [1785138900.687056310] [amcl3]: Activating
[amcl-9] [INFO] [1785138900.687096994] [amcl3]: initialPoseReceived
[amcl-9] [INFO] [1785138900.687175633] [amcl3]: Setting pose (0.000000): 0.000 3.000 0.000
[amcl-9] [INFO] [1785138900.687581484] [amcl3]: Creating bond (amcl3) to lifecycle manager.
[lifecycle_manager-5] [INFO] [1785138900.715841995] [lifecycle_manager_localization]: Server amcl3 connected with bond.
[lifecycle_manager-5] [INFO] [1785138900.715897803] [lifecycle_manager_localization]: [34m[1mManaged nodes are active[0m[0m
[lifecycle_manager-5] [INFO] [1785138900.715907089] [lifecycle_manager_localization]: [34m[1mCreating bond timer...[0m[0m
[ros2-11] [lifecycle_manager-8] [INFO] [1785138900.797921565] [robot3.lifecycle_manager_navigation]: [34m[1mStarting managed nodes bringup...[0m[0m
[ros2-11] [lifecycle_manager-8] [INFO] [1785138900.797990784] [robot3.lifecycle_manager_navigation]: [34m[1mConfiguring controller_server[0m[0m
[ros2-11] [controller_server-1] [INFO] [1785138900.798598144] [robot3.controller_server]: Configuring controller interface
[ros2-11] [controller_server-1] [INFO] [1785138900.801169339] [robot3.controller_server]: getting goal checker plugins..
[ros2-11] [controller_server-1] [INFO] [1785138900.802807832] [robot3.controller_server]: Controller frequency set to 20.0000Hz
[ros2-11] [controller_server-1] [INFO] [1785138900.803080201] [robot3.local_costmap.local_costmap]: Configuring
[ros2-11] [controller_server-1] [INFO] [1785138900.823237692] [robot3.local_costmap.local_costmap]: Using plugin "voxel_layer"
[ros2-11] [controller_server-1] [INFO] [1785138900.827020344] [robot3.local_costmap.local_costmap]: Subscribed to Topics: robot3/scan
[ros2-11] [controller_server-1] [INFO] [1785138900.841038596] [robot3.local_costmap.local_costmap]: Initialized plugin "voxel_layer"
[ros2-11] [controller_server-1] [INFO] [1785138900.841124404] [robot3.local_costmap.local_costmap]: Using plugin "inflation_layer"
[ros2-11] [controller_server-1] [INFO] [1785138900.843300255] [robot3.local_costmap.local_costmap]: Initialized plugin "inflation_layer"
[ros2-11] [controller_server-1] [INFO] [1785138900.863328129] [robot3.controller_server]: Created progress_checker : progress_checker of type nav2_controller::SimpleProgressChecker
[ros2-11] [controller_server-1] [INFO] [1785138900.865424586] [robot3.controller_server]: Created goal checker : general_goal_checker of type nav2_controller::SimpleGoalChecker
[ros2-11] [controller_server-1] [INFO] [1785138900.866710994] [robot3.controller_server]: Controller Server has general_goal_checker  goal checkers available.
[ros2-11] [controller_server-1] [INFO] [1785138900.867438187] [robot3.controller_server]: Created controller : FollowPath of type nav2_regulated_pure_pursuit_controller::RegulatedPurePursuitController
[ros2-11] [controller_server-1] [INFO] [1785138900.874067132] [robot3.controller_server]: Controller Server has FollowPath  controllers available.
[ros2-11] [lifecycle_manager-8] [INFO] [1785138900.889295328] [robot3.lifecycle_manager_navigation]: [34m[1mConfiguring smoother_server[0m[0m
[ros2-11] [smoother_server-2] [INFO] [1785138900.889610968] [robot3.smoother_server]: Configuring smoother server
[ros2-11] [smoother_server-2] [INFO] [1785138900.903534850] [robot3.smoother_server]: Created smoother : simple_smoother of type nav2_smoother::SimpleSmoother
[ros2-11] [smoother_server-2] [INFO] [1785138900.903994786] [robot3.smoother_server]: Smoother Server has simple_smoother  smoothers available.
[ros2-11] [lifecycle_manager-8] [INFO] [1785138900.915326082] [robot3.lifecycle_manager_navigation]: [34m[1mConfiguring planner_server[0m[0m
[ros2-11] [planner_server-3] [INFO] [1785138900.915592612] [robot3.planner_server]: Configuring
[ros2-11] [planner_server-3] [INFO] [1785138900.915631126] [robot3.global_costmap.global_costmap]: Configuring
[ros2-11] [planner_server-3] [INFO] [1785138900.923789194] [robot3.global_costmap.global_costmap]: Using plugin "static_layer"
[ros2-11] [planner_server-3] [INFO] [1785138900.926978569] [robot3.global_costmap.global_costmap]: Subscribing to the map topic (/robot3/map) with transient local durability
[ros2-11] [planner_server-3] [INFO] [1785138900.928993097] [robot3.global_costmap.global_costmap]: Initialized plugin "static_layer"
[ros2-11] [planner_server-3] [INFO] [1785138900.929043369] [robot3.global_costmap.global_costmap]: Using plugin "obstacle_layer"
[ros2-11] [planner_server-3] [INFO] [1785138900.930344136] [robot3.global_costmap.global_costmap]: Subscribed to Topics: robot3/scan
[rviz2-3] [INFO] [1785138900.935611626] [rviz2]: Stereo is NOT SUPPORTED
[rviz2-3] [INFO] [1785138900.935744795] [rviz2]: OpenGl version: 4.6 (GLSL 4.6)
[ros2-11] [planner_server-3] [INFO] [1785138900.935159217] [robot3.global_costmap.global_costmap]: Initialized plugin "obstacle_layer"
[ros2-11] [planner_server-3] [INFO] [1785138900.935221068] [robot3.global_costmap.global_costmap]: Using plugin "inflation_layer"
[ros2-11] [planner_server-3] [INFO] [1785138900.936424149] [robot3.global_costmap.global_costmap]: Initialized plugin "inflation_layer"
[ros2-11] [planner_server-3] [INFO] [1785138900.951749076] [robot3.planner_server]: Created global planner plugin GridBased of type nav2_navfn_planner/NavfnPlanner
[ros2-11] [planner_server-3] [INFO] [1785138900.951782932] [robot3.planner_server]: Configuring plugin GridBased of type NavfnPlanner
[ros2-11] [planner_server-3] [INFO] [1785138900.953119914] [robot3.planner_server]: Planner Server has GridBased  planners available.
[rviz2-3] [INFO] [1785138900.957822063] [rviz2]: Stereo is NOT SUPPORTED
[ros2-11] [lifecycle_manager-8] [INFO] [1785138900.973436986] [robot3.lifecycle_manager_navigation]: [34m[1mConfiguring behavior_server[0m[0m
[ros2-11] [behavior_server-4] [INFO] [1785138900.973781531] [robot3.behavior_server]: Configuring
[ros2-11] [behavior_server-4] [INFO] [1785138900.985050298] [robot3.behavior_server]: Creating behavior plugin spin of type nav2_behaviors/Spin
[ros2-11] [behavior_server-4] [INFO] [1785138900.985898607] [robot3.behavior_server]: Configuring spin
[ros2-11] [behavior_server-4] [INFO] [1785138900.995922380] [robot3.behavior_server]: Creating behavior plugin backup of type nav2_behaviors/BackUp
[ros2-11] [behavior_server-4] [INFO] [1785138900.997223932] [robot3.behavior_server]: Configuring backup
[ros2-11] [behavior_server-4] [INFO] [1785138901.008351432] [robot3.behavior_server]: Creating behavior plugin drive_on_heading of type nav2_behaviors/DriveOnHeading
[ros2-11] [behavior_server-4] [INFO] [1785138901.009330597] [robot3.behavior_server]: Configuring drive_on_heading
[ros2-11] [behavior_server-4] [INFO] [1785138901.022497855] [robot3.behavior_server]: Creating behavior plugin assisted_teleop of type nav2_behaviors/AssistedTeleop
[ros2-11] [behavior_server-4] [INFO] [1785138901.024071218] [robot3.behavior_server]: Configuring assisted_teleop
[ros2-11] [behavior_server-4] [INFO] [1785138901.046523599] [robot3.behavior_server]: Creating behavior plugin wait of type nav2_behaviors/Wait
[ros2-11] [behavior_server-4] [INFO] [1785138901.047479416] [robot3.behavior_server]: Configuring wait
[ros2-11] [lifecycle_manager-8] [INFO] [1785138901.070257967] [robot3.lifecycle_manager_navigation]: [34m[1mConfiguring bt_navigator[0m[0m
[ros2-11] [bt_navigator-5] [INFO] [1785138901.070728842] [robot3.bt_navigator]: Configuring
[ros2-11] [lifecycle_manager-8] [INFO] [1785138901.192873932] [robot3.lifecycle_manager_navigation]: [34m[1mConfiguring waypoint_follower[0m[0m
[ros2-11] [waypoint_follower-6] [INFO] [1785138901.193463722] [robot3.waypoint_follower]: Configuring
[ros2-11] [waypoint_follower-6] [INFO] [1785138901.220659790] [robot3.waypoint_follower]: Created waypoint_task_executor : wait_at_waypoint of type nav2_waypoint_follower::WaitAtWaypoint
[ros2-11] [lifecycle_manager-8] [INFO] [1785138901.222889153] [robot3.lifecycle_manager_navigation]: [34m[1mConfiguring velocity_smoother[0m[0m
[ros2-11] [velocity_smoother-7] [INFO] [1785138901.223330093] [robot3.velocity_smoother]: Configuring velocity smoother
[ros2-11] [lifecycle_manager-8] [INFO] [1785138901.228803480] [robot3.lifecycle_manager_navigation]: [34m[1mActivating controller_server[0m[0m
[ros2-11] [controller_server-1] [INFO] [1785138901.229042071] [robot3.controller_server]: Activating
[ros2-11] [controller_server-1] [INFO] [1785138901.229091252] [robot3.local_costmap.local_costmap]: Activating
[ros2-11] [controller_server-1] [INFO] [1785138901.229106034] [robot3.local_costmap.local_costmap]: Checking transform
[ros2-11] [controller_server-1] [INFO] [1785138901.229135985] [robot3.local_costmap.local_costmap]: Timed out waiting for transform from robot3/base_link to robot3/odom to become available, tf error: Invalid frame ID "robot3/odom" passed to canTransform argument target_frame - frame does not exist
[spawn_entity.py-7] [INFO] [1785138901.290469981] [spawn_entity]: Calling service /spawn_entity
[amcl-9] [INFO] [1785138901.455342418] [amcl3]: Received a 275 X 241 map @ 0.050 m/pix
[spawn_entity.py-7] [INFO] [1785138901.576035125] [spawn_entity]: Spawn status: SpawnEntity: Successfully spawned entity [robot3]
[gzserver-1] [INFO] [1785138901.724186459] [robot3.diff_drive]: Wheel pair 1 separation set to [0.560000m]
[gzserver-1] [INFO] [1785138901.725197515] [robot3.diff_drive]: Wheel pair 1 diameter set to [0.165000m]
[gzserver-1] [INFO] [1785138901.729109007] [robot3.diff_drive]: Subscribed to [/robot3/cmd_vel]
[ros2-11] [controller_server-1] [INFO] [1785138901.729225733] [robot3.local_costmap.local_costmap]: Timed out waiting for transform from robot3/base_link to robot3/odom to become available, tf error: Invalid frame ID "robot3/odom" passed to canTransform argument target_frame - frame does not exist
[gzserver-1] [INFO] [1785138901.735250437] [robot3.diff_drive]: Advertise odometry on [/robot3/odom]
[gzserver-1] [INFO] [1785138901.761383933] [robot3.joint_state]: Going to publish joint [robot3/AGV_Body-v1_Revolute-2]
[gzserver-1] [INFO] [1785138901.761570411] [robot3.joint_state]: Going to publish joint [robot3/AGV_Body-v1_Revolute-3]
[INFO] [spawn_entity.py-7]: process has finished cleanly [pid 8431]
[amcl-9] [INFO] [1785138901.910469375] [amcl3]: createLaserObject
[rviz2-3] [INFO] [1785138901.961727967] [rviz2]: Trying to create a map of size 275 x 241 using 1 swatches
[ros2-11] [controller_server-1] [INFO] [1785138902.229197818] [robot3.local_costmap.local_costmap]: Timed out waiting for transform from robot3/base_link to robot3/odom to become available, tf error: Invalid frame ID "robot3/odom" passed to canTransform argument target_frame - frame does not exist
[ros2-11] [controller_server-1] [INFO] [1785138902.729210379] [robot3.local_costmap.local_costmap]: Timed out waiting for transform from robot3/base_link to robot3/odom to become available, tf error: Invalid frame ID "robot3/odom" passed to canTransform argument target_frame - frame does not exist
[ros2-11] [controller_server-1] [INFO] [1785138903.229217863] [robot3.local_costmap.local_costmap]: Timed out waiting for transform from robot3/base_link to robot3/odom to become available, tf error: Invalid frame ID "robot3/odom" passed to canTransform argument target_frame - frame does not exist
[ros2-11] [controller_server-1] [INFO] [1785138903.729198699] [robot3.local_costmap.local_costmap]: Timed out waiting for transform from robot3/base_link to robot3/odom to become available, tf error: Invalid frame ID "robot3/odom" passed to canTransform argument target_frame - frame does not exist
[ros2-11] [controller_server-1] [INFO] [1785138904.229186219] [robot3.local_costmap.local_costmap]: Timed out waiting for transform from robot3/base_link to robot3/odom to become available, tf error: Invalid frame ID "robot3/odom" passed to canTransform argument target_frame - frame does not exist
[ros2-11] [controller_server-1] [INFO] [1785138904.729183520] [robot3.local_costmap.local_costmap]: Timed out waiting for transform from robot3/base_link to robot3/odom to become available, tf error: Invalid frame ID "robot3/odom" passed to canTransform argument target_frame - frame does not exist
[ros2-11] [controller_server-1] [INFO] [1785138905.229182128] [robot3.local_costmap.local_costmap]: Timed out waiting for transform from robot3/base_link to robot3/odom to become available, tf error: Invalid frame ID "robot3/odom" passed to canTransform argument target_frame - frame does not exist
[ros2-11] [controller_server-1] [INFO] [1785138905.729189142] [robot3.local_costmap.local_costmap]: Timed out waiting for transform from robot3/base_link to robot3/odom to become available, tf error: Invalid frame ID "robot3/odom" passed to canTransform argument target_frame - frame does not exist
[ros2-11] [controller_server-1] [INFO] [1785138906.229186252] [robot3.local_costmap.local_costmap]: Timed out waiting for transform from robot3/base_link to robot3/odom to become available, tf error: Invalid frame ID "robot3/odom" passed to canTransform argument target_frame - frame does not exist
[ros2-11] [controller_server-1] [INFO] [1785138906.729189685] [robot3.local_costmap.local_costmap]: Timed out waiting for transform from robot3/base_link to robot3/odom to become available, tf error: Invalid frame ID "robot3/odom" passed to canTransform argument target_frame - frame does not exist
[ros2-11] [controller_server-1] [INFO] [1785138907.229201060] [robot3.local_costmap.local_costmap]: Timed out waiting for transform from robot3/base_link to robot3/odom to become available, tf error: Invalid frame ID "robot3/odom" passed to canTransform argument target_frame - frame does not exist
[ros2-11] [controller_server-1] [INFO] [1785138907.729199781] [robot3.local_costmap.local_costmap]: Timed out waiting for transform from robot3/base_link to robot3/odom to become available, tf error: Invalid frame ID "robot3/odom" passed to canTransform argument target_frame - frame does not exist
[ros2-11] [controller_server-1] [INFO] [1785138908.229182393] [robot3.local_costmap.local_costmap]: Timed out waiting for transform from robot3/base_link to robot3/odom to become available, tf error: Invalid frame ID "robot3/odom" passed to canTransform argument target_frame - frame does not exist
[ros2-11] [controller_server-1] [INFO] [1785138908.729213503] [robot3.local_costmap.local_costmap]: Timed out waiting for transform from robot3/base_link to robot3/odom to become available, tf error: Invalid frame ID "robot3/odom" passed to canTransform argument target_frame - frame does not exist
[ros2-11] [controller_server-1] [INFO] [1785138909.229201464] [robot3.local_costmap.local_costmap]: Timed out waiting for transform from robot3/base_link to robot3/odom to become available, tf error: Invalid frame ID "robot3/odom" passed to canTransform argument target_frame - frame does not exist
[ros2-11] [controller_server-1] [INFO] [1785138909.729190203] [robot3.local_costmap.local_costmap]: Timed out waiting for transform from robot3/base_link to robot3/odom to become available, tf error: Invalid frame ID "robot3/odom" passed to canTransform argument target_frame - frame does not exist
[ros2-11] [controller_server-1] [INFO] [1785138910.229198482] [robot3.local_costmap.local_costmap]: Timed out waiting for transform from robot3/base_link to robot3/odom to become available, tf error: Invalid frame ID "robot3/odom" passed to canTransform argument target_frame - frame does not exist
[ros2-11] [controller_server-1] [INFO] [1785138910.729184697] [robot3.local_costmap.local_costmap]: Timed out waiting for transform from robot3/base_link to robot3/odom to become available, tf error: Invalid frame ID "robot3/odom" passed to canTransform argument target_frame - frame does not exist
[ros2-11] [controller_server-1] [INFO] [1785138911.229200462] [robot3.local_costmap.local_costmap]: Timed out waiting for transform from robot3/base_link to robot3/odom to become available, tf error: Invalid frame ID "robot3/odom" passed to canTransform argument target_frame - frame does not exist
[ros2-11] [controller_server-1] [INFO] [1785138911.729184534] [robot3.local_costmap.local_costmap]: Timed out waiting for transform from robot3/base_link to robot3/odom to become available, tf error: Invalid frame ID "robot3/odom" passed to canTransform argument target_frame - frame does not exist
[ros2-11] [controller_server-1] [INFO] [1785138912.229183123] [robot3.local_costmap.local_costmap]: Timed out waiting for transform from robot3/base_link to robot3/odom to become available, tf error: Invalid frame ID "robot3/odom" passed to canTransform argument target_frame - frame does not exist
[ros2-11] [controller_server-1] [INFO] [1785138912.729196983] [robot3.local_costmap.local_costmap]: Timed out waiting for transform from robot3/base_link to robot3/odom to become available, tf error: Invalid frame ID "robot3/odom" passed to canTransform argument target_frame - frame does not exist
[ros2-11] [controller_server-1] [INFO] [1785138913.229183590] [robot3.local_costmap.local_costmap]: Timed out waiting for transform from robot3/base_link to robot3/odom to become available, tf error: Invalid frame ID "robot3/odom" passed to canTransform argument target_frame - frame does not exist
[ros2-11] [controller_server-1] [INFO] [1785138913.729181689] [robot3.local_costmap.local_costmap]: Timed out waiting for transform from robot3/base_link to robot3/odom to become available, tf error: Invalid frame ID "robot3/odom" passed to canTransform argument target_frame - frame does not exist
[ros2-11] [controller_server-1] [INFO] [1785138914.229183901] [robot3.local_costmap.local_costmap]: Timed out waiting for transform from robot3/base_link to robot3/odom to become available, tf error: Invalid frame ID "robot3/odom" passed to canTransform argument target_frame - frame does not exist
[ros2-11] [controller_server-1] [INFO] [1785138914.729194941] [robot3.local_costmap.local_costmap]: Timed out waiting for transform from robot3/base_link to robot3/odom to become available, tf error: Invalid frame ID "robot3/odom" passed to canTransform argument target_frame - frame does not exist
[ros2-11] [controller_server-1] [INFO] [1785138915.229182142] [robot3.local_costmap.local_costmap]: Timed out waiting for transform from robot3/base_link to robot3/odom to become available, tf error: Invalid frame ID "robot3/odom" passed to canTransform argument target_frame - frame does not exist
[ros2-11] [controller_server-1] [INFO] [1785138915.729140326] [robot3.local_costmap.local_costmap]: Timed out waiting for transform from robot3/base_link to robot3/odom to become available, tf error: Invalid frame ID "robot3/odom" passed to canTransform argument target_frame - frame does not exist
[ros2-11] [controller_server-1] [INFO] [1785138916.229180988] [robot3.local_costmap.local_costmap]: Timed out waiting for transform from robot3/base_link to robot3/odom to become available, tf error: Invalid frame ID "robot3/odom" passed to canTransform argument target_frame - frame does not exist
[ros2-11] [controller_server-1] [INFO] [1785138916.729179836] [robot3.local_costmap.local_costmap]: Timed out waiting for transform from robot3/base_link to robot3/odom to become available, tf error: Invalid frame ID "robot3/odom" passed to canTransform argument target_frame - frame does not exist
[ros2-11] [controller_server-1] [INFO] [1785138917.229181776] [robot3.local_costmap.local_costmap]: Timed out waiting for transform from robot3/base_link to robot3/odom to become available, tf error: Invalid frame ID "robot3/odom" passed to canTransform argument target_frame - frame does not exist
[ros2-11] [controller_server-1] [INFO] [1785138917.729207741] [robot3.local_costmap.local_costmap]: Timed out waiting for transform from robot3/base_link to robot3/odom to become available, tf error: Invalid frame ID "robot3/odom" passed to canTransform argument target_frame - frame does not exist
[ros2-11] [controller_server-1] [INFO] [1785138918.229190802] [robot3.local_costmap.local_costmap]: Timed out waiting for transform from robot3/base_link to robot3/odom to become available, tf error: Invalid frame ID "robot3/odom" passed to canTransform argument target_frame - frame does not exist
[ros2-11] [controller_server-1] [INFO] [1785138918.729182947] [robot3.local_costmap.local_costmap]: Timed out waiting for transform from robot3/base_link to robot3/odom to become available, tf error: Invalid frame ID "robot3/odom" passed to canTransform argument target_frame - frame does not exist
[ros2-11] [controller_server-1] [INFO] [1785138919.229205785] [robot3.local_costmap.local_costmap]: Timed out waiting for transform from robot3/base_link to robot3/odom to become available, tf error: Invalid frame ID "robot3/odom" passed to canTransform argument target_frame - frame does not exist
[ros2-11] [controller_server-1] [INFO] [1785138919.729203011] [robot3.local_costmap.local_costmap]: Timed out waiting for transform from robot3/base_link to robot3/odom to become available, tf error: Invalid frame ID "robot3/odom" passed to canTransform argument target_frame - frame does not exist
[ros2-11] [controller_server-1] [INFO] [1785138920.229182616] [robot3.local_costmap.local_costmap]: Timed out waiting for transform from robot3/base_link to robot3/odom to become available, tf error: Invalid frame ID "robot3/odom" passed to canTransform argument target_frame - frame does not exist
[ros2-11] [controller_server-1] [INFO] [1785138920.729199263] [robot3.local_costmap.local_costmap]: Timed out waiting for transform from robot3/base_link to robot3/odom to become available, tf error: Invalid frame ID "robot3/odom" passed to canTransform argument target_frame - frame does not exist
[ros2-11] [controller_server-1] [INFO] [1785138921.229179725] [robot3.local_costmap.local_costmap]: Timed out waiting for transform from robot3/base_link to robot3/odom to become available, tf error: Invalid frame ID "robot3/odom" passed to canTransform argument target_frame - frame does not exist
[ros2-11] [controller_server-1] [INFO] [1785138921.729180330] [robot3.local_costmap.local_costmap]: Timed out waiting for transform from robot3/base_link to robot3/odom to become available, tf error: Invalid frame ID "robot3/odom" passed to canTransform argument target_frame - frame does not exist
[ros2-11] [controller_server-1] [INFO] [1785138922.229189007] [robot3.local_costmap.local_costmap]: Timed out waiting for transform from robot3/base_link to robot3/odom to become available, tf error: Invalid frame ID "robot3/odom" passed to canTransform argument target_frame - frame does not exist
[ros2-11] [controller_server-1] [INFO] [1785138922.729179399] [robot3.local_costmap.local_costmap]: Timed out waiting for transform from robot3/base_link to robot3/odom to become available, tf error: Invalid frame ID "robot3/odom" passed to canTransform argument target_frame - frame does not exist
[ros2-11] [controller_server-1] [INFO] [1785138923.229181134] [robot3.local_costmap.local_costmap]: Timed out waiting for transform from robot3/base_link to robot3/odom to become available, tf error: Invalid frame ID "robot3/odom" passed to canTransform argument target_frame - frame does not exist
[ros2-11] [controller_server-1] [INFO] [1785138923.729198078] [robot3.local_costmap.local_costmap]: Timed out waiting for transform from robot3/base_link to robot3/odom to become available, tf error: Invalid frame ID "robot3/odom" passed to canTransform argument target_frame - frame does not exist
[ros2-11] [controller_server-1] [INFO] [1785138924.229197292] [robot3.local_costmap.local_costmap]: Timed out waiting for transform from robot3/base_link to robot3/odom to become available, tf error: Invalid frame ID "robot3/odom" passed to canTransform argument target_frame - frame does not exist
[ros2-11] [controller_server-1] [INFO] [1785138924.729178745] [robot3.local_costmap.local_costmap]: Timed out waiting for transform from robot3/base_link to robot3/odom to become available, tf error: Invalid frame ID "robot3/odom" passed to canTransform argument target_frame - frame does not exist
[ros2-11] [controller_server-1] [INFO] [1785138925.229197919] [robot3.local_costmap.local_costmap]: Timed out waiting for transform from robot3/base_link to robot3/odom to become available, tf error: Invalid frame ID "robot3/odom" passed to canTransform argument target_frame - frame does not exist
[ros2-11] [controller_server-1] [INFO] [1785138925.729183218] [robot3.local_costmap.local_costmap]: Timed out waiting for transform from robot3/base_link to robot3/odom to become available, tf error: Invalid frame ID "robot3/odom" passed to canTransform argument target_frame - frame does not exist
[ros2-11] [controller_server-1] [INFO] [1785138926.229198579] [robot3.local_costmap.local_costmap]: Timed out waiting for transform from robot3/base_link to robot3/odom to become available, tf error: Invalid frame ID "robot3/odom" passed to canTransform argument target_frame - frame does not exist
[ros2-11] [controller_server-1] [INFO] [1785138926.729198894] [robot3.local_costmap.local_costmap]: Timed out waiting for transform from robot3/base_link to robot3/odom to become available, tf error: Invalid frame ID "robot3/odom" passed to canTransform argument target_frame - frame does not exist
[ros2-11] [controller_server-1] [INFO] [1785138927.229196058] [robot3.local_costmap.local_costmap]: Timed out waiting for transform from robot3/base_link to robot3/odom to become available, tf error: Invalid frame ID "robot3/odom" passed to canTransform argument target_frame - frame does not exist
[ros2-11] [controller_server-1] [INFO] [1785138927.729200880] [robot3.local_costmap.local_costmap]: Timed out waiting for transform from robot3/base_link to robot3/odom to become available, tf error: Invalid frame ID "robot3/odom" passed to canTransform argument target_frame - frame does not exist
[ros2-11] [controller_server-1] [INFO] [1785138928.229199210] [robot3.local_costmap.local_costmap]: Timed out waiting for transform from robot3/base_link to robot3/odom to become available, tf error: Invalid frame ID "robot3/odom" passed to canTransform argument target_frame - frame does not exist
[ros2-11] [controller_server-1] [INFO] [1785138928.729202160] [robot3.local_costmap.local_costmap]: Timed out waiting for transform from robot3/base_link to robot3/odom to become available, tf error: Invalid frame ID "robot3/odom" passed to canTransform argument target_frame - frame does not exist
[ros2-11] [controller_server-1] [INFO] [1785138929.229224104] [robot3.local_costmap.local_costmap]: Timed out waiting for transform from robot3/base_link to robot3/odom to become available, tf error: Invalid frame ID "robot3/odom" passed to canTransform argument target_frame - frame does not exist
[ros2-11] [controller_server-1] [INFO] [1785138929.729215433] [robot3.local_costmap.local_costmap]: Timed out waiting for transform from robot3/base_link to robot3/odom to become available, tf error: Invalid frame ID "robot3/odom" passed to canTransform argument target_frame - frame does not exist
[ros2-11] [controller_server-1] [INFO] [1785138930.229196320] [robot3.local_costmap.local_costmap]: Timed out waiting for transform from robot3/base_link to robot3/odom to become available, tf error: Invalid frame ID "robot3/odom" passed to canTransform argument target_frame - frame does not exist
[ros2-11] [controller_server-1] [INFO] [1785138930.729203442] [robot3.local_costmap.local_costmap]: Timed out waiting for transform from robot3/base_link to robot3/odom to become available, tf error: Invalid frame ID "robot3/odom" passed to canTransform argument target_frame - frame does not exist
[ros2-11] [controller_server-1] [INFO] [1785138931.229183702] [robot3.local_costmap.local_costmap]: Timed out waiting for transform from robot3/base_link to robot3/odom to become available, tf error: Invalid frame ID "robot3/odom" passed to canTransform argument target_frame - frame does not exist
[ros2-11] [controller_server-1] [INFO] [1785138931.729181230] [robot3.local_costmap.local_costmap]: Timed out waiting for transform from robot3/base_link to robot3/odom to become available, tf error: Invalid frame ID "robot3/odom" passed to canTransform argument target_frame - frame does not exist
[ros2-11] [controller_server-1] [INFO] [1785138932.229194886] [robot3.local_costmap.local_costmap]: Timed out waiting for transform from robot3/base_link to robot3/odom to become available, tf error: Invalid frame ID "robot3/odom" passed to canTransform argument target_frame - frame does not exist
[ros2-11] [controller_server-1] [INFO] [1785138932.729199468] [robot3.local_costmap.local_costmap]: Timed out waiting for transform from robot3/base_link to robot3/odom to become available, tf error: Invalid frame ID "robot3/odom" passed to canTransform argument target_frame - frame does not exist
[ros2-11] [controller_server-1] [INFO] [1785138933.229197140] [robot3.local_costmap.local_costmap]: Timed out waiting for transform from robot3/base_link to robot3/odom to become available, tf error: Invalid frame ID "robot3/odom" passed to canTransform argument target_frame - frame does not exist
[ros2-11] [controller_server-1] [INFO] [1785138933.729194298] [robot3.local_costmap.local_costmap]: Timed out waiting for transform from robot3/base_link to robot3/odom to become available, tf error: Invalid frame ID "robot3/odom" passed to canTransform argument target_frame - frame does not exist
[ros2-11] [controller_server-1] [INFO] [1785138934.229163697] [robot3.local_costmap.local_costmap]: Timed out waiting for transform from robot3/base_link to robot3/odom to become available, tf error: Invalid frame ID "robot3/odom" passed to canTransform argument target_frame - frame does not exist
[ros2-11] [controller_server-1] [INFO] [1785138934.729205014] [robot3.local_costmap.local_costmap]: Timed out waiting for transform from robot3/base_link to robot3/odom to become available, tf error: Invalid frame ID "robot3/odom" passed to canTransform argument target_frame - frame does not exist
[ros2-11] [controller_server-1] [INFO] [1785138935.229194896] [robot3.local_costmap.local_costmap]: Timed out waiting for transform from robot3/base_link to robot3/odom to become available, tf error: Invalid frame ID "robot3/odom" passed to canTransform argument target_frame - frame does not exist
[ros2-11] [controller_server-1] [INFO] [1785138935.729210484] [robot3.local_costmap.local_costmap]: Timed out waiting for transform from robot3/base_link to robot3/odom to become available, tf error: Invalid frame ID "robot3/odom" passed to canTransform argument target_frame - frame does not exist
[ros2-11] [controller_server-1] [INFO] [1785138936.229196890] [robot3.local_costmap.local_costmap]: Timed out waiting for transform from robot3/base_link to robot3/odom to become available, tf error: Invalid frame ID "robot3/odom" passed to canTransform argument target_frame - frame does not exist
[ros2-11] [controller_server-1] [INFO] [1785138936.729215124] [robot3.local_costmap.local_costmap]: Timed out waiting for transform from robot3/base_link to robot3/odom to become available, tf error: Invalid frame ID "robot3/odom" passed to canTransform argument target_frame - frame does not exist
[ros2-11] [controller_server-1] [INFO] [1785138937.229199209] [robot3.local_costmap.local_costmap]: Timed out waiting for transform from robot3/base_link to robot3/odom to become available, tf error: Invalid frame ID "robot3/odom" passed to canTransform argument target_frame - frame does not exist
[ros2-11] [controller_server-1] [INFO] [1785138937.729180865] [robot3.local_costmap.local_costmap]: Timed out waiting for transform from robot3/base_link to robot3/odom to become available, tf error: Invalid frame ID "robot3/odom" passed to canTransform argument target_frame - frame does not exist
[ros2-11] [controller_server-1] [INFO] [1785138938.229198727] [robot3.local_costmap.local_costmap]: Timed out waiting for transform from robot3/base_link to robot3/odom to become available, tf error: Invalid frame ID "robot3/odom" passed to canTransform argument target_frame - frame does not exist
[ros2-11] [controller_server-1] [INFO] [1785138938.729179746] [robot3.local_costmap.local_costmap]: Timed out waiting for transform from robot3/base_link to robot3/odom to become available, tf error: Invalid frame ID "robot3/odom" passed to canTransform argument target_frame - frame does not exist
[ros2-11] [controller_server-1] [INFO] [1785138939.229195606] [robot3.local_costmap.local_costmap]: Timed out waiting for transform from robot3/base_link to robot3/odom to become available, tf error: Invalid frame ID "robot3/odom" passed to canTransform argument target_frame - frame does not exist
[ros2-11] [controller_server-1] [INFO] [1785138939.729195562] [robot3.local_costmap.local_costmap]: Timed out waiting for transform from robot3/base_link to robot3/odom to become available, tf error: Invalid frame ID "robot3/odom" passed to canTransform argument target_frame - frame does not exist
[ros2-11] [controller_server-1] [INFO] [1785138940.229194426] [robot3.local_costmap.local_costmap]: Timed out waiting for transform from robot3/base_link to robot3/odom to become available, tf error: Invalid frame ID "robot3/odom" passed to canTransform argument target_frame - frame does not exist
[ros2-11] [controller_server-1] [INFO] [1785138940.729178860] [robot3.local_costmap.local_costmap]: Timed out waiting for transform from robot3/base_link to robot3/odom to become available, tf error: Invalid frame ID "robot3/odom" passed to canTransform argument target_frame - frame does not exist
[ros2-11] [controller_server-1] [INFO] [1785138941.229180602] [robot3.local_costmap.local_costmap]: Timed out waiting for transform from robot3/base_link to robot3/odom to become available, tf error: Invalid frame ID "robot3/odom" passed to canTransform argument target_frame - frame does not exist
[ros2-11] [controller_server-1] [INFO] [1785138941.729181575] [robot3.local_costmap.local_costmap]: Timed out waiting for transform from robot3/base_link to robot3/odom to become available, tf error: Invalid frame ID "robot3/odom" passed to canTransform argument target_frame - frame does not exist
[ros2-11] [controller_server-1] [INFO] [1785138942.229179421] [robot3.local_costmap.local_costmap]: Timed out waiting for transform from robot3/base_link to robot3/odom to become available, tf error: Invalid frame ID "robot3/odom" passed to canTransform argument target_frame - frame does not exist
[ros2-11] [controller_server-1] [INFO] [1785138942.729195188] [robot3.local_costmap.local_costmap]: Timed out waiting for transform from robot3/base_link to robot3/odom to become available, tf error: Invalid frame ID "robot3/odom" passed to canTransform argument target_frame - frame does not exist
[ros2-11] [controller_server-1] [INFO] [1785138943.229178301] [robot3.local_costmap.local_costmap]: Timed out waiting for transform from robot3/base_link to robot3/odom to become available, tf error: Invalid frame ID "robot3/odom" passed to canTransform argument target_frame - frame does not exist
[ros2-11] [controller_server-1] [INFO] [1785138943.729181559] [robot3.local_costmap.local_costmap]: Timed out waiting for transform from robot3/base_link to robot3/odom to become available, tf error: Invalid frame ID "robot3/odom" passed to canTransform argument target_frame - frame does not exist
[ros2-11] [controller_server-1] [INFO] [1785138944.229183495] [robot3.local_costmap.local_costmap]: Timed out waiting for transform from robot3/base_link to robot3/odom to become available, tf error: Invalid frame ID "robot3/odom" passed to canTransform argument target_frame - frame does not exist
[ros2-11] [controller_server-1] [INFO] [1785138944.729183253] [robot3.local_costmap.local_costmap]: Timed out waiting for transform from robot3/base_link to robot3/odom to become available, tf error: Invalid frame ID "robot3/odom" passed to canTransform argument target_frame - frame does not exist
[ros2-11] [controller_server-1] [INFO] [1785138945.229181974] [robot3.local_costmap.local_costmap]: Timed out waiting for transform from robot3/base_link to robot3/odom to become available, tf error: Invalid frame ID "robot3/odom" passed to canTransform argument target_frame - frame does not exist
[ros2-11] [controller_server-1] [INFO] [1785138945.729185551] [robot3.local_costmap.local_costmap]: Timed out waiting for transform from robot3/base_link to robot3/odom to become available, tf error: Invalid frame ID "robot3/odom" passed to canTransform argument target_frame - frame does not exist
[ros2-11] [controller_server-1] [INFO] [1785138946.229196464] [robot3.local_costmap.local_costmap]: Timed out waiting for transform from robot3/base_link to robot3/odom to become available, tf error: Invalid frame ID "robot3/odom" passed to canTransform argument target_frame - frame does not exist
[ros2-11] [controller_server-1] [INFO] [1785138946.729197441] [robot3.local_costmap.local_costmap]: Timed out waiting for transform from robot3/base_link to robot3/odom to become available, tf error: Invalid frame ID "robot3/odom" passed to canTransform argument target_frame - frame does not exist
[ros2-11] [controller_server-1] [INFO] [1785138947.229182766] [robot3.local_costmap.local_costmap]: Timed out waiting for transform from robot3/base_link to robot3/odom to become available, tf error: Invalid frame ID "robot3/odom" passed to canTransform argument target_frame - frame does not exist
[ros2-11] [controller_server-1] [INFO] [1785138947.729180590] [robot3.local_costmap.local_costmap]: Timed out waiting for transform from robot3/base_link to robot3/odom to become available, tf error: Invalid frame ID "robot3/odom" passed to canTransform argument target_frame - frame does not exist
[ros2-11] [controller_server-1] [INFO] [1785138948.229184510] [robot3.local_costmap.local_costmap]: Timed out waiting for transform from robot3/base_link to robot3/odom to become available, tf error: Invalid frame ID "robot3/odom" passed to canTransform argument target_frame - frame does not exist
[ros2-11] [controller_server-1] [INFO] [1785138948.729180323] [robot3.local_costmap.local_costmap]: Timed out waiting for transform from robot3/base_link to robot3/odom to become available, tf error: Invalid frame ID "robot3/odom" passed to canTransform argument target_frame - frame does not exist
[ros2-11] [controller_server-1] [INFO] [1785138949.229186153] [robot3.local_costmap.local_costmap]: Timed out waiting for transform from robot3/base_link to robot3/odom to become available, tf error: Invalid frame ID "robot3/odom" passed to canTransform argument target_frame - frame does not exist
[ros2-11] [controller_server-1] [INFO] [1785138949.729214582] [robot3.local_costmap.local_costmap]: Timed out waiting for transform from robot3/base_link to robot3/odom to become available, tf error: Invalid frame ID "robot3/odom" passed to canTransform argument target_frame - frame does not exist
[ros2-11] [controller_server-1] [INFO] [1785138950.229196324] [robot3.local_costmap.local_costmap]: Timed out waiting for transform from robot3/base_link to robot3/odom to become available, tf error: Invalid frame ID "robot3/odom" passed to canTransform argument target_frame - frame does not exist
[ros2-11] [controller_server-1] [INFO] [1785138950.729202467] [robot3.local_costmap.local_costmap]: Timed out waiting for transform from robot3/base_link to robot3/odom to become available, tf error: Invalid frame ID "robot3/odom" passed to canTransform argument target_frame - frame does not exist
[ros2-11] [controller_server-1] [INFO] [1785138951.229201907] [robot3.local_costmap.local_costmap]: Timed out waiting for transform from robot3/base_link to robot3/odom to become available, tf error: Invalid frame ID "robot3/odom" passed to canTransform argument target_frame - frame does not exist
[ros2-11] [controller_server-1] [INFO] [1785138951.729197218] [robot3.local_costmap.local_costmap]: Timed out waiting for transform from robot3/base_link to robot3/odom to become available, tf error: Invalid frame ID "robot3/odom" passed to canTransform argument target_frame - frame does not exist
[ros2-11] [controller_server-1] [INFO] [1785138952.229200608] [robot3.local_costmap.local_costmap]: Timed out waiting for transform from robot3/base_link to robot3/odom to become available, tf error: Invalid frame ID "robot3/odom" passed to canTransform argument target_frame - frame does not exist
[ros2-11] [controller_server-1] [INFO] [1785138952.729211396] [robot3.local_costmap.local_costmap]: Timed out waiting for transform from robot3/base_link to robot3/odom to become available, tf error: Invalid frame ID "robot3/odom" passed to canTransform argument target_frame - frame does not exist
[ros2-11] [controller_server-1] [INFO] [1785138953.229194009] [robot3.local_costmap.local_costmap]: Timed out waiting for transform from robot3/base_link to robot3/odom to become available, tf error: Invalid frame ID "robot3/odom" passed to canTransform argument target_frame - frame does not exist
[ros2-11] [controller_server-1] [INFO] [1785138953.729180888] [robot3.local_costmap.local_costmap]: Timed out waiting for transform from robot3/base_link to robot3/odom to become available, tf error: Invalid frame ID "robot3/odom" passed to canTransform argument target_frame - frame does not exist
[ros2-11] [controller_server-1] [INFO] [1785138954.229179921] [robot3.local_costmap.local_costmap]: Timed out waiting for transform from robot3/base_link to robot3/odom to become available, tf error: Invalid frame ID "robot3/odom" passed to canTransform argument target_frame - frame does not exist
[ros2-11] [controller_server-1] [INFO] [1785138954.729183434] [robot3.local_costmap.local_costmap]: Timed out waiting for transform from robot3/base_link to robot3/odom to become available, tf error: Invalid frame ID "robot3/odom" passed to canTransform argument target_frame - frame does not exist
[ros2-11] [controller_server-1] [INFO] [1785138955.229180270] [robot3.local_costmap.local_costmap]: Timed out waiting for transform from robot3/base_link to robot3/odom to become available, tf error: Invalid frame ID "robot3/odom" passed to canTransform argument target_frame - frame does not exist
[ros2-11] [controller_server-1] [INFO] [1785138955.729211553] [robot3.local_costmap.local_costmap]: Timed out waiting for transform from robot3/base_link to robot3/odom to become available, tf error: Invalid frame ID "robot3/odom" passed to canTransform argument target_frame - frame does not exist
[ros2-11] [controller_server-1] [INFO] [1785138956.229190463] [robot3.local_costmap.local_costmap]: Timed out waiting for transform from robot3/base_link to robot3/odom to become available, tf error: Invalid frame ID "robot3/odom" passed to canTransform argument target_frame - frame does not exist
[ros2-11] [controller_server-1] [INFO] [1785138956.729199812] [robot3.local_costmap.local_costmap]: Timed out waiting for transform from robot3/base_link to robot3/odom to become available, tf error: Invalid frame ID "robot3/odom" passed to canTransform argument target_frame - frame does not exist
[ros2-11] [controller_server-1] [INFO] [1785138957.229150144] [robot3.local_costmap.local_costmap]: Timed out waiting for transform from robot3/base_link to robot3/odom to become available, tf error: Invalid frame ID "robot3/odom" passed to canTransform argument target_frame - frame does not exist
[ros2-11] [controller_server-1] [INFO] [1785138957.729197086] [robot3.local_costmap.local_costmap]: Timed out waiting for transform from robot3/base_link to robot3/odom to become available, tf error: Invalid frame ID "robot3/odom" passed to canTransform argument target_frame - frame does not exist
[ros2-11] [controller_server-1] [INFO] [1785138958.229180118] [robot3.local_costmap.local_costmap]: Timed out waiting for transform from robot3/base_link to robot3/odom to become available, tf error: Invalid frame ID "robot3/odom" passed to canTransform argument target_frame - frame does not exist
[ros2-11] [controller_server-1] [INFO] [1785138958.729192671] [robot3.local_costmap.local_costmap]: Timed out waiting for transform from robot3/base_link to robot3/odom to become available, tf error: Invalid frame ID "robot3/odom" passed to canTransform argument target_frame - frame does not exist
[ros2-11] [controller_server-1] [INFO] [1785138959.229197214] [robot3.local_costmap.local_costmap]: Timed out waiting for transform from robot3/base_link to robot3/odom to become available, tf error: Invalid frame ID "robot3/odom" passed to canTransform argument target_frame - frame does not exist
[ros2-11] [controller_server-1] [INFO] [1785138959.729180193] [robot3.local_costmap.local_costmap]: Timed out waiting for transform from robot3/base_link to robot3/odom to become available, tf error: Invalid frame ID "robot3/odom" passed to canTransform argument target_frame - frame does not exist
[ros2-11] [controller_server-1] [INFO] [1785138960.229195277] [robot3.local_costmap.local_costmap]: Timed out waiting for transform from robot3/base_link to robot3/odom to become available, tf error: Invalid frame ID "robot3/odom" passed to canTransform argument target_frame - frame does not exist
[ros2-11] [controller_server-1] [INFO] [1785138960.729199165] [robot3.local_costmap.local_costmap]: Timed out waiting for transform from robot3/base_link to robot3/odom to become available, tf error: Invalid frame ID "robot3/odom" passed to canTransform argument target_frame - frame does not exist
[ros2-11] [controller_server-1] [INFO] [1785138961.229187174] [robot3.local_costmap.local_costmap]: Timed out waiting for transform from robot3/base_link to robot3/odom to become available, tf error: Invalid frame ID "robot3/odom" passed to canTransform argument target_frame - frame does not exist
[ros2-11] [controller_server-1] [INFO] [1785138961.729196979] [robot3.local_costmap.local_costmap]: Timed out waiting for transform from robot3/base_link to robot3/odom to become available, tf error: Invalid frame ID "robot3/odom" passed to canTransform argument target_frame - frame does not exist
[ros2-11] [controller_server-1] [INFO] [1785138962.229180879] [robot3.local_costmap.local_costmap]: Timed out waiting for transform from robot3/base_link to robot3/odom to become available, tf error: Invalid frame ID "robot3/odom" passed to canTransform argument target_frame - frame does not exist
[ros2-11] [controller_server-1] [INFO] [1785138962.729181077] [robot3.local_costmap.local_costmap]: Timed out waiting for transform from robot3/base_link to robot3/odom to become available, tf error: Invalid frame ID "robot3/odom" passed to canTransform argument target_frame - frame does not exist
[ros2-11] [controller_server-1] [INFO] [1785138963.229198991] [robot3.local_costmap.local_costmap]: Timed out waiting for transform from robot3/base_link to robot3/odom to become available, tf error: Invalid frame ID "robot3/odom" passed to canTransform argument target_frame - frame does not exist
[ros2-11] [controller_server-1] [INFO] [1785138963.729197620] [robot3.local_costmap.local_costmap]: Timed out waiting for transform from robot3/base_link to robot3/odom to become available, tf error: Invalid frame ID "robot3/odom" passed to canTransform argument target_frame - frame does not exist
[ros2-11] [controller_server-1] [INFO] [1785138964.229195400] [robot3.local_costmap.local_costmap]: Timed out waiting for transform from robot3/base_link to robot3/odom to become available, tf error: Invalid frame ID "robot3/odom" passed to canTransform argument target_frame - frame does not exist
[ros2-11] [controller_server-1] [INFO] [1785138964.729199177] [robot3.local_costmap.local_costmap]: Timed out waiting for transform from robot3/base_link to robot3/odom to become available, tf error: Invalid frame ID "robot3/odom" passed to canTransform argument target_frame - frame does not exist
[ros2-11] [controller_server-1] [INFO] [1785138965.229199862] [robot3.local_costmap.local_costmap]: Timed out waiting for transform from robot3/base_link to robot3/odom to become available, tf error: Invalid frame ID "robot3/odom" passed to canTransform argument target_frame - frame does not exist
[ros2-11] [controller_server-1] [INFO] [1785138965.729201508] [robot3.local_costmap.local_costmap]: Timed out waiting for transform from robot3/base_link to robot3/odom to become available, tf error: Invalid frame ID "robot3/odom" passed to canTransform argument target_frame - frame does not exist
[ros2-11] [controller_server-1] [INFO] [1785138966.229186474] [robot3.local_costmap.local_costmap]: Timed out waiting for transform from robot3/base_link to robot3/odom to become available, tf error: Invalid frame ID "robot3/odom" passed to canTransform argument target_frame - frame does not exist
[ros2-11] [controller_server-1] [INFO] [1785138966.729192647] [robot3.local_costmap.local_costmap]: Timed out waiting for transform from robot3/base_link to robot3/odom to become available, tf error: Invalid frame ID "robot3/odom" passed to canTransform argument target_frame - frame does not exist
[ros2-11] [controller_server-1] [INFO] [1785138967.229179655] [robot3.local_costmap.local_costmap]: Timed out waiting for transform from robot3/base_link to robot3/odom to become available, tf error: Invalid frame ID "robot3/odom" passed to canTransform argument target_frame - frame does not exist
[ros2-11] [controller_server-1] [INFO] [1785138967.729188575] [robot3.local_costmap.local_costmap]: Timed out waiting for transform from robot3/base_link to robot3/odom to become available, tf error: Invalid frame ID "robot3/odom" passed to canTransform argument target_frame - frame does not exist
[ros2-11] [controller_server-1] [INFO] [1785138968.229205057] [robot3.local_costmap.local_costmap]: Timed out waiting for transform from robot3/base_link to robot3/odom to become available, tf error: Invalid frame ID "robot3/odom" passed to canTransform argument target_frame - frame does not exist
[ros2-11] [controller_server-1] [INFO] [1785138968.729186241] [robot3.local_costmap.local_costmap]: Timed out waiting for transform from robot3/base_link to robot3/odom to become available, tf error: Invalid frame ID "robot3/odom" passed to canTransform argument target_frame - frame does not exist
[ros2-11] [controller_server-1] [INFO] [1785138969.229170252] [robot3.local_costmap.local_costmap]: Timed out waiting for transform from robot3/base_link to robot3/odom to become available, tf error: Invalid frame ID "robot3/odom" passed to canTransform argument target_frame - frame does not exist
[ros2-11] [controller_server-1] [INFO] [1785138969.729182477] [robot3.local_costmap.local_costmap]: Timed out waiting for transform from robot3/base_link to robot3/odom to become available, tf error: Invalid frame ID "robot3/odom" passed to canTransform argument target_frame - frame does not exist
[ros2-11] [controller_server-1] [INFO] [1785138970.229166005] [robot3.local_costmap.local_costmap]: Timed out waiting for transform from robot3/base_link to robot3/odom to become available, tf error: Invalid frame ID "robot3/odom" passed to canTransform argument target_frame - frame does not exist
[ros2-11] [controller_server-1] [INFO] [1785138970.729197566] [robot3.local_costmap.local_costmap]: Timed out waiting for transform from robot3/base_link to robot3/odom to become available, tf error: Invalid frame ID "robot3/odom" passed to canTransform argument target_frame - frame does not exist
[ros2-11] [controller_server-1] [INFO] [1785138971.229187487] [robot3.local_costmap.local_costmap]: Timed out waiting for transform from robot3/base_link to robot3/odom to become available, tf error: Invalid frame ID "robot3/odom" passed to canTransform argument target_frame - frame does not exist
[ros2-11] [controller_server-1] [INFO] [1785138971.729189320] [robot3.local_costmap.local_costmap]: Timed out waiting for transform from robot3/base_link to robot3/odom to become available, tf error: Invalid frame ID "robot3/odom" passed to canTransform argument target_frame - frame does not exist
[ros2-11] [controller_server-1] [INFO] [1785138972.229156390] [robot3.local_costmap.local_costmap]: Timed out waiting for transform from robot3/base_link to robot3/odom to become available, tf error: Invalid frame ID "robot3/odom" passed to canTransform argument target_frame - frame does not exist
[ros2-11] [controller_server-1] [INFO] [1785138972.729183586] [robot3.local_costmap.local_costmap]: Timed out waiting for transform from robot3/base_link to robot3/odom to become available, tf error: Invalid frame ID "robot3/odom" passed to canTransform argument target_frame - frame does not exist
[ros2-11] [controller_server-1] [INFO] [1785138973.229196096] [robot3.local_costmap.local_costmap]: Timed out waiting for transform from robot3/base_link to robot3/odom to become available, tf error: Invalid frame ID "robot3/odom" passed to canTransform argument target_frame - frame does not exist
[ros2-11] [controller_server-1] [INFO] [1785138973.729222987] [robot3.local_costmap.local_costmap]: Timed out waiting for transform from robot3/base_link to robot3/odom to become available, tf error: Invalid frame ID "robot3/odom" passed to canTransform argument target_frame - frame does not exist
[ros2-11] [controller_server-1] [INFO] [1785138974.229184396] [robot3.local_costmap.local_costmap]: Timed out waiting for transform from robot3/base_link to robot3/odom to become available, tf error: Invalid frame ID "robot3/odom" passed to canTransform argument target_frame - frame does not exist
[ros2-11] [controller_server-1] [INFO] [1785138974.729178333] [robot3.local_costmap.local_costmap]: Timed out waiting for transform from robot3/base_link to robot3/odom to become available, tf error: Invalid frame ID "robot3/odom" passed to canTransform argument target_frame - frame does not exist
[ros2-11] [controller_server-1] [INFO] [1785138975.229179717] [robot3.local_costmap.local_costmap]: Timed out waiting for transform from robot3/base_link to robot3/odom to become available, tf error: Invalid frame ID "robot3/odom" passed to canTransform argument target_frame - frame does not exist
[ros2-11] [controller_server-1] [INFO] [1785138975.729180783] [robot3.local_costmap.local_costmap]: Timed out waiting for transform from robot3/base_link to robot3/odom to become available, tf error: Invalid frame ID "robot3/odom" passed to canTransform argument target_frame - frame does not exist
[ros2-11] [controller_server-1] [INFO] [1785138976.229178266] [robot3.local_costmap.local_costmap]: Timed out waiting for transform from robot3/base_link to robot3/odom to become available, tf error: Invalid frame ID "robot3/odom" passed to canTransform argument target_frame - frame does not exist
[ros2-11] [controller_server-1] [INFO] [1785138976.729181843] [robot3.local_costmap.local_costmap]: Timed out waiting for transform from robot3/base_link to robot3/odom to become available, tf error: Invalid frame ID "robot3/odom" passed to canTransform argument target_frame - frame does not exist
[ros2-11] [controller_server-1] [INFO] [1785138977.229183124] [robot3.local_costmap.local_costmap]: Timed out waiting for transform from robot3/base_link to robot3/odom to become available, tf error: Invalid frame ID "robot3/odom" passed to canTransform argument target_frame - frame does not exist
[ros2-11] [controller_server-1] [INFO] [1785138977.729184148] [robot3.local_costmap.local_costmap]: Timed out waiting for transform from robot3/base_link to robot3/odom to become available, tf error: Invalid frame ID "robot3/odom" passed to canTransform argument target_frame - frame does not exist
[ros2-11] [controller_server-1] [INFO] [1785138978.229222481] [robot3.local_costmap.local_costmap]: Timed out waiting for transform from robot3/base_link to robot3/odom to become available, tf error: Invalid frame ID "robot3/odom" passed to canTransform argument target_frame - frame does not exist
[ros2-11] [controller_server-1] [INFO] [1785138978.729193121] [robot3.local_costmap.local_costmap]: Timed out waiting for transform from robot3/base_link to robot3/odom to become available, tf error: Invalid frame ID "robot3/odom" passed to canTransform argument target_frame - frame does not exist
[ros2-11] [controller_server-1] [INFO] [1785138979.229194667] [robot3.local_costmap.local_costmap]: Timed out waiting for transform from robot3/base_link to robot3/odom to become available, tf error: Invalid frame ID "robot3/odom" passed to canTransform argument target_frame - frame does not exist
[ros2-11] [controller_server-1] [INFO] [1785138979.729180385] [robot3.local_costmap.local_costmap]: Timed out waiting for transform from robot3/base_link to robot3/odom to become available, tf error: Invalid frame ID "robot3/odom" passed to canTransform argument target_frame - frame does not exist
[ros2-11] [controller_server-1] [INFO] [1785138980.229201326] [robot3.local_costmap.local_costmap]: Timed out waiting for transform from robot3/base_link to robot3/odom to become available, tf error: Invalid frame ID "robot3/odom" passed to canTransform argument target_frame - frame does not exist
[ros2-11] [controller_server-1] [INFO] [1785138980.729196897] [robot3.local_costmap.local_costmap]: Timed out waiting for transform from robot3/base_link to robot3/odom to become available, tf error: Invalid frame ID "robot3/odom" passed to canTransform argument target_frame - frame does not exist
[ros2-11] [controller_server-1] [INFO] [1785138981.229201597] [robot3.local_costmap.local_costmap]: Timed out waiting for transform from robot3/base_link to robot3/odom to become available, tf error: Invalid frame ID "robot3/odom" passed to canTransform argument target_frame - frame does not exist
[ros2-11] [controller_server-1] [INFO] [1785138981.729197902] [robot3.local_costmap.local_costmap]: Timed out waiting for transform from robot3/base_link to robot3/odom to become available, tf error: Invalid frame ID "robot3/odom" passed to canTransform argument target_frame - frame does not exist
[ros2-11] [controller_server-1] [INFO] [1785138982.229197079] [robot3.local_costmap.local_costmap]: Timed out waiting for transform from robot3/base_link to robot3/odom to become available, tf error: Invalid frame ID "robot3/odom" passed to canTransform argument target_frame - frame does not exist
[ros2-11] [controller_server-1] [INFO] [1785138982.729197943] [robot3.local_costmap.local_costmap]: Timed out waiting for transform from robot3/base_link to robot3/odom to become available, tf error: Invalid frame ID "robot3/odom" passed to canTransform argument target_frame - frame does not exist
[ros2-11] [controller_server-1] [INFO] [1785138983.229198005] [robot3.local_costmap.local_costmap]: Timed out waiting for transform from robot3/base_link to robot3/odom to become available, tf error: Invalid frame ID "robot3/odom" passed to canTransform argument target_frame - frame does not exist
[ros2-11] [controller_server-1] [INFO] [1785138983.729185148] [robot3.local_costmap.local_costmap]: Timed out waiting for transform from robot3/base_link to robot3/odom to become available, tf error: Invalid frame ID "robot3/odom" passed to canTransform argument target_frame - frame does not exist
[ros2-11] [controller_server-1] [INFO] [1785138984.229196665] [robot3.local_costmap.local_costmap]: Timed out waiting for transform from robot3/base_link to robot3/odom to become available, tf error: Invalid frame ID "robot3/odom" passed to canTransform argument target_frame - frame does not exist
[ros2-11] [controller_server-1] [INFO] [1785138984.729183733] [robot3.local_costmap.local_costmap]: Timed out waiting for transform from robot3/base_link to robot3/odom to become available, tf error: Invalid frame ID "robot3/odom" passed to canTransform argument target_frame - frame does not exist
[ros2-11] [controller_server-1] [INFO] [1785138985.229206356] [robot3.local_costmap.local_costmap]: Timed out waiting for transform from robot3/base_link to robot3/odom to become available, tf error: Invalid frame ID "robot3/odom" passed to canTransform argument target_frame - frame does not exist
[ros2-11] [controller_server-1] [INFO] [1785138985.729192689] [robot3.local_costmap.local_costmap]: Timed out waiting for transform from robot3/base_link to robot3/odom to become available, tf error: Invalid frame ID "robot3/odom" passed to canTransform argument target_frame - frame does not exist
[ros2-11] [controller_server-1] [INFO] [1785138986.229197913] [robot3.local_costmap.local_costmap]: Timed out waiting for transform from robot3/base_link to robot3/odom to become available, tf error: Invalid frame ID "robot3/odom" passed to canTransform argument target_frame - frame does not exist
[ros2-11] [controller_server-1] [INFO] [1785138986.729199621] [robot3.local_costmap.local_costmap]: Timed out waiting for transform from robot3/base_link to robot3/odom to become available, tf error: Invalid frame ID "robot3/odom" passed to canTransform argument target_frame - frame does not exist
[ros2-11] [controller_server-1] [INFO] [1785138987.229195386] [robot3.local_costmap.local_costmap]: Timed out waiting for transform from robot3/base_link to robot3/odom to become available, tf error: Invalid frame ID "robot3/odom" passed to canTransform argument target_frame - frame does not exist
[ros2-11] [controller_server-1] [INFO] [1785138987.729184286] [robot3.local_costmap.local_costmap]: Timed out waiting for transform from robot3/base_link to robot3/odom to become available, tf error: Invalid frame ID "robot3/odom" passed to canTransform argument target_frame - frame does not exist
[ros2-11] [controller_server-1] [INFO] [1785138988.229197273] [robot3.local_costmap.local_costmap]: Timed out waiting for transform from robot3/base_link to robot3/odom to become available, tf error: Invalid frame ID "robot3/odom" passed to canTransform argument target_frame - frame does not exist
[ros2-11] [controller_server-1] [INFO] [1785138988.729163972] [robot3.local_costmap.local_costmap]: Timed out waiting for transform from robot3/base_link to robot3/odom to become available, tf error: Invalid frame ID "robot3/odom" passed to canTransform argument target_frame - frame does not exist
[ros2-11] [controller_server-1] [INFO] [1785138989.229200815] [robot3.local_costmap.local_costmap]: Timed out waiting for transform from robot3/base_link to robot3/odom to become available, tf error: Invalid frame ID "robot3/odom" passed to canTransform argument target_frame - frame does not exist
[ros2-11] [controller_server-1] [INFO] [1785138989.729201404] [robot3.local_costmap.local_costmap]: Timed out waiting for transform from robot3/base_link to robot3/odom to become available, tf error: Invalid frame ID "robot3/odom" passed to canTransform argument target_frame - frame does not exist
[ros2-11] [controller_server-1] [INFO] [1785138990.229186906] [robot3.local_costmap.local_costmap]: Timed out waiting for transform from robot3/base_link to robot3/odom to become available, tf error: Invalid frame ID "robot3/odom" passed to canTransform argument target_frame - frame does not exist
[ros2-11] [controller_server-1] [INFO] [1785138990.729183086] [robot3.local_costmap.local_costmap]: Timed out waiting for transform from robot3/base_link to robot3/odom to become available, tf error: Invalid frame ID "robot3/odom" passed to canTransform argument target_frame - frame does not exist
[ros2-11] [controller_server-1] [INFO] [1785138991.229188618] [robot3.local_costmap.local_costmap]: Timed out waiting for transform from robot3/base_link to robot3/odom to become available, tf error: Invalid frame ID "robot3/odom" passed to canTransform argument target_frame - frame does not exist
[ros2-11] [controller_server-1] [INFO] [1785138991.729200042] [robot3.local_costmap.local_costmap]: Timed out waiting for transform from robot3/base_link to robot3/odom to become available, tf error: Invalid frame ID "robot3/odom" passed to canTransform argument target_frame - frame does not exist
[ros2-11] [controller_server-1] [INFO] [1785138992.229194141] [robot3.local_costmap.local_costmap]: Timed out waiting for transform from robot3/base_link to robot3/odom to become available, tf error: Invalid frame ID "robot3/odom" passed to canTransform argument target_frame - frame does not exist
[ros2-11] [controller_server-1] [INFO] [1785138992.729195781] [robot3.local_costmap.local_costmap]: Timed out waiting for transform from robot3/base_link to robot3/odom to become available, tf error: Invalid frame ID "robot3/odom" passed to canTransform argument target_frame - frame does not exist
[ros2-11] [controller_server-1] [INFO] [1785138993.229182195] [robot3.local_costmap.local_costmap]: Timed out waiting for transform from robot3/base_link to robot3/odom to become available, tf error: Invalid frame ID "robot3/odom" passed to canTransform argument target_frame - frame does not exist
[ros2-11] [controller_server-1] [INFO] [1785138993.729194463] [robot3.local_costmap.local_costmap]: Timed out waiting for transform from robot3/base_link to robot3/odom to become available, tf error: Invalid frame ID "robot3/odom" passed to canTransform argument target_frame - frame does not exist
[ros2-11] [controller_server-1] [INFO] [1785138994.229202426] [robot3.local_costmap.local_costmap]: Timed out waiting for transform from robot3/base_link to robot3/odom to become available, tf error: Invalid frame ID "robot3/odom" passed to canTransform argument target_frame - frame does not exist
[ros2-11] [controller_server-1] [INFO] [1785138994.729198149] [robot3.local_costmap.local_costmap]: Timed out waiting for transform from robot3/base_link to robot3/odom to become available, tf error: Invalid frame ID "robot3/odom" passed to canTransform argument target_frame - frame does not exist
[ros2-11] [controller_server-1] [INFO] [1785138995.229202596] [robot3.local_costmap.local_costmap]: Timed out waiting for transform from robot3/base_link to robot3/odom to become available, tf error: Invalid frame ID "robot3/odom" passed to canTransform argument target_frame - frame does not exist
[ros2-11] [controller_server-1] [INFO] [1785138995.729198542] [robot3.local_costmap.local_costmap]: Timed out waiting for transform from robot3/base_link to robot3/odom to become available, tf error: Invalid frame ID "robot3/odom" passed to canTransform argument target_frame - frame does not exist
[ros2-11] [controller_server-1] [INFO] [1785138996.229194854] [robot3.local_costmap.local_costmap]: Timed out waiting for transform from robot3/base_link to robot3/odom to become available, tf error: Invalid frame ID "robot3/odom" passed to canTransform argument target_frame - frame does not exist
[ros2-11] [controller_server-1] [INFO] [1785138996.729203389] [robot3.local_costmap.local_costmap]: Timed out waiting for transform from robot3/base_link to robot3/odom to become available, tf error: Invalid frame ID "robot3/odom" passed to canTransform argument target_frame - frame does not exist
[ros2-11] [controller_server-1] [INFO] [1785138997.229202013] [robot3.local_costmap.local_costmap]: Timed out waiting for transform from robot3/base_link to robot3/odom to become available, tf error: Invalid frame ID "robot3/odom" passed to canTransform argument target_frame - frame does not exist
[ros2-11] [controller_server-1] [INFO] [1785138997.729186723] [robot3.local_costmap.local_costmap]: Timed out waiting for transform from robot3/base_link to robot3/odom to become available, tf error: Invalid frame ID "robot3/odom" passed to canTransform argument target_frame - frame does not exist
[ros2-11] [controller_server-1] [INFO] [1785138998.229195093] [robot3.local_costmap.local_costmap]: Timed out waiting for transform from robot3/base_link to robot3/odom to become available, tf error: Invalid frame ID "robot3/odom" passed to canTransform argument target_frame - frame does not exist
[ros2-11] [controller_server-1] [INFO] [1785138998.729198972] [robot3.local_costmap.local_costmap]: Timed out waiting for transform from robot3/base_link to robot3/odom to become available, tf error: Invalid frame ID "robot3/odom" passed to canTransform argument target_frame - frame does not exist
[ros2-11] [controller_server-1] [INFO] [1785138999.229199116] [robot3.local_costmap.local_costmap]: Timed out waiting for transform from robot3/base_link to robot3/odom to become available, tf error: Invalid frame ID "robot3/odom" passed to canTransform argument target_frame - frame does not exist
[ros2-11] [controller_server-1] [INFO] [1785138999.729160170] [robot3.local_costmap.local_costmap]: Timed out waiting for transform from robot3/base_link to robot3/odom to become available, tf error: Invalid frame ID "robot3/odom" passed to canTransform argument target_frame - frame does not exist
[ros2-11] [controller_server-1] [INFO] [1785139000.229205330] [robot3.local_costmap.local_costmap]: Timed out waiting for transform from robot3/base_link to robot3/odom to become available, tf error: Invalid frame ID "robot3/odom" passed to canTransform argument target_frame - frame does not exist
[ros2-11] [controller_server-1] [INFO] [1785139000.729167719] [robot3.local_costmap.local_costmap]: Timed out waiting for transform from robot3/base_link to robot3/odom to become available, tf error: Invalid frame ID "robot3/odom" passed to canTransform argument target_frame - frame does not exist
[ros2-11] [controller_server-1] [INFO] [1785139001.229188741] [robot3.local_costmap.local_costmap]: Timed out waiting for transform from robot3/base_link to robot3/odom to become available, tf error: Invalid frame ID "robot3/odom" passed to canTransform argument target_frame - frame does not exist
[ros2-11] [controller_server-1] [INFO] [1785139001.729190112] [robot3.local_costmap.local_costmap]: Timed out waiting for transform from robot3/base_link to robot3/odom to become available, tf error: Invalid frame ID "robot3/odom" passed to canTransform argument target_frame - frame does not exist
[ros2-11] [controller_server-1] [INFO] [1785139002.229195866] [robot3.local_costmap.local_costmap]: Timed out waiting for transform from robot3/base_link to robot3/odom to become available, tf error: Invalid frame ID "robot3/odom" passed to canTransform argument target_frame - frame does not exist
[ros2-11] [controller_server-1] [INFO] [1785139002.729182968] [robot3.local_costmap.local_costmap]: Timed out waiting for transform from robot3/base_link to robot3/odom to become available, tf error: Invalid frame ID "robot3/odom" passed to canTransform argument target_frame - frame does not exist
[ros2-11] [controller_server-1] [INFO] [1785139003.229180134] [robot3.local_costmap.local_costmap]: Timed out waiting for transform from robot3/base_link to robot3/odom to become available, tf error: Invalid frame ID "robot3/odom" passed to canTransform argument target_frame - frame does not exist
[ros2-11] [controller_server-1] [INFO] [1785139003.729181181] [robot3.local_costmap.local_costmap]: Timed out waiting for transform from robot3/base_link to robot3/odom to become available, tf error: Invalid frame ID "robot3/odom" passed to canTransform argument target_frame - frame does not exist
[ros2-11] [controller_server-1] [INFO] [1785139004.229186968] [robot3.local_costmap.local_costmap]: Timed out waiting for transform from robot3/base_link to robot3/odom to become available, tf error: Invalid frame ID "robot3/odom" passed to canTransform argument target_frame - frame does not exist
[ros2-11] [controller_server-1] [INFO] [1785139004.729182711] [robot3.local_costmap.local_costmap]: Timed out waiting for transform from robot3/base_link to robot3/odom to become available, tf error: Invalid frame ID "robot3/odom" passed to canTransform argument target_frame - frame does not exist
[ros2-11] [controller_server-1] [INFO] [1785139005.229182505] [robot3.local_costmap.local_costmap]: Timed out waiting for transform from robot3/base_link to robot3/odom to become available, tf error: Invalid frame ID "robot3/odom" passed to canTransform argument target_frame - frame does not exist
[ros2-11] [controller_server-1] [INFO] [1785139005.729182996] [robot3.local_costmap.local_costmap]: Timed out waiting for transform from robot3/base_link to robot3/odom to become available, tf error: Invalid frame ID "robot3/odom" passed to canTransform argument target_frame - frame does not exist
[ros2-11] [controller_server-1] [INFO] [1785139006.229179628] [robot3.local_costmap.local_costmap]: Timed out waiting for transform from robot3/base_link to robot3/odom to become available, tf error: Invalid frame ID "robot3/odom" passed to canTransform argument target_frame - frame does not exist
[ros2-11] [controller_server-1] [INFO] [1785139006.729178906] [robot3.local_costmap.local_costmap]: Timed out waiting for transform from robot3/base_link to robot3/odom to become available, tf error: Invalid frame ID "robot3/odom" passed to canTransform argument target_frame - frame does not exist
[ros2-11] [controller_server-1] [INFO] [1785139007.229175743] [robot3.local_costmap.local_costmap]: Timed out waiting for transform from robot3/base_link to robot3/odom to become available, tf error: Invalid frame ID "robot3/odom" passed to canTransform argument target_frame - frame does not exist
[ros2-11] [controller_server-1] [INFO] [1785139007.729208033] [robot3.local_costmap.local_costmap]: Timed out waiting for transform from robot3/base_link to robot3/odom to become available, tf error: Invalid frame ID "robot3/odom" passed to canTransform argument target_frame - frame does not exist
[ros2-11] [controller_server-1] [INFO] [1785139008.229195745] [robot3.local_costmap.local_costmap]: Timed out waiting for transform from robot3/base_link to robot3/odom to become available, tf error: Invalid frame ID "robot3/odom" passed to canTransform argument target_frame - frame does not exist
[ros2-11] [controller_server-1] [INFO] [1785139008.729194169] [robot3.local_costmap.local_costmap]: Timed out waiting for transform from robot3/base_link to robot3/odom to become available, tf error: Invalid frame ID "robot3/odom" passed to canTransform argument target_frame - frame does not exist
[ros2-11] [controller_server-1] [INFO] [1785139009.229201563] [robot3.local_costmap.local_costmap]: Timed out waiting for transform from robot3/base_link to robot3/odom to become available, tf error: Invalid frame ID "robot3/odom" passed to canTransform argument target_frame - frame does not exist
[ros2-11] [controller_server-1] [INFO] [1785139009.729182824] [robot3.local_costmap.local_costmap]: Timed out waiting for transform from robot3/base_link to robot3/odom to become available, tf error: Invalid frame ID "robot3/odom" passed to canTransform argument target_frame - frame does not exist
[ros2-11] [controller_server-1] [INFO] [1785139010.229186821] [robot3.local_costmap.local_costmap]: Timed out waiting for transform from robot3/base_link to robot3/odom to become available, tf error: Invalid frame ID "robot3/odom" passed to canTransform argument target_frame - frame does not exist
[ros2-11] [controller_server-1] [INFO] [1785139010.729181337] [robot3.local_costmap.local_costmap]: Timed out waiting for transform from robot3/base_link to robot3/odom to become available, tf error: Invalid frame ID "robot3/odom" passed to canTransform argument target_frame - frame does not exist
[ros2-11] [controller_server-1] [INFO] [1785139011.229181329] [robot3.local_costmap.local_costmap]: Timed out waiting for transform from robot3/base_link to robot3/odom to become available, tf error: Invalid frame ID "robot3/odom" passed to canTransform argument target_frame - frame does not exist
[ros2-11] [controller_server-1] [INFO] [1785139011.729197225] [robot3.local_costmap.local_costmap]: Timed out waiting for transform from robot3/base_link to robot3/odom to become available, tf error: Invalid frame ID "robot3/odom" passed to canTransform argument target_frame - frame does not exist
[ros2-11] [controller_server-1] [INFO] [1785139012.229186226] [robot3.local_costmap.local_costmap]: Timed out waiting for transform from robot3/base_link to robot3/odom to become available, tf error: Invalid frame ID "robot3/odom" passed to canTransform argument target_frame - frame does not exist
[ros2-11] [controller_server-1] [INFO] [1785139012.729185692] [robot3.local_costmap.local_costmap]: Timed out waiting for transform from robot3/base_link to robot3/odom to become available, tf error: Invalid frame ID "robot3/odom" passed to canTransform argument target_frame - frame does not exist
[ros2-11] [controller_server-1] [INFO] [1785139013.229190225] [robot3.local_costmap.local_costmap]: Timed out waiting for transform from robot3/base_link to robot3/odom to become available, tf error: Invalid frame ID "robot3/odom" passed to canTransform argument target_frame - frame does not exist
[ros2-11] [controller_server-1] [INFO] [1785139013.729197231] [robot3.local_costmap.local_costmap]: Timed out waiting for transform from robot3/base_link to robot3/odom to become available, tf error: Invalid frame ID "robot3/odom" passed to canTransform argument target_frame - frame does not exist
[ros2-11] [controller_server-1] [INFO] [1785139014.229200332] [robot3.local_costmap.local_costmap]: Timed out waiting for transform from robot3/base_link to robot3/odom to become available, tf error: Invalid frame ID "robot3/odom" passed to canTransform argument target_frame - frame does not exist
[ros2-11] [controller_server-1] [INFO] [1785139014.729187500] [robot3.local_costmap.local_costmap]: Timed out waiting for transform from robot3/base_link to robot3/odom to become available, tf error: Invalid frame ID "robot3/odom" passed to canTransform argument target_frame - frame does not exist
[ros2-11] [controller_server-1] [INFO] [1785139015.229183642] [robot3.local_costmap.local_costmap]: Timed out waiting for transform from robot3/base_link to robot3/odom to become available, tf error: Invalid frame ID "robot3/odom" passed to canTransform argument target_frame - frame does not exist
[ros2-11] [controller_server-1] [INFO] [1785139015.729189623] [robot3.local_costmap.local_costmap]: Timed out waiting for transform from robot3/base_link to robot3/odom to become available, tf error: Invalid frame ID "robot3/odom" passed to canTransform argument target_frame - frame does not exist
[ros2-11] [controller_server-1] [INFO] [1785139016.229188122] [robot3.local_costmap.local_costmap]: Timed out waiting for transform from robot3/base_link to robot3/odom to become available, tf error: Invalid frame ID "robot3/odom" passed to canTransform argument target_frame - frame does not exist
[ros2-11] [controller_server-1] [INFO] [1785139016.729188778] [robot3.local_costmap.local_costmap]: Timed out waiting for transform from robot3/base_link to robot3/odom to become available, tf error: Invalid frame ID "robot3/odom" passed to canTransform argument target_frame - frame does not exist
[ros2-11] [controller_server-1] [INFO] [1785139017.229188242] [robot3.local_costmap.local_costmap]: Timed out waiting for transform from robot3/base_link to robot3/odom to become available, tf error: Invalid frame ID "robot3/odom" passed to canTransform argument target_frame - frame does not exist
[ros2-11] [controller_server-1] [INFO] [1785139017.729203933] [robot3.local_costmap.local_costmap]: Timed out waiting for transform from robot3/base_link to robot3/odom to become available, tf error: Invalid frame ID "robot3/odom" passed to canTransform argument target_frame - frame does not exist
[ros2-11] [controller_server-1] [INFO] [1785139018.229184144] [robot3.local_costmap.local_costmap]: Timed out waiting for transform from robot3/base_link to robot3/odom to become available, tf error: Invalid frame ID "robot3/odom" passed to canTransform argument target_frame - frame does not exist
[ros2-11] [controller_server-1] [INFO] [1785139018.729186376] [robot3.local_costmap.local_costmap]: Timed out waiting for transform from robot3/base_link to robot3/odom to become available, tf error: Invalid frame ID "robot3/odom" passed to canTransform argument target_frame - frame does not exist
[ros2-11] [controller_server-1] [INFO] [1785139019.229185558] [robot3.local_costmap.local_costmap]: Timed out waiting for transform from robot3/base_link to robot3/odom to become available, tf error: Invalid frame ID "robot3/odom" passed to canTransform argument target_frame - frame does not exist
[ros2-11] [controller_server-1] [INFO] [1785139019.729183203] [robot3.local_costmap.local_costmap]: Timed out waiting for transform from robot3/base_link to robot3/odom to become available, tf error: Invalid frame ID "robot3/odom" passed to canTransform argument target_frame - frame does not exist
[ros2-11] [controller_server-1] [INFO] [1785139020.229183419] [robot3.local_costmap.local_costmap]: Timed out waiting for transform from robot3/base_link to robot3/odom to become available, tf error: Invalid frame ID "robot3/odom" passed to canTransform argument target_frame - frame does not exist
[ros2-11] [controller_server-1] [INFO] [1785139020.729195850] [robot3.local_costmap.local_costmap]: Timed out waiting for transform from robot3/base_link to robot3/odom to become available, tf error: Invalid frame ID "robot3/odom" passed to canTransform argument target_frame - frame does not exist
[ros2-11] [controller_server-1] [INFO] [1785139021.229194007] [robot3.local_costmap.local_costmap]: Timed out waiting for transform from robot3/base_link to robot3/odom to become available, tf error: Invalid frame ID "robot3/odom" passed to canTransform argument target_frame - frame does not exist
[ros2-11] [controller_server-1] [INFO] [1785139021.729195880] [robot3.local_costmap.local_costmap]: Timed out waiting for transform from robot3/base_link to robot3/odom to become available, tf error: Invalid frame ID "robot3/odom" passed to canTransform argument target_frame - frame does not exist
[ros2-11] [controller_server-1] [INFO] [1785139022.229198827] [robot3.local_costmap.local_costmap]: Timed out waiting for transform from robot3/base_link to robot3/odom to become available, tf error: Invalid frame ID "robot3/odom" passed to canTransform argument target_frame - frame does not exist
[ros2-11] [controller_server-1] [INFO] [1785139022.729194328] [robot3.local_costmap.local_costmap]: Timed out waiting for transform from robot3/base_link to robot3/odom to become available, tf error: Invalid frame ID "robot3/odom" passed to canTransform argument target_frame - frame does not exist
[ros2-11] [controller_server-1] [INFO] [1785139023.229182912] [robot3.local_costmap.local_costmap]: Timed out waiting for transform from robot3/base_link to robot3/odom to become available, tf error: Invalid frame ID "robot3/odom" passed to canTransform argument target_frame - frame does not exist
[ros2-11] [controller_server-1] [INFO] [1785139023.729159601] [robot3.local_costmap.local_costmap]: Timed out waiting for transform from robot3/base_link to robot3/odom to become available, tf error: Invalid frame ID "robot3/odom" passed to canTransform argument target_frame - frame does not exist
[ros2-11] [controller_server-1] [INFO] [1785139024.229195187] [robot3.local_costmap.local_costmap]: Timed out waiting for transform from robot3/base_link to robot3/odom to become available, tf error: Invalid frame ID "robot3/odom" passed to canTransform argument target_frame - frame does not exist
[ros2-11] [controller_server-1] [INFO] [1785139024.729195510] [robot3.local_costmap.local_costmap]: Timed out waiting for transform from robot3/base_link to robot3/odom to become available, tf error: Invalid frame ID "robot3/odom" passed to canTransform argument target_frame - frame does not exist
[ros2-11] [controller_server-1] [INFO] [1785139025.229192817] [robot3.local_costmap.local_costmap]: Timed out waiting for transform from robot3/base_link to robot3/odom to become available, tf error: Invalid frame ID "robot3/odom" passed to canTransform argument target_frame - frame does not exist
[ros2-11] [controller_server-1] [INFO] [1785139025.729179600] [robot3.local_costmap.local_costmap]: Timed out waiting for transform from robot3/base_link to robot3/odom to become available, tf error: Invalid frame ID "robot3/odom" passed to canTransform argument target_frame - frame does not exist
[ros2-11] [controller_server-1] [INFO] [1785139026.229597810] [robot3.local_costmap.local_costmap]: Timed out waiting for transform from robot3/base_link to robot3/odom to become available, tf error: Invalid frame ID "robot3/odom" passed to canTransform argument target_frame - frame does not exist
[ros2-11] [controller_server-1] [INFO] [1785139026.729179689] [robot3.local_costmap.local_costmap]: Timed out waiting for transform from robot3/base_link to robot3/odom to become available, tf error: Invalid frame ID "robot3/odom" passed to canTransform argument target_frame - frame does not exist
[ros2-11] [controller_server-1] [INFO] [1785139027.229185891] [robot3.local_costmap.local_costmap]: Timed out waiting for transform from robot3/base_link to robot3/odom to become available, tf error: Invalid frame ID "robot3/odom" passed to canTransform argument target_frame - frame does not exist
[ros2-11] [controller_server-1] [INFO] [1785139027.729181680] [robot3.local_costmap.local_costmap]: Timed out waiting for transform from robot3/base_link to robot3/odom to become available, tf error: Invalid frame ID "robot3/odom" passed to canTransform argument target_frame - frame does not exist
[ros2-11] [controller_server-1] [INFO] [1785139028.229148116] [robot3.local_costmap.local_costmap]: Timed out waiting for transform from robot3/base_link to robot3/odom to become available, tf error: Invalid frame ID "robot3/odom" passed to canTransform argument target_frame - frame does not exist
[ros2-11] [controller_server-1] [INFO] [1785139028.729179267] [robot3.local_costmap.local_costmap]: Timed out waiting for transform from robot3/base_link to robot3/odom to become available, tf error: Invalid frame ID "robot3/odom" passed to canTransform argument target_frame - frame does not exist
[ros2-11] [controller_server-1] [INFO] [1785139029.229182363] [robot3.local_costmap.local_costmap]: Timed out waiting for transform from robot3/base_link to robot3/odom to become available, tf error: Invalid frame ID "robot3/odom" passed to canTransform argument target_frame - frame does not exist
[ros2-11] [controller_server-1] [INFO] [1785139029.729181027] [robot3.local_costmap.local_costmap]: Timed out waiting for transform from robot3/base_link to robot3/odom to become available, tf error: Invalid frame ID "robot3/odom" passed to canTransform argument target_frame - frame does not exist
[ros2-11] [controller_server-1] [INFO] [1785139030.229174398] [robot3.local_costmap.local_costmap]: Timed out waiting for transform from robot3/base_link to robot3/odom to become available, tf error: Invalid frame ID "robot3/odom" passed to canTransform argument target_frame - frame does not exist
[ros2-11] [controller_server-1] [INFO] [1785139030.729184694] [robot3.local_costmap.local_costmap]: Timed out waiting for transform from robot3/base_link to robot3/odom to become available, tf error: Invalid frame ID "robot3/odom" passed to canTransform argument target_frame - frame does not exist
[ros2-11] [controller_server-1] [INFO] [1785139031.229200559] [robot3.local_costmap.local_costmap]: Timed out waiting for transform from robot3/base_link to robot3/odom to become available, tf error: Invalid frame ID "robot3/odom" passed to canTransform argument target_frame - frame does not exist
[ros2-11] [controller_server-1] [INFO] [1785139031.729181091] [robot3.local_costmap.local_costmap]: Timed out waiting for transform from robot3/base_link to robot3/odom to become available, tf error: Invalid frame ID "robot3/odom" passed to canTransform argument target_frame - frame does not exist
[ros2-11] [controller_server-1] [INFO] [1785139032.229183192] [robot3.local_costmap.local_costmap]: Timed out waiting for transform from robot3/base_link to robot3/odom to become available, tf error: Invalid frame ID "robot3/odom" passed to canTransform argument target_frame - frame does not exist
[ros2-11] [controller_server-1] [INFO] [1785139032.729196174] [robot3.local_costmap.local_costmap]: Timed out waiting for transform from robot3/base_link to robot3/odom to become available, tf error: Invalid frame ID "robot3/odom" passed to canTransform argument target_frame - frame does not exist
[ros2-11] [controller_server-1] [INFO] [1785139033.229180448] [robot3.local_costmap.local_costmap]: Timed out waiting for transform from robot3/base_link to robot3/odom to become available, tf error: Invalid frame ID "robot3/odom" passed to canTransform argument target_frame - frame does not exist
[ros2-11] [controller_server-1] [INFO] [1785139033.729176550] [robot3.local_costmap.local_costmap]: Timed out waiting for transform from robot3/base_link to robot3/odom to become available, tf error: Invalid frame ID "robot3/odom" passed to canTransform argument target_frame - frame does not exist
[ros2-11] [controller_server-1] [INFO] [1785139034.229198581] [robot3.local_costmap.local_costmap]: Timed out waiting for transform from robot3/base_link to robot3/odom to become available, tf error: Invalid frame ID "robot3/odom" passed to canTransform argument target_frame - frame does not exist
[ros2-11] [controller_server-1] [INFO] [1785139034.729202692] [robot3.local_costmap.local_costmap]: Timed out waiting for transform from robot3/base_link to robot3/odom to become available, tf error: Invalid frame ID "robot3/odom" passed to canTransform argument target_frame - frame does not exist
[ros2-11] [controller_server-1] [INFO] [1785139035.229204254] [robot3.local_costmap.local_costmap]: Timed out waiting for transform from robot3/base_link to robot3/odom to become available, tf error: Invalid frame ID "robot3/odom" passed to canTransform argument target_frame - frame does not exist
[ros2-11] [controller_server-1] [INFO] [1785139035.729197637] [robot3.local_costmap.local_costmap]: Timed out waiting for transform from robot3/base_link to robot3/odom to become available, tf error: Invalid frame ID "robot3/odom" passed to canTransform argument target_frame - frame does not exist
[ros2-11] [controller_server-1] [INFO] [1785139036.229188951] [robot3.local_costmap.local_costmap]: Timed out waiting for transform from robot3/base_link to robot3/odom to become available, tf error: Invalid frame ID "robot3/odom" passed to canTransform argument target_frame - frame does not exist
[ros2-11] [controller_server-1] [INFO] [1785139036.729152991] [robot3.local_costmap.local_costmap]: Timed out waiting for transform from robot3/base_link to robot3/odom to become available, tf error: Invalid frame ID "robot3/odom" passed to canTransform argument target_frame - frame does not exist
[ros2-11] [controller_server-1] [INFO] [1785139037.229196298] [robot3.local_costmap.local_costmap]: Timed out waiting for transform from robot3/base_link to robot3/odom to become available, tf error: Invalid frame ID "robot3/odom" passed to canTransform argument target_frame - frame does not exist
[ros2-11] [controller_server-1] [INFO] [1785139037.729180340] [robot3.local_costmap.local_costmap]: Timed out waiting for transform from robot3/base_link to robot3/odom to become available, tf error: Invalid frame ID "robot3/odom" passed to canTransform argument target_frame - frame does not exist
[ros2-11] [controller_server-1] [INFO] [1785139038.229196385] [robot3.local_costmap.local_costmap]: Timed out waiting for transform from robot3/base_link to robot3/odom to become available, tf error: Invalid frame ID "robot3/odom" passed to canTransform argument target_frame - frame does not exist
[ros2-11] [controller_server-1] [INFO] [1785139038.729195230] [robot3.local_costmap.local_costmap]: Timed out waiting for transform from robot3/base_link to robot3/odom to become available, tf error: Invalid frame ID "robot3/odom" passed to canTransform argument target_frame - frame does not exist
[ros2-11] [controller_server-1] [INFO] [1785139039.229180149] [robot3.local_costmap.local_costmap]: Timed out waiting for transform from robot3/base_link to robot3/odom to become available, tf error: Invalid frame ID "robot3/odom" passed to canTransform argument target_frame - frame does not exist
[ros2-11] [controller_server-1] [INFO] [1785139039.729180246] [robot3.local_costmap.local_costmap]: Timed out waiting for transform from robot3/base_link to robot3/odom to become available, tf error: Invalid frame ID "robot3/odom" passed to canTransform argument target_frame - frame does not exist
[ros2-11] [controller_server-1] [INFO] [1785139040.229194311] [robot3.local_costmap.local_costmap]: Timed out waiting for transform from robot3/base_link to robot3/odom to become available, tf error: Invalid frame ID "robot3/odom" passed to canTransform argument target_frame - frame does not exist
[ros2-11] [controller_server-1] [INFO] [1785139040.729195313] [robot3.local_costmap.local_costmap]: Timed out waiting for transform from robot3/base_link to robot3/odom to become available, tf error: Invalid frame ID "robot3/odom" passed to canTransform argument target_frame - frame does not exist
[ros2-11] [controller_server-1] [INFO] [1785139041.229181473] [robot3.local_costmap.local_costmap]: Timed out waiting for transform from robot3/base_link to robot3/odom to become available, tf error: Invalid frame ID "robot3/odom" passed to canTransform argument target_frame - frame does not exist
[ros2-11] [controller_server-1] [INFO] [1785139041.729184020] [robot3.local_costmap.local_costmap]: Timed out waiting for transform from robot3/base_link to robot3/odom to become available, tf error: Invalid frame ID "robot3/odom" passed to canTransform argument target_frame - frame does not exist
[ros2-11] [controller_server-1] [INFO] [1785139042.229188378] [robot3.local_costmap.local_costmap]: Timed out waiting for transform from robot3/base_link to robot3/odom to become available, tf error: Invalid frame ID "robot3/odom" passed to canTransform argument target_frame - frame does not exist
[ros2-11] [controller_server-1] [INFO] [1785139042.729184849] [robot3.local_costmap.local_costmap]: Timed out waiting for transform from robot3/base_link to robot3/odom to become available, tf error: Invalid frame ID "robot3/odom" passed to canTransform argument target_frame - frame does not exist
[ros2-11] [controller_server-1] [INFO] [1785139043.229180037] [robot3.local_costmap.local_costmap]: Timed out waiting for transform from robot3/base_link to robot3/odom to become available, tf error: Invalid frame ID "robot3/odom" passed to canTransform argument target_frame - frame does not exist
[ros2-11] [controller_server-1] [INFO] [1785139043.729180741] [robot3.local_costmap.local_costmap]: Timed out waiting for transform from robot3/base_link to robot3/odom to become available, tf error: Invalid frame ID "robot3/odom" passed to canTransform argument target_frame - frame does not exist
[ros2-11] [controller_server-1] [INFO] [1785139044.229184999] [robot3.local_costmap.local_costmap]: Timed out waiting for transform from robot3/base_link to robot3/odom to become available, tf error: Invalid frame ID "robot3/odom" passed to canTransform argument target_frame - frame does not exist
[ros2-11] [controller_server-1] [INFO] [1785139044.729181761] [robot3.local_costmap.local_costmap]: Timed out waiting for transform from robot3/base_link to robot3/odom to become available, tf error: Invalid frame ID "robot3/odom" passed to canTransform argument target_frame - frame does not exist
[ros2-11] [controller_server-1] [INFO] [1785139045.229183947] [robot3.local_costmap.local_costmap]: Timed out waiting for transform from robot3/base_link to robot3/odom to become available, tf error: Invalid frame ID "robot3/odom" passed to canTransform argument target_frame - frame does not exist
[ros2-11] [controller_server-1] [INFO] [1785139045.729185924] [robot3.local_costmap.local_costmap]: Timed out waiting for transform from robot3/base_link to robot3/odom to become available, tf error: Invalid frame ID "robot3/odom" passed to canTransform argument target_frame - frame does not exist
[ros2-11] [controller_server-1] [INFO] [1785139046.229188082] [robot3.local_costmap.local_costmap]: Timed out waiting for transform from robot3/base_link to robot3/odom to become available, tf error: Invalid frame ID "robot3/odom" passed to canTransform argument target_frame - frame does not exist
[ros2-11] [controller_server-1] [INFO] [1785139046.729206651] [robot3.local_costmap.local_costmap]: Timed out waiting for transform from robot3/base_link to robot3/odom to become available, tf error: Invalid frame ID "robot3/odom" passed to canTransform argument target_frame - frame does not exist
[ros2-11] [controller_server-1] [INFO] [1785139047.229197910] [robot3.local_costmap.local_costmap]: Timed out waiting for transform from robot3/base_link to robot3/odom to become available, tf error: Invalid frame ID "robot3/odom" passed to canTransform argument target_frame - frame does not exist
[ros2-11] [controller_server-1] [INFO] [1785139047.729179716] [robot3.local_costmap.local_costmap]: Timed out waiting for transform from robot3/base_link to robot3/odom to become available, tf error: Invalid frame ID "robot3/odom" passed to canTransform argument target_frame - frame does not exist
[ros2-11] [controller_server-1] [INFO] [1785139048.229197571] [robot3.local_costmap.local_costmap]: Timed out waiting for transform from robot3/base_link to robot3/odom to become available, tf error: Invalid frame ID "robot3/odom" passed to canTransform argument target_frame - frame does not exist
[ros2-11] [controller_server-1] [INFO] [1785139048.729181489] [robot3.local_costmap.local_costmap]: Timed out waiting for transform from robot3/base_link to robot3/odom to become available, tf error: Invalid frame ID "robot3/odom" passed to canTransform argument target_frame - frame does not exist
[ros2-11] [controller_server-1] [INFO] [1785139049.229200350] [robot3.local_costmap.local_costmap]: Timed out waiting for transform from robot3/base_link to robot3/odom to become available, tf error: Invalid frame ID "robot3/odom" passed to canTransform argument target_frame - frame does not exist
[ros2-11] [controller_server-1] [INFO] [1785139049.729194190] [robot3.local_costmap.local_costmap]: Timed out waiting for transform from robot3/base_link to robot3/odom to become available, tf error: Invalid frame ID "robot3/odom" passed to canTransform argument target_frame - frame does not exist
[ros2-11] [controller_server-1] [INFO] [1785139050.229182519] [robot3.local_costmap.local_costmap]: Timed out waiting for transform from robot3/base_link to robot3/odom to become available, tf error: Invalid frame ID "robot3/odom" passed to canTransform argument target_frame - frame does not exist
[ros2-11] [controller_server-1] [INFO] [1785139050.729178943] [robot3.local_costmap.local_costmap]: Timed out waiting for transform from robot3/base_link to robot3/odom to become available, tf error: Invalid frame ID "robot3/odom" passed to canTransform argument target_frame - frame does not exist
[ros2-11] [controller_server-1] [INFO] [1785139051.229198883] [robot3.local_costmap.local_costmap]: Timed out waiting for transform from robot3/base_link to robot3/odom to become available, tf error: Invalid frame ID "robot3/odom" passed to canTransform argument target_frame - frame does not exist
[ros2-11] [controller_server-1] [INFO] [1785139051.729192431] [robot3.local_costmap.local_costmap]: Timed out waiting for transform from robot3/base_link to robot3/odom to become available, tf error: Invalid frame ID "robot3/odom" passed to canTransform argument target_frame - frame does not exist
[ros2-11] [controller_server-1] [INFO] [1785139052.229194241] [robot3.local_costmap.local_costmap]: Timed out waiting for transform from robot3/base_link to robot3/odom to become available, tf error: Invalid frame ID "robot3/odom" passed to canTransform argument target_frame - frame does not exist
[ros2-11] [controller_server-1] [INFO] [1785139052.729191520] [robot3.local_costmap.local_costmap]: Timed out waiting for transform from robot3/base_link to robot3/odom to become available, tf error: Invalid frame ID "robot3/odom" passed to canTransform argument target_frame - frame does not exist
[ros2-11] [controller_server-1] [INFO] [1785139053.229199104] [robot3.local_costmap.local_costmap]: Timed out waiting for transform from robot3/base_link to robot3/odom to become available, tf error: Invalid frame ID "robot3/odom" passed to canTransform argument target_frame - frame does not exist
[ros2-11] [controller_server-1] [INFO] [1785139053.729179809] [robot3.local_costmap.local_costmap]: Timed out waiting for transform from robot3/base_link to robot3/odom to become available, tf error: Invalid frame ID "robot3/odom" passed to canTransform argument target_frame - frame does not exist
[ros2-11] [controller_server-1] [INFO] [1785139054.229192532] [robot3.local_costmap.local_costmap]: Timed out waiting for transform from robot3/base_link to robot3/odom to become available, tf error: Invalid frame ID "robot3/odom" passed to canTransform argument target_frame - frame does not exist
[ros2-11] [controller_server-1] [INFO] [1785139054.729195301] [robot3.local_costmap.local_costmap]: Timed out waiting for transform from robot3/base_link to robot3/odom to become available, tf error: Invalid frame ID "robot3/odom" passed to canTransform argument target_frame - frame does not exist
[ros2-11] [controller_server-1] [INFO] [1785139055.229193369] [robot3.local_costmap.local_costmap]: Timed out waiting for transform from robot3/base_link to robot3/odom to become available, tf error: Invalid frame ID "robot3/odom" passed to canTransform argument target_frame - frame does not exist
[ros2-11] [controller_server-1] [INFO] [1785139055.729179772] [robot3.local_costmap.local_costmap]: Timed out waiting for transform from robot3/base_link to robot3/odom to become available, tf error: Invalid frame ID "robot3/odom" passed to canTransform argument target_frame - frame does not exist
[ros2-11] [controller_server-1] [INFO] [1785139056.229195280] [robot3.local_costmap.local_costmap]: Timed out waiting for transform from robot3/base_link to robot3/odom to become available, tf error: Invalid frame ID "robot3/odom" passed to canTransform argument target_frame - frame does not exist
[ros2-11] [controller_server-1] [INFO] [1785139056.729198138] [robot3.local_costmap.local_costmap]: Timed out waiting for transform from robot3/base_link to robot3/odom to become available, tf error: Invalid frame ID "robot3/odom" passed to canTransform argument target_frame - frame does not exist
[ros2-11] [controller_server-1] [INFO] [1785139057.229204229] [robot3.local_costmap.local_costmap]: Timed out waiting for transform from robot3/base_link to robot3/odom to become available, tf error: Invalid frame ID "robot3/odom" passed to canTransform argument target_frame - frame does not exist
[ros2-11] [controller_server-1] [INFO] [1785139057.729197632] [robot3.local_costmap.local_costmap]: Timed out waiting for transform from robot3/base_link to robot3/odom to become available, tf error: Invalid frame ID "robot3/odom" passed to canTransform argument target_frame - frame does not exist
[ros2-11] [controller_server-1] [INFO] [1785139058.229184948] [robot3.local_costmap.local_costmap]: Timed out waiting for transform from robot3/base_link to robot3/odom to become available, tf error: Invalid frame ID "robot3/odom" passed to canTransform argument target_frame - frame does not exist
[ros2-11] [controller_server-1] [INFO] [1785139058.729182974] [robot3.local_costmap.local_costmap]: Timed out waiting for transform from robot3/base_link to robot3/odom to become available, tf error: Invalid frame ID "robot3/odom" passed to canTransform argument target_frame - frame does not exist
[ros2-11] [controller_server-1] [INFO] [1785139059.229199616] [robot3.local_costmap.local_costmap]: Timed out waiting for transform from robot3/base_link to robot3/odom to become available, tf error: Invalid frame ID "robot3/odom" passed to canTransform argument target_frame - frame does not exist
[ros2-11] [controller_server-1] [INFO] [1785139059.729182656] [robot3.local_costmap.local_costmap]: Timed out waiting for transform from robot3/base_link to robot3/odom to become available, tf error: Invalid frame ID "robot3/odom" passed to canTransform argument target_frame - frame does not exist
[ros2-11] [controller_server-1] [INFO] [1785139060.229196464] [robot3.local_costmap.local_costmap]: Timed out waiting for transform from robot3/base_link to robot3/odom to become available, tf error: Invalid frame ID "robot3/odom" passed to canTransform argument target_frame - frame does not exist
[ros2-11] [controller_server-1] [INFO] [1785139060.729139887] [robot3.local_costmap.local_costmap]: Timed out waiting for transform from robot3/base_link to robot3/odom to become available, tf error: Invalid frame ID "robot3/odom" passed to canTransform argument target_frame - frame does not exist
[ros2-11] [controller_server-1] [INFO] [1785139061.229196313] [robot3.local_costmap.local_costmap]: Timed out waiting for transform from robot3/base_link to robot3/odom to become available, tf error: Invalid frame ID "robot3/odom" passed to canTransform argument target_frame - frame does not exist
[ros2-11] [controller_server-1] [INFO] [1785139061.729185575] [robot3.local_costmap.local_costmap]: Timed out waiting for transform from robot3/base_link to robot3/odom to become available, tf error: Invalid frame ID "robot3/odom" passed to canTransform argument target_frame - frame does not exist
[ros2-11] [controller_server-1] [INFO] [1785139062.229183902] [robot3.local_costmap.local_costmap]: Timed out waiting for transform from robot3/base_link to robot3/odom to become available, tf error: Invalid frame ID "robot3/odom" passed to canTransform argument target_frame - frame does not exist
[ros2-11] [controller_server-1] [INFO] [1785139062.729184535] [robot3.local_costmap.local_costmap]: Timed out waiting for transform from robot3/base_link to robot3/odom to become available, tf error: Invalid frame ID "robot3/odom" passed to canTransform argument target_frame - frame does not exist
[ros2-11] [controller_server-1] [INFO] [1785139063.229181156] [robot3.local_costmap.local_costmap]: Timed out waiting for transform from robot3/base_link to robot3/odom to become available, tf error: Invalid frame ID "robot3/odom" passed to canTransform argument target_frame - frame does not exist
[ros2-11] [controller_server-1] [INFO] [1785139063.729224333] [robot3.local_costmap.local_costmap]: Timed out waiting for transform from robot3/base_link to robot3/odom to become available, tf error: Invalid frame ID "robot3/odom" passed to canTransform argument target_frame - frame does not exist
[ros2-11] [controller_server-1] [INFO] [1785139064.229183404] [robot3.local_costmap.local_costmap]: Timed out waiting for transform from robot3/base_link to robot3/odom to become available, tf error: Invalid frame ID "robot3/odom" passed to canTransform argument target_frame - frame does not exist
[ros2-11] [controller_server-1] [INFO] [1785139064.729182947] [robot3.local_costmap.local_costmap]: Timed out waiting for transform from robot3/base_link to robot3/odom to become available, tf error: Invalid frame ID "robot3/odom" passed to canTransform argument target_frame - frame does not exist
[ros2-11] [controller_server-1] [INFO] [1785139065.229178904] [robot3.local_costmap.local_costmap]: Timed out waiting for transform from robot3/base_link to robot3/odom to become available, tf error: Invalid frame ID "robot3/odom" passed to canTransform argument target_frame - frame does not exist
[ros2-11] [controller_server-1] [INFO] [1785139065.729137085] [robot3.local_costmap.local_costmap]: Timed out waiting for transform from robot3/base_link to robot3/odom to become available, tf error: Invalid frame ID "robot3/odom" passed to canTransform argument target_frame - frame does not exist
[ros2-11] [controller_server-1] [INFO] [1785139066.229182782] [robot3.local_costmap.local_costmap]: Timed out waiting for transform from robot3/base_link to robot3/odom to become available, tf error: Invalid frame ID "robot3/odom" passed to canTransform argument target_frame - frame does not exist
[ros2-11] [controller_server-1] [INFO] [1785139066.729183440] [robot3.local_costmap.local_costmap]: Timed out waiting for transform from robot3/base_link to robot3/odom to become available, tf error: Invalid frame ID "robot3/odom" passed to canTransform argument target_frame - frame does not exist
[ros2-11] [controller_server-1] [INFO] [1785139067.229186245] [robot3.local_costmap.local_costmap]: Timed out waiting for transform from robot3/base_link to robot3/odom to become available, tf error: Invalid frame ID "robot3/odom" passed to canTransform argument target_frame - frame does not exist
[ros2-11] [controller_server-1] [INFO] [1785139067.729198893] [robot3.local_costmap.local_costmap]: Timed out waiting for transform from robot3/base_link to robot3/odom to become available, tf error: Invalid frame ID "robot3/odom" passed to canTransform argument target_frame - frame does not exist
[ros2-11] [controller_server-1] [INFO] [1785139068.229180380] [robot3.local_costmap.local_costmap]: Timed out waiting for transform from robot3/base_link to robot3/odom to become available, tf error: Invalid frame ID "robot3/odom" passed to canTransform argument target_frame - frame does not exist
[ros2-11] [controller_server-1] [INFO] [1785139068.729189800] [robot3.local_costmap.local_costmap]: Timed out waiting for transform from robot3/base_link to robot3/odom to become available, tf error: Invalid frame ID "robot3/odom" passed to canTransform argument target_frame - frame does not exist
[ros2-11] [controller_server-1] [INFO] [1785139069.229191715] [robot3.local_costmap.local_costmap]: Timed out waiting for transform from robot3/base_link to robot3/odom to become available, tf error: Invalid frame ID "robot3/odom" passed to canTransform argument target_frame - frame does not exist
[ros2-11] [controller_server-1] [INFO] [1785139069.729185851] [robot3.local_costmap.local_costmap]: Timed out waiting for transform from robot3/base_link to robot3/odom to become available, tf error: Invalid frame ID "robot3/odom" passed to canTransform argument target_frame - frame does not exist
[ros2-11] [controller_server-1] [INFO] [1785139070.229196531] [robot3.local_costmap.local_costmap]: Timed out waiting for transform from robot3/base_link to robot3/odom to become available, tf error: Invalid frame ID "robot3/odom" passed to canTransform argument target_frame - frame does not exist
[ros2-11] [controller_server-1] [INFO] [1785139070.729193674] [robot3.local_costmap.local_costmap]: Timed out waiting for transform from robot3/base_link to robot3/odom to become available, tf error: Invalid frame ID "robot3/odom" passed to canTransform argument target_frame - frame does not exist
[ros2-11] [controller_server-1] [INFO] [1785139071.229216676] [robot3.local_costmap.local_costmap]: Timed out waiting for transform from robot3/base_link to robot3/odom to become available, tf error: Invalid frame ID "robot3/odom" passed to canTransform argument target_frame - frame does not exist
[ros2-11] [controller_server-1] [INFO] [1785139071.729179893] [robot3.local_costmap.local_costmap]: Timed out waiting for transform from robot3/base_link to robot3/odom to become available, tf error: Invalid frame ID "robot3/odom" passed to canTransform argument target_frame - frame does not exist
[ros2-11] [controller_server-1] [INFO] [1785139072.229206862] [robot3.local_costmap.local_costmap]: Timed out waiting for transform from robot3/base_link to robot3/odom to become available, tf error: Invalid frame ID "robot3/odom" passed to canTransform argument target_frame - frame does not exist
[ros2-11] [controller_server-1] [INFO] [1785139072.729178379] [robot3.local_costmap.local_costmap]: Timed out waiting for transform from robot3/base_link to robot3/odom to become available, tf error: Invalid frame ID "robot3/odom" passed to canTransform argument target_frame - frame does not exist
[ros2-11] [controller_server-1] [INFO] [1785139073.229194072] [robot3.local_costmap.local_costmap]: Timed out waiting for transform from robot3/base_link to robot3/odom to become available, tf error: Invalid frame ID "robot3/odom" passed to canTransform argument target_frame - frame does not exist
[ros2-11] [controller_server-1] [INFO] [1785139073.729193680] [robot3.local_costmap.local_costmap]: Timed out waiting for transform from robot3/base_link to robot3/odom to become available, tf error: Invalid frame ID "robot3/odom" passed to canTransform argument target_frame - frame does not exist
[ros2-11] [controller_server-1] [INFO] [1785139074.229197322] [robot3.local_costmap.local_costmap]: Timed out waiting for transform from robot3/base_link to robot3/odom to become available, tf error: Invalid frame ID "robot3/odom" passed to canTransform argument target_frame - frame does not exist
[ros2-11] [controller_server-1] [INFO] [1785139074.729185471] [robot3.local_costmap.local_costmap]: Timed out waiting for transform from robot3/base_link to robot3/odom to become available, tf error: Invalid frame ID "robot3/odom" passed to canTransform argument target_frame - frame does not exist
[ros2-11] [controller_server-1] [INFO] [1785139075.229164970] [robot3.local_costmap.local_costmap]: Timed out waiting for transform from robot3/base_link to robot3/odom to become available, tf error: Invalid frame ID "robot3/odom" passed to canTransform argument target_frame - frame does not exist
[ros2-11] [controller_server-1] [INFO] [1785139075.729201990] [robot3.local_costmap.local_costmap]: Timed out waiting for transform from robot3/base_link to robot3/odom to become available, tf error: Invalid frame ID "robot3/odom" passed to canTransform argument target_frame - frame does not exist
[ros2-11] [controller_server-1] [INFO] [1785139076.229191904] [robot3.local_costmap.local_costmap]: Timed out waiting for transform from robot3/base_link to robot3/odom to become available, tf error: Invalid frame ID "robot3/odom" passed to canTransform argument target_frame - frame does not exist
[ros2-11] [controller_server-1] [INFO] [1785139076.729199239] [robot3.local_costmap.local_costmap]: Timed out waiting for transform from robot3/base_link to robot3/odom to become available, tf error: Invalid frame ID "robot3/odom" passed to canTransform argument target_frame - frame does not exist
[ros2-11] [controller_server-1] [INFO] [1785139077.229205818] [robot3.local_costmap.local_costmap]: Timed out waiting for transform from robot3/base_link to robot3/odom to become available, tf error: Invalid frame ID "robot3/odom" passed to canTransform argument target_frame - frame does not exist
[ros2-11] [controller_server-1] [INFO] [1785139077.729205934] [robot3.local_costmap.local_costmap]: Timed out waiting for transform from robot3/base_link to robot3/odom to become available, tf error: Invalid frame ID "robot3/odom" passed to canTransform argument target_frame - frame does not exist
[ros2-11] [controller_server-1] [INFO] [1785139078.229192547] [robot3.local_costmap.local_costmap]: Timed out waiting for transform from robot3/base_link to robot3/odom to become available, tf error: Invalid frame ID "robot3/odom" passed to canTransform argument target_frame - frame does not exist
[ros2-11] [controller_server-1] [INFO] [1785139078.729169037] [robot3.local_costmap.local_costmap]: Timed out waiting for transform from robot3/base_link to robot3/odom to become available, tf error: Invalid frame ID "robot3/odom" passed to canTransform argument target_frame - frame does not exist
[ros2-11] [controller_server-1] [INFO] [1785139079.229205131] [robot3.local_costmap.local_costmap]: Timed out waiting for transform from robot3/base_link to robot3/odom to become available, tf error: Invalid frame ID "robot3/odom" passed to canTransform argument target_frame - frame does not exist
[ros2-11] [controller_server-1] [INFO] [1785139079.729201542] [robot3.local_costmap.local_costmap]: Timed out waiting for transform from robot3/base_link to robot3/odom to become available, tf error: Invalid frame ID "robot3/odom" passed to canTransform argument target_frame - frame does not exist
[ros2-11] [controller_server-1] [INFO] [1785139080.229205972] [robot3.local_costmap.local_costmap]: Timed out waiting for transform from robot3/base_link to robot3/odom to become available, tf error: Invalid frame ID "robot3/odom" passed to canTransform argument target_frame - frame does not exist
[ros2-11] [controller_server-1] [INFO] [1785139080.729198524] [robot3.local_costmap.local_costmap]: Timed out waiting for transform from robot3/base_link to robot3/odom to become available, tf error: Invalid frame ID "robot3/odom" passed to canTransform argument target_frame - frame does not exist
[ros2-11] [controller_server-1] [INFO] [1785139081.229205644] [robot3.local_costmap.local_costmap]: Timed out waiting for transform from robot3/base_link to robot3/odom to become available, tf error: Invalid frame ID "robot3/odom" passed to canTransform argument target_frame - frame does not exist
[ros2-11] [controller_server-1] [INFO] [1785139081.729207421] [robot3.local_costmap.local_costmap]: Timed out waiting for transform from robot3/base_link to robot3/odom to become available, tf error: Invalid frame ID "robot3/odom" passed to canTransform argument target_frame - frame does not exist
[ros2-11] [controller_server-1] [INFO] [1785139082.229197355] [robot3.local_costmap.local_costmap]: Timed out waiting for transform from robot3/base_link to robot3/odom to become available, tf error: Invalid frame ID "robot3/odom" passed to canTransform argument target_frame - frame does not exist
[ros2-11] [controller_server-1] [INFO] [1785139082.729194922] [robot3.local_costmap.local_costmap]: Timed out waiting for transform from robot3/base_link to robot3/odom to become available, tf error: Invalid frame ID "robot3/odom" passed to canTransform argument target_frame - frame does not exist
[ros2-11] [controller_server-1] [INFO] [1785139083.229201253] [robot3.local_costmap.local_costmap]: Timed out waiting for transform from robot3/base_link to robot3/odom to become available, tf error: Invalid frame ID "robot3/odom" passed to canTransform argument target_frame - frame does not exist
[ros2-11] [controller_server-1] [INFO] [1785139083.729196557] [robot3.local_costmap.local_costmap]: Timed out waiting for transform from robot3/base_link to robot3/odom to become available, tf error: Invalid frame ID "robot3/odom" passed to canTransform argument target_frame - frame does not exist
[ros2-11] [controller_server-1] [INFO] [1785139084.229193946] [robot3.local_costmap.local_costmap]: Timed out waiting for transform from robot3/base_link to robot3/odom to become available, tf error: Invalid frame ID "robot3/odom" passed to canTransform argument target_frame - frame does not exist
[ros2-11] [controller_server-1] [INFO] [1785139084.729198997] [robot3.local_costmap.local_costmap]: Timed out waiting for transform from robot3/base_link to robot3/odom to become available, tf error: Invalid frame ID "robot3/odom" passed to canTransform argument target_frame - frame does not exist
[ros2-11] [controller_server-1] [INFO] [1785139085.229180861] [robot3.local_costmap.local_costmap]: Timed out waiting for transform from robot3/base_link to robot3/odom to become available, tf error: Invalid frame ID "robot3/odom" passed to canTransform argument target_frame - frame does not exist
[ros2-11] [controller_server-1] [INFO] [1785139085.729182820] [robot3.local_costmap.local_costmap]: Timed out waiting for transform from robot3/base_link to robot3/odom to become available, tf error: Invalid frame ID "robot3/odom" passed to canTransform argument target_frame - frame does not exist
[ros2-11] [controller_server-1] [INFO] [1785139086.229196645] [robot3.local_costmap.local_costmap]: Timed out waiting for transform from robot3/base_link to robot3/odom to become available, tf error: Invalid frame ID "robot3/odom" passed to canTransform argument target_frame - frame does not exist
[ros2-11] [controller_server-1] [INFO] [1785139086.729178141] [robot3.local_costmap.local_costmap]: Timed out waiting for transform from robot3/base_link to robot3/odom to become available, tf error: Invalid frame ID "robot3/odom" passed to canTransform argument target_frame - frame does not exist
[ros2-11] [controller_server-1] [INFO] [1785139087.229181995] [robot3.local_costmap.local_costmap]: Timed out waiting for transform from robot3/base_link to robot3/odom to become available, tf error: Invalid frame ID "robot3/odom" passed to canTransform argument target_frame - frame does not exist
[ros2-11] [controller_server-1] [INFO] [1785139087.729177796] [robot3.local_costmap.local_costmap]: Timed out waiting for transform from robot3/base_link to robot3/odom to become available, tf error: Invalid frame ID "robot3/odom" passed to canTransform argument target_frame - frame does not exist
[ros2-11] [controller_server-1] [INFO] [1785139088.229193410] [robot3.local_costmap.local_costmap]: Timed out waiting for transform from robot3/base_link to robot3/odom to become available, tf error: Invalid frame ID "robot3/odom" passed to canTransform argument target_frame - frame does not exist
[ros2-11] [controller_server-1] [INFO] [1785139088.729194645] [robot3.local_costmap.local_costmap]: Timed out waiting for transform from robot3/base_link to robot3/odom to become available, tf error: Invalid frame ID "robot3/odom" passed to canTransform argument target_frame - frame does not exist
[ros2-11] [controller_server-1] [INFO] [1785139089.229197902] [robot3.local_costmap.local_costmap]: Timed out waiting for transform from robot3/base_link to robot3/odom to become available, tf error: Invalid frame ID "robot3/odom" passed to canTransform argument target_frame - frame does not exist
[ros2-11] [controller_server-1] [INFO] [1785139089.729196380] [robot3.local_costmap.local_costmap]: Timed out waiting for transform from robot3/base_link to robot3/odom to become available, tf error: Invalid frame ID "robot3/odom" passed to canTransform argument target_frame - frame does not exist
[ros2-11] [controller_server-1] [INFO] [1785139090.229193314] [robot3.local_costmap.local_costmap]: Timed out waiting for transform from robot3/base_link to robot3/odom to become available, tf error: Invalid frame ID "robot3/odom" passed to canTransform argument target_frame - frame does not exist
[ros2-11] [controller_server-1] [INFO] [1785139090.729175479] [robot3.local_costmap.local_costmap]: Timed out waiting for transform from robot3/base_link to robot3/odom to become available, tf error: Invalid frame ID "robot3/odom" passed to canTransform argument target_frame - frame does not exist
[ros2-11] [controller_server-1] [INFO] [1785139091.229196136] [robot3.local_costmap.local_costmap]: Timed out waiting for transform from robot3/base_link to robot3/odom to become available, tf error: Invalid frame ID "robot3/odom" passed to canTransform argument target_frame - frame does not exist
[ros2-11] [controller_server-1] [INFO] [1785139091.729181086] [robot3.local_costmap.local_costmap]: Timed out waiting for transform from robot3/base_link to robot3/odom to become available, tf error: Invalid frame ID "robot3/odom" passed to canTransform argument target_frame - frame does not exist
[ros2-11] [controller_server-1] [INFO] [1785139092.229182279] [robot3.local_costmap.local_costmap]: Timed out waiting for transform from robot3/base_link to robot3/odom to become available, tf error: Invalid frame ID "robot3/odom" passed to canTransform argument target_frame - frame does not exist
[ros2-11] [controller_server-1] [INFO] [1785139092.729195535] [robot3.local_costmap.local_costmap]: Timed out waiting for transform from robot3/base_link to robot3/odom to become available, tf error: Invalid frame ID "robot3/odom" passed to canTransform argument target_frame - frame does not exist
[ros2-11] [controller_server-1] [INFO] [1785139093.229182418] [robot3.local_costmap.local_costmap]: Timed out waiting for transform from robot3/base_link to robot3/odom to become available, tf error: Invalid frame ID "robot3/odom" passed to canTransform argument target_frame - frame does not exist
[ros2-11] [controller_server-1] [INFO] [1785139093.729201356] [robot3.local_costmap.local_costmap]: Timed out waiting for transform from robot3/base_link to robot3/odom to become available, tf error: Invalid frame ID "robot3/odom" passed to canTransform argument target_frame - frame does not exist
[ros2-11] [controller_server-1] [INFO] [1785139094.229182738] [robot3.local_costmap.local_costmap]: Timed out waiting for transform from robot3/base_link to robot3/odom to become available, tf error: Invalid frame ID "robot3/odom" passed to canTransform argument target_frame - frame does not exist
[ros2-11] [controller_server-1] [INFO] [1785139094.729174535] [robot3.local_costmap.local_costmap]: Timed out waiting for transform from robot3/base_link to robot3/odom to become available, tf error: Invalid frame ID "robot3/odom" passed to canTransform argument target_frame - frame does not exist
[ros2-11] [controller_server-1] [INFO] [1785139095.229192255] [robot3.local_costmap.local_costmap]: Timed out waiting for transform from robot3/base_link to robot3/odom to become available, tf error: Invalid frame ID "robot3/odom" passed to canTransform argument target_frame - frame does not exist
[ros2-11] [controller_server-1] [INFO] [1785139095.729195356] [robot3.local_costmap.local_costmap]: Timed out waiting for transform from robot3/base_link to robot3/odom to become available, tf error: Invalid frame ID "robot3/odom" passed to canTransform argument target_frame - frame does not exist
[ros2-11] [controller_server-1] [INFO] [1785139096.229160257] [robot3.local_costmap.local_costmap]: Timed out waiting for transform from robot3/base_link to robot3/odom to become available, tf error: Invalid frame ID "robot3/odom" passed to canTransform argument target_frame - frame does not exist
[ros2-11] [controller_server-1] [INFO] [1785139096.729177463] [robot3.local_costmap.local_costmap]: Timed out waiting for transform from robot3/base_link to robot3/odom to become available, tf error: Invalid frame ID "robot3/odom" passed to canTransform argument target_frame - frame does not exist
[ros2-11] [controller_server-1] [INFO] [1785139097.229180382] [robot3.local_costmap.local_costmap]: Timed out waiting for transform from robot3/base_link to robot3/odom to become available, tf error: Invalid frame ID "robot3/odom" passed to canTransform argument target_frame - frame does not exist
[ros2-11] [controller_server-1] [INFO] [1785139097.729203661] [robot3.local_costmap.local_costmap]: Timed out waiting for transform from robot3/base_link to robot3/odom to become available, tf error: Invalid frame ID "robot3/odom" passed to canTransform argument target_frame - frame does not exist
[ros2-11] [controller_server-1] [INFO] [1785139098.229192541] [robot3.local_costmap.local_costmap]: Timed out waiting for transform from robot3/base_link to robot3/odom to become available, tf error: Invalid frame ID "robot3/odom" passed to canTransform argument target_frame - frame does not exist
[ros2-11] [controller_server-1] [INFO] [1785139098.729193937] [robot3.local_costmap.local_costmap]: Timed out waiting for transform from robot3/base_link to robot3/odom to become available, tf error: Invalid frame ID "robot3/odom" passed to canTransform argument target_frame - frame does not exist
[ros2-11] [controller_server-1] [INFO] [1785139099.229196505] [robot3.local_costmap.local_costmap]: Timed out waiting for transform from robot3/base_link to robot3/odom to become available, tf error: Invalid frame ID "robot3/odom" passed to canTransform argument target_frame - frame does not exist
[ros2-11] [controller_server-1] [INFO] [1785139099.729177716] [robot3.local_costmap.local_costmap]: Timed out waiting for transform from robot3/base_link to robot3/odom to become available, tf error: Invalid frame ID "robot3/odom" passed to canTransform argument target_frame - frame does not exist
[ros2-11] [controller_server-1] [INFO] [1785139100.229177456] [robot3.local_costmap.local_costmap]: Timed out waiting for transform from robot3/base_link to robot3/odom to become available, tf error: Invalid frame ID "robot3/odom" passed to canTransform argument target_frame - frame does not exist
[ros2-11] [controller_server-1] [INFO] [1785139100.729201034] [robot3.local_costmap.local_costmap]: Timed out waiting for transform from robot3/base_link to robot3/odom to become available, tf error: Invalid frame ID "robot3/odom" passed to canTransform argument target_frame - frame does not exist
[ros2-11] [controller_server-1] [INFO] [1785139101.229180849] [robot3.local_costmap.local_costmap]: Timed out waiting for transform from robot3/base_link to robot3/odom to become available, tf error: Invalid frame ID "robot3/odom" passed to canTransform argument target_frame - frame does not exist
[ros2-11] [controller_server-1] [INFO] [1785139101.729179441] [robot3.local_costmap.local_costmap]: Timed out waiting for transform from robot3/base_link to robot3/odom to become available, tf error: Invalid frame ID "robot3/odom" passed to canTransform argument target_frame - frame does not exist
[ros2-11] [controller_server-1] [INFO] [1785139102.229210912] [robot3.local_costmap.local_costmap]: Timed out waiting for transform from robot3/base_link to robot3/odom to become available, tf error: Invalid frame ID "robot3/odom" passed to canTransform argument target_frame - frame does not exist
[ros2-11] [controller_server-1] [INFO] [1785139102.729184016] [robot3.local_costmap.local_costmap]: Timed out waiting for transform from robot3/base_link to robot3/odom to become available, tf error: Invalid frame ID "robot3/odom" passed to canTransform argument target_frame - frame does not exist
[ros2-11] [controller_server-1] [INFO] [1785139103.229190735] [robot3.local_costmap.local_costmap]: Timed out waiting for transform from robot3/base_link to robot3/odom to become available, tf error: Invalid frame ID "robot3/odom" passed to canTransform argument target_frame - frame does not exist
[ros2-11] [controller_server-1] [INFO] [1785139103.729182504] [robot3.local_costmap.local_costmap]: Timed out waiting for transform from robot3/base_link to robot3/odom to become available, tf error: Invalid frame ID "robot3/odom" passed to canTransform argument target_frame - frame does not exist
[ros2-11] [controller_server-1] [INFO] [1785139104.229179786] [robot3.local_costmap.local_costmap]: Timed out waiting for transform from robot3/base_link to robot3/odom to become available, tf error: Invalid frame ID "robot3/odom" passed to canTransform argument target_frame - frame does not exist
[ros2-11] [controller_server-1] [INFO] [1785139104.729193191] [robot3.local_costmap.local_costmap]: Timed out waiting for transform from robot3/base_link to robot3/odom to become available, tf error: Invalid frame ID "robot3/odom" passed to canTransform argument target_frame - frame does not exist
[ros2-11] [controller_server-1] [INFO] [1785139105.229179776] [robot3.local_costmap.local_costmap]: Timed out waiting for transform from robot3/base_link to robot3/odom to become available, tf error: Invalid frame ID "robot3/odom" passed to canTransform argument target_frame - frame does not exist
[ros2-11] [controller_server-1] [INFO] [1785139105.729183973] [robot3.local_costmap.local_costmap]: Timed out waiting for transform from robot3/base_link to robot3/odom to become available, tf error: Invalid frame ID "robot3/odom" passed to canTransform argument target_frame - frame does not exist
[ros2-11] [controller_server-1] [INFO] [1785139106.229195653] [robot3.local_costmap.local_costmap]: Timed out waiting for transform from robot3/base_link to robot3/odom to become available, tf error: Invalid frame ID "robot3/odom" passed to canTransform argument target_frame - frame does not exist
[ros2-11] [controller_server-1] [INFO] [1785139106.729181547] [robot3.local_costmap.local_costmap]: Timed out waiting for transform from robot3/base_link to robot3/odom to become available, tf error: Invalid frame ID "robot3/odom" passed to canTransform argument target_frame - frame does not exist
[ros2-11] [controller_server-1] [INFO] [1785139107.229200605] [robot3.local_costmap.local_costmap]: Timed out waiting for transform from robot3/base_link to robot3/odom to become available, tf error: Invalid frame ID "robot3/odom" passed to canTransform argument target_frame - frame does not exist
[ros2-11] [controller_server-1] [INFO] [1785139107.729180372] [robot3.local_costmap.local_costmap]: Timed out waiting for transform from robot3/base_link to robot3/odom to become available, tf error: Invalid frame ID "robot3/odom" passed to canTransform argument target_frame - frame does not exist
[ros2-11] [controller_server-1] [INFO] [1785139108.229197306] [robot3.local_costmap.local_costmap]: Timed out waiting for transform from robot3/base_link to robot3/odom to become available, tf error: Invalid frame ID "robot3/odom" passed to canTransform argument target_frame - frame does not exist
[ros2-11] [controller_server-1] [INFO] [1785139108.729201396] [robot3.local_costmap.local_costmap]: Timed out waiting for transform from robot3/base_link to robot3/odom to become available, tf error: Invalid frame ID "robot3/odom" passed to canTransform argument target_frame - frame does not exist
[ros2-11] [controller_server-1] [INFO] [1785139109.229203666] [robot3.local_costmap.local_costmap]: Timed out waiting for transform from robot3/base_link to robot3/odom to become available, tf error: Invalid frame ID "robot3/odom" passed to canTransform argument target_frame - frame does not exist
[ros2-11] [controller_server-1] [INFO] [1785139109.729181897] [robot3.local_costmap.local_costmap]: Timed out waiting for transform from robot3/base_link to robot3/odom to become available, tf error: Invalid frame ID "robot3/odom" passed to canTransform argument target_frame - frame does not exist
[ros2-11] [controller_server-1] [INFO] [1785139110.229191379] [robot3.local_costmap.local_costmap]: Timed out waiting for transform from robot3/base_link to robot3/odom to become available, tf error: Invalid frame ID "robot3/odom" passed to canTransform argument target_frame - frame does not exist
[ros2-11] [controller_server-1] [INFO] [1785139110.729213519] [robot3.local_costmap.local_costmap]: Timed out waiting for transform from robot3/base_link to robot3/odom to become available, tf error: Invalid frame ID "robot3/odom" passed to canTransform argument target_frame - frame does not exist
[ros2-11] [controller_server-1] [INFO] [1785139111.229181345] [robot3.local_costmap.local_costmap]: Timed out waiting for transform from robot3/base_link to robot3/odom to become available, tf error: Invalid frame ID "robot3/odom" passed to canTransform argument target_frame - frame does not exist
[ros2-11] [controller_server-1] [INFO] [1785139111.729195071] [robot3.local_costmap.local_costmap]: Timed out waiting for transform from robot3/base_link to robot3/odom to become available, tf error: Invalid frame ID "robot3/odom" passed to canTransform argument target_frame - frame does not exist
[ros2-11] [controller_server-1] [INFO] [1785139112.229201501] [robot3.local_costmap.local_costmap]: Timed out waiting for transform from robot3/base_link to robot3/odom to become available, tf error: Invalid frame ID "robot3/odom" passed to canTransform argument target_frame - frame does not exist
[ros2-11] [controller_server-1] [INFO] [1785139112.729194559] [robot3.local_costmap.local_costmap]: Timed out waiting for transform from robot3/base_link to robot3/odom to become available, tf error: Invalid frame ID "robot3/odom" passed to canTransform argument target_frame - frame does not exist
[ros2-11] [controller_server-1] [INFO] [1785139113.229203815] [robot3.local_costmap.local_costmap]: Timed out waiting for transform from robot3/base_link to robot3/odom to become available, tf error: Invalid frame ID "robot3/odom" passed to canTransform argument target_frame - frame does not exist
[ros2-11] [controller_server-1] [INFO] [1785139113.729197188] [robot3.local_costmap.local_costmap]: Timed out waiting for transform from robot3/base_link to robot3/odom to become available, tf error: Invalid frame ID "robot3/odom" passed to canTransform argument target_frame - frame does not exist
[ros2-11] [controller_server-1] [INFO] [1785139114.229195025] [robot3.local_costmap.local_costmap]: Timed out waiting for transform from robot3/base_link to robot3/odom to become available, tf error: Invalid frame ID "robot3/odom" passed to canTransform argument target_frame - frame does not exist
[ros2-11] [controller_server-1] [INFO] [1785139114.729202624] [robot3.local_costmap.local_costmap]: Timed out waiting for transform from robot3/base_link to robot3/odom to become available, tf error: Invalid frame ID "robot3/odom" passed to canTransform argument target_frame - frame does not exist
[ros2-11] [controller_server-1] [INFO] [1785139115.229200038] [robot3.local_costmap.local_costmap]: Timed out waiting for transform from robot3/base_link to robot3/odom to become available, tf error: Invalid frame ID "robot3/odom" passed to canTransform argument target_frame - frame does not exist
[ros2-11] [controller_server-1] [INFO] [1785139115.729194353] [robot3.local_costmap.local_costmap]: Timed out waiting for transform from robot3/base_link to robot3/odom to become available, tf error: Invalid frame ID "robot3/odom" passed to canTransform argument target_frame - frame does not exist
[ros2-11] [controller_server-1] [INFO] [1785139116.229197192] [robot3.local_costmap.local_costmap]: Timed out waiting for transform from robot3/base_link to robot3/odom to become available, tf error: Invalid frame ID "robot3/odom" passed to canTransform argument target_frame - frame does not exist
[ros2-11] [controller_server-1] [INFO] [1785139116.729196579] [robot3.local_costmap.local_costmap]: Timed out waiting for transform from robot3/base_link to robot3/odom to become available, tf error: Invalid frame ID "robot3/odom" passed to canTransform argument target_frame - frame does not exist
[ros2-11] [controller_server-1] [INFO] [1785139117.229182148] [robot3.local_costmap.local_costmap]: Timed out waiting for transform from robot3/base_link to robot3/odom to become available, tf error: Invalid frame ID "robot3/odom" passed to canTransform argument target_frame - frame does not exist
[ros2-11] [controller_server-1] [INFO] [1785139117.729202793] [robot3.local_costmap.local_costmap]: Timed out waiting for transform from robot3/base_link to robot3/odom to become available, tf error: Invalid frame ID "robot3/odom" passed to canTransform argument target_frame - frame does not exist
[ros2-11] [controller_server-1] [INFO] [1785139118.229189299] [robot3.local_costmap.local_costmap]: Timed out waiting for transform from robot3/base_link to robot3/odom to become available, tf error: Invalid frame ID "robot3/odom" passed to canTransform argument target_frame - frame does not exist
[ros2-11] [controller_server-1] [INFO] [1785139118.729192853] [robot3.local_costmap.local_costmap]: Timed out waiting for transform from robot3/base_link to robot3/odom to become available, tf error: Invalid frame ID "robot3/odom" passed to canTransform argument target_frame - frame does not exist
[ros2-11] [controller_server-1] [INFO] [1785139119.229201398] [robot3.local_costmap.local_costmap]: Timed out waiting for transform from robot3/base_link to robot3/odom to become available, tf error: Invalid frame ID "robot3/odom" passed to canTransform argument target_frame - frame does not exist
[ros2-11] [controller_server-1] [INFO] [1785139119.729197726] [robot3.local_costmap.local_costmap]: Timed out waiting for transform from robot3/base_link to robot3/odom to become available, tf error: Invalid frame ID "robot3/odom" passed to canTransform argument target_frame - frame does not exist
[ros2-11] [controller_server-1] [INFO] [1785139120.229196779] [robot3.local_costmap.local_costmap]: Timed out waiting for transform from robot3/base_link to robot3/odom to become available, tf error: Invalid frame ID "robot3/odom" passed to canTransform argument target_frame - frame does not exist
[ros2-11] [controller_server-1] [INFO] [1785139120.729200378] [robot3.local_costmap.local_costmap]: Timed out waiting for transform from robot3/base_link to robot3/odom to become available, tf error: Invalid frame ID "robot3/odom" passed to canTransform argument target_frame - frame does not exist
[ros2-11] [controller_server-1] [INFO] [1785139121.229198368] [robot3.local_costmap.local_costmap]: Timed out waiting for transform from robot3/base_link to robot3/odom to become available, tf error: Invalid frame ID "robot3/odom" passed to canTransform argument target_frame - frame does not exist
[ros2-11] [controller_server-1] [INFO] [1785139121.729191256] [robot3.local_costmap.local_costmap]: Timed out waiting for transform from robot3/base_link to robot3/odom to become available, tf error: Invalid frame ID "robot3/odom" passed to canTransform argument target_frame - frame does not exist
[ros2-11] [controller_server-1] [INFO] [1785139122.229196925] [robot3.local_costmap.local_costmap]: Timed out waiting for transform from robot3/base_link to robot3/odom to become available, tf error: Invalid frame ID "robot3/odom" passed to canTransform argument target_frame - frame does not exist
[ros2-11] [controller_server-1] [INFO] [1785139122.729191885] [robot3.local_costmap.local_costmap]: Timed out waiting for transform from robot3/base_link to robot3/odom to become available, tf error: Invalid frame ID "robot3/odom" passed to canTransform argument target_frame - frame does not exist
[ros2-11] [controller_server-1] [INFO] [1785139123.229184031] [robot3.local_costmap.local_costmap]: Timed out waiting for transform from robot3/base_link to robot3/odom to become available, tf error: Invalid frame ID "robot3/odom" passed to canTransform argument target_frame - frame does not exist
[ros2-11] [controller_server-1] [INFO] [1785139123.729208071] [robot3.local_costmap.local_costmap]: Timed out waiting for transform from robot3/base_link to robot3/odom to become available, tf error: Invalid frame ID "robot3/odom" passed to canTransform argument target_frame - frame does not exist
[ros2-11] [controller_server-1] [INFO] [1785139124.229186777] [robot3.local_costmap.local_costmap]: Timed out waiting for transform from robot3/base_link to robot3/odom to become available, tf error: Invalid frame ID "robot3/odom" passed to canTransform argument target_frame - frame does not exist
[ros2-11] [controller_server-1] [INFO] [1785139124.729166835] [robot3.local_costmap.local_costmap]: Timed out waiting for transform from robot3/base_link to robot3/odom to become available, tf error: Invalid frame ID "robot3/odom" passed to canTransform argument target_frame - frame does not exist
[ros2-11] [controller_server-1] [INFO] [1785139125.229198932] [robot3.local_costmap.local_costmap]: Timed out waiting for transform from robot3/base_link to robot3/odom to become available, tf error: Invalid frame ID "robot3/odom" passed to canTransform argument target_frame - frame does not exist
[ros2-11] [controller_server-1] [INFO] [1785139125.729186331] [robot3.local_costmap.local_costmap]: Timed out waiting for transform from robot3/base_link to robot3/odom to become available, tf error: Invalid frame ID "robot3/odom" passed to canTransform argument target_frame - frame does not exist
[ros2-11] [controller_server-1] [INFO] [1785139126.229200876] [robot3.local_costmap.local_costmap]: Timed out waiting for transform from robot3/base_link to robot3/odom to become available, tf error: Invalid frame ID "robot3/odom" passed to canTransform argument target_frame - frame does not exist
[ros2-11] [controller_server-1] [INFO] [1785139126.729184112] [robot3.local_costmap.local_costmap]: Timed out waiting for transform from robot3/base_link to robot3/odom to become available, tf error: Invalid frame ID "robot3/odom" passed to canTransform argument target_frame - frame does not exist
[ros2-11] [controller_server-1] [INFO] [1785139127.229198185] [robot3.local_costmap.local_costmap]: Timed out waiting for transform from robot3/base_link to robot3/odom to become available, tf error: Invalid frame ID "robot3/odom" passed to canTransform argument target_frame - frame does not exist
[ros2-11] [controller_server-1] [INFO] [1785139127.729203048] [robot3.local_costmap.local_costmap]: Timed out waiting for transform from robot3/base_link to robot3/odom to become available, tf error: Invalid frame ID "robot3/odom" passed to canTransform argument target_frame - frame does not exist
[ros2-11] [controller_server-1] [INFO] [1785139128.229197369] [robot3.local_costmap.local_costmap]: Timed out waiting for transform from robot3/base_link to robot3/odom to become available, tf error: Invalid frame ID "robot3/odom" passed to canTransform argument target_frame - frame does not exist
[ros2-11] [controller_server-1] [INFO] [1785139128.729198260] [robot3.local_costmap.local_costmap]: Timed out waiting for transform from robot3/base_link to robot3/odom to become available, tf error: Invalid frame ID "robot3/odom" passed to canTransform argument target_frame - frame does not exist
[ros2-11] [controller_server-1] [INFO] [1785139129.229198961] [robot3.local_costmap.local_costmap]: Timed out waiting for transform from robot3/base_link to robot3/odom to become available, tf error: Invalid frame ID "robot3/odom" passed to canTransform argument target_frame - frame does not exist
[ros2-11] [controller_server-1] [INFO] [1785139129.729199230] [robot3.local_costmap.local_costmap]: Timed out waiting for transform from robot3/base_link to robot3/odom to become available, tf error: Invalid frame ID "robot3/odom" passed to canTransform argument target_frame - frame does not exist
[ros2-11] [controller_server-1] [INFO] [1785139130.229189173] [robot3.local_costmap.local_costmap]: Timed out waiting for transform from robot3/base_link to robot3/odom to become available, tf error: Invalid frame ID "robot3/odom" passed to canTransform argument target_frame - frame does not exist
[ros2-11] [controller_server-1] [INFO] [1785139130.729181882] [robot3.local_costmap.local_costmap]: Timed out waiting for transform from robot3/base_link to robot3/odom to become available, tf error: Invalid frame ID "robot3/odom" passed to canTransform argument target_frame - frame does not exist
[ros2-11] [controller_server-1] [INFO] [1785139131.229181332] [robot3.local_costmap.local_costmap]: Timed out waiting for transform from robot3/base_link to robot3/odom to become available, tf error: Invalid frame ID "robot3/odom" passed to canTransform argument target_frame - frame does not exist
[ros2-11] [controller_server-1] [INFO] [1785139131.729210501] [robot3.local_costmap.local_costmap]: Timed out waiting for transform from robot3/base_link to robot3/odom to become available, tf error: Invalid frame ID "robot3/odom" passed to canTransform argument target_frame - frame does not exist
[ros2-11] [controller_server-1] [INFO] [1785139132.229200097] [robot3.local_costmap.local_costmap]: Timed out waiting for transform from robot3/base_link to robot3/odom to become available, tf error: Invalid frame ID "robot3/odom" passed to canTransform argument target_frame - frame does not exist
[ros2-11] [controller_server-1] [INFO] [1785139132.729183910] [robot3.local_costmap.local_costmap]: Timed out waiting for transform from robot3/base_link to robot3/odom to become available, tf error: Invalid frame ID "robot3/odom" passed to canTransform argument target_frame - frame does not exist
[ros2-11] [controller_server-1] [INFO] [1785139133.229202296] [robot3.local_costmap.local_costmap]: Timed out waiting for transform from robot3/base_link to robot3/odom to become available, tf error: Invalid frame ID "robot3/odom" passed to canTransform argument target_frame - frame does not exist
[ros2-11] [controller_server-1] [INFO] [1785139133.729189882] [robot3.local_costmap.local_costmap]: Timed out waiting for transform from robot3/base_link to robot3/odom to become available, tf error: Invalid frame ID "robot3/odom" passed to canTransform argument target_frame - frame does not exist
[ros2-11] [controller_server-1] [INFO] [1785139134.229197721] [robot3.local_costmap.local_costmap]: Timed out waiting for transform from robot3/base_link to robot3/odom to become available, tf error: Invalid frame ID "robot3/odom" passed to canTransform argument target_frame - frame does not exist
[ros2-11] [controller_server-1] [INFO] [1785139134.729191412] [robot3.local_costmap.local_costmap]: Timed out waiting for transform from robot3/base_link to robot3/odom to become available, tf error: Invalid frame ID "robot3/odom" passed to canTransform argument target_frame - frame does not exist
[ros2-11] [controller_server-1] [INFO] [1785139135.229193175] [robot3.local_costmap.local_costmap]: Timed out waiting for transform from robot3/base_link to robot3/odom to become available, tf error: Invalid frame ID "robot3/odom" passed to canTransform argument target_frame - frame does not exist
[ros2-11] [controller_server-1] [INFO] [1785139135.729180924] [robot3.local_costmap.local_costmap]: Timed out waiting for transform from robot3/base_link to robot3/odom to become available, tf error: Invalid frame ID "robot3/odom" passed to canTransform argument target_frame - frame does not exist
[ros2-11] [controller_server-1] [INFO] [1785139136.229189716] [robot3.local_costmap.local_costmap]: Timed out waiting for transform from robot3/base_link to robot3/odom to become available, tf error: Invalid frame ID "robot3/odom" passed to canTransform argument target_frame - frame does not exist
[ros2-11] [controller_server-1] [INFO] [1785139136.729201348] [robot3.local_costmap.local_costmap]: Timed out waiting for transform from robot3/base_link to robot3/odom to become available, tf error: Invalid frame ID "robot3/odom" passed to canTransform argument target_frame - frame does not exist
[ros2-11] [controller_server-1] [INFO] [1785139137.229259253] [robot3.local_costmap.local_costmap]: Timed out waiting for transform from robot3/base_link to robot3/odom to become available, tf error: Invalid frame ID "robot3/odom" passed to canTransform argument target_frame - frame does not exist
[ros2-11] [controller_server-1] [INFO] [1785139137.729182220] [robot3.local_costmap.local_costmap]: Timed out waiting for transform from robot3/base_link to robot3/odom to become available, tf error: Invalid frame ID "robot3/odom" passed to canTransform argument target_frame - frame does not exist
[ros2-11] [controller_server-1] [INFO] [1785139138.229196718] [robot3.local_costmap.local_costmap]: Timed out waiting for transform from robot3/base_link to robot3/odom to become available, tf error: Invalid frame ID "robot3/odom" passed to canTransform argument target_frame - frame does not exist
[ros2-11] [controller_server-1] [INFO] [1785139138.729205264] [robot3.local_costmap.local_costmap]: Timed out waiting for transform from robot3/base_link to robot3/odom to become available, tf error: Invalid frame ID "robot3/odom" passed to canTransform argument target_frame - frame does not exist
[ros2-11] [controller_server-1] [INFO] [1785139139.229199942] [robot3.local_costmap.local_costmap]: Timed out waiting for transform from robot3/base_link to robot3/odom to become available, tf error: Invalid frame ID "robot3/odom" passed to canTransform argument target_frame - frame does not exist
[ros2-11] [controller_server-1] [INFO] [1785139139.729185995] [robot3.local_costmap.local_costmap]: Timed out waiting for transform from robot3/base_link to robot3/odom to become available, tf error: Invalid frame ID "robot3/odom" passed to canTransform argument target_frame - frame does not exist
[ros2-11] [controller_server-1] [INFO] [1785139140.229189057] [robot3.local_costmap.local_costmap]: Timed out waiting for transform from robot3/base_link to robot3/odom to become available, tf error: Invalid frame ID "robot3/odom" passed to canTransform argument target_frame - frame does not exist
[ros2-11] [controller_server-1] [INFO] [1785139140.729195930] [robot3.local_costmap.local_costmap]: Timed out waiting for transform from robot3/base_link to robot3/odom to become available, tf error: Invalid frame ID "robot3/odom" passed to canTransform argument target_frame - frame does not exist
[ros2-11] [controller_server-1] [INFO] [1785139141.229191871] [robot3.local_costmap.local_costmap]: Timed out waiting for transform from robot3/base_link to robot3/odom to become available, tf error: Invalid frame ID "robot3/odom" passed to canTransform argument target_frame - frame does not exist
[ros2-11] [controller_server-1] [INFO] [1785139141.729197297] [robot3.local_costmap.local_costmap]: Timed out waiting for transform from robot3/base_link to robot3/odom to become available, tf error: Invalid frame ID "robot3/odom" passed to canTransform argument target_frame - frame does not exist
[ros2-11] [controller_server-1] [INFO] [1785139142.229204757] [robot3.local_costmap.local_costmap]: Timed out waiting for transform from robot3/base_link to robot3/odom to become available, tf error: Invalid frame ID "robot3/odom" passed to canTransform argument target_frame - frame does not exist
[ros2-11] [controller_server-1] [INFO] [1785139142.729193390] [robot3.local_costmap.local_costmap]: Timed out waiting for transform from robot3/base_link to robot3/odom to become available, tf error: Invalid frame ID "robot3/odom" passed to canTransform argument target_frame - frame does not exist
[ros2-11] [controller_server-1] [INFO] [1785139143.229182245] [robot3.local_costmap.local_costmap]: Timed out waiting for transform from robot3/base_link to robot3/odom to become available, tf error: Invalid frame ID "robot3/odom" passed to canTransform argument target_frame - frame does not exist
[ros2-11] [controller_server-1] [INFO] [1785139143.729198853] [robot3.local_costmap.local_costmap]: Timed out waiting for transform from robot3/base_link to robot3/odom to become available, tf error: Invalid frame ID "robot3/odom" passed to canTransform argument target_frame - frame does not exist
[ros2-11] [controller_server-1] [INFO] [1785139144.229194910] [robot3.local_costmap.local_costmap]: Timed out waiting for transform from robot3/base_link to robot3/odom to become available, tf error: Invalid frame ID "robot3/odom" passed to canTransform argument target_frame - frame does not exist
[ros2-11] [controller_server-1] [INFO] [1785139144.729193462] [robot3.local_costmap.local_costmap]: Timed out waiting for transform from robot3/base_link to robot3/odom to become available, tf error: Invalid frame ID "robot3/odom" passed to canTransform argument target_frame - frame does not exist
[ros2-11] [controller_server-1] [INFO] [1785139145.229182842] [robot3.local_costmap.local_costmap]: Timed out waiting for transform from robot3/base_link to robot3/odom to become available, tf error: Invalid frame ID "robot3/odom" passed to canTransform argument target_frame - frame does not exist
[ros2-11] [controller_server-1] [INFO] [1785139145.729198530] [robot3.local_costmap.local_costmap]: Timed out waiting for transform from robot3/base_link to robot3/odom to become available, tf error: Invalid frame ID "robot3/odom" passed to canTransform argument target_frame - frame does not exist
[ros2-11] [controller_server-1] [INFO] [1785139146.229176723] [robot3.local_costmap.local_costmap]: Timed out waiting for transform from robot3/base_link to robot3/odom to become available, tf error: Invalid frame ID "robot3/odom" passed to canTransform argument target_frame - frame does not exist
[ros2-11] [controller_server-1] [INFO] [1785139146.729179651] [robot3.local_costmap.local_costmap]: Timed out waiting for transform from robot3/base_link to robot3/odom to become available, tf error: Invalid frame ID "robot3/odom" passed to canTransform argument target_frame - frame does not exist
[ros2-11] [controller_server-1] [INFO] [1785139147.229212415] [robot3.local_costmap.local_costmap]: Timed out waiting for transform from robot3/base_link to robot3/odom to become available, tf error: Invalid frame ID "robot3/odom" passed to canTransform argument target_frame - frame does not exist
[ros2-11] [controller_server-1] [INFO] [1785139147.729183072] [robot3.local_costmap.local_costmap]: Timed out waiting for transform from robot3/base_link to robot3/odom to become available, tf error: Invalid frame ID "robot3/odom" passed to canTransform argument target_frame - frame does not exist
[ros2-11] [controller_server-1] [INFO] [1785139148.229195525] [robot3.local_costmap.local_costmap]: Timed out waiting for transform from robot3/base_link to robot3/odom to become available, tf error: Invalid frame ID "robot3/odom" passed to canTransform argument target_frame - frame does not exist
[ros2-11] [controller_server-1] [INFO] [1785139148.729201366] [robot3.local_costmap.local_costmap]: Timed out waiting for transform from robot3/base_link to robot3/odom to become available, tf error: Invalid frame ID "robot3/odom" passed to canTransform argument target_frame - frame does not exist
[ros2-11] [controller_server-1] [INFO] [1785139149.229182548] [robot3.local_costmap.local_costmap]: Timed out waiting for transform from robot3/base_link to robot3/odom to become available, tf error: Invalid frame ID "robot3/odom" passed to canTransform argument target_frame - frame does not exist
[ros2-11] [controller_server-1] [INFO] [1785139149.729198793] [robot3.local_costmap.local_costmap]: Timed out waiting for transform from robot3/base_link to robot3/odom to become available, tf error: Invalid frame ID "robot3/odom" passed to canTransform argument target_frame - frame does not exist
[ros2-11] [controller_server-1] [INFO] [1785139150.229183375] [robot3.local_costmap.local_costmap]: Timed out waiting for transform from robot3/base_link to robot3/odom to become available, tf error: Invalid frame ID "robot3/odom" passed to canTransform argument target_frame - frame does not exist
[ros2-11] [controller_server-1] [INFO] [1785139150.729216850] [robot3.local_costmap.local_costmap]: Timed out waiting for transform from robot3/base_link to robot3/odom to become available, tf error: Invalid frame ID "robot3/odom" passed to canTransform argument target_frame - frame does not exist
[ros2-11] [controller_server-1] [INFO] [1785139151.229198114] [robot3.local_costmap.local_costmap]: Timed out waiting for transform from robot3/base_link to robot3/odom to become available, tf error: Invalid frame ID "robot3/odom" passed to canTransform argument target_frame - frame does not exist
[ros2-11] [controller_server-1] [INFO] [1785139151.729187717] [robot3.local_costmap.local_costmap]: Timed out waiting for transform from robot3/base_link to robot3/odom to become available, tf error: Invalid frame ID "robot3/odom" passed to canTransform argument target_frame - frame does not exist
[ros2-11] [controller_server-1] [INFO] [1785139152.229197791] [robot3.local_costmap.local_costmap]: Timed out waiting for transform from robot3/base_link to robot3/odom to become available, tf error: Invalid frame ID "robot3/odom" passed to canTransform argument target_frame - frame does not exist
