[INFO] [launch]: All log files can be found below /home/sanket/.ros/log/2026-07-27-13-29-12-875651-sanket-Victus-by-HP-Laptop-16-d0xxx-9405
[INFO] [launch]: Default logging verbosity is set to INFO
[INFO] [gzserver-1]: process started with pid [9407]
[INFO] [gzclient-2]: process started with pid [9409]
[INFO] [rviz2-3]: process started with pid [9411]
[INFO] [map_server-4]: process started with pid [9413]
[INFO] [lifecycle_manager-5]: process started with pid [9415]
[INFO] [robot_state_publisher-6]: process started with pid [9417]
[INFO] [spawn_entity.py-7]: process started with pid [9419]
[INFO] [ekf_node-8]: process started with pid [9421]
[INFO] [amcl-9]: process started with pid [9423]
[INFO] [tf_to_odom-10]: process started with pid [9425]
[INFO] [ros2-11]: process started with pid [9427]
[map_server-4] [INFO] [1785139153.045588920] [map_server]: 
[map_server-4] 	map_server lifecycle node launched. 
[map_server-4] 	Waiting on external lifecycle transitions to activate
[map_server-4] 	See https://design.ros2.org/articles/node_lifecycle.html for more information.
[map_server-4] [INFO] [1785139153.045715383] [map_server]: Creating
[lifecycle_manager-5] [INFO] [1785139153.075437490] [lifecycle_manager_localization]: Creating
[lifecycle_manager-5] [INFO] [1785139153.086805388] [lifecycle_manager_localization]: [34m[1mCreating and initializing lifecycle service clients[0m[0m
[robot_state_publisher-6] [INFO] [1785139153.145614884] [robot3.robot_state_publisher]: got segment robot3/AGV_Body-v1
[robot_state_publisher-6] [INFO] [1785139153.145757579] [robot3.robot_state_publisher]: got segment robot3/ZLtech_6.5inch-v3
[robot_state_publisher-6] [INFO] [1785139153.145766618] [robot3.robot_state_publisher]: got segment robot3/ZLtech_6.5inch-v3-1
[robot_state_publisher-6] [INFO] [1785139153.145772047] [robot3.robot_state_publisher]: got segment robot3/base_link
[robot_state_publisher-6] [INFO] [1785139153.145777983] [robot3.robot_state_publisher]: got segment robot3/caster_back
[robot_state_publisher-6] [INFO] [1785139153.145783154] [robot3.robot_state_publisher]: got segment robot3/caster_front
[robot_state_publisher-6] [INFO] [1785139153.145787898] [robot3.robot_state_publisher]: got segment robot3/front_indicator
[robot_state_publisher-6] [INFO] [1785139153.145793281] [robot3.robot_state_publisher]: got segment robot3/laser_frame
[robot_state_publisher-6] [INFO] [1785139153.145797766] [robot3.robot_state_publisher]: got segment robot3/scanner-v2
[ros2-11] [INFO] [launch]: All log files can be found below /home/sanket/.ros/log/2026-07-27-13-29-13-358181-sanket-Victus-by-HP-Laptop-16-d0xxx-9427
[ros2-11] [INFO] [launch]: Default logging verbosity is set to INFO
[lifecycle_manager-5] [INFO] [1785139153.446467439] [lifecycle_manager_localization]: [34m[1mStarting managed nodes bringup...[0m[0m
[lifecycle_manager-5] [INFO] [1785139153.446560268] [lifecycle_manager_localization]: [34m[1mConfiguring map_server[0m[0m
[map_server-4] [INFO] [1785139153.552145933] [map_server]: Configuring
[map_server-4] [INFO] [1785139153.552236097] [map_io]: Loading yaml file: /home/sanket/Documents/XP_Robotics/StepFile_gazebo/AGV/agv_simulation_workspace/install/agv/share/agv/maps/my_new_map.yaml
[map_server-4] [INFO] [1785139153.552525563] [map_io]: resolution: 0.05
[map_server-4] [INFO] [1785139153.552535047] [map_io]: origin[0]: -7.275
[map_server-4] [INFO] [1785139153.552539961] [map_io]: origin[1]: -6.625
[map_server-4] [INFO] [1785139153.552544676] [map_io]: origin[2]: 0
[map_server-4] [INFO] [1785139153.552549654] [map_io]: free_thresh: 0.25
[map_server-4] [INFO] [1785139153.552554405] [map_io]: occupied_thresh: 0.65
[map_server-4] [INFO] [1785139153.552559516] [map_io]: mode: trinary
[map_server-4] [INFO] [1785139153.552564624] [map_io]: negate: 0
[map_server-4] [INFO] [1785139153.552747581] [map_io]: Loading image_file: /home/sanket/Documents/XP_Robotics/StepFile_gazebo/AGV/agv_simulation_workspace/install/agv/share/agv/maps/my_new_map.pgm
[map_server-4] [INFO] [1785139153.560783879] [map_io]: Read map /home/sanket/Documents/XP_Robotics/StepFile_gazebo/AGV/agv_simulation_workspace/install/agv/share/agv/maps/my_new_map.pgm: 275 X 241 map @ 0.05 m/cell
[tf_to_odom-10] [INFO] [1785139153.563336026] [robot3.tf_to_odom]: Publishing TF (map -> robot3/base_link) to odometry/filtered
[lifecycle_manager-5] [INFO] [1785139153.577336714] [lifecycle_manager_localization]: [34m[1mConfiguring amcl3[0m[0m
[spawn_entity.py-7] [INFO] [1785139153.623252024] [spawn_entity]: Spawn Entity started
[spawn_entity.py-7] [INFO] [1785139153.623770511] [spawn_entity]: Loading entity published on topic /robot3/robot_description
[spawn_entity.py-7] [INFO] [1785139153.626291099] [spawn_entity]: Waiting for entity xml on /robot3/robot_description
[ros2-11] [INFO] [controller_server-1]: process started with pid [9583]
[ros2-11] [INFO] [smoother_server-2]: process started with pid [9585]
[ros2-11] [INFO] [planner_server-3]: process started with pid [9587]
[ros2-11] [INFO] [behavior_server-4]: process started with pid [9589]
[ros2-11] [INFO] [bt_navigator-5]: process started with pid [9591]
[ros2-11] [INFO] [waypoint_follower-6]: process started with pid [9593]
[ros2-11] [INFO] [velocity_smoother-7]: process started with pid [9595]
[ros2-11] [INFO] [lifecycle_manager-8]: process started with pid [9597]
[amcl-9] [INFO] [1785139153.758549555] [amcl3]: 
[amcl-9] 	amcl3 lifecycle node launched. 
[amcl-9] 	Waiting on external lifecycle transitions to activate
[amcl-9] 	See https://design.ros2.org/articles/node_lifecycle.html for more information.
[amcl-9] [INFO] [1785139153.765332657] [amcl3]: Creating
[ros2-11] [smoother_server-2] [INFO] [1785139153.858932955] [robot3.smoother_server]: 
[ros2-11] [smoother_server-2] 	smoother_server lifecycle node launched. 
[ros2-11] [smoother_server-2] 	Waiting on external lifecycle transitions to activate
[ros2-11] [smoother_server-2] 	See https://design.ros2.org/articles/node_lifecycle.html for more information.
[ros2-11] [waypoint_follower-6] [INFO] [1785139153.862620706] [robot3.waypoint_follower]: 
[ros2-11] [waypoint_follower-6] 	waypoint_follower lifecycle node launched. 
[ros2-11] [waypoint_follower-6] 	Waiting on external lifecycle transitions to activate
[ros2-11] [waypoint_follower-6] 	See https://design.ros2.org/articles/node_lifecycle.html for more information.
[ros2-11] [smoother_server-2] [INFO] [1785139153.863634184] [robot3.smoother_server]: Creating smoother server
[ros2-11] [waypoint_follower-6] [INFO] [1785139153.864828589] [robot3.waypoint_follower]: Creating
[ros2-11] [bt_navigator-5] [INFO] [1785139153.903184896] [robot3.bt_navigator]: 
[ros2-11] [bt_navigator-5] 	bt_navigator lifecycle node launched. 
[ros2-11] [bt_navigator-5] 	Waiting on external lifecycle transitions to activate
[ros2-11] [bt_navigator-5] 	See https://design.ros2.org/articles/node_lifecycle.html for more information.
[ros2-11] [bt_navigator-5] [INFO] [1785139153.904157513] [robot3.bt_navigator]: Creating
[ros2-11] [behavior_server-4] [INFO] [1785139153.903516160] [robot3.behavior_server]: 
[ros2-11] [behavior_server-4] 	behavior_server lifecycle node launched. 
[ros2-11] [behavior_server-4] 	Waiting on external lifecycle transitions to activate
[ros2-11] [behavior_server-4] 	See https://design.ros2.org/articles/node_lifecycle.html for more information.
[ros2-11] [controller_server-1] [INFO] [1785139153.916234576] [robot3.controller_server]: 
[ros2-11] [controller_server-1] 	controller_server lifecycle node launched. 
[ros2-11] [controller_server-1] 	Waiting on external lifecycle transitions to activate
[ros2-11] [controller_server-1] 	See https://design.ros2.org/articles/node_lifecycle.html for more information.
[ros2-11] [lifecycle_manager-8] [INFO] [1785139153.948261900] [robot3.lifecycle_manager_navigation]: Creating
[ros2-11] [controller_server-1] [INFO] [1785139153.961605950] [robot3.controller_server]: Creating controller server
[ros2-11] [lifecycle_manager-8] [INFO] [1785139153.972602122] [robot3.lifecycle_manager_navigation]: [34m[1mCreating and initializing lifecycle service clients[0m[0m
[ros2-11] [planner_server-3] [INFO] [1785139153.975055451] [robot3.planner_server]: 
[ros2-11] [planner_server-3] 	planner_server lifecycle node launched. 
[ros2-11] [planner_server-3] 	Waiting on external lifecycle transitions to activate
[ros2-11] [planner_server-3] 	See https://design.ros2.org/articles/node_lifecycle.html for more information.
[ros2-11] [planner_server-3] [INFO] [1785139153.987004259] [robot3.planner_server]: Creating
[ros2-11] [velocity_smoother-7] [INFO] [1785139154.076678572] [robot3.velocity_smoother]: 
[ros2-11] [velocity_smoother-7] 	velocity_smoother lifecycle node launched. 
[ros2-11] [velocity_smoother-7] 	Waiting on external lifecycle transitions to activate
[ros2-11] [velocity_smoother-7] 	See https://design.ros2.org/articles/node_lifecycle.html for more information.
[ros2-11] [planner_server-3] [INFO] [1785139154.114627429] [robot3.global_costmap.global_costmap]: 
[ros2-11] [planner_server-3] 	global_costmap lifecycle node launched. 
[ros2-11] [planner_server-3] 	Waiting on external lifecycle transitions to activate
[ros2-11] [planner_server-3] 	See https://design.ros2.org/articles/node_lifecycle.html for more information.
[ros2-11] [planner_server-3] [INFO] [1785139154.124261855] [robot3.global_costmap.global_costmap]: Creating Costmap
[rviz2-3] [INFO] [1785139154.339696784] [rviz2]: Stereo is NOT SUPPORTED
[rviz2-3] [INFO] [1785139154.339810510] [rviz2]: OpenGl version: 4.6 (GLSL 4.6)
[rviz2-3] [INFO] [1785139154.362979596] [rviz2]: Stereo is NOT SUPPORTED
[ros2-11] [controller_server-1] [INFO] [1785139154.727756262] [robot3.local_costmap.local_costmap]: 
[ros2-11] [controller_server-1] 	local_costmap lifecycle node launched. 
[ros2-11] [controller_server-1] 	Waiting on external lifecycle transitions to activate
[ros2-11] [controller_server-1] 	See https://design.ros2.org/articles/node_lifecycle.html for more information.
[ros2-11] [controller_server-1] [INFO] [1785139154.728315456] [robot3.local_costmap.local_costmap]: Creating Costmap
[spawn_entity.py-7] [INFO] [1785139155.087655811] [spawn_entity]: Waiting for service /spawn_entity, timeout = 30
[spawn_entity.py-7] [INFO] [1785139155.088083376] [spawn_entity]: Waiting for service /spawn_entity
[spawn_entity.py-7] [INFO] [1785139155.094713612] [spawn_entity]: Calling service /spawn_entity
[spawn_entity.py-7] [INFO] [1785139155.364471689] [spawn_entity]: Spawn status: SpawnEntity: Successfully spawned entity [robot3]
[gzserver-1] [INFO] [1785139155.492061992] [robot3.diff_drive]: Wheel pair 1 separation set to [0.560000m]
[gzserver-1] [INFO] [1785139155.492671744] [robot3.diff_drive]: Wheel pair 1 diameter set to [0.165000m]
[gzserver-1] [INFO] [1785139155.495334474] [robot3.diff_drive]: Subscribed to [/robot3/cmd_vel]
[gzserver-1] [INFO] [1785139155.497808637] [robot3.diff_drive]: Advertise odometry on [/robot3/odom]
[gzserver-1] [INFO] [1785139155.516374967] [robot3.joint_state]: Going to publish joint [robot3/AGV_Body-v1_Revolute-2]
[gzserver-1] [INFO] [1785139155.516455242] [robot3.joint_state]: Going to publish joint [robot3/AGV_Body-v1_Revolute-3]
[INFO] [spawn_entity.py-7]: process has finished cleanly [pid 9419]
[ros2-11] [lifecycle_manager-8] [INFO] [1785139157.210265897] [robot3.lifecycle_manager_navigation]: Waiting for service behavior_server/get_state...
[ros2-11] [lifecycle_manager-8] [INFO] [1785139159.210580921] [robot3.lifecycle_manager_navigation]: Waiting for service behavior_server/get_state...
[ros2-11] [lifecycle_manager-8] [INFO] [1785139161.210991084] [robot3.lifecycle_manager_navigation]: Waiting for service behavior_server/get_state...
[ros2-11] [lifecycle_manager-8] [INFO] [1785139163.211428944] [robot3.lifecycle_manager_navigation]: Waiting for service behavior_server/get_state...
[ros2-11] [lifecycle_manager-8] [INFO] [1785139165.211807023] [robot3.lifecycle_manager_navigation]: Waiting for service behavior_server/get_state...
[ros2-11] [lifecycle_manager-8] [INFO] [1785139167.214625044] [robot3.lifecycle_manager_navigation]: Waiting for service behavior_server/get_state...
[ros2-11] [lifecycle_manager-8] [INFO] [1785139169.215030615] [robot3.lifecycle_manager_navigation]: Waiting for service behavior_server/get_state...
[ros2-11] [lifecycle_manager-8] [INFO] [1785139171.215322127] [robot3.lifecycle_manager_navigation]: Waiting for service behavior_server/get_state...
[ros2-11] [lifecycle_manager-8] [INFO] [1785139173.215630743] [robot3.lifecycle_manager_navigation]: Waiting for service behavior_server/get_state...
[ros2-11] [lifecycle_manager-8] [INFO] [1785139175.215916634] [robot3.lifecycle_manager_navigation]: Waiting for service behavior_server/get_state...
[ros2-11] [lifecycle_manager-8] [INFO] [1785139175.323042779] [robot3.lifecycle_manager_navigation]: [34m[1mStarting managed nodes bringup...[0m[0m
[ros2-11] [lifecycle_manager-8] [INFO] [1785139175.323148802] [robot3.lifecycle_manager_navigation]: [34m[1mConfiguring controller_server[0m[0m
[ros2-11] [controller_server-1] [INFO] [1785139175.323531096] [robot3.controller_server]: Configuring controller interface
[ros2-11] [controller_server-1] [INFO] [1785139175.323755739] [robot3.controller_server]: getting goal checker plugins..
[ros2-11] [controller_server-1] [INFO] [1785139175.323859756] [robot3.controller_server]: Controller frequency set to 20.0000Hz
[ros2-11] [controller_server-1] [INFO] [1785139175.323899111] [robot3.local_costmap.local_costmap]: Configuring
[ros2-11] [controller_server-1] [INFO] [1785139175.329343181] [robot3.local_costmap.local_costmap]: Using plugin "voxel_layer"
[ros2-11] [controller_server-1] [INFO] [1785139175.332581921] [robot3.local_costmap.local_costmap]: Subscribed to Topics: robot3/scan
[ros2-11] [controller_server-1] [INFO] [1785139175.339569299] [robot3.local_costmap.local_costmap]: Initialized plugin "voxel_layer"
[ros2-11] [controller_server-1] [INFO] [1785139175.339608507] [robot3.local_costmap.local_costmap]: Using plugin "inflation_layer"
[ros2-11] [controller_server-1] [INFO] [1785139175.340179815] [robot3.local_costmap.local_costmap]: Initialized plugin "inflation_layer"
[ros2-11] [controller_server-1] [INFO] [1785139175.351948329] [robot3.controller_server]: Created progress_checker : progress_checker of type nav2_controller::SimpleProgressChecker
[ros2-11] [controller_server-1] [INFO] [1785139175.352805815] [robot3.controller_server]: Created goal checker : general_goal_checker of type nav2_controller::SimpleGoalChecker
[ros2-11] [controller_server-1] [INFO] [1785139175.353150703] [robot3.controller_server]: Controller Server has general_goal_checker  goal checkers available.
[ros2-11] [controller_server-1] [INFO] [1785139175.353626680] [robot3.controller_server]: Created controller : FollowPath of type nav2_regulated_pure_pursuit_controller::RegulatedPurePursuitController
[ros2-11] [controller_server-1] [INFO] [1785139175.358603606] [robot3.controller_server]: Controller Server has FollowPath  controllers available.
[ros2-11] [lifecycle_manager-8] [INFO] [1785139175.369220822] [robot3.lifecycle_manager_navigation]: [34m[1mConfiguring smoother_server[0m[0m
[ros2-11] [smoother_server-2] [INFO] [1785139175.369459479] [robot3.smoother_server]: Configuring smoother server
[ros2-11] [smoother_server-2] [INFO] [1785139175.377838061] [robot3.smoother_server]: Created smoother : simple_smoother of type nav2_smoother::SimpleSmoother
[ros2-11] [smoother_server-2] [INFO] [1785139175.378262992] [robot3.smoother_server]: Smoother Server has simple_smoother  smoothers available.
[ros2-11] [lifecycle_manager-8] [INFO] [1785139175.384967000] [robot3.lifecycle_manager_navigation]: [34m[1mConfiguring planner_server[0m[0m
[ros2-11] [planner_server-3] [INFO] [1785139175.385272678] [robot3.planner_server]: Configuring
[ros2-11] [planner_server-3] [INFO] [1785139175.385337417] [robot3.global_costmap.global_costmap]: Configuring
[ros2-11] [planner_server-3] [INFO] [1785139175.394845793] [robot3.global_costmap.global_costmap]: Using plugin "static_layer"
[ros2-11] [planner_server-3] [INFO] [1785139175.398641574] [robot3.global_costmap.global_costmap]: Subscribing to the map topic (/robot3/map) with transient local durability
[ros2-11] [planner_server-3] [INFO] [1785139175.400951151] [robot3.global_costmap.global_costmap]: Initialized plugin "static_layer"
[ros2-11] [planner_server-3] [INFO] [1785139175.400980122] [robot3.global_costmap.global_costmap]: Using plugin "obstacle_layer"
[ros2-11] [planner_server-3] [INFO] [1785139175.402631177] [robot3.global_costmap.global_costmap]: Subscribed to Topics: robot3/scan
[ros2-11] [planner_server-3] [INFO] [1785139175.409007220] [robot3.global_costmap.global_costmap]: Initialized plugin "obstacle_layer"
[ros2-11] [planner_server-3] [INFO] [1785139175.409046067] [robot3.global_costmap.global_costmap]: Using plugin "inflation_layer"
[ros2-11] [planner_server-3] [INFO] [1785139175.410794390] [robot3.global_costmap.global_costmap]: Initialized plugin "inflation_layer"
[ros2-11] [planner_server-3] [INFO] [1785139175.424598402] [robot3.planner_server]: Created global planner plugin GridBased of type nav2_navfn_planner/NavfnPlanner
[ros2-11] [planner_server-3] [INFO] [1785139175.424633882] [robot3.planner_server]: Configuring plugin GridBased of type NavfnPlanner
[ros2-11] [planner_server-3] [INFO] [1785139175.426285626] [robot3.planner_server]: Planner Server has GridBased  planners available.
[ros2-11] [lifecycle_manager-8] [INFO] [1785139175.443535236] [robot3.lifecycle_manager_navigation]: [34m[1mConfiguring behavior_server[0m[0m
[ros2-11] [behavior_server-4] [INFO] [1785139175.443736325] [robot3.behavior_server]: Configuring
[ros2-11] [behavior_server-4] [INFO] [1785139175.452523362] [robot3.behavior_server]: Creating behavior plugin spin of type nav2_behaviors/Spin
[ros2-11] [behavior_server-4] [INFO] [1785139175.453157839] [robot3.behavior_server]: Configuring spin
[ros2-11] [behavior_server-4] [INFO] [1785139175.460542223] [robot3.behavior_server]: Creating behavior plugin backup of type nav2_behaviors/BackUp
[ros2-11] [behavior_server-4] [INFO] [1785139175.461390743] [robot3.behavior_server]: Configuring backup
[ros2-11] [behavior_server-4] [INFO] [1785139175.467631703] [robot3.behavior_server]: Creating behavior plugin drive_on_heading of type nav2_behaviors/DriveOnHeading
[ros2-11] [behavior_server-4] [INFO] [1785139175.468538385] [robot3.behavior_server]: Configuring drive_on_heading
[ros2-11] [behavior_server-4] [INFO] [1785139175.474481789] [robot3.behavior_server]: Creating behavior plugin assisted_teleop of type nav2_behaviors/AssistedTeleop
[ros2-11] [behavior_server-4] [INFO] [1785139175.476317065] [robot3.behavior_server]: Configuring assisted_teleop
[ros2-11] [behavior_server-4] [INFO] [1785139175.483982278] [robot3.behavior_server]: Creating behavior plugin wait of type nav2_behaviors/Wait
[ros2-11] [behavior_server-4] [INFO] [1785139175.484682840] [robot3.behavior_server]: Configuring wait
[ros2-11] [lifecycle_manager-8] [INFO] [1785139175.490447031] [robot3.lifecycle_manager_navigation]: [34m[1mConfiguring bt_navigator[0m[0m
[ros2-11] [bt_navigator-5] [INFO] [1785139175.490718596] [robot3.bt_navigator]: Configuring
[ros2-11] [lifecycle_manager-8] [INFO] [1785139175.560453668] [robot3.lifecycle_manager_navigation]: [34m[1mConfiguring waypoint_follower[0m[0m
[ros2-11] [waypoint_follower-6] [INFO] [1785139175.560733726] [robot3.waypoint_follower]: Configuring
[ros2-11] [waypoint_follower-6] [INFO] [1785139175.572966729] [robot3.waypoint_follower]: Created waypoint_task_executor : wait_at_waypoint of type nav2_waypoint_follower::WaitAtWaypoint
[ros2-11] [lifecycle_manager-8] [INFO] [1785139175.574080257] [robot3.lifecycle_manager_navigation]: [34m[1mConfiguring velocity_smoother[0m[0m
[ros2-11] [velocity_smoother-7] [INFO] [1785139175.574328121] [robot3.velocity_smoother]: Configuring velocity smoother
[ros2-11] [lifecycle_manager-8] [INFO] [1785139175.577937826] [robot3.lifecycle_manager_navigation]: [34m[1mActivating controller_server[0m[0m
[ros2-11] [controller_server-1] [INFO] [1785139175.578143859] [robot3.controller_server]: Activating
[ros2-11] [controller_server-1] [INFO] [1785139175.578181633] [robot3.local_costmap.local_costmap]: Activating
[ros2-11] [controller_server-1] [INFO] [1785139175.578195764] [robot3.local_costmap.local_costmap]: Checking transform
[ros2-11] [controller_server-1] [INFO] [1785139175.578303748] [robot3.local_costmap.local_costmap]: start
[ros2-11] [controller_server-1] [INFO] [1785139175.779504312] [robot3.controller_server]: Activating controller: FollowPath of type regulated_pure_pursuit_controller::RegulatedPurePursuitController
[ros2-11] [controller_server-1] [INFO] [1785139175.779544664] [robot3.controller_server]: Creating bond (controller_server) to lifecycle manager.
[ros2-11] [lifecycle_manager-8] [INFO] [1785139175.885074821] [robot3.lifecycle_manager_navigation]: Server controller_server connected with bond.
[ros2-11] [lifecycle_manager-8] [INFO] [1785139175.885115620] [robot3.lifecycle_manager_navigation]: [34m[1mActivating smoother_server[0m[0m
[ros2-11] [smoother_server-2] [INFO] [1785139175.885444120] [robot3.smoother_server]: Activating
[ros2-11] [smoother_server-2] [INFO] [1785139175.885478044] [robot3.smoother_server]: Creating bond (smoother_server) to lifecycle manager.
[ros2-11] [lifecycle_manager-8] [INFO] [1785139175.989599622] [robot3.lifecycle_manager_navigation]: Server smoother_server connected with bond.
[ros2-11] [lifecycle_manager-8] [INFO] [1785139175.989668667] [robot3.lifecycle_manager_navigation]: [34m[1mActivating planner_server[0m[0m
[ros2-11] [planner_server-3] [INFO] [1785139175.990020556] [robot3.planner_server]: Activating
[ros2-11] [planner_server-3] [INFO] [1785139175.990084071] [robot3.global_costmap.global_costmap]: Activating
[ros2-11] [planner_server-3] [INFO] [1785139175.990097877] [robot3.global_costmap.global_costmap]: Checking transform
[ros2-11] [planner_server-3] [INFO] [1785139175.990125998] [robot3.global_costmap.global_costmap]: Timed out waiting for transform from robot3/base_link to map to become available, tf error: Invalid frame ID "map" passed to canTransform argument target_frame - frame does not exist
[ros2-11] [planner_server-3] [INFO] [1785139176.490198542] [robot3.global_costmap.global_costmap]: Timed out waiting for transform from robot3/base_link to map to become available, tf error: Invalid frame ID "map" passed to canTransform argument target_frame - frame does not exist
[ros2-11] [planner_server-3] [INFO] [1785139176.990177266] [robot3.global_costmap.global_costmap]: Timed out waiting for transform from robot3/base_link to map to become available, tf error: Invalid frame ID "map" passed to canTransform argument target_frame - frame does not exist
[ros2-11] [planner_server-3] [INFO] [1785139177.490193299] [robot3.global_costmap.global_costmap]: Timed out waiting for transform from robot3/base_link to map to become available, tf error: Invalid frame ID "map" passed to canTransform argument target_frame - frame does not exist
[ros2-11] [planner_server-3] [INFO] [1785139177.990186211] [robot3.global_costmap.global_costmap]: Timed out waiting for transform from robot3/base_link to map to become available, tf error: Invalid frame ID "map" passed to canTransform argument target_frame - frame does not exist
[ros2-11] [planner_server-3] [INFO] [1785139178.490179191] [robot3.global_costmap.global_costmap]: Timed out waiting for transform from robot3/base_link to map to become available, tf error: Invalid frame ID "map" passed to canTransform argument target_frame - frame does not exist
[ros2-11] [planner_server-3] [INFO] [1785139178.990189230] [robot3.global_costmap.global_costmap]: Timed out waiting for transform from robot3/base_link to map to become available, tf error: Invalid frame ID "map" passed to canTransform argument target_frame - frame does not exist
[ros2-11] [planner_server-3] [INFO] [1785139179.490174165] [robot3.global_costmap.global_costmap]: Timed out waiting for transform from robot3/base_link to map to become available, tf error: Invalid frame ID "map" passed to canTransform argument target_frame - frame does not exist
[ros2-11] [planner_server-3] [INFO] [1785139179.990199143] [robot3.global_costmap.global_costmap]: Timed out waiting for transform from robot3/base_link to map to become available, tf error: Invalid frame ID "map" passed to canTransform argument target_frame - frame does not exist
[ros2-11] [planner_server-3] [INFO] [1785139180.490203758] [robot3.global_costmap.global_costmap]: Timed out waiting for transform from robot3/base_link to map to become available, tf error: Invalid frame ID "map" passed to canTransform argument target_frame - frame does not exist
[ros2-11] [planner_server-3] [INFO] [1785139180.990185419] [robot3.global_costmap.global_costmap]: Timed out waiting for transform from robot3/base_link to map to become available, tf error: Invalid frame ID "map" passed to canTransform argument target_frame - frame does not exist
[ros2-11] [planner_server-3] [INFO] [1785139181.490175402] [robot3.global_costmap.global_costmap]: Timed out waiting for transform from robot3/base_link to map to become available, tf error: Invalid frame ID "map" passed to canTransform argument target_frame - frame does not exist
[ros2-11] [planner_server-3] [INFO] [1785139181.990175764] [robot3.global_costmap.global_costmap]: Timed out waiting for transform from robot3/base_link to map to become available, tf error: Invalid frame ID "map" passed to canTransform argument target_frame - frame does not exist
[ros2-11] [planner_server-3] [INFO] [1785139182.490193369] [robot3.global_costmap.global_costmap]: Timed out waiting for transform from robot3/base_link to map to become available, tf error: Invalid frame ID "map" passed to canTransform argument target_frame - frame does not exist
[ros2-11] [planner_server-3] [INFO] [1785139182.990188807] [robot3.global_costmap.global_costmap]: Timed out waiting for transform from robot3/base_link to map to become available, tf error: Invalid frame ID "map" passed to canTransform argument target_frame - frame does not exist
[ros2-11] [planner_server-3] [INFO] [1785139183.490174651] [robot3.global_costmap.global_costmap]: Timed out waiting for transform from robot3/base_link to map to become available, tf error: Invalid frame ID "map" passed to canTransform argument target_frame - frame does not exist
[ros2-11] [planner_server-3] [INFO] [1785139183.990195916] [robot3.global_costmap.global_costmap]: Timed out waiting for transform from robot3/base_link to map to become available, tf error: Invalid frame ID "map" passed to canTransform argument target_frame - frame does not exist
[ros2-11] [planner_server-3] [INFO] [1785139184.490173034] [robot3.global_costmap.global_costmap]: Timed out waiting for transform from robot3/base_link to map to become available, tf error: Invalid frame ID "map" passed to canTransform argument target_frame - frame does not exist
[ros2-11] [planner_server-3] [INFO] [1785139184.990174468] [robot3.global_costmap.global_costmap]: Timed out waiting for transform from robot3/base_link to map to become available, tf error: Invalid frame ID "map" passed to canTransform argument target_frame - frame does not exist
[ros2-11] [planner_server-3] [INFO] [1785139185.490174458] [robot3.global_costmap.global_costmap]: Timed out waiting for transform from robot3/base_link to map to become available, tf error: Invalid frame ID "map" passed to canTransform argument target_frame - frame does not exist
[ros2-11] [planner_server-3] [INFO] [1785139185.990172072] [robot3.global_costmap.global_costmap]: Timed out waiting for transform from robot3/base_link to map to become available, tf error: Invalid frame ID "map" passed to canTransform argument target_frame - frame does not exist
[ros2-11] [planner_server-3] [INFO] [1785139186.490175024] [robot3.global_costmap.global_costmap]: Timed out waiting for transform from robot3/base_link to map to become available, tf error: Invalid frame ID "map" passed to canTransform argument target_frame - frame does not exist
[ros2-11] [planner_server-3] [INFO] [1785139186.990171973] [robot3.global_costmap.global_costmap]: Timed out waiting for transform from robot3/base_link to map to become available, tf error: Invalid frame ID "map" passed to canTransform argument target_frame - frame does not exist
[ros2-11] [planner_server-3] [INFO] [1785139187.490171177] [robot3.global_costmap.global_costmap]: Timed out waiting for transform from robot3/base_link to map to become available, tf error: Invalid frame ID "map" passed to canTransform argument target_frame - frame does not exist
[ros2-11] [planner_server-3] [INFO] [1785139187.990175024] [robot3.global_costmap.global_costmap]: Timed out waiting for transform from robot3/base_link to map to become available, tf error: Invalid frame ID "map" passed to canTransform argument target_frame - frame does not exist
[ros2-11] [planner_server-3] [INFO] [1785139188.490171657] [robot3.global_costmap.global_costmap]: Timed out waiting for transform from robot3/base_link to map to become available, tf error: Invalid frame ID "map" passed to canTransform argument target_frame - frame does not exist
[ros2-11] [planner_server-3] [INFO] [1785139188.990173349] [robot3.global_costmap.global_costmap]: Timed out waiting for transform from robot3/base_link to map to become available, tf error: Invalid frame ID "map" passed to canTransform argument target_frame - frame does not exist
[ros2-11] [planner_server-3] [INFO] [1785139189.490171445] [robot3.global_costmap.global_costmap]: Timed out waiting for transform from robot3/base_link to map to become available, tf error: Invalid frame ID "map" passed to canTransform argument target_frame - frame does not exist
[ros2-11] [planner_server-3] [INFO] [1785139189.990170666] [robot3.global_costmap.global_costmap]: Timed out waiting for transform from robot3/base_link to map to become available, tf error: Invalid frame ID "map" passed to canTransform argument target_frame - frame does not exist
[ros2-11] [planner_server-3] [INFO] [1785139190.490173867] [robot3.global_costmap.global_costmap]: Timed out waiting for transform from robot3/base_link to map to become available, tf error: Invalid frame ID "map" passed to canTransform argument target_frame - frame does not exist
[ros2-11] [planner_server-3] [INFO] [1785139190.990171540] [robot3.global_costmap.global_costmap]: Timed out waiting for transform from robot3/base_link to map to become available, tf error: Invalid frame ID "map" passed to canTransform argument target_frame - frame does not exist
[ros2-11] [planner_server-3] [INFO] [1785139191.490173224] [robot3.global_costmap.global_costmap]: Timed out waiting for transform from robot3/base_link to map to become available, tf error: Invalid frame ID "map" passed to canTransform argument target_frame - frame does not exist
[ros2-11] [planner_server-3] [INFO] [1785139191.990171388] [robot3.global_costmap.global_costmap]: Timed out waiting for transform from robot3/base_link to map to become available, tf error: Invalid frame ID "map" passed to canTransform argument target_frame - frame does not exist
[ros2-11] [planner_server-3] [INFO] [1785139192.490190596] [robot3.global_costmap.global_costmap]: Timed out waiting for transform from robot3/base_link to map to become available, tf error: Invalid frame ID "map" passed to canTransform argument target_frame - frame does not exist
[ros2-11] [planner_server-3] [INFO] [1785139192.990165730] [robot3.global_costmap.global_costmap]: Timed out waiting for transform from robot3/base_link to map to become available, tf error: Invalid frame ID "map" passed to canTransform argument target_frame - frame does not exist
[ros2-11] [planner_server-3] [INFO] [1785139193.490173369] [robot3.global_costmap.global_costmap]: Timed out waiting for transform from robot3/base_link to map to become available, tf error: Invalid frame ID "map" passed to canTransform argument target_frame - frame does not exist
[ros2-11] [planner_server-3] [INFO] [1785139193.990175531] [robot3.global_costmap.global_costmap]: Timed out waiting for transform from robot3/base_link to map to become available, tf error: Invalid frame ID "map" passed to canTransform argument target_frame - frame does not exist
[ros2-11] [planner_server-3] [INFO] [1785139194.490198546] [robot3.global_costmap.global_costmap]: Timed out waiting for transform from robot3/base_link to map to become available, tf error: Invalid frame ID "map" passed to canTransform argument target_frame - frame does not exist
[ros2-11] [planner_server-3] [INFO] [1785139194.990190983] [robot3.global_costmap.global_costmap]: Timed out waiting for transform from robot3/base_link to map to become available, tf error: Invalid frame ID "map" passed to canTransform argument target_frame - frame does not exist
[ros2-11] [planner_server-3] [INFO] [1785139195.490154999] [robot3.global_costmap.global_costmap]: Timed out waiting for transform from robot3/base_link to map to become available, tf error: Invalid frame ID "map" passed to canTransform argument target_frame - frame does not exist
[ros2-11] [planner_server-3] [INFO] [1785139195.990186413] [robot3.global_costmap.global_costmap]: Timed out waiting for transform from robot3/base_link to map to become available, tf error: Invalid frame ID "map" passed to canTransform argument target_frame - frame does not exist
[ros2-11] [planner_server-3] [INFO] [1785139196.490183286] [robot3.global_costmap.global_costmap]: Timed out waiting for transform from robot3/base_link to map to become available, tf error: Invalid frame ID "map" passed to canTransform argument target_frame - frame does not exist
[ros2-11] [planner_server-3] [INFO] [1785139196.990171933] [robot3.global_costmap.global_costmap]: Timed out waiting for transform from robot3/base_link to map to become available, tf error: Invalid frame ID "map" passed to canTransform argument target_frame - frame does not exist
[ros2-11] [planner_server-3] [INFO] [1785139197.490185561] [robot3.global_costmap.global_costmap]: Timed out waiting for transform from robot3/base_link to map to become available, tf error: Invalid frame ID "map" passed to canTransform argument target_frame - frame does not exist
[ros2-11] [planner_server-3] [INFO] [1785139197.990188497] [robot3.global_costmap.global_costmap]: Timed out waiting for transform from robot3/base_link to map to become available, tf error: Invalid frame ID "map" passed to canTransform argument target_frame - frame does not exist
[ros2-11] [planner_server-3] [INFO] [1785139198.490170964] [robot3.global_costmap.global_costmap]: Timed out waiting for transform from robot3/base_link to map to become available, tf error: Invalid frame ID "map" passed to canTransform argument target_frame - frame does not exist
[ros2-11] [planner_server-3] [INFO] [1785139198.990189527] [robot3.global_costmap.global_costmap]: Timed out waiting for transform from robot3/base_link to map to become available, tf error: Invalid frame ID "map" passed to canTransform argument target_frame - frame does not exist
[ros2-11] [planner_server-3] [INFO] [1785139199.490193858] [robot3.global_costmap.global_costmap]: Timed out waiting for transform from robot3/base_link to map to become available, tf error: Invalid frame ID "map" passed to canTransform argument target_frame - frame does not exist
[ros2-11] [planner_server-3] [INFO] [1785139199.990191354] [robot3.global_costmap.global_costmap]: Timed out waiting for transform from robot3/base_link to map to become available, tf error: Invalid frame ID "map" passed to canTransform argument target_frame - frame does not exist
[ros2-11] [planner_server-3] [INFO] [1785139200.490192994] [robot3.global_costmap.global_costmap]: Timed out waiting for transform from robot3/base_link to map to become available, tf error: Invalid frame ID "map" passed to canTransform argument target_frame - frame does not exist
[ros2-11] [planner_server-3] [INFO] [1785139200.990189716] [robot3.global_costmap.global_costmap]: Timed out waiting for transform from robot3/base_link to map to become available, tf error: Invalid frame ID "map" passed to canTransform argument target_frame - frame does not exist
[ros2-11] [planner_server-3] [INFO] [1785139201.490188886] [robot3.global_costmap.global_costmap]: Timed out waiting for transform from robot3/base_link to map to become available, tf error: Invalid frame ID "map" passed to canTransform argument target_frame - frame does not exist
[ros2-11] [planner_server-3] [INFO] [1785139201.990171446] [robot3.global_costmap.global_costmap]: Timed out waiting for transform from robot3/base_link to map to become available, tf error: Invalid frame ID "map" passed to canTransform argument target_frame - frame does not exist
[ros2-11] [planner_server-3] [INFO] [1785139202.490186023] [robot3.global_costmap.global_costmap]: Timed out waiting for transform from robot3/base_link to map to become available, tf error: Invalid frame ID "map" passed to canTransform argument target_frame - frame does not exist
[ros2-11] [planner_server-3] [INFO] [1785139202.990188180] [robot3.global_costmap.global_costmap]: Timed out waiting for transform from robot3/base_link to map to become available, tf error: Invalid frame ID "map" passed to canTransform argument target_frame - frame does not exist
[ros2-11] [planner_server-3] [INFO] [1785139203.490185098] [robot3.global_costmap.global_costmap]: Timed out waiting for transform from robot3/base_link to map to become available, tf error: Invalid frame ID "map" passed to canTransform argument target_frame - frame does not exist
[ros2-11] [planner_server-3] [INFO] [1785139203.990193649] [robot3.global_costmap.global_costmap]: Timed out waiting for transform from robot3/base_link to map to become available, tf error: Invalid frame ID "map" passed to canTransform argument target_frame - frame does not exist
[ros2-11] [planner_server-3] [INFO] [1785139204.490191351] [robot3.global_costmap.global_costmap]: Timed out waiting for transform from robot3/base_link to map to become available, tf error: Invalid frame ID "map" passed to canTransform argument target_frame - frame does not exist
[ros2-11] [planner_server-3] [INFO] [1785139204.990185828] [robot3.global_costmap.global_costmap]: Timed out waiting for transform from robot3/base_link to map to become available, tf error: Invalid frame ID "map" passed to canTransform argument target_frame - frame does not exist
[ros2-11] [planner_server-3] [INFO] [1785139205.490169947] [robot3.global_costmap.global_costmap]: Timed out waiting for transform from robot3/base_link to map to become available, tf error: Invalid frame ID "map" passed to canTransform argument target_frame - frame does not exist
[ros2-11] [planner_server-3] [INFO] [1785139205.990193429] [robot3.global_costmap.global_costmap]: Timed out waiting for transform from robot3/base_link to map to become available, tf error: Invalid frame ID "map" passed to canTransform argument target_frame - frame does not exist
[ros2-11] [planner_server-3] [INFO] [1785139206.490173651] [robot3.global_costmap.global_costmap]: Timed out waiting for transform from robot3/base_link to map to become available, tf error: Invalid frame ID "map" passed to canTransform argument target_frame - frame does not exist
[ros2-11] [planner_server-3] [INFO] [1785139206.990171259] [robot3.global_costmap.global_costmap]: Timed out waiting for transform from robot3/base_link to map to become available, tf error: Invalid frame ID "map" passed to canTransform argument target_frame - frame does not exist
[ros2-11] [planner_server-3] [INFO] [1785139207.490171448] [robot3.global_costmap.global_costmap]: Timed out waiting for transform from robot3/base_link to map to become available, tf error: Invalid frame ID "map" passed to canTransform argument target_frame - frame does not exist
[ros2-11] [planner_server-3] [INFO] [1785139207.990188530] [robot3.global_costmap.global_costmap]: Timed out waiting for transform from robot3/base_link to map to become available, tf error: Invalid frame ID "map" passed to canTransform argument target_frame - frame does not exist
[ros2-11] [planner_server-3] [INFO] [1785139208.490172971] [robot3.global_costmap.global_costmap]: Timed out waiting for transform from robot3/base_link to map to become available, tf error: Invalid frame ID "map" passed to canTransform argument target_frame - frame does not exist
[ros2-11] [planner_server-3] [INFO] [1785139208.990202883] [robot3.global_costmap.global_costmap]: Timed out waiting for transform from robot3/base_link to map to become available, tf error: Invalid frame ID "map" passed to canTransform argument target_frame - frame does not exist
[ros2-11] [planner_server-3] [INFO] [1785139209.490186045] [robot3.global_costmap.global_costmap]: Timed out waiting for transform from robot3/base_link to map to become available, tf error: Invalid frame ID "map" passed to canTransform argument target_frame - frame does not exist
[ros2-11] [planner_server-3] [INFO] [1785139209.990173269] [robot3.global_costmap.global_costmap]: Timed out waiting for transform from robot3/base_link to map to become available, tf error: Invalid frame ID "map" passed to canTransform argument target_frame - frame does not exist
[ros2-11] [planner_server-3] [INFO] [1785139210.490188841] [robot3.global_costmap.global_costmap]: Timed out waiting for transform from robot3/base_link to map to become available, tf error: Invalid frame ID "map" passed to canTransform argument target_frame - frame does not exist
[ros2-11] [planner_server-3] [INFO] [1785139210.990187160] [robot3.global_costmap.global_costmap]: Timed out waiting for transform from robot3/base_link to map to become available, tf error: Invalid frame ID "map" passed to canTransform argument target_frame - frame does not exist
[ros2-11] [planner_server-3] [INFO] [1785139211.490187671] [robot3.global_costmap.global_costmap]: Timed out waiting for transform from robot3/base_link to map to become available, tf error: Invalid frame ID "map" passed to canTransform argument target_frame - frame does not exist
[ros2-11] [planner_server-3] [INFO] [1785139211.990178662] [robot3.global_costmap.global_costmap]: Timed out waiting for transform from robot3/base_link to map to become available, tf error: Invalid frame ID "map" passed to canTransform argument target_frame - frame does not exist
[ros2-11] [planner_server-3] [INFO] [1785139212.490189511] [robot3.global_costmap.global_costmap]: Timed out waiting for transform from robot3/base_link to map to become available, tf error: Invalid frame ID "map" passed to canTransform argument target_frame - frame does not exist
[ros2-11] [planner_server-3] [INFO] [1785139212.990170554] [robot3.global_costmap.global_costmap]: Timed out waiting for transform from robot3/base_link to map to become available, tf error: Invalid frame ID "map" passed to canTransform argument target_frame - frame does not exist
[ros2-11] [planner_server-3] [INFO] [1785139213.490186804] [robot3.global_costmap.global_costmap]: Timed out waiting for transform from robot3/base_link to map to become available, tf error: Invalid frame ID "map" passed to canTransform argument target_frame - frame does not exist
[ros2-11] [planner_server-3] [INFO] [1785139213.990173445] [robot3.global_costmap.global_costmap]: Timed out waiting for transform from robot3/base_link to map to become available, tf error: Invalid frame ID "map" passed to canTransform argument target_frame - frame does not exist
[ros2-11] [planner_server-3] [INFO] [1785139214.490171986] [robot3.global_costmap.global_costmap]: Timed out waiting for transform from robot3/base_link to map to become available, tf error: Invalid frame ID "map" passed to canTransform argument target_frame - frame does not exist
[ros2-11] [planner_server-3] [INFO] [1785139214.990189500] [robot3.global_costmap.global_costmap]: Timed out waiting for transform from robot3/base_link to map to become available, tf error: Invalid frame ID "map" passed to canTransform argument target_frame - frame does not exist
[ros2-11] [planner_server-3] [INFO] [1785139215.490189179] [robot3.global_costmap.global_costmap]: Timed out waiting for transform from robot3/base_link to map to become available, tf error: Invalid frame ID "map" passed to canTransform argument target_frame - frame does not exist
[ros2-11] [planner_server-3] [INFO] [1785139215.990171706] [robot3.global_costmap.global_costmap]: Timed out waiting for transform from robot3/base_link to map to become available, tf error: Invalid frame ID "map" passed to canTransform argument target_frame - frame does not exist
[ros2-11] [planner_server-3] [INFO] [1785139216.490170111] [robot3.global_costmap.global_costmap]: Timed out waiting for transform from robot3/base_link to map to become available, tf error: Invalid frame ID "map" passed to canTransform argument target_frame - frame does not exist
[ros2-11] [planner_server-3] [INFO] [1785139216.990172858] [robot3.global_costmap.global_costmap]: Timed out waiting for transform from robot3/base_link to map to become available, tf error: Invalid frame ID "map" passed to canTransform argument target_frame - frame does not exist
[ros2-11] [planner_server-3] [INFO] [1785139217.490186539] [robot3.global_costmap.global_costmap]: Timed out waiting for transform from robot3/base_link to map to become available, tf error: Invalid frame ID "map" passed to canTransform argument target_frame - frame does not exist
[ros2-11] [planner_server-3] [INFO] [1785139217.990175191] [robot3.global_costmap.global_costmap]: Timed out waiting for transform from robot3/base_link to map to become available, tf error: Invalid frame ID "map" passed to canTransform argument target_frame - frame does not exist
[ros2-11] [planner_server-3] [INFO] [1785139218.490189371] [robot3.global_costmap.global_costmap]: Timed out waiting for transform from robot3/base_link to map to become available, tf error: Invalid frame ID "map" passed to canTransform argument target_frame - frame does not exist
[ros2-11] [planner_server-3] [INFO] [1785139218.990170682] [robot3.global_costmap.global_costmap]: Timed out waiting for transform from robot3/base_link to map to become available, tf error: Invalid frame ID "map" passed to canTransform argument target_frame - frame does not exist
[ros2-11] [planner_server-3] [INFO] [1785139219.490188883] [robot3.global_costmap.global_costmap]: Timed out waiting for transform from robot3/base_link to map to become available, tf error: Invalid frame ID "map" passed to canTransform argument target_frame - frame does not exist
[ros2-11] [planner_server-3] [INFO] [1785139219.990188871] [robot3.global_costmap.global_costmap]: Timed out waiting for transform from robot3/base_link to map to become available, tf error: Invalid frame ID "map" passed to canTransform argument target_frame - frame does not exist
[ros2-11] [planner_server-3] [INFO] [1785139220.490186662] [robot3.global_costmap.global_costmap]: Timed out waiting for transform from robot3/base_link to map to become available, tf error: Invalid frame ID "map" passed to canTransform argument target_frame - frame does not exist
[ros2-11] [planner_server-3] [INFO] [1785139220.990172681] [robot3.global_costmap.global_costmap]: Timed out waiting for transform from robot3/base_link to map to become available, tf error: Invalid frame ID "map" passed to canTransform argument target_frame - frame does not exist
[ros2-11] [planner_server-3] [INFO] [1785139221.490184969] [robot3.global_costmap.global_costmap]: Timed out waiting for transform from robot3/base_link to map to become available, tf error: Invalid frame ID "map" passed to canTransform argument target_frame - frame does not exist
[ros2-11] [planner_server-3] [INFO] [1785139221.990172945] [robot3.global_costmap.global_costmap]: Timed out waiting for transform from robot3/base_link to map to become available, tf error: Invalid frame ID "map" passed to canTransform argument target_frame - frame does not exist
[ros2-11] [planner_server-3] [INFO] [1785139222.490208659] [robot3.global_costmap.global_costmap]: Timed out waiting for transform from robot3/base_link to map to become available, tf error: Invalid frame ID "map" passed to canTransform argument target_frame - frame does not exist
[ros2-11] [planner_server-3] [INFO] [1785139222.990188445] [robot3.global_costmap.global_costmap]: Timed out waiting for transform from robot3/base_link to map to become available, tf error: Invalid frame ID "map" passed to canTransform argument target_frame - frame does not exist
[ros2-11] [planner_server-3] [INFO] [1785139223.490186377] [robot3.global_costmap.global_costmap]: Timed out waiting for transform from robot3/base_link to map to become available, tf error: Invalid frame ID "map" passed to canTransform argument target_frame - frame does not exist
[ros2-11] [planner_server-3] [INFO] [1785139223.990206363] [robot3.global_costmap.global_costmap]: Timed out waiting for transform from robot3/base_link to map to become available, tf error: Invalid frame ID "map" passed to canTransform argument target_frame - frame does not exist
[ros2-11] [planner_server-3] [INFO] [1785139224.490189914] [robot3.global_costmap.global_costmap]: Timed out waiting for transform from robot3/base_link to map to become available, tf error: Invalid frame ID "map" passed to canTransform argument target_frame - frame does not exist
[ros2-11] [planner_server-3] [INFO] [1785139224.990190569] [robot3.global_costmap.global_costmap]: Timed out waiting for transform from robot3/base_link to map to become available, tf error: Invalid frame ID "map" passed to canTransform argument target_frame - frame does not exist
[ros2-11] [planner_server-3] [INFO] [1785139225.490188130] [robot3.global_costmap.global_costmap]: Timed out waiting for transform from robot3/base_link to map to become available, tf error: Invalid frame ID "map" passed to canTransform argument target_frame - frame does not exist
[ros2-11] [planner_server-3] [INFO] [1785139225.990174372] [robot3.global_costmap.global_costmap]: Timed out waiting for transform from robot3/base_link to map to become available, tf error: Invalid frame ID "map" passed to canTransform argument target_frame - frame does not exist
[ros2-11] [planner_server-3] [INFO] [1785139226.490187847] [robot3.global_costmap.global_costmap]: Timed out waiting for transform from robot3/base_link to map to become available, tf error: Invalid frame ID "map" passed to canTransform argument target_frame - frame does not exist
[ros2-11] [planner_server-3] [INFO] [1785139226.990170296] [robot3.global_costmap.global_costmap]: Timed out waiting for transform from robot3/base_link to map to become available, tf error: Invalid frame ID "map" passed to canTransform argument target_frame - frame does not exist
[ros2-11] [planner_server-3] [INFO] [1785139227.490171505] [robot3.global_costmap.global_costmap]: Timed out waiting for transform from robot3/base_link to map to become available, tf error: Invalid frame ID "map" passed to canTransform argument target_frame - frame does not exist
[ros2-11] [planner_server-3] [INFO] [1785139227.990189944] [robot3.global_costmap.global_costmap]: Timed out waiting for transform from robot3/base_link to map to become available, tf error: Invalid frame ID "map" passed to canTransform argument target_frame - frame does not exist
[ros2-11] [planner_server-3] [INFO] [1785139228.490191472] [robot3.global_costmap.global_costmap]: Timed out waiting for transform from robot3/base_link to map to become available, tf error: Invalid frame ID "map" passed to canTransform argument target_frame - frame does not exist
[ros2-11] [planner_server-3] [INFO] [1785139228.990170969] [robot3.global_costmap.global_costmap]: Timed out waiting for transform from robot3/base_link to map to become available, tf error: Invalid frame ID "map" passed to canTransform argument target_frame - frame does not exist
[ros2-11] [planner_server-3] [INFO] [1785139229.490170306] [robot3.global_costmap.global_costmap]: Timed out waiting for transform from robot3/base_link to map to become available, tf error: Invalid frame ID "map" passed to canTransform argument target_frame - frame does not exist
[ros2-11] [planner_server-3] [INFO] [1785139229.990166457] [robot3.global_costmap.global_costmap]: Timed out waiting for transform from robot3/base_link to map to become available, tf error: Invalid frame ID "map" passed to canTransform argument target_frame - frame does not exist
[ros2-11] [planner_server-3] [INFO] [1785139230.490173999] [robot3.global_costmap.global_costmap]: Timed out waiting for transform from robot3/base_link to map to become available, tf error: Invalid frame ID "map" passed to canTransform argument target_frame - frame does not exist
[ros2-11] [planner_server-3] [INFO] [1785139230.990153896] [robot3.global_costmap.global_costmap]: Timed out waiting for transform from robot3/base_link to map to become available, tf error: Invalid frame ID "map" passed to canTransform argument target_frame - frame does not exist
[ros2-11] [planner_server-3] [INFO] [1785139231.490198140] [robot3.global_costmap.global_costmap]: Timed out waiting for transform from robot3/base_link to map to become available, tf error: Invalid frame ID "map" passed to canTransform argument target_frame - frame does not exist
[ros2-11] [planner_server-3] [INFO] [1785139231.990187081] [robot3.global_costmap.global_costmap]: Timed out waiting for transform from robot3/base_link to map to become available, tf error: Invalid frame ID "map" passed to canTransform argument target_frame - frame does not exist
[ros2-11] [planner_server-3] [INFO] [1785139232.490209411] [robot3.global_costmap.global_costmap]: Timed out waiting for transform from robot3/base_link to map to become available, tf error: Invalid frame ID "map" passed to canTransform argument target_frame - frame does not exist
[ros2-11] [planner_server-3] [INFO] [1785139232.990189011] [robot3.global_costmap.global_costmap]: Timed out waiting for transform from robot3/base_link to map to become available, tf error: Invalid frame ID "map" passed to canTransform argument target_frame - frame does not exist
[ros2-11] [planner_server-3] [INFO] [1785139233.490185363] [robot3.global_costmap.global_costmap]: Timed out waiting for transform from robot3/base_link to map to become available, tf error: Invalid frame ID "map" passed to canTransform argument target_frame - frame does not exist
[ros2-11] [planner_server-3] [INFO] [1785139233.990189182] [robot3.global_costmap.global_costmap]: Timed out waiting for transform from robot3/base_link to map to become available, tf error: Invalid frame ID "map" passed to canTransform argument target_frame - frame does not exist
[ros2-11] [planner_server-3] [INFO] [1785139234.490193925] [robot3.global_costmap.global_costmap]: Timed out waiting for transform from robot3/base_link to map to become available, tf error: Invalid frame ID "map" passed to canTransform argument target_frame - frame does not exist
[ros2-11] [planner_server-3] [INFO] [1785139234.990186096] [robot3.global_costmap.global_costmap]: Timed out waiting for transform from robot3/base_link to map to become available, tf error: Invalid frame ID "map" passed to canTransform argument target_frame - frame does not exist
[ros2-11] [planner_server-3] [INFO] [1785139235.490186087] [robot3.global_costmap.global_costmap]: Timed out waiting for transform from robot3/base_link to map to become available, tf error: Invalid frame ID "map" passed to canTransform argument target_frame - frame does not exist
[ros2-11] [planner_server-3] [INFO] [1785139235.990191561] [robot3.global_costmap.global_costmap]: Timed out waiting for transform from robot3/base_link to map to become available, tf error: Invalid frame ID "map" passed to canTransform argument target_frame - frame does not exist
[ros2-11] [planner_server-3] [INFO] [1785139236.490170536] [robot3.global_costmap.global_costmap]: Timed out waiting for transform from robot3/base_link to map to become available, tf error: Invalid frame ID "map" passed to canTransform argument target_frame - frame does not exist
[ros2-11] [planner_server-3] [INFO] [1785139236.990195481] [robot3.global_costmap.global_costmap]: Timed out waiting for transform from robot3/base_link to map to become available, tf error: Invalid frame ID "map" passed to canTransform argument target_frame - frame does not exist
[ros2-11] [planner_server-3] [INFO] [1785139237.490217205] [robot3.global_costmap.global_costmap]: Timed out waiting for transform from robot3/base_link to map to become available, tf error: Invalid frame ID "map" passed to canTransform argument target_frame - frame does not exist
[ros2-11] [planner_server-3] [INFO] [1785139237.990176499] [robot3.global_costmap.global_costmap]: Timed out waiting for transform from robot3/base_link to map to become available, tf error: Invalid frame ID "map" passed to canTransform argument target_frame - frame does not exist
[ros2-11] [planner_server-3] [INFO] [1785139238.490185250] [robot3.global_costmap.global_costmap]: Timed out waiting for transform from robot3/base_link to map to become available, tf error: Invalid frame ID "map" passed to canTransform argument target_frame - frame does not exist
[ros2-11] [planner_server-3] [INFO] [1785139238.990170460] [robot3.global_costmap.global_costmap]: Timed out waiting for transform from robot3/base_link to map to become available, tf error: Invalid frame ID "map" passed to canTransform argument target_frame - frame does not exist
[ros2-11] [planner_server-3] [INFO] [1785139239.490187760] [robot3.global_costmap.global_costmap]: Timed out waiting for transform from robot3/base_link to map to become available, tf error: Invalid frame ID "map" passed to canTransform argument target_frame - frame does not exist
[ros2-11] [planner_server-3] [INFO] [1785139239.990193782] [robot3.global_costmap.global_costmap]: Timed out waiting for transform from robot3/base_link to map to become available, tf error: Invalid frame ID "map" passed to canTransform argument target_frame - frame does not exist
[ros2-11] [planner_server-3] [INFO] [1785139240.490189110] [robot3.global_costmap.global_costmap]: Timed out waiting for transform from robot3/base_link to map to become available, tf error: Invalid frame ID "map" passed to canTransform argument target_frame - frame does not exist
[ros2-11] [planner_server-3] [INFO] [1785139240.990183492] [robot3.global_costmap.global_costmap]: Timed out waiting for transform from robot3/base_link to map to become available, tf error: Invalid frame ID "map" passed to canTransform argument target_frame - frame does not exist
[ros2-11] [planner_server-3] [INFO] [1785139241.490175941] [robot3.global_costmap.global_costmap]: Timed out waiting for transform from robot3/base_link to map to become available, tf error: Invalid frame ID "map" passed to canTransform argument target_frame - frame does not exist
[ros2-11] [planner_server-3] [INFO] [1785139241.990187060] [robot3.global_costmap.global_costmap]: Timed out waiting for transform from robot3/base_link to map to become available, tf error: Invalid frame ID "map" passed to canTransform argument target_frame - frame does not exist
[ros2-11] [planner_server-3] [INFO] [1785139242.490169317] [robot3.global_costmap.global_costmap]: Timed out waiting for transform from robot3/base_link to map to become available, tf error: Invalid frame ID "map" passed to canTransform argument target_frame - frame does not exist
[ros2-11] [planner_server-3] [INFO] [1785139242.990194444] [robot3.global_costmap.global_costmap]: Timed out waiting for transform from robot3/base_link to map to become available, tf error: Invalid frame ID "map" passed to canTransform argument target_frame - frame does not exist
[ros2-11] [planner_server-3] [INFO] [1785139243.490176419] [robot3.global_costmap.global_costmap]: Timed out waiting for transform from robot3/base_link to map to become available, tf error: Invalid frame ID "map" passed to canTransform argument target_frame - frame does not exist
[ros2-11] [planner_server-3] [INFO] [1785139243.990188906] [robot3.global_costmap.global_costmap]: Timed out waiting for transform from robot3/base_link to map to become available, tf error: Invalid frame ID "map" passed to canTransform argument target_frame - frame does not exist
[ros2-11] [planner_server-3] [INFO] [1785139244.490169329] [robot3.global_costmap.global_costmap]: Timed out waiting for transform from robot3/base_link to map to become available, tf error: Invalid frame ID "map" passed to canTransform argument target_frame - frame does not exist
[ros2-11] [planner_server-3] [INFO] [1785139244.990166683] [robot3.global_costmap.global_costmap]: Timed out waiting for transform from robot3/base_link to map to become available, tf error: Invalid frame ID "map" passed to canTransform argument target_frame - frame does not exist
[ros2-11] [planner_server-3] [INFO] [1785139245.490183785] [robot3.global_costmap.global_costmap]: Timed out waiting for transform from robot3/base_link to map to become available, tf error: Invalid frame ID "map" passed to canTransform argument target_frame - frame does not exist
[ros2-11] [planner_server-3] [INFO] [1785139245.990186272] [robot3.global_costmap.global_costmap]: Timed out waiting for transform from robot3/base_link to map to become available, tf error: Invalid frame ID "map" passed to canTransform argument target_frame - frame does not exist
[ros2-11] [planner_server-3] [INFO] [1785139246.490186418] [robot3.global_costmap.global_costmap]: Timed out waiting for transform from robot3/base_link to map to become available, tf error: Invalid frame ID "map" passed to canTransform argument target_frame - frame does not exist
[ros2-11] [planner_server-3] [INFO] [1785139246.990187026] [robot3.global_costmap.global_costmap]: Timed out waiting for transform from robot3/base_link to map to become available, tf error: Invalid frame ID "map" passed to canTransform argument target_frame - frame does not exist
[ros2-11] [planner_server-3] [INFO] [1785139247.490172743] [robot3.global_costmap.global_costmap]: Timed out waiting for transform from robot3/base_link to map to become available, tf error: Invalid frame ID "map" passed to canTransform argument target_frame - frame does not exist
[ros2-11] [planner_server-3] [INFO] [1785139247.990195576] [robot3.global_costmap.global_costmap]: Timed out waiting for transform from robot3/base_link to map to become available, tf error: Invalid frame ID "map" passed to canTransform argument target_frame - frame does not exist
[ros2-11] [planner_server-3] [INFO] [1785139248.490185658] [robot3.global_costmap.global_costmap]: Timed out waiting for transform from robot3/base_link to map to become available, tf error: Invalid frame ID "map" passed to canTransform argument target_frame - frame does not exist
[ros2-11] [planner_server-3] [INFO] [1785139248.990170627] [robot3.global_costmap.global_costmap]: Timed out waiting for transform from robot3/base_link to map to become available, tf error: Invalid frame ID "map" passed to canTransform argument target_frame - frame does not exist
[ros2-11] [planner_server-3] [INFO] [1785139249.490190101] [robot3.global_costmap.global_costmap]: Timed out waiting for transform from robot3/base_link to map to become available, tf error: Invalid frame ID "map" passed to canTransform argument target_frame - frame does not exist
[ros2-11] [planner_server-3] [INFO] [1785139249.990190856] [robot3.global_costmap.global_costmap]: Timed out waiting for transform from robot3/base_link to map to become available, tf error: Invalid frame ID "map" passed to canTransform argument target_frame - frame does not exist
[ros2-11] [planner_server-3] [INFO] [1785139250.490188054] [robot3.global_costmap.global_costmap]: Timed out waiting for transform from robot3/base_link to map to become available, tf error: Invalid frame ID "map" passed to canTransform argument target_frame - frame does not exist
[ros2-11] [planner_server-3] [INFO] [1785139250.990185373] [robot3.global_costmap.global_costmap]: Timed out waiting for transform from robot3/base_link to map to become available, tf error: Invalid frame ID "map" passed to canTransform argument target_frame - frame does not exist
[ros2-11] [planner_server-3] [INFO] [1785139251.490187446] [robot3.global_costmap.global_costmap]: Timed out waiting for transform from robot3/base_link to map to become available, tf error: Invalid frame ID "map" passed to canTransform argument target_frame - frame does not exist
[ros2-11] [planner_server-3] [INFO] [1785139251.990166270] [robot3.global_costmap.global_costmap]: Timed out waiting for transform from robot3/base_link to map to become available, tf error: Invalid frame ID "map" passed to canTransform argument target_frame - frame does not exist
[ros2-11] [planner_server-3] [INFO] [1785139252.490173314] [robot3.global_costmap.global_costmap]: Timed out waiting for transform from robot3/base_link to map to become available, tf error: Invalid frame ID "map" passed to canTransform argument target_frame - frame does not exist
[ros2-11] [planner_server-3] [INFO] [1785139252.990236608] [robot3.global_costmap.global_costmap]: Timed out waiting for transform from robot3/base_link to map to become available, tf error: Invalid frame ID "map" passed to canTransform argument target_frame - frame does not exist
[ros2-11] [planner_server-3] [INFO] [1785139253.490188583] [robot3.global_costmap.global_costmap]: Timed out waiting for transform from robot3/base_link to map to become available, tf error: Invalid frame ID "map" passed to canTransform argument target_frame - frame does not exist
[ros2-11] [planner_server-3] [INFO] [1785139253.990149616] [robot3.global_costmap.global_costmap]: Timed out waiting for transform from robot3/base_link to map to become available, tf error: Invalid frame ID "map" passed to canTransform argument target_frame - frame does not exist
[ros2-11] [planner_server-3] [INFO] [1785139254.490172485] [robot3.global_costmap.global_costmap]: Timed out waiting for transform from robot3/base_link to map to become available, tf error: Invalid frame ID "map" passed to canTransform argument target_frame - frame does not exist
[ros2-11] [planner_server-3] [INFO] [1785139254.990189963] [robot3.global_costmap.global_costmap]: Timed out waiting for transform from robot3/base_link to map to become available, tf error: Invalid frame ID "map" passed to canTransform argument target_frame - frame does not exist
[ros2-11] [planner_server-3] [INFO] [1785139255.490170950] [robot3.global_costmap.global_costmap]: Timed out waiting for transform from robot3/base_link to map to become available, tf error: Invalid frame ID "map" passed to canTransform argument target_frame - frame does not exist
[ros2-11] [planner_server-3] [INFO] [1785139255.990187147] [robot3.global_costmap.global_costmap]: Timed out waiting for transform from robot3/base_link to map to become available, tf error: Invalid frame ID "map" passed to canTransform argument target_frame - frame does not exist
[ros2-11] [planner_server-3] [INFO] [1785139256.490170288] [robot3.global_costmap.global_costmap]: Timed out waiting for transform from robot3/base_link to map to become available, tf error: Invalid frame ID "map" passed to canTransform argument target_frame - frame does not exist
[ros2-11] [planner_server-3] [INFO] [1785139256.990170923] [robot3.global_costmap.global_costmap]: Timed out waiting for transform from robot3/base_link to map to become available, tf error: Invalid frame ID "map" passed to canTransform argument target_frame - frame does not exist
[ros2-11] [planner_server-3] [INFO] [1785139257.490195124] [robot3.global_costmap.global_costmap]: Timed out waiting for transform from robot3/base_link to map to become available, tf error: Invalid frame ID "map" passed to canTransform argument target_frame - frame does not exist
[ros2-11] [planner_server-3] [INFO] [1785139257.990173903] [robot3.global_costmap.global_costmap]: Timed out waiting for transform from robot3/base_link to map to become available, tf error: Invalid frame ID "map" passed to canTransform argument target_frame - frame does not exist
[ros2-11] [planner_server-3] [INFO] [1785139258.490176539] [robot3.global_costmap.global_costmap]: Timed out waiting for transform from robot3/base_link to map to become available, tf error: Invalid frame ID "map" passed to canTransform argument target_frame - frame does not exist
[ros2-11] [planner_server-3] [INFO] [1785139258.990195992] [robot3.global_costmap.global_costmap]: Timed out waiting for transform from robot3/base_link to map to become available, tf error: Invalid frame ID "map" passed to canTransform argument target_frame - frame does not exist
[ros2-11] [planner_server-3] [INFO] [1785139259.490197275] [robot3.global_costmap.global_costmap]: Timed out waiting for transform from robot3/base_link to map to become available, tf error: Invalid frame ID "map" passed to canTransform argument target_frame - frame does not exist
[ros2-11] [planner_server-3] [INFO] [1785139259.990190248] [robot3.global_costmap.global_costmap]: Timed out waiting for transform from robot3/base_link to map to become available, tf error: Invalid frame ID "map" passed to canTransform argument target_frame - frame does not exist
[ros2-11] [planner_server-3] [INFO] [1785139260.490173398] [robot3.global_costmap.global_costmap]: Timed out waiting for transform from robot3/base_link to map to become available, tf error: Invalid frame ID "map" passed to canTransform argument target_frame - frame does not exist
[ros2-11] [planner_server-3] [INFO] [1785139260.990194634] [robot3.global_costmap.global_costmap]: Timed out waiting for transform from robot3/base_link to map to become available, tf error: Invalid frame ID "map" passed to canTransform argument target_frame - frame does not exist
[ros2-11] [planner_server-3] [INFO] [1785139261.490193063] [robot3.global_costmap.global_costmap]: Timed out waiting for transform from robot3/base_link to map to become available, tf error: Invalid frame ID "map" passed to canTransform argument target_frame - frame does not exist
[ros2-11] [planner_server-3] [INFO] [1785139261.990178027] [robot3.global_costmap.global_costmap]: Timed out waiting for transform from robot3/base_link to map to become available, tf error: Invalid frame ID "map" passed to canTransform argument target_frame - frame does not exist
[ros2-11] [planner_server-3] [INFO] [1785139262.490172060] [robot3.global_costmap.global_costmap]: Timed out waiting for transform from robot3/base_link to map to become available, tf error: Invalid frame ID "map" passed to canTransform argument target_frame - frame does not exist
[ros2-11] [planner_server-3] [INFO] [1785139262.990187002] [robot3.global_costmap.global_costmap]: Timed out waiting for transform from robot3/base_link to map to become available, tf error: Invalid frame ID "map" passed to canTransform argument target_frame - frame does not exist
[ros2-11] [planner_server-3] [INFO] [1785139263.490140720] [robot3.global_costmap.global_costmap]: Timed out waiting for transform from robot3/base_link to map to become available, tf error: Invalid frame ID "map" passed to canTransform argument target_frame - frame does not exist
[ros2-11] [planner_server-3] [INFO] [1785139263.990171358] [robot3.global_costmap.global_costmap]: Timed out waiting for transform from robot3/base_link to map to become available, tf error: Invalid frame ID "map" passed to canTransform argument target_frame - frame does not exist
[ros2-11] [planner_server-3] [INFO] [1785139264.490174232] [robot3.global_costmap.global_costmap]: Timed out waiting for transform from robot3/base_link to map to become available, tf error: Invalid frame ID "map" passed to canTransform argument target_frame - frame does not exist
[ros2-11] [planner_server-3] [INFO] [1785139264.990224858] [robot3.global_costmap.global_costmap]: Timed out waiting for transform from robot3/base_link to map to become available, tf error: Invalid frame ID "map" passed to canTransform argument target_frame - frame does not exist
[ros2-11] [planner_server-3] [INFO] [1785139265.490191061] [robot3.global_costmap.global_costmap]: Timed out waiting for transform from robot3/base_link to map to become available, tf error: Invalid frame ID "map" passed to canTransform argument target_frame - frame does not exist
[ros2-11] [planner_server-3] [INFO] [1785139265.990176827] [robot3.global_costmap.global_costmap]: Timed out waiting for transform from robot3/base_link to map to become available, tf error: Invalid frame ID "map" passed to canTransform argument target_frame - frame does not exist
[ros2-11] [planner_server-3] [INFO] [1785139266.490186694] [robot3.global_costmap.global_costmap]: Timed out waiting for transform from robot3/base_link to map to become available, tf error: Invalid frame ID "map" passed to canTransform argument target_frame - frame does not exist
[ros2-11] [planner_server-3] [INFO] [1785139266.990170909] [robot3.global_costmap.global_costmap]: Timed out waiting for transform from robot3/base_link to map to become available, tf error: Invalid frame ID "map" passed to canTransform argument target_frame - frame does not exist
[ros2-11] [planner_server-3] [INFO] [1785139267.490189470] [robot3.global_costmap.global_costmap]: Timed out waiting for transform from robot3/base_link to map to become available, tf error: Invalid frame ID "map" passed to canTransform argument target_frame - frame does not exist
[ros2-11] [planner_server-3] [INFO] [1785139267.990178094] [robot3.global_costmap.global_costmap]: Timed out waiting for transform from robot3/base_link to map to become available, tf error: Invalid frame ID "map" passed to canTransform argument target_frame - frame does not exist
[ros2-11] [planner_server-3] [INFO] [1785139268.490170956] [robot3.global_costmap.global_costmap]: Timed out waiting for transform from robot3/base_link to map to become available, tf error: Invalid frame ID "map" passed to canTransform argument target_frame - frame does not exist
[ros2-11] [planner_server-3] [INFO] [1785139268.990182811] [robot3.global_costmap.global_costmap]: Timed out waiting for transform from robot3/base_link to map to become available, tf error: Invalid frame ID "map" passed to canTransform argument target_frame - frame does not exist
[ros2-11] [planner_server-3] [INFO] [1785139269.490185770] [robot3.global_costmap.global_costmap]: Timed out waiting for transform from robot3/base_link to map to become available, tf error: Invalid frame ID "map" passed to canTransform argument target_frame - frame does not exist
[ros2-11] [planner_server-3] [INFO] [1785139269.990169711] [robot3.global_costmap.global_costmap]: Timed out waiting for transform from robot3/base_link to map to become available, tf error: Invalid frame ID "map" passed to canTransform argument target_frame - frame does not exist
[ros2-11] [planner_server-3] [INFO] [1785139270.490186446] [robot3.global_costmap.global_costmap]: Timed out waiting for transform from robot3/base_link to map to become available, tf error: Invalid frame ID "map" passed to canTransform argument target_frame - frame does not exist
[ros2-11] [planner_server-3] [INFO] [1785139270.990188526] [robot3.global_costmap.global_costmap]: Timed out waiting for transform from robot3/base_link to map to become available, tf error: Invalid frame ID "map" passed to canTransform argument target_frame - frame does not exist
[ros2-11] [planner_server-3] [INFO] [1785139271.490172772] [robot3.global_costmap.global_costmap]: Timed out waiting for transform from robot3/base_link to map to become available, tf error: Invalid frame ID "map" passed to canTransform argument target_frame - frame does not exist
[ros2-11] [planner_server-3] [INFO] [1785139271.990171029] [robot3.global_costmap.global_costmap]: Timed out waiting for transform from robot3/base_link to map to become available, tf error: Invalid frame ID "map" passed to canTransform argument target_frame - frame does not exist
[ros2-11] [planner_server-3] [INFO] [1785139272.490168263] [robot3.global_costmap.global_costmap]: Timed out waiting for transform from robot3/base_link to map to become available, tf error: Invalid frame ID "map" passed to canTransform argument target_frame - frame does not exist
[ros2-11] [planner_server-3] [INFO] [1785139272.990183878] [robot3.global_costmap.global_costmap]: Timed out waiting for transform from robot3/base_link to map to become available, tf error: Invalid frame ID "map" passed to canTransform argument target_frame - frame does not exist
[ros2-11] [planner_server-3] [INFO] [1785139273.490187059] [robot3.global_costmap.global_costmap]: Timed out waiting for transform from robot3/base_link to map to become available, tf error: Invalid frame ID "map" passed to canTransform argument target_frame - frame does not exist
[ros2-11] [planner_server-3] [INFO] [1785139273.990186810] [robot3.global_costmap.global_costmap]: Timed out waiting for transform from robot3/base_link to map to become available, tf error: Invalid frame ID "map" passed to canTransform argument target_frame - frame does not exist
[ros2-11] [planner_server-3] [INFO] [1785139274.490187298] [robot3.global_costmap.global_costmap]: Timed out waiting for transform from robot3/base_link to map to become available, tf error: Invalid frame ID "map" passed to canTransform argument target_frame - frame does not exist
[ros2-11] [planner_server-3] [INFO] [1785139274.990176561] [robot3.global_costmap.global_costmap]: Timed out waiting for transform from robot3/base_link to map to become available, tf error: Invalid frame ID "map" passed to canTransform argument target_frame - frame does not exist
[ros2-11] [planner_server-3] [INFO] [1785139275.490171375] [robot3.global_costmap.global_costmap]: Timed out waiting for transform from robot3/base_link to map to become available, tf error: Invalid frame ID "map" passed to canTransform argument target_frame - frame does not exist
[ros2-11] [planner_server-3] [INFO] [1785139275.990185575] [robot3.global_costmap.global_costmap]: Timed out waiting for transform from robot3/base_link to map to become available, tf error: Invalid frame ID "map" passed to canTransform argument target_frame - frame does not exist
[ros2-11] [planner_server-3] [INFO] [1785139276.490174250] [robot3.global_costmap.global_costmap]: Timed out waiting for transform from robot3/base_link to map to become available, tf error: Invalid frame ID "map" passed to canTransform argument target_frame - frame does not exist
[ros2-11] [planner_server-3] [INFO] [1785139276.990176625] [robot3.global_costmap.global_costmap]: Timed out waiting for transform from robot3/base_link to map to become available, tf error: Invalid frame ID "map" passed to canTransform argument target_frame - frame does not exist
[ros2-11] [planner_server-3] [INFO] [1785139277.490173525] [robot3.global_costmap.global_costmap]: Timed out waiting for transform from robot3/base_link to map to become available, tf error: Invalid frame ID "map" passed to canTransform argument target_frame - frame does not exist
[ros2-11] [planner_server-3] [INFO] [1785139277.990167598] [robot3.global_costmap.global_costmap]: Timed out waiting for transform from robot3/base_link to map to become available, tf error: Invalid frame ID "map" passed to canTransform argument target_frame - frame does not exist
[ros2-11] [planner_server-3] [INFO] [1785139278.490180336] [robot3.global_costmap.global_costmap]: Timed out waiting for transform from robot3/base_link to map to become available, tf error: Invalid frame ID "map" passed to canTransform argument target_frame - frame does not exist
[ros2-11] [planner_server-3] [INFO] [1785139278.990168536] [robot3.global_costmap.global_costmap]: Timed out waiting for transform from robot3/base_link to map to become available, tf error: Invalid frame ID "map" passed to canTransform argument target_frame - frame does not exist
[ros2-11] [planner_server-3] [INFO] [1785139279.490168794] [robot3.global_costmap.global_costmap]: Timed out waiting for transform from robot3/base_link to map to become available, tf error: Invalid frame ID "map" passed to canTransform argument target_frame - frame does not exist
[ros2-11] [planner_server-3] [INFO] [1785139279.990169625] [robot3.global_costmap.global_costmap]: Timed out waiting for transform from robot3/base_link to map to become available, tf error: Invalid frame ID "map" passed to canTransform argument target_frame - frame does not exist
[ros2-11] [planner_server-3] [INFO] [1785139280.490168908] [robot3.global_costmap.global_costmap]: Timed out waiting for transform from robot3/base_link to map to become available, tf error: Invalid frame ID "map" passed to canTransform argument target_frame - frame does not exist
[ros2-11] [planner_server-3] [INFO] [1785139280.990168314] [robot3.global_costmap.global_costmap]: Timed out waiting for transform from robot3/base_link to map to become available, tf error: Invalid frame ID "map" passed to canTransform argument target_frame - frame does not exist
[ros2-11] [planner_server-3] [INFO] [1785139281.490183756] [robot3.global_costmap.global_costmap]: Timed out waiting for transform from robot3/base_link to map to become available, tf error: Invalid frame ID "map" passed to canTransform argument target_frame - frame does not exist
[ros2-11] [planner_server-3] [INFO] [1785139281.990189228] [robot3.global_costmap.global_costmap]: Timed out waiting for transform from robot3/base_link to map to become available, tf error: Invalid frame ID "map" passed to canTransform argument target_frame - frame does not exist
[ros2-11] [planner_server-3] [INFO] [1785139282.490167940] [robot3.global_costmap.global_costmap]: Timed out waiting for transform from robot3/base_link to map to become available, tf error: Invalid frame ID "map" passed to canTransform argument target_frame - frame does not exist
[ros2-11] [planner_server-3] [INFO] [1785139282.990199564] [robot3.global_costmap.global_costmap]: Timed out waiting for transform from robot3/base_link to map to become available, tf error: Invalid frame ID "map" passed to canTransform argument target_frame - frame does not exist
[ros2-11] [planner_server-3] [INFO] [1785139283.490190409] [robot3.global_costmap.global_costmap]: Timed out waiting for transform from robot3/base_link to map to become available, tf error: Invalid frame ID "map" passed to canTransform argument target_frame - frame does not exist
[ros2-11] [planner_server-3] [INFO] [1785139283.990182665] [robot3.global_costmap.global_costmap]: Timed out waiting for transform from robot3/base_link to map to become available, tf error: Invalid frame ID "map" passed to canTransform argument target_frame - frame does not exist
[ros2-11] [planner_server-3] [INFO] [1785139284.490167292] [robot3.global_costmap.global_costmap]: Timed out waiting for transform from robot3/base_link to map to become available, tf error: Invalid frame ID "map" passed to canTransform argument target_frame - frame does not exist
[ros2-11] [planner_server-3] [INFO] [1785139284.990193283] [robot3.global_costmap.global_costmap]: Timed out waiting for transform from robot3/base_link to map to become available, tf error: Invalid frame ID "map" passed to canTransform argument target_frame - frame does not exist
[ros2-11] [planner_server-3] [INFO] [1785139285.490191481] [robot3.global_costmap.global_costmap]: Timed out waiting for transform from robot3/base_link to map to become available, tf error: Invalid frame ID "map" passed to canTransform argument target_frame - frame does not exist
[ros2-11] [planner_server-3] [INFO] [1785139285.990169139] [robot3.global_costmap.global_costmap]: Timed out waiting for transform from robot3/base_link to map to become available, tf error: Invalid frame ID "map" passed to canTransform argument target_frame - frame does not exist
[ros2-11] [planner_server-3] [INFO] [1785139286.490191448] [robot3.global_costmap.global_costmap]: Timed out waiting for transform from robot3/base_link to map to become available, tf error: Invalid frame ID "map" passed to canTransform argument target_frame - frame does not exist
[ros2-11] [planner_server-3] [INFO] [1785139286.990173048] [robot3.global_costmap.global_costmap]: Timed out waiting for transform from robot3/base_link to map to become available, tf error: Invalid frame ID "map" passed to canTransform argument target_frame - frame does not exist
[ros2-11] [planner_server-3] [INFO] [1785139287.490185021] [robot3.global_costmap.global_costmap]: Timed out waiting for transform from robot3/base_link to map to become available, tf error: Invalid frame ID "map" passed to canTransform argument target_frame - frame does not exist
[ros2-11] [planner_server-3] [INFO] [1785139287.990183077] [robot3.global_costmap.global_costmap]: Timed out waiting for transform from robot3/base_link to map to become available, tf error: Invalid frame ID "map" passed to canTransform argument target_frame - frame does not exist
[ros2-11] [planner_server-3] [INFO] [1785139288.490185088] [robot3.global_costmap.global_costmap]: Timed out waiting for transform from robot3/base_link to map to become available, tf error: Invalid frame ID "map" passed to canTransform argument target_frame - frame does not exist
[ros2-11] [planner_server-3] [INFO] [1785139288.990189208] [robot3.global_costmap.global_costmap]: Timed out waiting for transform from robot3/base_link to map to become available, tf error: Invalid frame ID "map" passed to canTransform argument target_frame - frame does not exist
[ros2-11] [planner_server-3] [INFO] [1785139289.490186800] [robot3.global_costmap.global_costmap]: Timed out waiting for transform from robot3/base_link to map to become available, tf error: Invalid frame ID "map" passed to canTransform argument target_frame - frame does not exist
[ros2-11] [planner_server-3] [INFO] [1785139289.990187670] [robot3.global_costmap.global_costmap]: Timed out waiting for transform from robot3/base_link to map to become available, tf error: Invalid frame ID "map" passed to canTransform argument target_frame - frame does not exist
[ros2-11] [planner_server-3] [INFO] [1785139290.490182775] [robot3.global_costmap.global_costmap]: Timed out waiting for transform from robot3/base_link to map to become available, tf error: Invalid frame ID "map" passed to canTransform argument target_frame - frame does not exist
[ros2-11] [planner_server-3] [INFO] [1785139290.990185179] [robot3.global_costmap.global_costmap]: Timed out waiting for transform from robot3/base_link to map to become available, tf error: Invalid frame ID "map" passed to canTransform argument target_frame - frame does not exist
[ros2-11] [planner_server-3] [INFO] [1785139291.490177026] [robot3.global_costmap.global_costmap]: Timed out waiting for transform from robot3/base_link to map to become available, tf error: Invalid frame ID "map" passed to canTransform argument target_frame - frame does not exist
[ros2-11] [planner_server-3] [INFO] [1785139291.990181965] [robot3.global_costmap.global_costmap]: Timed out waiting for transform from robot3/base_link to map to become available, tf error: Invalid frame ID "map" passed to canTransform argument target_frame - frame does not exist
[ros2-11] [planner_server-3] [INFO] [1785139292.490183709] [robot3.global_costmap.global_costmap]: Timed out waiting for transform from robot3/base_link to map to become available, tf error: Invalid frame ID "map" passed to canTransform argument target_frame - frame does not exist
[ros2-11] [planner_server-3] [INFO] [1785139292.990182026] [robot3.global_costmap.global_costmap]: Timed out waiting for transform from robot3/base_link to map to become available, tf error: Invalid frame ID "map" passed to canTransform argument target_frame - frame does not exist
[ros2-11] [planner_server-3] [INFO] [1785139293.490190200] [robot3.global_costmap.global_costmap]: Timed out waiting for transform from robot3/base_link to map to become available, tf error: Invalid frame ID "map" passed to canTransform argument target_frame - frame does not exist
[ros2-11] [planner_server-3] [INFO] [1785139293.990187391] [robot3.global_costmap.global_costmap]: Timed out waiting for transform from robot3/base_link to map to become available, tf error: Invalid frame ID "map" passed to canTransform argument target_frame - frame does not exist
[ros2-11] [planner_server-3] [INFO] [1785139294.490184563] [robot3.global_costmap.global_costmap]: Timed out waiting for transform from robot3/base_link to map to become available, tf error: Invalid frame ID "map" passed to canTransform argument target_frame - frame does not exist
[ros2-11] [planner_server-3] [INFO] [1785139294.990185766] [robot3.global_costmap.global_costmap]: Timed out waiting for transform from robot3/base_link to map to become available, tf error: Invalid frame ID "map" passed to canTransform argument target_frame - frame does not exist
[ros2-11] [planner_server-3] [INFO] [1785139295.490172097] [robot3.global_costmap.global_costmap]: Timed out waiting for transform from robot3/base_link to map to become available, tf error: Invalid frame ID "map" passed to canTransform argument target_frame - frame does not exist
[ros2-11] [planner_server-3] [INFO] [1785139295.990197058] [robot3.global_costmap.global_costmap]: Timed out waiting for transform from robot3/base_link to map to become available, tf error: Invalid frame ID "map" passed to canTransform argument target_frame - frame does not exist
[ros2-11] [planner_server-3] [INFO] [1785139296.490182539] [robot3.global_costmap.global_costmap]: Timed out waiting for transform from robot3/base_link to map to become available, tf error: Invalid frame ID "map" passed to canTransform argument target_frame - frame does not exist
[ros2-11] [planner_server-3] [INFO] [1785139296.990189413] [robot3.global_costmap.global_costmap]: Timed out waiting for transform from robot3/base_link to map to become available, tf error: Invalid frame ID "map" passed to canTransform argument target_frame - frame does not exist
[ros2-11] [planner_server-3] [INFO] [1785139297.490188628] [robot3.global_costmap.global_costmap]: Timed out waiting for transform from robot3/base_link to map to become available, tf error: Invalid frame ID "map" passed to canTransform argument target_frame - frame does not exist
[ros2-11] [planner_server-3] [INFO] [1785139297.990190005] [robot3.global_costmap.global_costmap]: Timed out waiting for transform from robot3/base_link to map to become available, tf error: Invalid frame ID "map" passed to canTransform argument target_frame - frame does not exist
[ros2-11] [planner_server-3] [INFO] [1785139298.490188608] [robot3.global_costmap.global_costmap]: Timed out waiting for transform from robot3/base_link to map to become available, tf error: Invalid frame ID "map" passed to canTransform argument target_frame - frame does not exist
[ros2-11] [planner_server-3] [INFO] [1785139298.990168422] [robot3.global_costmap.global_costmap]: Timed out waiting for transform from robot3/base_link to map to become available, tf error: Invalid frame ID "map" passed to canTransform argument target_frame - frame does not exist
[ros2-11] [planner_server-3] [INFO] [1785139299.490188671] [robot3.global_costmap.global_costmap]: Timed out waiting for transform from robot3/base_link to map to become available, tf error: Invalid frame ID "map" passed to canTransform argument target_frame - frame does not exist
[ros2-11] [planner_server-3] [INFO] [1785139299.990183740] [robot3.global_costmap.global_costmap]: Timed out waiting for transform from robot3/base_link to map to become available, tf error: Invalid frame ID "map" passed to canTransform argument target_frame - frame does not exist
[ros2-11] [planner_server-3] [INFO] [1785139300.490176562] [robot3.global_costmap.global_costmap]: Timed out waiting for transform from robot3/base_link to map to become available, tf error: Invalid frame ID "map" passed to canTransform argument target_frame - frame does not exist
[ros2-11] [planner_server-3] [INFO] [1785139300.990191396] [robot3.global_costmap.global_costmap]: Timed out waiting for transform from robot3/base_link to map to become available, tf error: Invalid frame ID "map" passed to canTransform argument target_frame - frame does not exist
[ros2-11] [planner_server-3] [INFO] [1785139301.490184421] [robot3.global_costmap.global_costmap]: Timed out waiting for transform from robot3/base_link to map to become available, tf error: Invalid frame ID "map" passed to canTransform argument target_frame - frame does not exist
[ros2-11] [planner_server-3] [INFO] [1785139301.990169725] [robot3.global_costmap.global_costmap]: Timed out waiting for transform from robot3/base_link to map to become available, tf error: Invalid frame ID "map" passed to canTransform argument target_frame - frame does not exist
[ros2-11] [planner_server-3] [INFO] [1785139302.490182425] [robot3.global_costmap.global_costmap]: Timed out waiting for transform from robot3/base_link to map to become available, tf error: Invalid frame ID "map" passed to canTransform argument target_frame - frame does not exist
[ros2-11] [planner_server-3] [INFO] [1785139302.990180898] [robot3.global_costmap.global_costmap]: Timed out waiting for transform from robot3/base_link to map to become available, tf error: Invalid frame ID "map" passed to canTransform argument target_frame - frame does not exist
[ros2-11] [planner_server-3] [INFO] [1785139303.490181584] [robot3.global_costmap.global_costmap]: Timed out waiting for transform from robot3/base_link to map to become available, tf error: Invalid frame ID "map" passed to canTransform argument target_frame - frame does not exist
[ros2-11] [planner_server-3] [INFO] [1785139303.990183595] [robot3.global_costmap.global_costmap]: Timed out waiting for transform from robot3/base_link to map to become available, tf error: Invalid frame ID "map" passed to canTransform argument target_frame - frame does not exist
[ros2-11] [planner_server-3] [INFO] [1785139304.490185314] [robot3.global_costmap.global_costmap]: Timed out waiting for transform from robot3/base_link to map to become available, tf error: Invalid frame ID "map" passed to canTransform argument target_frame - frame does not exist
[ros2-11] [planner_server-3] [INFO] [1785139304.990165941] [robot3.global_costmap.global_costmap]: Timed out waiting for transform from robot3/base_link to map to become available, tf error: Invalid frame ID "map" passed to canTransform argument target_frame - frame does not exist
[ros2-11] [planner_server-3] [INFO] [1785139305.490167738] [robot3.global_costmap.global_costmap]: Timed out waiting for transform from robot3/base_link to map to become available, tf error: Invalid frame ID "map" passed to canTransform argument target_frame - frame does not exist
[ros2-11] [planner_server-3] [INFO] [1785139305.990185571] [robot3.global_costmap.global_costmap]: Timed out waiting for transform from robot3/base_link to map to become available, tf error: Invalid frame ID "map" passed to canTransform argument target_frame - frame does not exist
[ros2-11] [planner_server-3] [INFO] [1785139306.490186106] [robot3.global_costmap.global_costmap]: Timed out waiting for transform from robot3/base_link to map to become available, tf error: Invalid frame ID "map" passed to canTransform argument target_frame - frame does not exist
[ros2-11] [planner_server-3] [INFO] [1785139306.990183574] [robot3.global_costmap.global_costmap]: Timed out waiting for transform from robot3/base_link to map to become available, tf error: Invalid frame ID "map" passed to canTransform argument target_frame - frame does not exist
[ros2-11] [planner_server-3] [INFO] [1785139307.490189078] [robot3.global_costmap.global_costmap]: Timed out waiting for transform from robot3/base_link to map to become available, tf error: Invalid frame ID "map" passed to canTransform argument target_frame - frame does not exist
[ros2-11] [planner_server-3] [INFO] [1785139307.990184735] [robot3.global_costmap.global_costmap]: Timed out waiting for transform from robot3/base_link to map to become available, tf error: Invalid frame ID "map" passed to canTransform argument target_frame - frame does not exist
[ros2-11] [planner_server-3] [INFO] [1785139308.490173399] [robot3.global_costmap.global_costmap]: Timed out waiting for transform from robot3/base_link to map to become available, tf error: Invalid frame ID "map" passed to canTransform argument target_frame - frame does not exist
[ros2-11] [planner_server-3] [INFO] [1785139308.990191225] [robot3.global_costmap.global_costmap]: Timed out waiting for transform from robot3/base_link to map to become available, tf error: Invalid frame ID "map" passed to canTransform argument target_frame - frame does not exist
[ros2-11] [planner_server-3] [INFO] [1785139309.490190552] [robot3.global_costmap.global_costmap]: Timed out waiting for transform from robot3/base_link to map to become available, tf error: Invalid frame ID "map" passed to canTransform argument target_frame - frame does not exist
[ros2-11] [planner_server-3] [INFO] [1785139309.990184264] [robot3.global_costmap.global_costmap]: Timed out waiting for transform from robot3/base_link to map to become available, tf error: Invalid frame ID "map" passed to canTransform argument target_frame - frame does not exist
[ros2-11] [planner_server-3] [INFO] [1785139310.490183905] [robot3.global_costmap.global_costmap]: Timed out waiting for transform from robot3/base_link to map to become available, tf error: Invalid frame ID "map" passed to canTransform argument target_frame - frame does not exist
[ros2-11] [planner_server-3] [INFO] [1785139310.990181431] [robot3.global_costmap.global_costmap]: Timed out waiting for transform from robot3/base_link to map to become available, tf error: Invalid frame ID "map" passed to canTransform argument target_frame - frame does not exist
[ros2-11] [planner_server-3] [INFO] [1785139311.490179599] [robot3.global_costmap.global_costmap]: Timed out waiting for transform from robot3/base_link to map to become available, tf error: Invalid frame ID "map" passed to canTransform argument target_frame - frame does not exist
[ros2-11] [planner_server-3] [INFO] [1785139311.990174231] [robot3.global_costmap.global_costmap]: Timed out waiting for transform from robot3/base_link to map to become available, tf error: Invalid frame ID "map" passed to canTransform argument target_frame - frame does not exist
[ros2-11] [planner_server-3] [INFO] [1785139312.490185667] [robot3.global_costmap.global_costmap]: Timed out waiting for transform from robot3/base_link to map to become available, tf error: Invalid frame ID "map" passed to canTransform argument target_frame - frame does not exist
[ros2-11] [planner_server-3] [INFO] [1785139312.990187201] [robot3.global_costmap.global_costmap]: Timed out waiting for transform from robot3/base_link to map to become available, tf error: Invalid frame ID "map" passed to canTransform argument target_frame - frame does not exist
[ros2-11] [planner_server-3] [INFO] [1785139313.490191223] [robot3.global_costmap.global_costmap]: Timed out waiting for transform from robot3/base_link to map to become available, tf error: Invalid frame ID "map" passed to canTransform argument target_frame - frame does not exist
[ros2-11] [planner_server-3] [INFO] [1785139313.990184712] [robot3.global_costmap.global_costmap]: Timed out waiting for transform from robot3/base_link to map to become available, tf error: Invalid frame ID "map" passed to canTransform argument target_frame - frame does not exist
[ros2-11] [planner_server-3] [INFO] [1785139314.490175675] [robot3.global_costmap.global_costmap]: Timed out waiting for transform from robot3/base_link to map to become available, tf error: Invalid frame ID "map" passed to canTransform argument target_frame - frame does not exist
[ros2-11] [planner_server-3] [INFO] [1785139314.990166896] [robot3.global_costmap.global_costmap]: Timed out waiting for transform from robot3/base_link to map to become available, tf error: Invalid frame ID "map" passed to canTransform argument target_frame - frame does not exist
[ros2-11] [planner_server-3] [INFO] [1785139315.490183825] [robot3.global_costmap.global_costmap]: Timed out waiting for transform from robot3/base_link to map to become available, tf error: Invalid frame ID "map" passed to canTransform argument target_frame - frame does not exist
[ros2-11] [planner_server-3] [INFO] [1785139315.990183895] [robot3.global_costmap.global_costmap]: Timed out waiting for transform from robot3/base_link to map to become available, tf error: Invalid frame ID "map" passed to canTransform argument target_frame - frame does not exist
[ros2-11] [planner_server-3] [INFO] [1785139316.490187561] [robot3.global_costmap.global_costmap]: Timed out waiting for transform from robot3/base_link to map to become available, tf error: Invalid frame ID "map" passed to canTransform argument target_frame - frame does not exist
[ros2-11] [planner_server-3] [INFO] [1785139316.990184627] [robot3.global_costmap.global_costmap]: Timed out waiting for transform from robot3/base_link to map to become available, tf error: Invalid frame ID "map" passed to canTransform argument target_frame - frame does not exist
[ros2-11] [planner_server-3] [INFO] [1785139317.490190520] [robot3.global_costmap.global_costmap]: Timed out waiting for transform from robot3/base_link to map to become available, tf error: Invalid frame ID "map" passed to canTransform argument target_frame - frame does not exist
[ros2-11] [planner_server-3] [INFO] [1785139317.990182543] [robot3.global_costmap.global_costmap]: Timed out waiting for transform from robot3/base_link to map to become available, tf error: Invalid frame ID "map" passed to canTransform argument target_frame - frame does not exist
[ros2-11] [planner_server-3] [INFO] [1785139318.490185785] [robot3.global_costmap.global_costmap]: Timed out waiting for transform from robot3/base_link to map to become available, tf error: Invalid frame ID "map" passed to canTransform argument target_frame - frame does not exist
[ros2-11] [planner_server-3] [INFO] [1785139318.990183752] [robot3.global_costmap.global_costmap]: Timed out waiting for transform from robot3/base_link to map to become available, tf error: Invalid frame ID "map" passed to canTransform argument target_frame - frame does not exist
[ros2-11] [planner_server-3] [INFO] [1785139319.490184827] [robot3.global_costmap.global_costmap]: Timed out waiting for transform from robot3/base_link to map to become available, tf error: Invalid frame ID "map" passed to canTransform argument target_frame - frame does not exist
[ros2-11] [planner_server-3] [INFO] [1785139319.990187156] [robot3.global_costmap.global_costmap]: Timed out waiting for transform from robot3/base_link to map to become available, tf error: Invalid frame ID "map" passed to canTransform argument target_frame - frame does not exist
[ros2-11] [planner_server-3] [INFO] [1785139320.490174401] [robot3.global_costmap.global_costmap]: Timed out waiting for transform from robot3/base_link to map to become available, tf error: Invalid frame ID "map" passed to canTransform argument target_frame - frame does not exist
[ros2-11] [planner_server-3] [INFO] [1785139320.990200158] [robot3.global_costmap.global_costmap]: Timed out waiting for transform from robot3/base_link to map to become available, tf error: Invalid frame ID "map" passed to canTransform argument target_frame - frame does not exist
[ros2-11] [planner_server-3] [INFO] [1785139321.490199178] [robot3.global_costmap.global_costmap]: Timed out waiting for transform from robot3/base_link to map to become available, tf error: Invalid frame ID "map" passed to canTransform argument target_frame - frame does not exist
[ros2-11] [planner_server-3] [INFO] [1785139321.990188420] [robot3.global_costmap.global_costmap]: Timed out waiting for transform from robot3/base_link to map to become available, tf error: Invalid frame ID "map" passed to canTransform argument target_frame - frame does not exist
[ros2-11] [planner_server-3] [INFO] [1785139322.490168244] [robot3.global_costmap.global_costmap]: Timed out waiting for transform from robot3/base_link to map to become available, tf error: Invalid frame ID "map" passed to canTransform argument target_frame - frame does not exist
[ros2-11] [planner_server-3] [INFO] [1785139322.990190602] [robot3.global_costmap.global_costmap]: Timed out waiting for transform from robot3/base_link to map to become available, tf error: Invalid frame ID "map" passed to canTransform argument target_frame - frame does not exist
[ros2-11] [planner_server-3] [INFO] [1785139323.490174695] [robot3.global_costmap.global_costmap]: Timed out waiting for transform from robot3/base_link to map to become available, tf error: Invalid frame ID "map" passed to canTransform argument target_frame - frame does not exist
[ros2-11] [planner_server-3] [INFO] [1785139323.990191167] [robot3.global_costmap.global_costmap]: Timed out waiting for transform from robot3/base_link to map to become available, tf error: Invalid frame ID "map" passed to canTransform argument target_frame - frame does not exist
[ros2-11] [planner_server-3] [INFO] [1785139324.490184655] [robot3.global_costmap.global_costmap]: Timed out waiting for transform from robot3/base_link to map to become available, tf error: Invalid frame ID "map" passed to canTransform argument target_frame - frame does not exist
[ros2-11] [planner_server-3] [INFO] [1785139324.990174713] [robot3.global_costmap.global_costmap]: Timed out waiting for transform from robot3/base_link to map to become available, tf error: Invalid frame ID "map" passed to canTransform argument target_frame - frame does not exist
[ros2-11] [planner_server-3] [INFO] [1785139325.490169514] [robot3.global_costmap.global_costmap]: Timed out waiting for transform from robot3/base_link to map to become available, tf error: Invalid frame ID "map" passed to canTransform argument target_frame - frame does not exist
[ros2-11] [planner_server-3] [INFO] [1785139325.990167006] [robot3.global_costmap.global_costmap]: Timed out waiting for transform from robot3/base_link to map to become available, tf error: Invalid frame ID "map" passed to canTransform argument target_frame - frame does not exist
[ros2-11] [planner_server-3] [INFO] [1785139326.490207180] [robot3.global_costmap.global_costmap]: Timed out waiting for transform from robot3/base_link to map to become available, tf error: Invalid frame ID "map" passed to canTransform argument target_frame - frame does not exist
[ros2-11] [planner_server-3] [INFO] [1785139326.990173748] [robot3.global_costmap.global_costmap]: Timed out waiting for transform from robot3/base_link to map to become available, tf error: Invalid frame ID "map" passed to canTransform argument target_frame - frame does not exist
[ros2-11] [planner_server-3] [INFO] [1785139327.490185601] [robot3.global_costmap.global_costmap]: Timed out waiting for transform from robot3/base_link to map to become available, tf error: Invalid frame ID "map" passed to canTransform argument target_frame - frame does not exist
[ros2-11] [planner_server-3] [INFO] [1785139327.990184926] [robot3.global_costmap.global_costmap]: Timed out waiting for transform from robot3/base_link to map to become available, tf error: Invalid frame ID "map" passed to canTransform argument target_frame - frame does not exist
[ros2-11] [planner_server-3] [INFO] [1785139328.490186248] [robot3.global_costmap.global_costmap]: Timed out waiting for transform from robot3/base_link to map to become available, tf error: Invalid frame ID "map" passed to canTransform argument target_frame - frame does not exist
[ros2-11] [planner_server-3] [INFO] [1785139328.990168055] [robot3.global_costmap.global_costmap]: Timed out waiting for transform from robot3/base_link to map to become available, tf error: Invalid frame ID "map" passed to canTransform argument target_frame - frame does not exist
[ros2-11] [planner_server-3] [INFO] [1785139329.490187689] [robot3.global_costmap.global_costmap]: Timed out waiting for transform from robot3/base_link to map to become available, tf error: Invalid frame ID "map" passed to canTransform argument target_frame - frame does not exist
[ros2-11] [planner_server-3] [INFO] [1785139329.990189167] [robot3.global_costmap.global_costmap]: Timed out waiting for transform from robot3/base_link to map to become available, tf error: Invalid frame ID "map" passed to canTransform argument target_frame - frame does not exist
[ros2-11] [planner_server-3] [INFO] [1785139330.490170639] [robot3.global_costmap.global_costmap]: Timed out waiting for transform from robot3/base_link to map to become available, tf error: Invalid frame ID "map" passed to canTransform argument target_frame - frame does not exist
[ros2-11] [planner_server-3] [INFO] [1785139330.990187322] [robot3.global_costmap.global_costmap]: Timed out waiting for transform from robot3/base_link to map to become available, tf error: Invalid frame ID "map" passed to canTransform argument target_frame - frame does not exist
[ros2-11] [planner_server-3] [INFO] [1785139331.490170022] [robot3.global_costmap.global_costmap]: Timed out waiting for transform from robot3/base_link to map to become available, tf error: Invalid frame ID "map" passed to canTransform argument target_frame - frame does not exist
[ros2-11] [planner_server-3] [INFO] [1785139331.990185519] [robot3.global_costmap.global_costmap]: Timed out waiting for transform from robot3/base_link to map to become available, tf error: Invalid frame ID "map" passed to canTransform argument target_frame - frame does not exist
[ros2-11] [planner_server-3] [INFO] [1785139332.490152650] [robot3.global_costmap.global_costmap]: Timed out waiting for transform from robot3/base_link to map to become available, tf error: Invalid frame ID "map" passed to canTransform argument target_frame - frame does not exist
[ros2-11] [planner_server-3] [INFO] [1785139332.990185965] [robot3.global_costmap.global_costmap]: Timed out waiting for transform from robot3/base_link to map to become available, tf error: Invalid frame ID "map" passed to canTransform argument target_frame - frame does not exist
[ros2-11] [planner_server-3] [INFO] [1785139333.490181038] [robot3.global_costmap.global_costmap]: Timed out waiting for transform from robot3/base_link to map to become available, tf error: Invalid frame ID "map" passed to canTransform argument target_frame - frame does not exist
[ros2-11] [planner_server-3] [INFO] [1785139333.990196731] [robot3.global_costmap.global_costmap]: Timed out waiting for transform from robot3/base_link to map to become available, tf error: Invalid frame ID "map" passed to canTransform argument target_frame - frame does not exist
[ros2-11] [planner_server-3] [INFO] [1785139334.490175290] [robot3.global_costmap.global_costmap]: Timed out waiting for transform from robot3/base_link to map to become available, tf error: Invalid frame ID "map" passed to canTransform argument target_frame - frame does not exist
[ros2-11] [planner_server-3] [INFO] [1785139334.990175878] [robot3.global_costmap.global_costmap]: Timed out waiting for transform from robot3/base_link to map to become available, tf error: Invalid frame ID "map" passed to canTransform argument target_frame - frame does not exist
[ros2-11] [planner_server-3] [INFO] [1785139335.490171097] [robot3.global_costmap.global_costmap]: Timed out waiting for transform from robot3/base_link to map to become available, tf error: Invalid frame ID "map" passed to canTransform argument target_frame - frame does not exist
[ros2-11] [planner_server-3] [INFO] [1785139335.990158624] [robot3.global_costmap.global_costmap]: Timed out waiting for transform from robot3/base_link to map to become available, tf error: Invalid frame ID "map" passed to canTransform argument target_frame - frame does not exist
[ros2-11] [planner_server-3] [INFO] [1785139336.490191807] [robot3.global_costmap.global_costmap]: Timed out waiting for transform from robot3/base_link to map to become available, tf error: Invalid frame ID "map" passed to canTransform argument target_frame - frame does not exist
[ros2-11] [planner_server-3] [INFO] [1785139336.990188185] [robot3.global_costmap.global_costmap]: Timed out waiting for transform from robot3/base_link to map to become available, tf error: Invalid frame ID "map" passed to canTransform argument target_frame - frame does not exist
[ros2-11] [planner_server-3] [INFO] [1785139337.490194011] [robot3.global_costmap.global_costmap]: Timed out waiting for transform from robot3/base_link to map to become available, tf error: Invalid frame ID "map" passed to canTransform argument target_frame - frame does not exist
[ros2-11] [planner_server-3] [INFO] [1785139337.990201276] [robot3.global_costmap.global_costmap]: Timed out waiting for transform from robot3/base_link to map to become available, tf error: Invalid frame ID "map" passed to canTransform argument target_frame - frame does not exist
[ros2-11] [planner_server-3] [INFO] [1785139338.490181193] [robot3.global_costmap.global_costmap]: Timed out waiting for transform from robot3/base_link to map to become available, tf error: Invalid frame ID "map" passed to canTransform argument target_frame - frame does not exist
[ros2-11] [planner_server-3] [INFO] [1785139338.990187550] [robot3.global_costmap.global_costmap]: Timed out waiting for transform from robot3/base_link to map to become available, tf error: Invalid frame ID "map" passed to canTransform argument target_frame - frame does not exist
[ros2-11] [planner_server-3] [INFO] [1785139339.490190541] [robot3.global_costmap.global_costmap]: Timed out waiting for transform from robot3/base_link to map to become available, tf error: Invalid frame ID "map" passed to canTransform argument target_frame - frame does not exist
[ros2-11] [planner_server-3] [INFO] [1785139339.990172409] [robot3.global_costmap.global_costmap]: Timed out waiting for transform from robot3/base_link to map to become available, tf error: Invalid frame ID "map" passed to canTransform argument target_frame - frame does not exist
[ros2-11] [planner_server-3] [INFO] [1785139340.490184870] [robot3.global_costmap.global_costmap]: Timed out waiting for transform from robot3/base_link to map to become available, tf error: Invalid frame ID "map" passed to canTransform argument target_frame - frame does not exist
[ros2-11] [planner_server-3] [INFO] [1785139340.990182828] [robot3.global_costmap.global_costmap]: Timed out waiting for transform from robot3/base_link to map to become available, tf error: Invalid frame ID "map" passed to canTransform argument target_frame - frame does not exist
[ros2-11] [planner_server-3] [INFO] [1785139341.490182523] [robot3.global_costmap.global_costmap]: Timed out waiting for transform from robot3/base_link to map to become available, tf error: Invalid frame ID "map" passed to canTransform argument target_frame - frame does not exist
[ros2-11] [planner_server-3] [INFO] [1785139341.990195295] [robot3.global_costmap.global_costmap]: Timed out waiting for transform from robot3/base_link to map to become available, tf error: Invalid frame ID "map" passed to canTransform argument target_frame - frame does not exist
[ros2-11] [planner_server-3] [INFO] [1785139342.490189369] [robot3.global_costmap.global_costmap]: Timed out waiting for transform from robot3/base_link to map to become available, tf error: Invalid frame ID "map" passed to canTransform argument target_frame - frame does not exist
[ros2-11] [planner_server-3] [INFO] [1785139342.990186968] [robot3.global_costmap.global_costmap]: Timed out waiting for transform from robot3/base_link to map to become available, tf error: Invalid frame ID "map" passed to canTransform argument target_frame - frame does not exist
[ros2-11] [planner_server-3] [INFO] [1785139343.490191406] [robot3.global_costmap.global_costmap]: Timed out waiting for transform from robot3/base_link to map to become available, tf error: Invalid frame ID "map" passed to canTransform argument target_frame - frame does not exist
[ros2-11] [planner_server-3] [INFO] [1785139343.990203100] [robot3.global_costmap.global_costmap]: Timed out waiting for transform from robot3/base_link to map to become available, tf error: Invalid frame ID "map" passed to canTransform argument target_frame - frame does not exist
[ros2-11] [planner_server-3] [INFO] [1785139344.490182551] [robot3.global_costmap.global_costmap]: Timed out waiting for transform from robot3/base_link to map to become available, tf error: Invalid frame ID "map" passed to canTransform argument target_frame - frame does not exist
[ros2-11] [planner_server-3] [INFO] [1785139344.990183723] [robot3.global_costmap.global_costmap]: Timed out waiting for transform from robot3/base_link to map to become available, tf error: Invalid frame ID "map" passed to canTransform argument target_frame - frame does not exist
[ros2-11] [planner_server-3] [INFO] [1785139345.490182293] [robot3.global_costmap.global_costmap]: Timed out waiting for transform from robot3/base_link to map to become available, tf error: Invalid frame ID "map" passed to canTransform argument target_frame - frame does not exist
[ros2-11] [planner_server-3] [INFO] [1785139345.990169633] [robot3.global_costmap.global_costmap]: Timed out waiting for transform from robot3/base_link to map to become available, tf error: Invalid frame ID "map" passed to canTransform argument target_frame - frame does not exist
[ros2-11] [planner_server-3] [INFO] [1785139346.490188745] [robot3.global_costmap.global_costmap]: Timed out waiting for transform from robot3/base_link to map to become available, tf error: Invalid frame ID "map" passed to canTransform argument target_frame - frame does not exist
[ros2-11] [planner_server-3] [INFO] [1785139346.990168102] [robot3.global_costmap.global_costmap]: Timed out waiting for transform from robot3/base_link to map to become available, tf error: Invalid frame ID "map" passed to canTransform argument target_frame - frame does not exist
[ros2-11] [planner_server-3] [INFO] [1785139347.490181975] [robot3.global_costmap.global_costmap]: Timed out waiting for transform from robot3/base_link to map to become available, tf error: Invalid frame ID "map" passed to canTransform argument target_frame - frame does not exist
[ros2-11] [planner_server-3] [INFO] [1785139347.990166759] [robot3.global_costmap.global_costmap]: Timed out waiting for transform from robot3/base_link to map to become available, tf error: Invalid frame ID "map" passed to canTransform argument target_frame - frame does not exist
[ros2-11] [planner_server-3] [INFO] [1785139348.490183317] [robot3.global_costmap.global_costmap]: Timed out waiting for transform from robot3/base_link to map to become available, tf error: Invalid frame ID "map" passed to canTransform argument target_frame - frame does not exist
[ros2-11] [planner_server-3] [INFO] [1785139348.990180584] [robot3.global_costmap.global_costmap]: Timed out waiting for transform from robot3/base_link to map to become available, tf error: Invalid frame ID "map" passed to canTransform argument target_frame - frame does not exist
[ros2-11] [planner_server-3] [INFO] [1785139349.490171414] [robot3.global_costmap.global_costmap]: Timed out waiting for transform from robot3/base_link to map to become available, tf error: Invalid frame ID "map" passed to canTransform argument target_frame - frame does not exist
[ros2-11] [planner_server-3] [INFO] [1785139349.990169725] [robot3.global_costmap.global_costmap]: Timed out waiting for transform from robot3/base_link to map to become available, tf error: Invalid frame ID "map" passed to canTransform argument target_frame - frame does not exist
[ros2-11] [planner_server-3] [INFO] [1785139350.490171660] [robot3.global_costmap.global_costmap]: Timed out waiting for transform from robot3/base_link to map to become available, tf error: Invalid frame ID "map" passed to canTransform argument target_frame - frame does not exist
[ros2-11] [planner_server-3] [INFO] [1785139350.990184925] [robot3.global_costmap.global_costmap]: Timed out waiting for transform from robot3/base_link to map to become available, tf error: Invalid frame ID "map" passed to canTransform argument target_frame - frame does not exist
[ros2-11] [planner_server-3] [INFO] [1785139351.490170835] [robot3.global_costmap.global_costmap]: Timed out waiting for transform from robot3/base_link to map to become available, tf error: Invalid frame ID "map" passed to canTransform argument target_frame - frame does not exist
[ros2-11] [planner_server-3] [INFO] [1785139351.990185993] [robot3.global_costmap.global_costmap]: Timed out waiting for transform from robot3/base_link to map to become available, tf error: Invalid frame ID "map" passed to canTransform argument target_frame - frame does not exist
[ros2-11] [planner_server-3] [INFO] [1785139352.490184962] [robot3.global_costmap.global_costmap]: Timed out waiting for transform from robot3/base_link to map to become available, tf error: Invalid frame ID "map" passed to canTransform argument target_frame - frame does not exist
[ros2-11] [planner_server-3] [INFO] [1785139352.990173338] [robot3.global_costmap.global_costmap]: Timed out waiting for transform from robot3/base_link to map to become available, tf error: Invalid frame ID "map" passed to canTransform argument target_frame - frame does not exist
[ros2-11] [planner_server-3] [INFO] [1785139353.490185313] [robot3.global_costmap.global_costmap]: Timed out waiting for transform from robot3/base_link to map to become available, tf error: Invalid frame ID "map" passed to canTransform argument target_frame - frame does not exist
[ros2-11] [planner_server-3] [INFO] [1785139353.990169918] [robot3.global_costmap.global_costmap]: Timed out waiting for transform from robot3/base_link to map to become available, tf error: Invalid frame ID "map" passed to canTransform argument target_frame - frame does not exist
[ros2-11] [planner_server-3] [INFO] [1785139354.490191817] [robot3.global_costmap.global_costmap]: Timed out waiting for transform from robot3/base_link to map to become available, tf error: Invalid frame ID "map" passed to canTransform argument target_frame - frame does not exist
[ros2-11] [planner_server-3] [INFO] [1785139354.990172418] [robot3.global_costmap.global_costmap]: Timed out waiting for transform from robot3/base_link to map to become available, tf error: Invalid frame ID "map" passed to canTransform argument target_frame - frame does not exist
[ros2-11] [planner_server-3] [INFO] [1785139355.490174312] [robot3.global_costmap.global_costmap]: Timed out waiting for transform from robot3/base_link to map to become available, tf error: Invalid frame ID "map" passed to canTransform argument target_frame - frame does not exist
[ros2-11] [planner_server-3] [INFO] [1785139355.990170146] [robot3.global_costmap.global_costmap]: Timed out waiting for transform from robot3/base_link to map to become available, tf error: Invalid frame ID "map" passed to canTransform argument target_frame - frame does not exist
[ros2-11] [planner_server-3] [INFO] [1785139356.490183023] [robot3.global_costmap.global_costmap]: Timed out waiting for transform from robot3/base_link to map to become available, tf error: Invalid frame ID "map" passed to canTransform argument target_frame - frame does not exist
[ros2-11] [planner_server-3] [INFO] [1785139356.990185945] [robot3.global_costmap.global_costmap]: Timed out waiting for transform from robot3/base_link to map to become available, tf error: Invalid frame ID "map" passed to canTransform argument target_frame - frame does not exist
[ros2-11] [planner_server-3] [INFO] [1785139357.490171992] [robot3.global_costmap.global_costmap]: Timed out waiting for transform from robot3/base_link to map to become available, tf error: Invalid frame ID "map" passed to canTransform argument target_frame - frame does not exist
[ros2-11] [planner_server-3] [INFO] [1785139357.990180732] [robot3.global_costmap.global_costmap]: Timed out waiting for transform from robot3/base_link to map to become available, tf error: Invalid frame ID "map" passed to canTransform argument target_frame - frame does not exist
[ros2-11] [planner_server-3] [INFO] [1785139358.490181541] [robot3.global_costmap.global_costmap]: Timed out waiting for transform from robot3/base_link to map to become available, tf error: Invalid frame ID "map" passed to canTransform argument target_frame - frame does not exist
[ros2-11] [planner_server-3] [INFO] [1785139358.990184889] [robot3.global_costmap.global_costmap]: Timed out waiting for transform from robot3/base_link to map to become available, tf error: Invalid frame ID "map" passed to canTransform argument target_frame - frame does not exist
[ros2-11] [planner_server-3] [INFO] [1785139359.490183830] [robot3.global_costmap.global_costmap]: Timed out waiting for transform from robot3/base_link to map to become available, tf error: Invalid frame ID "map" passed to canTransform argument target_frame - frame does not exist
[ros2-11] [planner_server-3] [INFO] [1785139359.990183776] [robot3.global_costmap.global_costmap]: Timed out waiting for transform from robot3/base_link to map to become available, tf error: Invalid frame ID "map" passed to canTransform argument target_frame - frame does not exist
[ros2-11] [planner_server-3] [INFO] [1785139360.490173129] [robot3.global_costmap.global_costmap]: Timed out waiting for transform from robot3/base_link to map to become available, tf error: Invalid frame ID "map" passed to canTransform argument target_frame - frame does not exist
[ros2-11] [planner_server-3] [INFO] [1785139360.990177039] [robot3.global_costmap.global_costmap]: Timed out waiting for transform from robot3/base_link to map to become available, tf error: Invalid frame ID "map" passed to canTransform argument target_frame - frame does not exist
[ros2-11] [planner_server-3] [INFO] [1785139361.490175810] [robot3.global_costmap.global_costmap]: Timed out waiting for transform from robot3/base_link to map to become available, tf error: Invalid frame ID "map" passed to canTransform argument target_frame - frame does not exist
[ros2-11] [planner_server-3] [INFO] [1785139361.990188688] [robot3.global_costmap.global_costmap]: Timed out waiting for transform from robot3/base_link to map to become available, tf error: Invalid frame ID "map" passed to canTransform argument target_frame - frame does not exist
[ros2-11] [planner_server-3] [INFO] [1785139362.490186717] [robot3.global_costmap.global_costmap]: Timed out waiting for transform from robot3/base_link to map to become available, tf error: Invalid frame ID "map" passed to canTransform argument target_frame - frame does not exist
[ros2-11] [planner_server-3] [INFO] [1785139362.990187777] [robot3.global_costmap.global_costmap]: Timed out waiting for transform from robot3/base_link to map to become available, tf error: Invalid frame ID "map" passed to canTransform argument target_frame - frame does not exist
[ros2-11] [planner_server-3] [INFO] [1785139363.490991460] [robot3.global_costmap.global_costmap]: Timed out waiting for transform from robot3/base_link to map to become available, tf error: Invalid frame ID "map" passed to canTransform argument target_frame - frame does not exist
[ros2-11] [planner_server-3] [INFO] [1785139363.990169033] [robot3.global_costmap.global_costmap]: Timed out waiting for transform from robot3/base_link to map to become available, tf error: Invalid frame ID "map" passed to canTransform argument target_frame - frame does not exist
[ros2-11] [planner_server-3] [INFO] [1785139364.490172813] [robot3.global_costmap.global_costmap]: Timed out waiting for transform from robot3/base_link to map to become available, tf error: Invalid frame ID "map" passed to canTransform argument target_frame - frame does not exist
[ros2-11] [planner_server-3] [INFO] [1785139364.990181641] [robot3.global_costmap.global_costmap]: Timed out waiting for transform from robot3/base_link to map to become available, tf error: Invalid frame ID "map" passed to canTransform argument target_frame - frame does not exist
[ros2-11] [planner_server-3] [INFO] [1785139365.490182706] [robot3.global_costmap.global_costmap]: Timed out waiting for transform from robot3/base_link to map to become available, tf error: Invalid frame ID "map" passed to canTransform argument target_frame - frame does not exist
[ros2-11] [planner_server-3] [INFO] [1785139365.990168428] [robot3.global_costmap.global_costmap]: Timed out waiting for transform from robot3/base_link to map to become available, tf error: Invalid frame ID "map" passed to canTransform argument target_frame - frame does not exist
[ros2-11] [planner_server-3] [INFO] [1785139366.490170351] [robot3.global_costmap.global_costmap]: Timed out waiting for transform from robot3/base_link to map to become available, tf error: Invalid frame ID "map" passed to canTransform argument target_frame - frame does not exist
[ros2-11] [planner_server-3] [INFO] [1785139366.990188832] [robot3.global_costmap.global_costmap]: Timed out waiting for transform from robot3/base_link to map to become available, tf error: Invalid frame ID "map" passed to canTransform argument target_frame - frame does not exist
[ros2-11] [planner_server-3] [INFO] [1785139367.490170374] [robot3.global_costmap.global_costmap]: Timed out waiting for transform from robot3/base_link to map to become available, tf error: Invalid frame ID "map" passed to canTransform argument target_frame - frame does not exist
[ros2-11] [planner_server-3] [INFO] [1785139367.990132563] [robot3.global_costmap.global_costmap]: Timed out waiting for transform from robot3/base_link to map to become available, tf error: Invalid frame ID "map" passed to canTransform argument target_frame - frame does not exist
[ros2-11] [planner_server-3] [INFO] [1785139368.490171366] [robot3.global_costmap.global_costmap]: Timed out waiting for transform from robot3/base_link to map to become available, tf error: Invalid frame ID "map" passed to canTransform argument target_frame - frame does not exist
[ros2-11] [planner_server-3] [INFO] [1785139368.990168158] [robot3.global_costmap.global_costmap]: Timed out waiting for transform from robot3/base_link to map to become available, tf error: Invalid frame ID "map" passed to canTransform argument target_frame - frame does not exist
[ros2-11] [planner_server-3] [INFO] [1785139369.490182830] [robot3.global_costmap.global_costmap]: Timed out waiting for transform from robot3/base_link to map to become available, tf error: Invalid frame ID "map" passed to canTransform argument target_frame - frame does not exist
[ros2-11] [planner_server-3] [INFO] [1785139369.990185557] [robot3.global_costmap.global_costmap]: Timed out waiting for transform from robot3/base_link to map to become available, tf error: Invalid frame ID "map" passed to canTransform argument target_frame - frame does not exist
[ros2-11] [planner_server-3] [INFO] [1785139370.490174718] [robot3.global_costmap.global_costmap]: Timed out waiting for transform from robot3/base_link to map to become available, tf error: Invalid frame ID "map" passed to canTransform argument target_frame - frame does not exist
[ros2-11] [planner_server-3] [INFO] [1785139370.990175561] [robot3.global_costmap.global_costmap]: Timed out waiting for transform from robot3/base_link to map to become available, tf error: Invalid frame ID "map" passed to canTransform argument target_frame - frame does not exist
[ros2-11] [planner_server-3] [INFO] [1785139371.490169200] [robot3.global_costmap.global_costmap]: Timed out waiting for transform from robot3/base_link to map to become available, tf error: Invalid frame ID "map" passed to canTransform argument target_frame - frame does not exist
[ros2-11] [planner_server-3] [INFO] [1785139371.990183241] [robot3.global_costmap.global_costmap]: Timed out waiting for transform from robot3/base_link to map to become available, tf error: Invalid frame ID "map" passed to canTransform argument target_frame - frame does not exist
[ros2-11] [planner_server-3] [INFO] [1785139372.490169607] [robot3.global_costmap.global_costmap]: Timed out waiting for transform from robot3/base_link to map to become available, tf error: Invalid frame ID "map" passed to canTransform argument target_frame - frame does not exist
[ros2-11] [planner_server-3] [INFO] [1785139372.990171416] [robot3.global_costmap.global_costmap]: Timed out waiting for transform from robot3/base_link to map to become available, tf error: Invalid frame ID "map" passed to canTransform argument target_frame - frame does not exist
[ros2-11] [planner_server-3] [INFO] [1785139373.490192378] [robot3.global_costmap.global_costmap]: Timed out waiting for transform from robot3/base_link to map to become available, tf error: Invalid frame ID "map" passed to canTransform argument target_frame - frame does not exist
[ros2-11] [planner_server-3] [INFO] [1785139373.990187440] [robot3.global_costmap.global_costmap]: Timed out waiting for transform from robot3/base_link to map to become available, tf error: Invalid frame ID "map" passed to canTransform argument target_frame - frame does not exist
[ros2-11] [planner_server-3] [INFO] [1785139374.490172712] [robot3.global_costmap.global_costmap]: Timed out waiting for transform from robot3/base_link to map to become available, tf error: Invalid frame ID "map" passed to canTransform argument target_frame - frame does not exist
[ros2-11] [planner_server-3] [INFO] [1785139374.990187288] [robot3.global_costmap.global_costmap]: Timed out waiting for transform from robot3/base_link to map to become available, tf error: Invalid frame ID "map" passed to canTransform argument target_frame - frame does not exist
[ros2-11] [planner_server-3] [INFO] [1785139375.490171333] [robot3.global_costmap.global_costmap]: Timed out waiting for transform from robot3/base_link to map to become available, tf error: Invalid frame ID "map" passed to canTransform argument target_frame - frame does not exist
[ros2-11] [planner_server-3] [INFO] [1785139375.990190981] [robot3.global_costmap.global_costmap]: Timed out waiting for transform from robot3/base_link to map to become available, tf error: Invalid frame ID "map" passed to canTransform argument target_frame - frame does not exist
[ros2-11] [planner_server-3] [INFO] [1785139376.490169734] [robot3.global_costmap.global_costmap]: Timed out waiting for transform from robot3/base_link to map to become available, tf error: Invalid frame ID "map" passed to canTransform argument target_frame - frame does not exist
[ros2-11] [planner_server-3] [INFO] [1785139376.990184658] [robot3.global_costmap.global_costmap]: Timed out waiting for transform from robot3/base_link to map to become available, tf error: Invalid frame ID "map" passed to canTransform argument target_frame - frame does not exist
[ros2-11] [planner_server-3] [INFO] [1785139377.490186238] [robot3.global_costmap.global_costmap]: Timed out waiting for transform from robot3/base_link to map to become available, tf error: Invalid frame ID "map" passed to canTransform argument target_frame - frame does not exist
[ros2-11] [planner_server-3] [INFO] [1785139377.990186428] [robot3.global_costmap.global_costmap]: Timed out waiting for transform from robot3/base_link to map to become available, tf error: Invalid frame ID "map" passed to canTransform argument target_frame - frame does not exist
[ros2-11] [planner_server-3] [INFO] [1785139378.490171637] [robot3.global_costmap.global_costmap]: Timed out waiting for transform from robot3/base_link to map to become available, tf error: Invalid frame ID "map" passed to canTransform argument target_frame - frame does not exist
[ros2-11] [planner_server-3] [INFO] [1785139378.990189740] [robot3.global_costmap.global_costmap]: Timed out waiting for transform from robot3/base_link to map to become available, tf error: Invalid frame ID "map" passed to canTransform argument target_frame - frame does not exist
[ros2-11] [planner_server-3] [INFO] [1785139379.490171706] [robot3.global_costmap.global_costmap]: Timed out waiting for transform from robot3/base_link to map to become available, tf error: Invalid frame ID "map" passed to canTransform argument target_frame - frame does not exist
[ros2-11] [planner_server-3] [INFO] [1785139379.990169960] [robot3.global_costmap.global_costmap]: Timed out waiting for transform from robot3/base_link to map to become available, tf error: Invalid frame ID "map" passed to canTransform argument target_frame - frame does not exist
[ros2-11] [planner_server-3] [INFO] [1785139380.490188786] [robot3.global_costmap.global_costmap]: Timed out waiting for transform from robot3/base_link to map to become available, tf error: Invalid frame ID "map" passed to canTransform argument target_frame - frame does not exist
[ros2-11] [planner_server-3] [INFO] [1785139380.990169037] [robot3.global_costmap.global_costmap]: Timed out waiting for transform from robot3/base_link to map to become available, tf error: Invalid frame ID "map" passed to canTransform argument target_frame - frame does not exist
[ros2-11] [planner_server-3] [INFO] [1785139381.490168799] [robot3.global_costmap.global_costmap]: Timed out waiting for transform from robot3/base_link to map to become available, tf error: Invalid frame ID "map" passed to canTransform argument target_frame - frame does not exist
[ros2-11] [planner_server-3] [INFO] [1785139381.990173546] [robot3.global_costmap.global_costmap]: Timed out waiting for transform from robot3/base_link to map to become available, tf error: Invalid frame ID "map" passed to canTransform argument target_frame - frame does not exist
[ros2-11] [planner_server-3] [INFO] [1785139382.490173713] [robot3.global_costmap.global_costmap]: Timed out waiting for transform from robot3/base_link to map to become available, tf error: Invalid frame ID "map" passed to canTransform argument target_frame - frame does not exist
[ros2-11] [planner_server-3] [INFO] [1785139382.990168437] [robot3.global_costmap.global_costmap]: Timed out waiting for transform from robot3/base_link to map to become available, tf error: Invalid frame ID "map" passed to canTransform argument target_frame - frame does not exist
[ros2-11] [planner_server-3] [INFO] [1785139383.490151355] [robot3.global_costmap.global_costmap]: Timed out waiting for transform from robot3/base_link to map to become available, tf error: Invalid frame ID "map" passed to canTransform argument target_frame - frame does not exist
[ros2-11] [planner_server-3] [INFO] [1785139383.990168566] [robot3.global_costmap.global_costmap]: Timed out waiting for transform from robot3/base_link to map to become available, tf error: Invalid frame ID "map" passed to canTransform argument target_frame - frame does not exist
[ros2-11] [planner_server-3] [INFO] [1785139384.490172311] [robot3.global_costmap.global_costmap]: Timed out waiting for transform from robot3/base_link to map to become available, tf error: Invalid frame ID "map" passed to canTransform argument target_frame - frame does not exist
[ros2-11] [planner_server-3] [INFO] [1785139384.990171628] [robot3.global_costmap.global_costmap]: Timed out waiting for transform from robot3/base_link to map to become available, tf error: Invalid frame ID "map" passed to canTransform argument target_frame - frame does not exist
[ros2-11] [planner_server-3] [INFO] [1785139385.490182719] [robot3.global_costmap.global_costmap]: Timed out waiting for transform from robot3/base_link to map to become available, tf error: Invalid frame ID "map" passed to canTransform argument target_frame - frame does not exist
[ros2-11] [planner_server-3] [INFO] [1785139385.990300519] [robot3.global_costmap.global_costmap]: Timed out waiting for transform from robot3/base_link to map to become available, tf error: Invalid frame ID "map" passed to canTransform argument target_frame - frame does not exist
[ros2-11] [planner_server-3] [INFO] [1785139386.490177365] [robot3.global_costmap.global_costmap]: Timed out waiting for transform from robot3/base_link to map to become available, tf error: Invalid frame ID "map" passed to canTransform argument target_frame - frame does not exist
[ros2-11] [planner_server-3] [INFO] [1785139386.990182173] [robot3.global_costmap.global_costmap]: Timed out waiting for transform from robot3/base_link to map to become available, tf error: Invalid frame ID "map" passed to canTransform argument target_frame - frame does not exist
[ros2-11] [planner_server-3] [INFO] [1785139387.490170046] [robot3.global_costmap.global_costmap]: Timed out waiting for transform from robot3/base_link to map to become available, tf error: Invalid frame ID "map" passed to canTransform argument target_frame - frame does not exist
[ros2-11] [planner_server-3] [INFO] [1785139387.990168084] [robot3.global_costmap.global_costmap]: Timed out waiting for transform from robot3/base_link to map to become available, tf error: Invalid frame ID "map" passed to canTransform argument target_frame - frame does not exist
[ros2-11] [planner_server-3] [INFO] [1785139388.490187774] [robot3.global_costmap.global_costmap]: Timed out waiting for transform from robot3/base_link to map to become available, tf error: Invalid frame ID "map" passed to canTransform argument target_frame - frame does not exist
[ros2-11] [planner_server-3] [INFO] [1785139388.990192445] [robot3.global_costmap.global_costmap]: Timed out waiting for transform from robot3/base_link to map to become available, tf error: Invalid frame ID "map" passed to canTransform argument target_frame - frame does not exist
[ros2-11] [planner_server-3] [INFO] [1785139389.490168368] [robot3.global_costmap.global_costmap]: Timed out waiting for transform from robot3/base_link to map to become available, tf error: Invalid frame ID "map" passed to canTransform argument target_frame - frame does not exist
[ros2-11] [planner_server-3] [INFO] [1785139389.990171205] [robot3.global_costmap.global_costmap]: Timed out waiting for transform from robot3/base_link to map to become available, tf error: Invalid frame ID "map" passed to canTransform argument target_frame - frame does not exist
[ros2-11] [planner_server-3] [INFO] [1785139390.490168165] [robot3.global_costmap.global_costmap]: Timed out waiting for transform from robot3/base_link to map to become available, tf error: Invalid frame ID "map" passed to canTransform argument target_frame - frame does not exist
[ros2-11] [planner_server-3] [INFO] [1785139390.990170262] [robot3.global_costmap.global_costmap]: Timed out waiting for transform from robot3/base_link to map to become available, tf error: Invalid frame ID "map" passed to canTransform argument target_frame - frame does not exist
[ros2-11] [planner_server-3] [INFO] [1785139391.490170567] [robot3.global_costmap.global_costmap]: Timed out waiting for transform from robot3/base_link to map to become available, tf error: Invalid frame ID "map" passed to canTransform argument target_frame - frame does not exist
[ros2-11] [planner_server-3] [INFO] [1785139391.990170774] [robot3.global_costmap.global_costmap]: Timed out waiting for transform from robot3/base_link to map to become available, tf error: Invalid frame ID "map" passed to canTransform argument target_frame - frame does not exist
[ros2-11] [planner_server-3] [INFO] [1785139392.490170523] [robot3.global_costmap.global_costmap]: Timed out waiting for transform from robot3/base_link to map to become available, tf error: Invalid frame ID "map" passed to canTransform argument target_frame - frame does not exist
[ros2-11] [planner_server-3] [INFO] [1785139392.990167654] [robot3.global_costmap.global_costmap]: Timed out waiting for transform from robot3/base_link to map to become available, tf error: Invalid frame ID "map" passed to canTransform argument target_frame - frame does not exist
[ros2-11] [planner_server-3] [INFO] [1785139393.490169329] [robot3.global_costmap.global_costmap]: Timed out waiting for transform from robot3/base_link to map to become available, tf error: Invalid frame ID "map" passed to canTransform argument target_frame - frame does not exist
[ros2-11] [planner_server-3] [INFO] [1785139393.990173245] [robot3.global_costmap.global_costmap]: Timed out waiting for transform from robot3/base_link to map to become available, tf error: Invalid frame ID "map" passed to canTransform argument target_frame - frame does not exist
[ros2-11] [planner_server-3] [INFO] [1785139394.490173178] [robot3.global_costmap.global_costmap]: Timed out waiting for transform from robot3/base_link to map to become available, tf error: Invalid frame ID "map" passed to canTransform argument target_frame - frame does not exist
[ros2-11] [planner_server-3] [INFO] [1785139394.990172195] [robot3.global_costmap.global_costmap]: Timed out waiting for transform from robot3/base_link to map to become available, tf error: Invalid frame ID "map" passed to canTransform argument target_frame - frame does not exist
[ros2-11] [planner_server-3] [INFO] [1785139395.490192618] [robot3.global_costmap.global_costmap]: Timed out waiting for transform from robot3/base_link to map to become available, tf error: Invalid frame ID "map" passed to canTransform argument target_frame - frame does not exist
[ros2-11] [planner_server-3] [INFO] [1785139395.990172950] [robot3.global_costmap.global_costmap]: Timed out waiting for transform from robot3/base_link to map to become available, tf error: Invalid frame ID "map" passed to canTransform argument target_frame - frame does not exist
[ros2-11] [planner_server-3] [INFO] [1785139396.490171273] [robot3.global_costmap.global_costmap]: Timed out waiting for transform from robot3/base_link to map to become available, tf error: Invalid frame ID "map" passed to canTransform argument target_frame - frame does not exist
[ros2-11] [planner_server-3] [INFO] [1785139396.990187314] [robot3.global_costmap.global_costmap]: Timed out waiting for transform from robot3/base_link to map to become available, tf error: Invalid frame ID "map" passed to canTransform argument target_frame - frame does not exist
[ros2-11] [planner_server-3] [INFO] [1785139397.490171960] [robot3.global_costmap.global_costmap]: Timed out waiting for transform from robot3/base_link to map to become available, tf error: Invalid frame ID "map" passed to canTransform argument target_frame - frame does not exist
[ros2-11] [planner_server-3] [INFO] [1785139397.990172757] [robot3.global_costmap.global_costmap]: Timed out waiting for transform from robot3/base_link to map to become available, tf error: Invalid frame ID "map" passed to canTransform argument target_frame - frame does not exist
[ros2-11] [planner_server-3] [INFO] [1785139398.490170895] [robot3.global_costmap.global_costmap]: Timed out waiting for transform from robot3/base_link to map to become available, tf error: Invalid frame ID "map" passed to canTransform argument target_frame - frame does not exist
[ros2-11] [planner_server-3] [INFO] [1785139398.990170376] [robot3.global_costmap.global_costmap]: Timed out waiting for transform from robot3/base_link to map to become available, tf error: Invalid frame ID "map" passed to canTransform argument target_frame - frame does not exist
[ros2-11] [planner_server-3] [INFO] [1785139399.490169264] [robot3.global_costmap.global_costmap]: Timed out waiting for transform from robot3/base_link to map to become available, tf error: Invalid frame ID "map" passed to canTransform argument target_frame - frame does not exist
[ros2-11] [planner_server-3] [INFO] [1785139399.990169844] [robot3.global_costmap.global_costmap]: Timed out waiting for transform from robot3/base_link to map to become available, tf error: Invalid frame ID "map" passed to canTransform argument target_frame - frame does not exist
[ros2-11] [planner_server-3] [INFO] [1785139400.490185618] [robot3.global_costmap.global_costmap]: Timed out waiting for transform from robot3/base_link to map to become available, tf error: Invalid frame ID "map" passed to canTransform argument target_frame - frame does not exist
[ros2-11] [planner_server-3] [INFO] [1785139400.990180720] [robot3.global_costmap.global_costmap]: Timed out waiting for transform from robot3/base_link to map to become available, tf error: Invalid frame ID "map" passed to canTransform argument target_frame - frame does not exist
[ros2-11] [planner_server-3] [INFO] [1785139401.490176261] [robot3.global_costmap.global_costmap]: Timed out waiting for transform from robot3/base_link to map to become available, tf error: Invalid frame ID "map" passed to canTransform argument target_frame - frame does not exist
[ros2-11] [planner_server-3] [INFO] [1785139401.990178378] [robot3.global_costmap.global_costmap]: Timed out waiting for transform from robot3/base_link to map to become available, tf error: Invalid frame ID "map" passed to canTransform argument target_frame - frame does not exist
[ros2-11] [planner_server-3] [INFO] [1785139402.490177147] [robot3.global_costmap.global_costmap]: Timed out waiting for transform from robot3/base_link to map to become available, tf error: Invalid frame ID "map" passed to canTransform argument target_frame - frame does not exist
[ros2-11] [planner_server-3] [INFO] [1785139402.990177059] [robot3.global_costmap.global_costmap]: Timed out waiting for transform from robot3/base_link to map to become available, tf error: Invalid frame ID "map" passed to canTransform argument target_frame - frame does not exist
[ros2-11] [planner_server-3] [INFO] [1785139403.490180612] [robot3.global_costmap.global_costmap]: Timed out waiting for transform from robot3/base_link to map to become available, tf error: Invalid frame ID "map" passed to canTransform argument target_frame - frame does not exist
[ros2-11] [planner_server-3] [INFO] [1785139403.990176128] [robot3.global_costmap.global_costmap]: Timed out waiting for transform from robot3/base_link to map to become available, tf error: Invalid frame ID "map" passed to canTransform argument target_frame - frame does not exist
[ros2-11] [planner_server-3] [INFO] [1785139404.490174182] [robot3.global_costmap.global_costmap]: Timed out waiting for transform from robot3/base_link to map to become available, tf error: Invalid frame ID "map" passed to canTransform argument target_frame - frame does not exist
[ros2-11] [planner_server-3] [INFO] [1785139404.990135493] [robot3.global_costmap.global_costmap]: Timed out waiting for transform from robot3/base_link to map to become available, tf error: Invalid frame ID "map" passed to canTransform argument target_frame - frame does not exist
[ros2-11] [planner_server-3] [INFO] [1785139405.490171013] [robot3.global_costmap.global_costmap]: Timed out waiting for transform from robot3/base_link to map to become available, tf error: Invalid frame ID "map" passed to canTransform argument target_frame - frame does not exist
[ros2-11] [planner_server-3] [INFO] [1785139405.990170998] [robot3.global_costmap.global_costmap]: Timed out waiting for transform from robot3/base_link to map to become available, tf error: Invalid frame ID "map" passed to canTransform argument target_frame - frame does not exist
[ros2-11] [planner_server-3] [INFO] [1785139406.490171819] [robot3.global_costmap.global_costmap]: Timed out waiting for transform from robot3/base_link to map to become available, tf error: Invalid frame ID "map" passed to canTransform argument target_frame - frame does not exist
[ros2-11] [planner_server-3] [INFO] [1785139406.990173707] [robot3.global_costmap.global_costmap]: Timed out waiting for transform from robot3/base_link to map to become available, tf error: Invalid frame ID "map" passed to canTransform argument target_frame - frame does not exist
[ros2-11] [planner_server-3] [INFO] [1785139407.490171334] [robot3.global_costmap.global_costmap]: Timed out waiting for transform from robot3/base_link to map to become available, tf error: Invalid frame ID "map" passed to canTransform argument target_frame - frame does not exist
[ros2-11] [planner_server-3] [INFO] [1785139407.990325000] [robot3.global_costmap.global_costmap]: Timed out waiting for transform from robot3/base_link to map to become available, tf error: Invalid frame ID "map" passed to canTransform argument target_frame - frame does not exist
[ros2-11] [planner_server-3] [INFO] [1785139408.490229367] [robot3.global_costmap.global_costmap]: Timed out waiting for transform from robot3/base_link to map to become available, tf error: Invalid frame ID "map" passed to canTransform argument target_frame - frame does not exist
[ros2-11] [planner_server-3] [INFO] [1785139408.990174151] [robot3.global_costmap.global_costmap]: Timed out waiting for transform from robot3/base_link to map to become available, tf error: Invalid frame ID "map" passed to canTransform argument target_frame - frame does not exist
[ros2-11] [planner_server-3] [INFO] [1785139409.490171169] [robot3.global_costmap.global_costmap]: Timed out waiting for transform from robot3/base_link to map to become available, tf error: Invalid frame ID "map" passed to canTransform argument target_frame - frame does not exist
[ros2-11] [planner_server-3] [INFO] [1785139409.990173668] [robot3.global_costmap.global_costmap]: Timed out waiting for transform from robot3/base_link to map to become available, tf error: Invalid frame ID "map" passed to canTransform argument target_frame - frame does not exist
[ros2-11] [planner_server-3] [INFO] [1785139410.490173007] [robot3.global_costmap.global_costmap]: Timed out waiting for transform from robot3/base_link to map to become available, tf error: Invalid frame ID "map" passed to canTransform argument target_frame - frame does not exist
[ros2-11] [planner_server-3] [INFO] [1785139410.990174561] [robot3.global_costmap.global_costmap]: Timed out waiting for transform from robot3/base_link to map to become available, tf error: Invalid frame ID "map" passed to canTransform argument target_frame - frame does not exist
[ros2-11] [planner_server-3] [INFO] [1785139411.490172812] [robot3.global_costmap.global_costmap]: Timed out waiting for transform from robot3/base_link to map to become available, tf error: Invalid frame ID "map" passed to canTransform argument target_frame - frame does not exist
[ros2-11] [planner_server-3] [INFO] [1785139411.990170958] [robot3.global_costmap.global_costmap]: Timed out waiting for transform from robot3/base_link to map to become available, tf error: Invalid frame ID "map" passed to canTransform argument target_frame - frame does not exist
[ros2-11] [planner_server-3] [INFO] [1785139412.490173035] [robot3.global_costmap.global_costmap]: Timed out waiting for transform from robot3/base_link to map to become available, tf error: Invalid frame ID "map" passed to canTransform argument target_frame - frame does not exist
[ros2-11] [planner_server-3] [INFO] [1785139412.990162448] [robot3.global_costmap.global_costmap]: Timed out waiting for transform from robot3/base_link to map to become available, tf error: Invalid frame ID "map" passed to canTransform argument target_frame - frame does not exist
[ros2-11] [planner_server-3] [INFO] [1785139413.490157863] [robot3.global_costmap.global_costmap]: Timed out waiting for transform from robot3/base_link to map to become available, tf error: Invalid frame ID "map" passed to canTransform argument target_frame - frame does not exist
[ros2-11] [planner_server-3] [INFO] [1785139413.990172624] [robot3.global_costmap.global_costmap]: Timed out waiting for transform from robot3/base_link to map to become available, tf error: Invalid frame ID "map" passed to canTransform argument target_frame - frame does not exist
[ros2-11] [planner_server-3] [INFO] [1785139414.490179788] [robot3.global_costmap.global_costmap]: Timed out waiting for transform from robot3/base_link to map to become available, tf error: Invalid frame ID "map" passed to canTransform argument target_frame - frame does not exist
[ros2-11] [planner_server-3] [INFO] [1785139414.990180087] [robot3.global_costmap.global_costmap]: Timed out waiting for transform from robot3/base_link to map to become available, tf error: Invalid frame ID "map" passed to canTransform argument target_frame - frame does not exist
[ros2-11] [planner_server-3] [INFO] [1785139415.490180139] [robot3.global_costmap.global_costmap]: Timed out waiting for transform from robot3/base_link to map to become available, tf error: Invalid frame ID "map" passed to canTransform argument target_frame - frame does not exist
