[INFO] [launch]: All log files can be found below /home/sanket/.ros/log/2026-07-27-13-06-14-167501-sanket-Victus-by-HP-Laptop-16-d0xxx-6182
[INFO] [launch]: Default logging verbosity is set to INFO
[INFO] [gzserver-1]: process started with pid [6184]
[INFO] [gzclient-2]: process started with pid [6186]
[INFO] [rviz2-3]: process started with pid [6188]
[INFO] [map_server-4]: process started with pid [6190]
[INFO] [lifecycle_manager-5]: process started with pid [6192]
[INFO] [robot_state_publisher-6]: process started with pid [6194]
[INFO] [spawn_entity.py-7]: process started with pid [6196]
[INFO] [ekf_node-8]: process started with pid [6198]
[INFO] [amcl-9]: process started with pid [6200]
[INFO] [tf_to_odom-10]: process started with pid [6202]
[INFO] [ros2-11]: process started with pid [6204]
[lifecycle_manager-5] [INFO] [1785137774.366487669] [lifecycle_manager_localization]: Creating
[amcl-9] [INFO] [1785137774.367065833] [amcl3]: 
[amcl-9] 	amcl3 lifecycle node launched. 
[amcl-9] 	Waiting on external lifecycle transitions to activate
[amcl-9] 	See https://design.ros2.org/articles/node_lifecycle.html for more information.
[amcl-9] [INFO] [1785137774.369022417] [amcl3]: Creating
[map_server-4] [INFO] [1785137774.370489145] [map_server]: 
[map_server-4] 	map_server lifecycle node launched. 
[map_server-4] 	Waiting on external lifecycle transitions to activate
[map_server-4] 	See https://design.ros2.org/articles/node_lifecycle.html for more information.
[map_server-4] [INFO] [1785137774.370883345] [map_server]: Creating
[lifecycle_manager-5] [INFO] [1785137774.373019817] [lifecycle_manager_localization]: [34m[1mCreating and initializing lifecycle service clients[0m[0m
[lifecycle_manager-5] [INFO] [1785137774.374719864] [lifecycle_manager_localization]: [34m[1mStarting managed nodes bringup...[0m[0m
[lifecycle_manager-5] [INFO] [1785137774.374760495] [lifecycle_manager_localization]: [34m[1mConfiguring map_server[0m[0m
[robot_state_publisher-6] [INFO] [1785137774.425363562] [robot3.robot_state_publisher]: got segment robot3/AGV_Body-v1
[robot_state_publisher-6] [INFO] [1785137774.425544797] [robot3.robot_state_publisher]: got segment robot3/ZLtech_6.5inch-v3
[robot_state_publisher-6] [INFO] [1785137774.425551083] [robot3.robot_state_publisher]: got segment robot3/ZLtech_6.5inch-v3-1
[robot_state_publisher-6] [INFO] [1785137774.425554726] [robot3.robot_state_publisher]: got segment robot3/base_link
[robot_state_publisher-6] [INFO] [1785137774.425558177] [robot3.robot_state_publisher]: got segment robot3/caster_back
[robot_state_publisher-6] [INFO] [1785137774.425561281] [robot3.robot_state_publisher]: got segment robot3/caster_front
[robot_state_publisher-6] [INFO] [1785137774.425564346] [robot3.robot_state_publisher]: got segment robot3/front_indicator
[robot_state_publisher-6] [INFO] [1785137774.425567584] [robot3.robot_state_publisher]: got segment robot3/laser_frame
[robot_state_publisher-6] [INFO] [1785137774.425570765] [robot3.robot_state_publisher]: got segment robot3/scanner-v2
[map_server-4] [INFO] [1785137774.459017538] [map_server]: Configuring
[map_server-4] [INFO] [1785137774.459093836] [map_io]: Loading yaml file: /home/sanket/Documents/XP_Robotics/StepFile_gazebo/AGV/agv_simulation_workspace/install/agv/share/agv/maps/my_new_map.yaml
[map_server-4] [INFO] [1785137774.459375225] [map_io]: resolution: 0.05
[map_server-4] [INFO] [1785137774.459384289] [map_io]: origin[0]: -7.275
[map_server-4] [INFO] [1785137774.459389212] [map_io]: origin[1]: -6.625
[map_server-4] [INFO] [1785137774.459393815] [map_io]: origin[2]: 0
[map_server-4] [INFO] [1785137774.459398667] [map_io]: free_thresh: 0.25
[map_server-4] [INFO] [1785137774.459403242] [map_io]: occupied_thresh: 0.65
[map_server-4] [INFO] [1785137774.459408148] [map_io]: mode: trinary
[map_server-4] [INFO] [1785137774.459414239] [map_io]: negate: 0
[map_server-4] [INFO] [1785137774.464265864] [map_io]: Loading image_file: /home/sanket/Documents/XP_Robotics/StepFile_gazebo/AGV/agv_simulation_workspace/install/agv/share/agv/maps/my_new_map.pgm
[map_server-4] [INFO] [1785137774.474249740] [map_io]: Read map /home/sanket/Documents/XP_Robotics/StepFile_gazebo/AGV/agv_simulation_workspace/install/agv/share/agv/maps/my_new_map.pgm: 275 X 241 map @ 0.05 m/cell
[lifecycle_manager-5] [INFO] [1785137774.481411474] [lifecycle_manager_localization]: [34m[1mConfiguring amcl3[0m[0m
[amcl-9] [INFO] [1785137774.482282332] [amcl3]: Configuring
[amcl-9] [INFO] [1785137774.482424836] [amcl3]: initTransforms
[amcl-9] [INFO] [1785137774.491126346] [amcl3]: initPubSub
[amcl-9] [INFO] [1785137774.495711827] [amcl3]: Subscribed to map topic.
[lifecycle_manager-5] [INFO] [1785137774.497939263] [lifecycle_manager_localization]: [34m[1mActivating map_server[0m[0m
[map_server-4] [INFO] [1785137774.498812025] [map_server]: Activating
[map_server-4] [INFO] [1785137774.499031040] [map_server]: Creating bond (map_server) to lifecycle manager.
[amcl-9] [INFO] [1785137774.499187757] [amcl3]: Received a 275 X 241 map @ 0.050 m/pix
[ros2-11] [INFO] [launch]: All log files can be found below /home/sanket/.ros/log/2026-07-27-13-06-14-594957-sanket-Victus-by-HP-Laptop-16-d0xxx-6204
[ros2-11] [INFO] [launch]: Default logging verbosity is set to INFO
[lifecycle_manager-5] [INFO] [1785137774.604395868] [lifecycle_manager_localization]: Server map_server connected with bond.
[lifecycle_manager-5] [INFO] [1785137774.604446517] [lifecycle_manager_localization]: [34m[1mActivating amcl3[0m[0m
[amcl-9] [INFO] [1785137774.604652878] [amcl3]: Activating
[amcl-9] [INFO] [1785137774.604695180] [amcl3]: initialPoseReceived
[amcl-9] [INFO] [1785137774.604760790] [amcl3]: Setting pose (0.000000): 0.000 3.000 0.000
[amcl-9] [INFO] [1785137774.605262330] [amcl3]: Creating bond (amcl3) to lifecycle manager.
[lifecycle_manager-5] [INFO] [1785137774.708169950] [lifecycle_manager_localization]: Server amcl3 connected with bond.
[lifecycle_manager-5] [INFO] [1785137774.708221584] [lifecycle_manager_localization]: [34m[1mManaged nodes are active[0m[0m
[lifecycle_manager-5] [INFO] [1785137774.708233544] [lifecycle_manager_localization]: [34m[1mCreating bond timer...[0m[0m
[ros2-11] [INFO] [controller_server-1]: process started with pid [6331]
[ros2-11] [INFO] [smoother_server-2]: process started with pid [6334]
[ros2-11] [INFO] [planner_server-3]: process started with pid [6336]
[ros2-11] [INFO] [behavior_server-4]: process started with pid [6338]
[ros2-11] [INFO] [bt_navigator-5]: process started with pid [6340]
[ros2-11] [INFO] [waypoint_follower-6]: process started with pid [6344]
[ros2-11] [INFO] [velocity_smoother-7]: process started with pid [6346]
[ros2-11] [INFO] [lifecycle_manager-8]: process started with pid [6348]
[ros2-11] [lifecycle_manager-8] [INFO] [1785137774.819752556] [robot3.lifecycle_manager_navigation]: Creating
[ros2-11] [lifecycle_manager-8] [INFO] [1785137774.824299165] [robot3.lifecycle_manager_navigation]: [34m[1mCreating and initializing lifecycle service clients[0m[0m
[ros2-11] [bt_navigator-5] [INFO] [1785137774.844138584] [robot3.bt_navigator]: 
[ros2-11] [bt_navigator-5] 	bt_navigator lifecycle node launched. 
[ros2-11] [bt_navigator-5] 	Waiting on external lifecycle transitions to activate
[ros2-11] [bt_navigator-5] 	See https://design.ros2.org/articles/node_lifecycle.html for more information.
[ros2-11] [bt_navigator-5] [INFO] [1785137774.844271423] [robot3.bt_navigator]: Creating
[ros2-11] [smoother_server-2] [INFO] [1785137774.853841394] [robot3.smoother_server]: 
[ros2-11] [smoother_server-2] 	smoother_server lifecycle node launched. 
[ros2-11] [smoother_server-2] 	Waiting on external lifecycle transitions to activate
[ros2-11] [smoother_server-2] 	See https://design.ros2.org/articles/node_lifecycle.html for more information.
[ros2-11] [controller_server-1] [INFO] [1785137774.855108829] [robot3.controller_server]: 
[ros2-11] [controller_server-1] 	controller_server lifecycle node launched. 
[ros2-11] [controller_server-1] 	Waiting on external lifecycle transitions to activate
[ros2-11] [controller_server-1] 	See https://design.ros2.org/articles/node_lifecycle.html for more information.
[ros2-11] [smoother_server-2] [INFO] [1785137774.865808379] [robot3.smoother_server]: Creating smoother server
[tf_to_odom-10] [INFO] [1785137774.870646930] [robot3.tf_to_odom]: Publishing TF (map -> robot3/base_link) to odometry/filtered
[ros2-11] [controller_server-1] [INFO] [1785137774.869268011] [robot3.controller_server]: Creating controller server
[ros2-11] [velocity_smoother-7] [INFO] [1785137774.875018264] [robot3.velocity_smoother]: 
[ros2-11] [velocity_smoother-7] 	velocity_smoother lifecycle node launched. 
[ros2-11] [velocity_smoother-7] 	Waiting on external lifecycle transitions to activate
[ros2-11] [velocity_smoother-7] 	See https://design.ros2.org/articles/node_lifecycle.html for more information.
[spawn_entity.py-7] [INFO] [1785137774.877394944] [spawn_entity]: Spawn Entity started
[spawn_entity.py-7] [INFO] [1785137774.877949613] [spawn_entity]: Loading entity published on topic /robot3/robot_description
[spawn_entity.py-7] [INFO] [1785137774.880323129] [spawn_entity]: Waiting for entity xml on /robot3/robot_description
[ros2-11] [behavior_server-4] [INFO] [1785137774.901906146] [robot3.behavior_server]: 
[ros2-11] [behavior_server-4] 	behavior_server lifecycle node launched. 
[ros2-11] [behavior_server-4] 	Waiting on external lifecycle transitions to activate
[ros2-11] [behavior_server-4] 	See https://design.ros2.org/articles/node_lifecycle.html for more information.
[ros2-11] [planner_server-3] [INFO] [1785137774.911332976] [robot3.planner_server]: 
[ros2-11] [planner_server-3] 	planner_server lifecycle node launched. 
[ros2-11] [planner_server-3] 	Waiting on external lifecycle transitions to activate
[ros2-11] [planner_server-3] 	See https://design.ros2.org/articles/node_lifecycle.html for more information.
[ros2-11] [waypoint_follower-6] [INFO] [1785137774.912187802] [robot3.waypoint_follower]: 
[ros2-11] [waypoint_follower-6] 	waypoint_follower lifecycle node launched. 
[ros2-11] [waypoint_follower-6] 	Waiting on external lifecycle transitions to activate
[ros2-11] [waypoint_follower-6] 	See https://design.ros2.org/articles/node_lifecycle.html for more information.
[ros2-11] [planner_server-3] [INFO] [1785137774.912916817] [robot3.planner_server]: Creating
[ros2-11] [waypoint_follower-6] [INFO] [1785137774.915911626] [robot3.waypoint_follower]: Creating
[spawn_entity.py-7] [INFO] [1785137774.932156193] [spawn_entity]: Waiting for service /spawn_entity, timeout = 30
[spawn_entity.py-7] [INFO] [1785137774.932503449] [spawn_entity]: Waiting for service /spawn_entity
[ros2-11] [controller_server-1] [INFO] [1785137774.939426046] [robot3.local_costmap.local_costmap]: 
[ros2-11] [controller_server-1] 	local_costmap lifecycle node launched. 
[ros2-11] [controller_server-1] 	Waiting on external lifecycle transitions to activate
[ros2-11] [controller_server-1] 	See https://design.ros2.org/articles/node_lifecycle.html for more information.
[ros2-11] [controller_server-1] [INFO] [1785137774.942808706] [robot3.local_costmap.local_costmap]: Creating Costmap
[ros2-11] [planner_server-3] [INFO] [1785137774.950952341] [robot3.global_costmap.global_costmap]: 
[ros2-11] [planner_server-3] 	global_costmap lifecycle node launched. 
[ros2-11] [planner_server-3] 	Waiting on external lifecycle transitions to activate
[ros2-11] [planner_server-3] 	See https://design.ros2.org/articles/node_lifecycle.html for more information.
[ros2-11] [planner_server-3] [INFO] [1785137774.951306430] [robot3.global_costmap.global_costmap]: Creating Costmap
[ros2-11] [lifecycle_manager-8] [INFO] [1785137774.997422230] [robot3.lifecycle_manager_navigation]: [34m[1mStarting managed nodes bringup...[0m[0m
[ros2-11] [lifecycle_manager-8] [INFO] [1785137774.997463820] [robot3.lifecycle_manager_navigation]: [34m[1mConfiguring controller_server[0m[0m
[ros2-11] [controller_server-1] [INFO] [1785137774.997698550] [robot3.controller_server]: Configuring controller interface
[ros2-11] [controller_server-1] [INFO] [1785137774.997884891] [robot3.controller_server]: getting goal checker plugins..
[ros2-11] [controller_server-1] [INFO] [1785137774.997960143] [robot3.controller_server]: Controller frequency set to 20.0000Hz
[ros2-11] [controller_server-1] [INFO] [1785137774.997995081] [robot3.local_costmap.local_costmap]: Configuring
[ros2-11] [controller_server-1] [INFO] [1785137775.002764903] [robot3.local_costmap.local_costmap]: Using plugin "voxel_layer"
[rviz2-3] [INFO] [1785137775.007889394] [rviz2]: Stereo is NOT SUPPORTED
[rviz2-3] [INFO] [1785137775.008017896] [rviz2]: OpenGl version: 4.6 (GLSL 4.6)
[ros2-11] [controller_server-1] [INFO] [1785137775.011933366] [robot3.local_costmap.local_costmap]: Subscribed to Topics: robot3/scan
[ros2-11] [controller_server-1] [INFO] [1785137775.019135024] [robot3.local_costmap.local_costmap]: Initialized plugin "voxel_layer"
[ros2-11] [controller_server-1] [INFO] [1785137775.019194464] [robot3.local_costmap.local_costmap]: Using plugin "inflation_layer"
[ros2-11] [controller_server-1] [INFO] [1785137775.019785241] [robot3.local_costmap.local_costmap]: Initialized plugin "inflation_layer"
[ros2-11] [controller_server-1] [INFO] [1785137775.028014392] [robot3.controller_server]: Created progress_checker : progress_checker of type nav2_controller::SimpleProgressChecker
[ros2-11] [controller_server-1] [INFO] [1785137775.028977825] [robot3.controller_server]: Created goal checker : general_goal_checker of type nav2_controller::SimpleGoalChecker
[ros2-11] [controller_server-1] [INFO] [1785137775.029208442] [robot3.controller_server]: Controller Server has general_goal_checker  goal checkers available.
[ros2-11] [controller_server-1] [INFO] [1785137775.030459215] [robot3.controller_server]: Created controller : FollowPath of type nav2_regulated_pure_pursuit_controller::RegulatedPurePursuitController
[ros2-11] [controller_server-1] [INFO] [1785137775.032822597] [robot3.controller_server]: Controller Server has FollowPath  controllers available.
[rviz2-3] [INFO] [1785137775.036232329] [rviz2]: Stereo is NOT SUPPORTED
[ros2-11] [lifecycle_manager-8] [INFO] [1785137775.040691053] [robot3.lifecycle_manager_navigation]: [34m[1mConfiguring smoother_server[0m[0m
[ros2-11] [smoother_server-2] [INFO] [1785137775.040861851] [robot3.smoother_server]: Configuring smoother server
[ros2-11] [smoother_server-2] [INFO] [1785137775.049544030] [robot3.smoother_server]: Created smoother : simple_smoother of type nav2_smoother::SimpleSmoother
[ros2-11] [smoother_server-2] [INFO] [1785137775.049811727] [robot3.smoother_server]: Smoother Server has simple_smoother  smoothers available.
[ros2-11] [lifecycle_manager-8] [INFO] [1785137775.056216695] [robot3.lifecycle_manager_navigation]: [34m[1mConfiguring planner_server[0m[0m
[ros2-11] [planner_server-3] [INFO] [1785137775.056534282] [robot3.planner_server]: Configuring
[ros2-11] [planner_server-3] [INFO] [1785137775.056606204] [robot3.global_costmap.global_costmap]: Configuring
[ros2-11] [planner_server-3] [INFO] [1785137775.061839428] [robot3.global_costmap.global_costmap]: Using plugin "static_layer"
[ros2-11] [planner_server-3] [INFO] [1785137775.065376596] [robot3.global_costmap.global_costmap]: Subscribing to the map topic (/robot3/map) with transient local durability
[ros2-11] [planner_server-3] [INFO] [1785137775.066779584] [robot3.global_costmap.global_costmap]: Initialized plugin "static_layer"
[ros2-11] [planner_server-3] [INFO] [1785137775.066817854] [robot3.global_costmap.global_costmap]: Using plugin "obstacle_layer"
[ros2-11] [planner_server-3] [INFO] [1785137775.067178442] [robot3.global_costmap.global_costmap]: Subscribed to Topics: robot3/scan
[ros2-11] [planner_server-3] [INFO] [1785137775.069777841] [robot3.global_costmap.global_costmap]: Initialized plugin "obstacle_layer"
[ros2-11] [planner_server-3] [INFO] [1785137775.069822189] [robot3.global_costmap.global_costmap]: Using plugin "inflation_layer"
[ros2-11] [planner_server-3] [INFO] [1785137775.070263192] [robot3.global_costmap.global_costmap]: Initialized plugin "inflation_layer"
[ros2-11] [planner_server-3] [INFO] [1785137775.079359442] [robot3.planner_server]: Created global planner plugin GridBased of type nav2_navfn_planner/NavfnPlanner
[ros2-11] [planner_server-3] [INFO] [1785137775.079407685] [robot3.planner_server]: Configuring plugin GridBased of type NavfnPlanner
[ros2-11] [planner_server-3] [INFO] [1785137775.079961991] [robot3.planner_server]: Planner Server has GridBased  planners available.
[ros2-11] [lifecycle_manager-8] [INFO] [1785137775.088413549] [robot3.lifecycle_manager_navigation]: [34m[1mConfiguring behavior_server[0m[0m
[ros2-11] [behavior_server-4] [INFO] [1785137775.088619204] [robot3.behavior_server]: Configuring
[ros2-11] [behavior_server-4] [INFO] [1785137775.097698053] [robot3.behavior_server]: Creating behavior plugin spin of type nav2_behaviors/Spin
[ros2-11] [behavior_server-4] [INFO] [1785137775.099362549] [robot3.behavior_server]: Configuring spin
[ros2-11] [behavior_server-4] [INFO] [1785137775.103859958] [robot3.behavior_server]: Creating behavior plugin backup of type nav2_behaviors/BackUp
[ros2-11] [behavior_server-4] [INFO] [1785137775.105400561] [robot3.behavior_server]: Configuring backup
[ros2-11] [behavior_server-4] [INFO] [1785137775.110483821] [robot3.behavior_server]: Creating behavior plugin drive_on_heading of type nav2_behaviors/DriveOnHeading
[ros2-11] [behavior_server-4] [INFO] [1785137775.112097353] [robot3.behavior_server]: Configuring drive_on_heading
[ros2-11] [behavior_server-4] [INFO] [1785137775.116641913] [robot3.behavior_server]: Creating behavior plugin assisted_teleop of type nav2_behaviors/AssistedTeleop
[ros2-11] [behavior_server-4] [INFO] [1785137775.119790341] [robot3.behavior_server]: Configuring assisted_teleop
[ros2-11] [behavior_server-4] [INFO] [1785137775.124581218] [robot3.behavior_server]: Creating behavior plugin wait of type nav2_behaviors/Wait
[ros2-11] [behavior_server-4] [INFO] [1785137775.126051381] [robot3.behavior_server]: Configuring wait
[ros2-11] [lifecycle_manager-8] [INFO] [1785137775.130229962] [robot3.lifecycle_manager_navigation]: [34m[1mConfiguring bt_navigator[0m[0m
[ros2-11] [bt_navigator-5] [INFO] [1785137775.130467899] [robot3.bt_navigator]: Configuring
[ros2-11] [lifecycle_manager-8] [INFO] [1785137775.224008926] [robot3.lifecycle_manager_navigation]: [34m[1mConfiguring waypoint_follower[0m[0m
[ros2-11] [waypoint_follower-6] [INFO] [1785137775.224297104] [robot3.waypoint_follower]: Configuring
[ros2-11] [waypoint_follower-6] [INFO] [1785137775.237569178] [robot3.waypoint_follower]: Created waypoint_task_executor : wait_at_waypoint of type nav2_waypoint_follower::WaitAtWaypoint
[ros2-11] [lifecycle_manager-8] [INFO] [1785137775.240040165] [robot3.lifecycle_manager_navigation]: [34m[1mConfiguring velocity_smoother[0m[0m
[ros2-11] [velocity_smoother-7] [INFO] [1785137775.240411116] [robot3.velocity_smoother]: Configuring velocity smoother
[ros2-11] [lifecycle_manager-8] [INFO] [1785137775.244067232] [robot3.lifecycle_manager_navigation]: [34m[1mActivating controller_server[0m[0m
[ros2-11] [controller_server-1] [INFO] [1785137775.244368484] [robot3.controller_server]: Activating
[ros2-11] [controller_server-1] [INFO] [1785137775.244416908] [robot3.local_costmap.local_costmap]: Activating
[ros2-11] [controller_server-1] [INFO] [1785137775.244428235] [robot3.local_costmap.local_costmap]: Checking transform
[ros2-11] [controller_server-1] [INFO] [1785137775.244455351] [robot3.local_costmap.local_costmap]: Timed out waiting for transform from robot3/base_link to robot3/odom to become available, tf error: Invalid frame ID "robot3/odom" passed to canTransform argument target_frame - frame does not exist
[ros2-11] [controller_server-1] [INFO] [1785137775.744526318] [robot3.local_costmap.local_costmap]: Timed out waiting for transform from robot3/base_link to robot3/odom to become available, tf error: Invalid frame ID "robot3/odom" passed to canTransform argument target_frame - frame does not exist
[spawn_entity.py-7] [INFO] [1785137775.946493074] [spawn_entity]: Calling service /spawn_entity
[rviz2-3] [INFO] [1785137775.949512571] [rviz2]: Trying to create a map of size 275 x 241 using 1 swatches
[spawn_entity.py-7] [INFO] [1785137776.118396881] [spawn_entity]: Spawn status: SpawnEntity: Successfully spawned entity [robot3]
[gzserver-1] [INFO] [1785137776.235910400] [robot3.diff_drive]: Wheel pair 1 separation set to [0.560000m]
[gzserver-1] [INFO] [1785137776.236370182] [robot3.diff_drive]: Wheel pair 1 diameter set to [0.165000m]
[gzserver-1] [INFO] [1785137776.237489693] [robot3.diff_drive]: Subscribed to [/robot3/cmd_vel]
[gzserver-1] [INFO] [1785137776.239602951] [robot3.diff_drive]: Advertise odometry on [/robot3/odom]
[ros2-11] [controller_server-1] [INFO] [1785137776.244522494] [robot3.local_costmap.local_costmap]: Timed out waiting for transform from robot3/base_link to robot3/odom to become available, tf error: Invalid frame ID "robot3/odom" passed to canTransform argument target_frame - frame does not exist
[gzserver-1] [INFO] [1785137776.253650417] [robot3.joint_state]: Going to publish joint [robot3/AGV_Body-v1_Revolute-2]
[gzserver-1] [INFO] [1785137776.253704413] [robot3.joint_state]: Going to publish joint [robot3/AGV_Body-v1_Revolute-3]
[INFO] [spawn_entity.py-7]: process has finished cleanly [pid 6196]
[amcl-9] [INFO] [1785137776.358068395] [amcl3]: createLaserObject
[ros2-11] [controller_server-1] [INFO] [1785137776.744517317] [robot3.local_costmap.local_costmap]: Timed out waiting for transform from robot3/base_link to robot3/odom to become available, tf error: Invalid frame ID "robot3/odom" passed to canTransform argument target_frame - frame does not exist
[ros2-11] [controller_server-1] [INFO] [1785137777.244533294] [robot3.local_costmap.local_costmap]: Timed out waiting for transform from robot3/base_link to robot3/odom to become available, tf error: Invalid frame ID "robot3/odom" passed to canTransform argument target_frame - frame does not exist
[ros2-11] [controller_server-1] [INFO] [1785137777.744504390] [robot3.local_costmap.local_costmap]: Timed out waiting for transform from robot3/base_link to robot3/odom to become available, tf error: Invalid frame ID "robot3/odom" passed to canTransform argument target_frame - frame does not exist
[ros2-11] [controller_server-1] [INFO] [1785137778.244506198] [robot3.local_costmap.local_costmap]: Timed out waiting for transform from robot3/base_link to robot3/odom to become available, tf error: Invalid frame ID "robot3/odom" passed to canTransform argument target_frame - frame does not exist
[ros2-11] [controller_server-1] [INFO] [1785137778.744504658] [robot3.local_costmap.local_costmap]: Timed out waiting for transform from robot3/base_link to robot3/odom to become available, tf error: Invalid frame ID "robot3/odom" passed to canTransform argument target_frame - frame does not exist
[ros2-11] [controller_server-1] [INFO] [1785137779.244503157] [robot3.local_costmap.local_costmap]: Timed out waiting for transform from robot3/base_link to robot3/odom to become available, tf error: Invalid frame ID "robot3/odom" passed to canTransform argument target_frame - frame does not exist
[ros2-11] [controller_server-1] [INFO] [1785137779.744505267] [robot3.local_costmap.local_costmap]: Timed out waiting for transform from robot3/base_link to robot3/odom to become available, tf error: Invalid frame ID "robot3/odom" passed to canTransform argument target_frame - frame does not exist
[ros2-11] [controller_server-1] [INFO] [1785137780.244505401] [robot3.local_costmap.local_costmap]: Timed out waiting for transform from robot3/base_link to robot3/odom to become available, tf error: Invalid frame ID "robot3/odom" passed to canTransform argument target_frame - frame does not exist
[ros2-11] [controller_server-1] [INFO] [1785137780.744501444] [robot3.local_costmap.local_costmap]: Timed out waiting for transform from robot3/base_link to robot3/odom to become available, tf error: Invalid frame ID "robot3/odom" passed to canTransform argument target_frame - frame does not exist
[ros2-11] [controller_server-1] [INFO] [1785137781.244506006] [robot3.local_costmap.local_costmap]: Timed out waiting for transform from robot3/base_link to robot3/odom to become available, tf error: Invalid frame ID "robot3/odom" passed to canTransform argument target_frame - frame does not exist
[ros2-11] [controller_server-1] [INFO] [1785137781.744502518] [robot3.local_costmap.local_costmap]: Timed out waiting for transform from robot3/base_link to robot3/odom to become available, tf error: Invalid frame ID "robot3/odom" passed to canTransform argument target_frame - frame does not exist
[ros2-11] [controller_server-1] [INFO] [1785137782.244501798] [robot3.local_costmap.local_costmap]: Timed out waiting for transform from robot3/base_link to robot3/odom to become available, tf error: Invalid frame ID "robot3/odom" passed to canTransform argument target_frame - frame does not exist
[ros2-11] [controller_server-1] [INFO] [1785137782.744503308] [robot3.local_costmap.local_costmap]: Timed out waiting for transform from robot3/base_link to robot3/odom to become available, tf error: Invalid frame ID "robot3/odom" passed to canTransform argument target_frame - frame does not exist
[ros2-11] [controller_server-1] [INFO] [1785137783.244509604] [robot3.local_costmap.local_costmap]: Timed out waiting for transform from robot3/base_link to robot3/odom to become available, tf error: Invalid frame ID "robot3/odom" passed to canTransform argument target_frame - frame does not exist
[ros2-11] [controller_server-1] [INFO] [1785137783.744514021] [robot3.local_costmap.local_costmap]: Timed out waiting for transform from robot3/base_link to robot3/odom to become available, tf error: Invalid frame ID "robot3/odom" passed to canTransform argument target_frame - frame does not exist
[ros2-11] [controller_server-1] [INFO] [1785137784.244511281] [robot3.local_costmap.local_costmap]: Timed out waiting for transform from robot3/base_link to robot3/odom to become available, tf error: Invalid frame ID "robot3/odom" passed to canTransform argument target_frame - frame does not exist
[ros2-11] [controller_server-1] [INFO] [1785137784.744502641] [robot3.local_costmap.local_costmap]: Timed out waiting for transform from robot3/base_link to robot3/odom to become available, tf error: Invalid frame ID "robot3/odom" passed to canTransform argument target_frame - frame does not exist
[ros2-11] [controller_server-1] [INFO] [1785137785.244502815] [robot3.local_costmap.local_costmap]: Timed out waiting for transform from robot3/base_link to robot3/odom to become available, tf error: Invalid frame ID "robot3/odom" passed to canTransform argument target_frame - frame does not exist
[ros2-11] [controller_server-1] [INFO] [1785137785.744507788] [robot3.local_costmap.local_costmap]: Timed out waiting for transform from robot3/base_link to robot3/odom to become available, tf error: Invalid frame ID "robot3/odom" passed to canTransform argument target_frame - frame does not exist
[ros2-11] [controller_server-1] [INFO] [1785137786.244504676] [robot3.local_costmap.local_costmap]: Timed out waiting for transform from robot3/base_link to robot3/odom to become available, tf error: Invalid frame ID "robot3/odom" passed to canTransform argument target_frame - frame does not exist
[ros2-11] [controller_server-1] [INFO] [1785137786.744504454] [robot3.local_costmap.local_costmap]: Timed out waiting for transform from robot3/base_link to robot3/odom to become available, tf error: Invalid frame ID "robot3/odom" passed to canTransform argument target_frame - frame does not exist
[ros2-11] [controller_server-1] [INFO] [1785137787.244505807] [robot3.local_costmap.local_costmap]: Timed out waiting for transform from robot3/base_link to robot3/odom to become available, tf error: Invalid frame ID "robot3/odom" passed to canTransform argument target_frame - frame does not exist
[ros2-11] [controller_server-1] [INFO] [1785137787.744520366] [robot3.local_costmap.local_costmap]: Timed out waiting for transform from robot3/base_link to robot3/odom to become available, tf error: Invalid frame ID "robot3/odom" passed to canTransform argument target_frame - frame does not exist
[ros2-11] [controller_server-1] [INFO] [1785137788.244504092] [robot3.local_costmap.local_costmap]: Timed out waiting for transform from robot3/base_link to robot3/odom to become available, tf error: Invalid frame ID "robot3/odom" passed to canTransform argument target_frame - frame does not exist
[ros2-11] [controller_server-1] [INFO] [1785137788.744504702] [robot3.local_costmap.local_costmap]: Timed out waiting for transform from robot3/base_link to robot3/odom to become available, tf error: Invalid frame ID "robot3/odom" passed to canTransform argument target_frame - frame does not exist
[ros2-11] [controller_server-1] [INFO] [1785137789.244500981] [robot3.local_costmap.local_costmap]: Timed out waiting for transform from robot3/base_link to robot3/odom to become available, tf error: Invalid frame ID "robot3/odom" passed to canTransform argument target_frame - frame does not exist
[ros2-11] [controller_server-1] [INFO] [1785137789.744502622] [robot3.local_costmap.local_costmap]: Timed out waiting for transform from robot3/base_link to robot3/odom to become available, tf error: Invalid frame ID "robot3/odom" passed to canTransform argument target_frame - frame does not exist
[ros2-11] [controller_server-1] [INFO] [1785137790.244501345] [robot3.local_costmap.local_costmap]: Timed out waiting for transform from robot3/base_link to robot3/odom to become available, tf error: Invalid frame ID "robot3/odom" passed to canTransform argument target_frame - frame does not exist
[ros2-11] [controller_server-1] [INFO] [1785137790.744502185] [robot3.local_costmap.local_costmap]: Timed out waiting for transform from robot3/base_link to robot3/odom to become available, tf error: Invalid frame ID "robot3/odom" passed to canTransform argument target_frame - frame does not exist
[ros2-11] [controller_server-1] [INFO] [1785137791.244517299] [robot3.local_costmap.local_costmap]: Timed out waiting for transform from robot3/base_link to robot3/odom to become available, tf error: Invalid frame ID "robot3/odom" passed to canTransform argument target_frame - frame does not exist
[ros2-11] [controller_server-1] [INFO] [1785137791.744527428] [robot3.local_costmap.local_costmap]: Timed out waiting for transform from robot3/base_link to robot3/odom to become available, tf error: Invalid frame ID "robot3/odom" passed to canTransform argument target_frame - frame does not exist
[ros2-11] [controller_server-1] [INFO] [1785137792.244503590] [robot3.local_costmap.local_costmap]: Timed out waiting for transform from robot3/base_link to robot3/odom to become available, tf error: Invalid frame ID "robot3/odom" passed to canTransform argument target_frame - frame does not exist
[ros2-11] [controller_server-1] [INFO] [1785137792.744509405] [robot3.local_costmap.local_costmap]: Timed out waiting for transform from robot3/base_link to robot3/odom to become available, tf error: Invalid frame ID "robot3/odom" passed to canTransform argument target_frame - frame does not exist
[ros2-11] [controller_server-1] [INFO] [1785137793.244512017] [robot3.local_costmap.local_costmap]: Timed out waiting for transform from robot3/base_link to robot3/odom to become available, tf error: Invalid frame ID "robot3/odom" passed to canTransform argument target_frame - frame does not exist
[ros2-11] [controller_server-1] [INFO] [1785137793.744528741] [robot3.local_costmap.local_costmap]: Timed out waiting for transform from robot3/base_link to robot3/odom to become available, tf error: Invalid frame ID "robot3/odom" passed to canTransform argument target_frame - frame does not exist
[ros2-11] [controller_server-1] [INFO] [1785137794.244504395] [robot3.local_costmap.local_costmap]: Timed out waiting for transform from robot3/base_link to robot3/odom to become available, tf error: Invalid frame ID "robot3/odom" passed to canTransform argument target_frame - frame does not exist
[ros2-11] [controller_server-1] [INFO] [1785137794.744504604] [robot3.local_costmap.local_costmap]: Timed out waiting for transform from robot3/base_link to robot3/odom to become available, tf error: Invalid frame ID "robot3/odom" passed to canTransform argument target_frame - frame does not exist
[ros2-11] [controller_server-1] [INFO] [1785137795.244518602] [robot3.local_costmap.local_costmap]: Timed out waiting for transform from robot3/base_link to robot3/odom to become available, tf error: Invalid frame ID "robot3/odom" passed to canTransform argument target_frame - frame does not exist
[ros2-11] [controller_server-1] [INFO] [1785137795.744499848] [robot3.local_costmap.local_costmap]: Timed out waiting for transform from robot3/base_link to robot3/odom to become available, tf error: Invalid frame ID "robot3/odom" passed to canTransform argument target_frame - frame does not exist
[ros2-11] [controller_server-1] [INFO] [1785137796.244515756] [robot3.local_costmap.local_costmap]: Timed out waiting for transform from robot3/base_link to robot3/odom to become available, tf error: Invalid frame ID "robot3/odom" passed to canTransform argument target_frame - frame does not exist
[ros2-11] [controller_server-1] [INFO] [1785137796.744499146] [robot3.local_costmap.local_costmap]: Timed out waiting for transform from robot3/base_link to robot3/odom to become available, tf error: Invalid frame ID "robot3/odom" passed to canTransform argument target_frame - frame does not exist
[ros2-11] [controller_server-1] [INFO] [1785137797.244498262] [robot3.local_costmap.local_costmap]: Timed out waiting for transform from robot3/base_link to robot3/odom to become available, tf error: Invalid frame ID "robot3/odom" passed to canTransform argument target_frame - frame does not exist
[ros2-11] [controller_server-1] [INFO] [1785137797.744505452] [robot3.local_costmap.local_costmap]: Timed out waiting for transform from robot3/base_link to robot3/odom to become available, tf error: Invalid frame ID "robot3/odom" passed to canTransform argument target_frame - frame does not exist
[ros2-11] [controller_server-1] [INFO] [1785137798.244502435] [robot3.local_costmap.local_costmap]: Timed out waiting for transform from robot3/base_link to robot3/odom to become available, tf error: Invalid frame ID "robot3/odom" passed to canTransform argument target_frame - frame does not exist
[ros2-11] [controller_server-1] [INFO] [1785137798.744514615] [robot3.local_costmap.local_costmap]: Timed out waiting for transform from robot3/base_link to robot3/odom to become available, tf error: Invalid frame ID "robot3/odom" passed to canTransform argument target_frame - frame does not exist
[ros2-11] [controller_server-1] [INFO] [1785137799.244505759] [robot3.local_costmap.local_costmap]: Timed out waiting for transform from robot3/base_link to robot3/odom to become available, tf error: Invalid frame ID "robot3/odom" passed to canTransform argument target_frame - frame does not exist
[ros2-11] [controller_server-1] [INFO] [1785137799.744510974] [robot3.local_costmap.local_costmap]: Timed out waiting for transform from robot3/base_link to robot3/odom to become available, tf error: Invalid frame ID "robot3/odom" passed to canTransform argument target_frame - frame does not exist
[ros2-11] [controller_server-1] [INFO] [1785137800.244501937] [robot3.local_costmap.local_costmap]: Timed out waiting for transform from robot3/base_link to robot3/odom to become available, tf error: Invalid frame ID "robot3/odom" passed to canTransform argument target_frame - frame does not exist
[ros2-11] [controller_server-1] [INFO] [1785137800.744499647] [robot3.local_costmap.local_costmap]: Timed out waiting for transform from robot3/base_link to robot3/odom to become available, tf error: Invalid frame ID "robot3/odom" passed to canTransform argument target_frame - frame does not exist
[ros2-11] [controller_server-1] [INFO] [1785137801.244505858] [robot3.local_costmap.local_costmap]: Timed out waiting for transform from robot3/base_link to robot3/odom to become available, tf error: Invalid frame ID "robot3/odom" passed to canTransform argument target_frame - frame does not exist
[ros2-11] [controller_server-1] [INFO] [1785137801.744505679] [robot3.local_costmap.local_costmap]: Timed out waiting for transform from robot3/base_link to robot3/odom to become available, tf error: Invalid frame ID "robot3/odom" passed to canTransform argument target_frame - frame does not exist
[ros2-11] [controller_server-1] [INFO] [1785137802.244526932] [robot3.local_costmap.local_costmap]: Timed out waiting for transform from robot3/base_link to robot3/odom to become available, tf error: Invalid frame ID "robot3/odom" passed to canTransform argument target_frame - frame does not exist
[ros2-11] [controller_server-1] [INFO] [1785137802.744507007] [robot3.local_costmap.local_costmap]: Timed out waiting for transform from robot3/base_link to robot3/odom to become available, tf error: Invalid frame ID "robot3/odom" passed to canTransform argument target_frame - frame does not exist
[ros2-11] [controller_server-1] [INFO] [1785137803.244503291] [robot3.local_costmap.local_costmap]: Timed out waiting for transform from robot3/base_link to robot3/odom to become available, tf error: Invalid frame ID "robot3/odom" passed to canTransform argument target_frame - frame does not exist
[ros2-11] [controller_server-1] [INFO] [1785137803.744509072] [robot3.local_costmap.local_costmap]: Timed out waiting for transform from robot3/base_link to robot3/odom to become available, tf error: Invalid frame ID "robot3/odom" passed to canTransform argument target_frame - frame does not exist
[ros2-11] [controller_server-1] [INFO] [1785137804.244500579] [robot3.local_costmap.local_costmap]: Timed out waiting for transform from robot3/base_link to robot3/odom to become available, tf error: Invalid frame ID "robot3/odom" passed to canTransform argument target_frame - frame does not exist
[ros2-11] [controller_server-1] [INFO] [1785137804.744503687] [robot3.local_costmap.local_costmap]: Timed out waiting for transform from robot3/base_link to robot3/odom to become available, tf error: Invalid frame ID "robot3/odom" passed to canTransform argument target_frame - frame does not exist
[ros2-11] [controller_server-1] [INFO] [1785137805.244505520] [robot3.local_costmap.local_costmap]: Timed out waiting for transform from robot3/base_link to robot3/odom to become available, tf error: Invalid frame ID "robot3/odom" passed to canTransform argument target_frame - frame does not exist
[ros2-11] [controller_server-1] [INFO] [1785137805.744502507] [robot3.local_costmap.local_costmap]: Timed out waiting for transform from robot3/base_link to robot3/odom to become available, tf error: Invalid frame ID "robot3/odom" passed to canTransform argument target_frame - frame does not exist
[ros2-11] [controller_server-1] [INFO] [1785137806.244500602] [robot3.local_costmap.local_costmap]: Timed out waiting for transform from robot3/base_link to robot3/odom to become available, tf error: Invalid frame ID "robot3/odom" passed to canTransform argument target_frame - frame does not exist
[ros2-11] [controller_server-1] [INFO] [1785137806.744500124] [robot3.local_costmap.local_costmap]: Timed out waiting for transform from robot3/base_link to robot3/odom to become available, tf error: Invalid frame ID "robot3/odom" passed to canTransform argument target_frame - frame does not exist
[ros2-11] [controller_server-1] [INFO] [1785137807.244493465] [robot3.local_costmap.local_costmap]: Timed out waiting for transform from robot3/base_link to robot3/odom to become available, tf error: Invalid frame ID "robot3/odom" passed to canTransform argument target_frame - frame does not exist
[ros2-11] [controller_server-1] [INFO] [1785137807.744508227] [robot3.local_costmap.local_costmap]: Timed out waiting for transform from robot3/base_link to robot3/odom to become available, tf error: Invalid frame ID "robot3/odom" passed to canTransform argument target_frame - frame does not exist
[ros2-11] [controller_server-1] [INFO] [1785137808.244501918] [robot3.local_costmap.local_costmap]: Timed out waiting for transform from robot3/base_link to robot3/odom to become available, tf error: Invalid frame ID "robot3/odom" passed to canTransform argument target_frame - frame does not exist
[ros2-11] [controller_server-1] [INFO] [1785137808.744500922] [robot3.local_costmap.local_costmap]: Timed out waiting for transform from robot3/base_link to robot3/odom to become available, tf error: Invalid frame ID "robot3/odom" passed to canTransform argument target_frame - frame does not exist
[ros2-11] [controller_server-1] [INFO] [1785137809.244501458] [robot3.local_costmap.local_costmap]: Timed out waiting for transform from robot3/base_link to robot3/odom to become available, tf error: Invalid frame ID "robot3/odom" passed to canTransform argument target_frame - frame does not exist
[ros2-11] [controller_server-1] [INFO] [1785137809.744502041] [robot3.local_costmap.local_costmap]: Timed out waiting for transform from robot3/base_link to robot3/odom to become available, tf error: Invalid frame ID "robot3/odom" passed to canTransform argument target_frame - frame does not exist
[ros2-11] [controller_server-1] [INFO] [1785137810.244502516] [robot3.local_costmap.local_costmap]: Timed out waiting for transform from robot3/base_link to robot3/odom to become available, tf error: Invalid frame ID "robot3/odom" passed to canTransform argument target_frame - frame does not exist
[ros2-11] [controller_server-1] [INFO] [1785137810.744506361] [robot3.local_costmap.local_costmap]: Timed out waiting for transform from robot3/base_link to robot3/odom to become available, tf error: Invalid frame ID "robot3/odom" passed to canTransform argument target_frame - frame does not exist
[ros2-11] [controller_server-1] [INFO] [1785137811.244501027] [robot3.local_costmap.local_costmap]: Timed out waiting for transform from robot3/base_link to robot3/odom to become available, tf error: Invalid frame ID "robot3/odom" passed to canTransform argument target_frame - frame does not exist
[ros2-11] [controller_server-1] [INFO] [1785137811.744501524] [robot3.local_costmap.local_costmap]: Timed out waiting for transform from robot3/base_link to robot3/odom to become available, tf error: Invalid frame ID "robot3/odom" passed to canTransform argument target_frame - frame does not exist
[ros2-11] [controller_server-1] [INFO] [1785137812.244505865] [robot3.local_costmap.local_costmap]: Timed out waiting for transform from robot3/base_link to robot3/odom to become available, tf error: Invalid frame ID "robot3/odom" passed to canTransform argument target_frame - frame does not exist
[ros2-11] [controller_server-1] [INFO] [1785137812.744502925] [robot3.local_costmap.local_costmap]: Timed out waiting for transform from robot3/base_link to robot3/odom to become available, tf error: Invalid frame ID "robot3/odom" passed to canTransform argument target_frame - frame does not exist
[ros2-11] [controller_server-1] [INFO] [1785137813.244503068] [robot3.local_costmap.local_costmap]: Timed out waiting for transform from robot3/base_link to robot3/odom to become available, tf error: Invalid frame ID "robot3/odom" passed to canTransform argument target_frame - frame does not exist
[ros2-11] [controller_server-1] [INFO] [1785137813.744500158] [robot3.local_costmap.local_costmap]: Timed out waiting for transform from robot3/base_link to robot3/odom to become available, tf error: Invalid frame ID "robot3/odom" passed to canTransform argument target_frame - frame does not exist
[ros2-11] [controller_server-1] [INFO] [1785137814.244511738] [robot3.local_costmap.local_costmap]: Timed out waiting for transform from robot3/base_link to robot3/odom to become available, tf error: Invalid frame ID "robot3/odom" passed to canTransform argument target_frame - frame does not exist
[ros2-11] [controller_server-1] [INFO] [1785137814.744503200] [robot3.local_costmap.local_costmap]: Timed out waiting for transform from robot3/base_link to robot3/odom to become available, tf error: Invalid frame ID "robot3/odom" passed to canTransform argument target_frame - frame does not exist
[ros2-11] [controller_server-1] [INFO] [1785137815.244502704] [robot3.local_costmap.local_costmap]: Timed out waiting for transform from robot3/base_link to robot3/odom to become available, tf error: Invalid frame ID "robot3/odom" passed to canTransform argument target_frame - frame does not exist
[ros2-11] [controller_server-1] [INFO] [1785137815.744499817] [robot3.local_costmap.local_costmap]: Timed out waiting for transform from robot3/base_link to robot3/odom to become available, tf error: Invalid frame ID "robot3/odom" passed to canTransform argument target_frame - frame does not exist
[ros2-11] [controller_server-1] [INFO] [1785137816.244502736] [robot3.local_costmap.local_costmap]: Timed out waiting for transform from robot3/base_link to robot3/odom to become available, tf error: Invalid frame ID "robot3/odom" passed to canTransform argument target_frame - frame does not exist
[ros2-11] [controller_server-1] [INFO] [1785137816.744501786] [robot3.local_costmap.local_costmap]: Timed out waiting for transform from robot3/base_link to robot3/odom to become available, tf error: Invalid frame ID "robot3/odom" passed to canTransform argument target_frame - frame does not exist
[ros2-11] [controller_server-1] [INFO] [1785137817.244505907] [robot3.local_costmap.local_costmap]: Timed out waiting for transform from robot3/base_link to robot3/odom to become available, tf error: Invalid frame ID "robot3/odom" passed to canTransform argument target_frame - frame does not exist
[ros2-11] [controller_server-1] [INFO] [1785137817.744517974] [robot3.local_costmap.local_costmap]: Timed out waiting for transform from robot3/base_link to robot3/odom to become available, tf error: Invalid frame ID "robot3/odom" passed to canTransform argument target_frame - frame does not exist
[ros2-11] [controller_server-1] [INFO] [1785137818.244512054] [robot3.local_costmap.local_costmap]: Timed out waiting for transform from robot3/base_link to robot3/odom to become available, tf error: Invalid frame ID "robot3/odom" passed to canTransform argument target_frame - frame does not exist
[ros2-11] [controller_server-1] [INFO] [1785137818.744502834] [robot3.local_costmap.local_costmap]: Timed out waiting for transform from robot3/base_link to robot3/odom to become available, tf error: Invalid frame ID "robot3/odom" passed to canTransform argument target_frame - frame does not exist
[ros2-11] [controller_server-1] [INFO] [1785137819.244503006] [robot3.local_costmap.local_costmap]: Timed out waiting for transform from robot3/base_link to robot3/odom to become available, tf error: Invalid frame ID "robot3/odom" passed to canTransform argument target_frame - frame does not exist
[ros2-11] [controller_server-1] [INFO] [1785137819.744512470] [robot3.local_costmap.local_costmap]: Timed out waiting for transform from robot3/base_link to robot3/odom to become available, tf error: Invalid frame ID "robot3/odom" passed to canTransform argument target_frame - frame does not exist
[ros2-11] [controller_server-1] [INFO] [1785137820.244502544] [robot3.local_costmap.local_costmap]: Timed out waiting for transform from robot3/base_link to robot3/odom to become available, tf error: Invalid frame ID "robot3/odom" passed to canTransform argument target_frame - frame does not exist
[ros2-11] [controller_server-1] [INFO] [1785137820.744519053] [robot3.local_costmap.local_costmap]: Timed out waiting for transform from robot3/base_link to robot3/odom to become available, tf error: Invalid frame ID "robot3/odom" passed to canTransform argument target_frame - frame does not exist
[ros2-11] [controller_server-1] [INFO] [1785137821.244507694] [robot3.local_costmap.local_costmap]: Timed out waiting for transform from robot3/base_link to robot3/odom to become available, tf error: Invalid frame ID "robot3/odom" passed to canTransform argument target_frame - frame does not exist
[ros2-11] [controller_server-1] [INFO] [1785137821.744500129] [robot3.local_costmap.local_costmap]: Timed out waiting for transform from robot3/base_link to robot3/odom to become available, tf error: Invalid frame ID "robot3/odom" passed to canTransform argument target_frame - frame does not exist
[ros2-11] [controller_server-1] [INFO] [1785137822.244506664] [robot3.local_costmap.local_costmap]: Timed out waiting for transform from robot3/base_link to robot3/odom to become available, tf error: Invalid frame ID "robot3/odom" passed to canTransform argument target_frame - frame does not exist
[ros2-11] [controller_server-1] [INFO] [1785137822.744504227] [robot3.local_costmap.local_costmap]: Timed out waiting for transform from robot3/base_link to robot3/odom to become available, tf error: Invalid frame ID "robot3/odom" passed to canTransform argument target_frame - frame does not exist
[ros2-11] [controller_server-1] [INFO] [1785137823.244501718] [robot3.local_costmap.local_costmap]: Timed out waiting for transform from robot3/base_link to robot3/odom to become available, tf error: Invalid frame ID "robot3/odom" passed to canTransform argument target_frame - frame does not exist
[ros2-11] [controller_server-1] [INFO] [1785137823.744505063] [robot3.local_costmap.local_costmap]: Timed out waiting for transform from robot3/base_link to robot3/odom to become available, tf error: Invalid frame ID "robot3/odom" passed to canTransform argument target_frame - frame does not exist
[ros2-11] [controller_server-1] [INFO] [1785137824.244499567] [robot3.local_costmap.local_costmap]: Timed out waiting for transform from robot3/base_link to robot3/odom to become available, tf error: Invalid frame ID "robot3/odom" passed to canTransform argument target_frame - frame does not exist
[ros2-11] [controller_server-1] [INFO] [1785137824.744501671] [robot3.local_costmap.local_costmap]: Timed out waiting for transform from robot3/base_link to robot3/odom to become available, tf error: Invalid frame ID "robot3/odom" passed to canTransform argument target_frame - frame does not exist
[ros2-11] [controller_server-1] [INFO] [1785137825.244500978] [robot3.local_costmap.local_costmap]: Timed out waiting for transform from robot3/base_link to robot3/odom to become available, tf error: Invalid frame ID "robot3/odom" passed to canTransform argument target_frame - frame does not exist
[ros2-11] [controller_server-1] [INFO] [1785137825.744500605] [robot3.local_costmap.local_costmap]: Timed out waiting for transform from robot3/base_link to robot3/odom to become available, tf error: Invalid frame ID "robot3/odom" passed to canTransform argument target_frame - frame does not exist
[ros2-11] [controller_server-1] [INFO] [1785137826.244507523] [robot3.local_costmap.local_costmap]: Timed out waiting for transform from robot3/base_link to robot3/odom to become available, tf error: Invalid frame ID "robot3/odom" passed to canTransform argument target_frame - frame does not exist
[ros2-11] [controller_server-1] [INFO] [1785137826.744518321] [robot3.local_costmap.local_costmap]: Timed out waiting for transform from robot3/base_link to robot3/odom to become available, tf error: Invalid frame ID "robot3/odom" passed to canTransform argument target_frame - frame does not exist
[ros2-11] [controller_server-1] [INFO] [1785137827.244504071] [robot3.local_costmap.local_costmap]: Timed out waiting for transform from robot3/base_link to robot3/odom to become available, tf error: Invalid frame ID "robot3/odom" passed to canTransform argument target_frame - frame does not exist
[ros2-11] [controller_server-1] [INFO] [1785137827.744504828] [robot3.local_costmap.local_costmap]: Timed out waiting for transform from robot3/base_link to robot3/odom to become available, tf error: Invalid frame ID "robot3/odom" passed to canTransform argument target_frame - frame does not exist
[ros2-11] [controller_server-1] [INFO] [1785137828.244500356] [robot3.local_costmap.local_costmap]: Timed out waiting for transform from robot3/base_link to robot3/odom to become available, tf error: Invalid frame ID "robot3/odom" passed to canTransform argument target_frame - frame does not exist
[ros2-11] [controller_server-1] [INFO] [1785137828.744501714] [robot3.local_costmap.local_costmap]: Timed out waiting for transform from robot3/base_link to robot3/odom to become available, tf error: Invalid frame ID "robot3/odom" passed to canTransform argument target_frame - frame does not exist
[ros2-11] [controller_server-1] [INFO] [1785137829.244502048] [robot3.local_costmap.local_costmap]: Timed out waiting for transform from robot3/base_link to robot3/odom to become available, tf error: Invalid frame ID "robot3/odom" passed to canTransform argument target_frame - frame does not exist
[ros2-11] [controller_server-1] [INFO] [1785137829.744509418] [robot3.local_costmap.local_costmap]: Timed out waiting for transform from robot3/base_link to robot3/odom to become available, tf error: Invalid frame ID "robot3/odom" passed to canTransform argument target_frame - frame does not exist
[ros2-11] [controller_server-1] [INFO] [1785137830.244500051] [robot3.local_costmap.local_costmap]: Timed out waiting for transform from robot3/base_link to robot3/odom to become available, tf error: Invalid frame ID "robot3/odom" passed to canTransform argument target_frame - frame does not exist
[ros2-11] [controller_server-1] [INFO] [1785137830.744503106] [robot3.local_costmap.local_costmap]: Timed out waiting for transform from robot3/base_link to robot3/odom to become available, tf error: Invalid frame ID "robot3/odom" passed to canTransform argument target_frame - frame does not exist
[ros2-11] [controller_server-1] [INFO] [1785137831.244499403] [robot3.local_costmap.local_costmap]: Timed out waiting for transform from robot3/base_link to robot3/odom to become available, tf error: Invalid frame ID "robot3/odom" passed to canTransform argument target_frame - frame does not exist
[ros2-11] [controller_server-1] [INFO] [1785137831.744507274] [robot3.local_costmap.local_costmap]: Timed out waiting for transform from robot3/base_link to robot3/odom to become available, tf error: Invalid frame ID "robot3/odom" passed to canTransform argument target_frame - frame does not exist
[ros2-11] [controller_server-1] [INFO] [1785137832.244503219] [robot3.local_costmap.local_costmap]: Timed out waiting for transform from robot3/base_link to robot3/odom to become available, tf error: Invalid frame ID "robot3/odom" passed to canTransform argument target_frame - frame does not exist
[ros2-11] [controller_server-1] [INFO] [1785137832.744524637] [robot3.local_costmap.local_costmap]: Timed out waiting for transform from robot3/base_link to robot3/odom to become available, tf error: Invalid frame ID "robot3/odom" passed to canTransform argument target_frame - frame does not exist
[ros2-11] [controller_server-1] [INFO] [1785137833.244504922] [robot3.local_costmap.local_costmap]: Timed out waiting for transform from robot3/base_link to robot3/odom to become available, tf error: Invalid frame ID "robot3/odom" passed to canTransform argument target_frame - frame does not exist
[ros2-11] [controller_server-1] [INFO] [1785137833.744500888] [robot3.local_costmap.local_costmap]: Timed out waiting for transform from robot3/base_link to robot3/odom to become available, tf error: Invalid frame ID "robot3/odom" passed to canTransform argument target_frame - frame does not exist
[ros2-11] [controller_server-1] [INFO] [1785137834.244500649] [robot3.local_costmap.local_costmap]: Timed out waiting for transform from robot3/base_link to robot3/odom to become available, tf error: Invalid frame ID "robot3/odom" passed to canTransform argument target_frame - frame does not exist
[ros2-11] [controller_server-1] [INFO] [1785137834.744502061] [robot3.local_costmap.local_costmap]: Timed out waiting for transform from robot3/base_link to robot3/odom to become available, tf error: Invalid frame ID "robot3/odom" passed to canTransform argument target_frame - frame does not exist
[ros2-11] [controller_server-1] [INFO] [1785137835.244506070] [robot3.local_costmap.local_costmap]: Timed out waiting for transform from robot3/base_link to robot3/odom to become available, tf error: Invalid frame ID "robot3/odom" passed to canTransform argument target_frame - frame does not exist
[ros2-11] [controller_server-1] [INFO] [1785137835.744500729] [robot3.local_costmap.local_costmap]: Timed out waiting for transform from robot3/base_link to robot3/odom to become available, tf error: Invalid frame ID "robot3/odom" passed to canTransform argument target_frame - frame does not exist
[ros2-11] [controller_server-1] [INFO] [1785137836.244503081] [robot3.local_costmap.local_costmap]: Timed out waiting for transform from robot3/base_link to robot3/odom to become available, tf error: Invalid frame ID "robot3/odom" passed to canTransform argument target_frame - frame does not exist
[ros2-11] [controller_server-1] [INFO] [1785137836.744509125] [robot3.local_costmap.local_costmap]: Timed out waiting for transform from robot3/base_link to robot3/odom to become available, tf error: Invalid frame ID "robot3/odom" passed to canTransform argument target_frame - frame does not exist
[ros2-11] [controller_server-1] [INFO] [1785137837.244518966] [robot3.local_costmap.local_costmap]: Timed out waiting for transform from robot3/base_link to robot3/odom to become available, tf error: Invalid frame ID "robot3/odom" passed to canTransform argument target_frame - frame does not exist
[ros2-11] [controller_server-1] [INFO] [1785137837.744499640] [robot3.local_costmap.local_costmap]: Timed out waiting for transform from robot3/base_link to robot3/odom to become available, tf error: Invalid frame ID "robot3/odom" passed to canTransform argument target_frame - frame does not exist
[ros2-11] [controller_server-1] [INFO] [1785137838.244503739] [robot3.local_costmap.local_costmap]: Timed out waiting for transform from robot3/base_link to robot3/odom to become available, tf error: Invalid frame ID "robot3/odom" passed to canTransform argument target_frame - frame does not exist
[ros2-11] [controller_server-1] [INFO] [1785137838.744509446] [robot3.local_costmap.local_costmap]: Timed out waiting for transform from robot3/base_link to robot3/odom to become available, tf error: Invalid frame ID "robot3/odom" passed to canTransform argument target_frame - frame does not exist
[ros2-11] [controller_server-1] [INFO] [1785137839.244512354] [robot3.local_costmap.local_costmap]: Timed out waiting for transform from robot3/base_link to robot3/odom to become available, tf error: Invalid frame ID "robot3/odom" passed to canTransform argument target_frame - frame does not exist
[ros2-11] [controller_server-1] [INFO] [1785137839.744501589] [robot3.local_costmap.local_costmap]: Timed out waiting for transform from robot3/base_link to robot3/odom to become available, tf error: Invalid frame ID "robot3/odom" passed to canTransform argument target_frame - frame does not exist
[ros2-11] [controller_server-1] [INFO] [1785137840.244499818] [robot3.local_costmap.local_costmap]: Timed out waiting for transform from robot3/base_link to robot3/odom to become available, tf error: Invalid frame ID "robot3/odom" passed to canTransform argument target_frame - frame does not exist
[ros2-11] [controller_server-1] [INFO] [1785137840.744498124] [robot3.local_costmap.local_costmap]: Timed out waiting for transform from robot3/base_link to robot3/odom to become available, tf error: Invalid frame ID "robot3/odom" passed to canTransform argument target_frame - frame does not exist
[ros2-11] [controller_server-1] [INFO] [1785137841.244502417] [robot3.local_costmap.local_costmap]: Timed out waiting for transform from robot3/base_link to robot3/odom to become available, tf error: Invalid frame ID "robot3/odom" passed to canTransform argument target_frame - frame does not exist
[ros2-11] [controller_server-1] [INFO] [1785137841.744501422] [robot3.local_costmap.local_costmap]: Timed out waiting for transform from robot3/base_link to robot3/odom to become available, tf error: Invalid frame ID "robot3/odom" passed to canTransform argument target_frame - frame does not exist
[ros2-11] [controller_server-1] [INFO] [1785137842.244500498] [robot3.local_costmap.local_costmap]: Timed out waiting for transform from robot3/base_link to robot3/odom to become available, tf error: Invalid frame ID "robot3/odom" passed to canTransform argument target_frame - frame does not exist
[ros2-11] [controller_server-1] [INFO] [1785137842.744501290] [robot3.local_costmap.local_costmap]: Timed out waiting for transform from robot3/base_link to robot3/odom to become available, tf error: Invalid frame ID "robot3/odom" passed to canTransform argument target_frame - frame does not exist
[ros2-11] [controller_server-1] [INFO] [1785137843.244518960] [robot3.local_costmap.local_costmap]: Timed out waiting for transform from robot3/base_link to robot3/odom to become available, tf error: Invalid frame ID "robot3/odom" passed to canTransform argument target_frame - frame does not exist
[ros2-11] [controller_server-1] [INFO] [1785137843.744499159] [robot3.local_costmap.local_costmap]: Timed out waiting for transform from robot3/base_link to robot3/odom to become available, tf error: Invalid frame ID "robot3/odom" passed to canTransform argument target_frame - frame does not exist
[ros2-11] [controller_server-1] [INFO] [1785137844.244496279] [robot3.local_costmap.local_costmap]: Timed out waiting for transform from robot3/base_link to robot3/odom to become available, tf error: Invalid frame ID "robot3/odom" passed to canTransform argument target_frame - frame does not exist
[ros2-11] [controller_server-1] [INFO] [1785137844.744501954] [robot3.local_costmap.local_costmap]: Timed out waiting for transform from robot3/base_link to robot3/odom to become available, tf error: Invalid frame ID "robot3/odom" passed to canTransform argument target_frame - frame does not exist
[ros2-11] [controller_server-1] [INFO] [1785137845.244450508] [robot3.local_costmap.local_costmap]: Timed out waiting for transform from robot3/base_link to robot3/odom to become available, tf error: Invalid frame ID "robot3/odom" passed to canTransform argument target_frame - frame does not exist
[ros2-11] [controller_server-1] [INFO] [1785137845.744465696] [robot3.local_costmap.local_costmap]: Timed out waiting for transform from robot3/base_link to robot3/odom to become available, tf error: Invalid frame ID "robot3/odom" passed to canTransform argument target_frame - frame does not exist
[ros2-11] [controller_server-1] [INFO] [1785137846.244825294] [robot3.local_costmap.local_costmap]: Timed out waiting for transform from robot3/base_link to robot3/odom to become available, tf error: Invalid frame ID "robot3/odom" passed to canTransform argument target_frame - frame does not exist
[ros2-11] [controller_server-1] [INFO] [1785137846.744500100] [robot3.local_costmap.local_costmap]: Timed out waiting for transform from robot3/base_link to robot3/odom to become available, tf error: Invalid frame ID "robot3/odom" passed to canTransform argument target_frame - frame does not exist
[ros2-11] [controller_server-1] [INFO] [1785137847.244506928] [robot3.local_costmap.local_costmap]: Timed out waiting for transform from robot3/base_link to robot3/odom to become available, tf error: Invalid frame ID "robot3/odom" passed to canTransform argument target_frame - frame does not exist
[ros2-11] [controller_server-1] [INFO] [1785137847.744503954] [robot3.local_costmap.local_costmap]: Timed out waiting for transform from robot3/base_link to robot3/odom to become available, tf error: Invalid frame ID "robot3/odom" passed to canTransform argument target_frame - frame does not exist
[ros2-11] [controller_server-1] [INFO] [1785137848.244500780] [robot3.local_costmap.local_costmap]: Timed out waiting for transform from robot3/base_link to robot3/odom to become available, tf error: Invalid frame ID "robot3/odom" passed to canTransform argument target_frame - frame does not exist
[ros2-11] [controller_server-1] [INFO] [1785137848.744507737] [robot3.local_costmap.local_costmap]: Timed out waiting for transform from robot3/base_link to robot3/odom to become available, tf error: Invalid frame ID "robot3/odom" passed to canTransform argument target_frame - frame does not exist
[ros2-11] [controller_server-1] [INFO] [1785137849.244508429] [robot3.local_costmap.local_costmap]: Timed out waiting for transform from robot3/base_link to robot3/odom to become available, tf error: Invalid frame ID "robot3/odom" passed to canTransform argument target_frame - frame does not exist
[ros2-11] [controller_server-1] [INFO] [1785137849.744517402] [robot3.local_costmap.local_costmap]: Timed out waiting for transform from robot3/base_link to robot3/odom to become available, tf error: Invalid frame ID "robot3/odom" passed to canTransform argument target_frame - frame does not exist
[ros2-11] [controller_server-1] [INFO] [1785137850.244515187] [robot3.local_costmap.local_costmap]: Timed out waiting for transform from robot3/base_link to robot3/odom to become available, tf error: Invalid frame ID "robot3/odom" passed to canTransform argument target_frame - frame does not exist
[ros2-11] [controller_server-1] [INFO] [1785137850.744503907] [robot3.local_costmap.local_costmap]: Timed out waiting for transform from robot3/base_link to robot3/odom to become available, tf error: Invalid frame ID "robot3/odom" passed to canTransform argument target_frame - frame does not exist
[ros2-11] [controller_server-1] [INFO] [1785137851.244501875] [robot3.local_costmap.local_costmap]: Timed out waiting for transform from robot3/base_link to robot3/odom to become available, tf error: Invalid frame ID "robot3/odom" passed to canTransform argument target_frame - frame does not exist
[ros2-11] [controller_server-1] [INFO] [1785137851.744505089] [robot3.local_costmap.local_costmap]: Timed out waiting for transform from robot3/base_link to robot3/odom to become available, tf error: Invalid frame ID "robot3/odom" passed to canTransform argument target_frame - frame does not exist
[ros2-11] [controller_server-1] [INFO] [1785137852.244508337] [robot3.local_costmap.local_costmap]: Timed out waiting for transform from robot3/base_link to robot3/odom to become available, tf error: Invalid frame ID "robot3/odom" passed to canTransform argument target_frame - frame does not exist
[ros2-11] [controller_server-1] [INFO] [1785137852.744507563] [robot3.local_costmap.local_costmap]: Timed out waiting for transform from robot3/base_link to robot3/odom to become available, tf error: Invalid frame ID "robot3/odom" passed to canTransform argument target_frame - frame does not exist
[ros2-11] [controller_server-1] [INFO] [1785137853.244499926] [robot3.local_costmap.local_costmap]: Timed out waiting for transform from robot3/base_link to robot3/odom to become available, tf error: Invalid frame ID "robot3/odom" passed to canTransform argument target_frame - frame does not exist
[ros2-11] [controller_server-1] [INFO] [1785137853.744513405] [robot3.local_costmap.local_costmap]: Timed out waiting for transform from robot3/base_link to robot3/odom to become available, tf error: Invalid frame ID "robot3/odom" passed to canTransform argument target_frame - frame does not exist
[ros2-11] [controller_server-1] [INFO] [1785137854.244509193] [robot3.local_costmap.local_costmap]: Timed out waiting for transform from robot3/base_link to robot3/odom to become available, tf error: Invalid frame ID "robot3/odom" passed to canTransform argument target_frame - frame does not exist
[ros2-11] [controller_server-1] [INFO] [1785137854.744504894] [robot3.local_costmap.local_costmap]: Timed out waiting for transform from robot3/base_link to robot3/odom to become available, tf error: Invalid frame ID "robot3/odom" passed to canTransform argument target_frame - frame does not exist
[ros2-11] [controller_server-1] [INFO] [1785137855.244509198] [robot3.local_costmap.local_costmap]: Timed out waiting for transform from robot3/base_link to robot3/odom to become available, tf error: Invalid frame ID "robot3/odom" passed to canTransform argument target_frame - frame does not exist
[ros2-11] [controller_server-1] [INFO] [1785137855.744511385] [robot3.local_costmap.local_costmap]: Timed out waiting for transform from robot3/base_link to robot3/odom to become available, tf error: Invalid frame ID "robot3/odom" passed to canTransform argument target_frame - frame does not exist
[ros2-11] [controller_server-1] [INFO] [1785137856.244539368] [robot3.local_costmap.local_costmap]: Timed out waiting for transform from robot3/base_link to robot3/odom to become available, tf error: Invalid frame ID "robot3/odom" passed to canTransform argument target_frame - frame does not exist
[ros2-11] [controller_server-1] [INFO] [1785137856.744511144] [robot3.local_costmap.local_costmap]: Timed out waiting for transform from robot3/base_link to robot3/odom to become available, tf error: Invalid frame ID "robot3/odom" passed to canTransform argument target_frame - frame does not exist
[ros2-11] [controller_server-1] [INFO] [1785137857.244514684] [robot3.local_costmap.local_costmap]: Timed out waiting for transform from robot3/base_link to robot3/odom to become available, tf error: Invalid frame ID "robot3/odom" passed to canTransform argument target_frame - frame does not exist
[ros2-11] [controller_server-1] [INFO] [1785137857.744504780] [robot3.local_costmap.local_costmap]: Timed out waiting for transform from robot3/base_link to robot3/odom to become available, tf error: Invalid frame ID "robot3/odom" passed to canTransform argument target_frame - frame does not exist
[ros2-11] [controller_server-1] [INFO] [1785137858.244504171] [robot3.local_costmap.local_costmap]: Timed out waiting for transform from robot3/base_link to robot3/odom to become available, tf error: Invalid frame ID "robot3/odom" passed to canTransform argument target_frame - frame does not exist
[ros2-11] [controller_server-1] [INFO] [1785137858.744508097] [robot3.local_costmap.local_costmap]: Timed out waiting for transform from robot3/base_link to robot3/odom to become available, tf error: Invalid frame ID "robot3/odom" passed to canTransform argument target_frame - frame does not exist
[ros2-11] [controller_server-1] [INFO] [1785137859.244504876] [robot3.local_costmap.local_costmap]: Timed out waiting for transform from robot3/base_link to robot3/odom to become available, tf error: Invalid frame ID "robot3/odom" passed to canTransform argument target_frame - frame does not exist
[ros2-11] [controller_server-1] [INFO] [1785137859.744511618] [robot3.local_costmap.local_costmap]: Timed out waiting for transform from robot3/base_link to robot3/odom to become available, tf error: Invalid frame ID "robot3/odom" passed to canTransform argument target_frame - frame does not exist
[ros2-11] [controller_server-1] [INFO] [1785137860.244500330] [robot3.local_costmap.local_costmap]: Timed out waiting for transform from robot3/base_link to robot3/odom to become available, tf error: Invalid frame ID "robot3/odom" passed to canTransform argument target_frame - frame does not exist
[ros2-11] [controller_server-1] [INFO] [1785137860.744500440] [robot3.local_costmap.local_costmap]: Timed out waiting for transform from robot3/base_link to robot3/odom to become available, tf error: Invalid frame ID "robot3/odom" passed to canTransform argument target_frame - frame does not exist
[ros2-11] [controller_server-1] [INFO] [1785137861.244502490] [robot3.local_costmap.local_costmap]: Timed out waiting for transform from robot3/base_link to robot3/odom to become available, tf error: Invalid frame ID "robot3/odom" passed to canTransform argument target_frame - frame does not exist
[ros2-11] [controller_server-1] [INFO] [1785137861.744499911] [robot3.local_costmap.local_costmap]: Timed out waiting for transform from robot3/base_link to robot3/odom to become available, tf error: Invalid frame ID "robot3/odom" passed to canTransform argument target_frame - frame does not exist
[ros2-11] [controller_server-1] [INFO] [1785137862.244500399] [robot3.local_costmap.local_costmap]: Timed out waiting for transform from robot3/base_link to robot3/odom to become available, tf error: Invalid frame ID "robot3/odom" passed to canTransform argument target_frame - frame does not exist
[ros2-11] [controller_server-1] [INFO] [1785137862.744495513] [robot3.local_costmap.local_costmap]: Timed out waiting for transform from robot3/base_link to robot3/odom to become available, tf error: Invalid frame ID "robot3/odom" passed to canTransform argument target_frame - frame does not exist
[ros2-11] [controller_server-1] [INFO] [1785137863.244504117] [robot3.local_costmap.local_costmap]: Timed out waiting for transform from robot3/base_link to robot3/odom to become available, tf error: Invalid frame ID "robot3/odom" passed to canTransform argument target_frame - frame does not exist
[ros2-11] [controller_server-1] [INFO] [1785137863.744507916] [robot3.local_costmap.local_costmap]: Timed out waiting for transform from robot3/base_link to robot3/odom to become available, tf error: Invalid frame ID "robot3/odom" passed to canTransform argument target_frame - frame does not exist
[ros2-11] [controller_server-1] [INFO] [1785137864.244501723] [robot3.local_costmap.local_costmap]: Timed out waiting for transform from robot3/base_link to robot3/odom to become available, tf error: Invalid frame ID "robot3/odom" passed to canTransform argument target_frame - frame does not exist
[ros2-11] [controller_server-1] [INFO] [1785137864.744503665] [robot3.local_costmap.local_costmap]: Timed out waiting for transform from robot3/base_link to robot3/odom to become available, tf error: Invalid frame ID "robot3/odom" passed to canTransform argument target_frame - frame does not exist
[ros2-11] [controller_server-1] [INFO] [1785137865.244502754] [robot3.local_costmap.local_costmap]: Timed out waiting for transform from robot3/base_link to robot3/odom to become available, tf error: Invalid frame ID "robot3/odom" passed to canTransform argument target_frame - frame does not exist
[ros2-11] [controller_server-1] [INFO] [1785137865.744506991] [robot3.local_costmap.local_costmap]: Timed out waiting for transform from robot3/base_link to robot3/odom to become available, tf error: Invalid frame ID "robot3/odom" passed to canTransform argument target_frame - frame does not exist
[ros2-11] [controller_server-1] [INFO] [1785137866.244505078] [robot3.local_costmap.local_costmap]: Timed out waiting for transform from robot3/base_link to robot3/odom to become available, tf error: Invalid frame ID "robot3/odom" passed to canTransform argument target_frame - frame does not exist
[ros2-11] [controller_server-1] [INFO] [1785137866.744459547] [robot3.local_costmap.local_costmap]: Timed out waiting for transform from robot3/base_link to robot3/odom to become available, tf error: Invalid frame ID "robot3/odom" passed to canTransform argument target_frame - frame does not exist
[ros2-11] [controller_server-1] [INFO] [1785137867.244502593] [robot3.local_costmap.local_costmap]: Timed out waiting for transform from robot3/base_link to robot3/odom to become available, tf error: Invalid frame ID "robot3/odom" passed to canTransform argument target_frame - frame does not exist
[ros2-11] [controller_server-1] [INFO] [1785137867.744505241] [robot3.local_costmap.local_costmap]: Timed out waiting for transform from robot3/base_link to robot3/odom to become available, tf error: Invalid frame ID "robot3/odom" passed to canTransform argument target_frame - frame does not exist
[ros2-11] [controller_server-1] [INFO] [1785137868.244504582] [robot3.local_costmap.local_costmap]: Timed out waiting for transform from robot3/base_link to robot3/odom to become available, tf error: Invalid frame ID "robot3/odom" passed to canTransform argument target_frame - frame does not exist
[ros2-11] [controller_server-1] [INFO] [1785137868.744566218] [robot3.local_costmap.local_costmap]: Timed out waiting for transform from robot3/base_link to robot3/odom to become available, tf error: Invalid frame ID "robot3/odom" passed to canTransform argument target_frame - frame does not exist
[ros2-11] [controller_server-1] [INFO] [1785137869.244502496] [robot3.local_costmap.local_costmap]: Timed out waiting for transform from robot3/base_link to robot3/odom to become available, tf error: Invalid frame ID "robot3/odom" passed to canTransform argument target_frame - frame does not exist
[ros2-11] [controller_server-1] [INFO] [1785137869.744501271] [robot3.local_costmap.local_costmap]: Timed out waiting for transform from robot3/base_link to robot3/odom to become available, tf error: Invalid frame ID "robot3/odom" passed to canTransform argument target_frame - frame does not exist
[ros2-11] [controller_server-1] [INFO] [1785137870.244500074] [robot3.local_costmap.local_costmap]: Timed out waiting for transform from robot3/base_link to robot3/odom to become available, tf error: Invalid frame ID "robot3/odom" passed to canTransform argument target_frame - frame does not exist
[ros2-11] [controller_server-1] [INFO] [1785137870.744510108] [robot3.local_costmap.local_costmap]: Timed out waiting for transform from robot3/base_link to robot3/odom to become available, tf error: Invalid frame ID "robot3/odom" passed to canTransform argument target_frame - frame does not exist
[ros2-11] [controller_server-1] [INFO] [1785137871.244501383] [robot3.local_costmap.local_costmap]: Timed out waiting for transform from robot3/base_link to robot3/odom to become available, tf error: Invalid frame ID "robot3/odom" passed to canTransform argument target_frame - frame does not exist
[ros2-11] [controller_server-1] [INFO] [1785137871.744505889] [robot3.local_costmap.local_costmap]: Timed out waiting for transform from robot3/base_link to robot3/odom to become available, tf error: Invalid frame ID "robot3/odom" passed to canTransform argument target_frame - frame does not exist
[ros2-11] [controller_server-1] [INFO] [1785137872.244503214] [robot3.local_costmap.local_costmap]: Timed out waiting for transform from robot3/base_link to robot3/odom to become available, tf error: Invalid frame ID "robot3/odom" passed to canTransform argument target_frame - frame does not exist
[ros2-11] [controller_server-1] [INFO] [1785137872.744505915] [robot3.local_costmap.local_costmap]: Timed out waiting for transform from robot3/base_link to robot3/odom to become available, tf error: Invalid frame ID "robot3/odom" passed to canTransform argument target_frame - frame does not exist
[ros2-11] [controller_server-1] [INFO] [1785137873.244591281] [robot3.local_costmap.local_costmap]: Timed out waiting for transform from robot3/base_link to robot3/odom to become available, tf error: Invalid frame ID "robot3/odom" passed to canTransform argument target_frame - frame does not exist
[ros2-11] [controller_server-1] [INFO] [1785137873.744455799] [robot3.local_costmap.local_costmap]: Timed out waiting for transform from robot3/base_link to robot3/odom to become available, tf error: Invalid frame ID "robot3/odom" passed to canTransform argument target_frame - frame does not exist
[ros2-11] [controller_server-1] [INFO] [1785137874.244504349] [robot3.local_costmap.local_costmap]: Timed out waiting for transform from robot3/base_link to robot3/odom to become available, tf error: Invalid frame ID "robot3/odom" passed to canTransform argument target_frame - frame does not exist
[ros2-11] [controller_server-1] [INFO] [1785137874.744503459] [robot3.local_costmap.local_costmap]: Timed out waiting for transform from robot3/base_link to robot3/odom to become available, tf error: Invalid frame ID "robot3/odom" passed to canTransform argument target_frame - frame does not exist
[ros2-11] [controller_server-1] [INFO] [1785137875.244507275] [robot3.local_costmap.local_costmap]: Timed out waiting for transform from robot3/base_link to robot3/odom to become available, tf error: Invalid frame ID "robot3/odom" passed to canTransform argument target_frame - frame does not exist
[ros2-11] [controller_server-1] [INFO] [1785137875.744504615] [robot3.local_costmap.local_costmap]: Timed out waiting for transform from robot3/base_link to robot3/odom to become available, tf error: Invalid frame ID "robot3/odom" passed to canTransform argument target_frame - frame does not exist
[ros2-11] [controller_server-1] [INFO] [1785137876.244501152] [robot3.local_costmap.local_costmap]: Timed out waiting for transform from robot3/base_link to robot3/odom to become available, tf error: Invalid frame ID "robot3/odom" passed to canTransform argument target_frame - frame does not exist
[ros2-11] [controller_server-1] [INFO] [1785137876.744501883] [robot3.local_costmap.local_costmap]: Timed out waiting for transform from robot3/base_link to robot3/odom to become available, tf error: Invalid frame ID "robot3/odom" passed to canTransform argument target_frame - frame does not exist
[ros2-11] [controller_server-1] [INFO] [1785137877.244501696] [robot3.local_costmap.local_costmap]: Timed out waiting for transform from robot3/base_link to robot3/odom to become available, tf error: Invalid frame ID "robot3/odom" passed to canTransform argument target_frame - frame does not exist
[ros2-11] [controller_server-1] [INFO] [1785137877.744510636] [robot3.local_costmap.local_costmap]: Timed out waiting for transform from robot3/base_link to robot3/odom to become available, tf error: Invalid frame ID "robot3/odom" passed to canTransform argument target_frame - frame does not exist
[ros2-11] [controller_server-1] [INFO] [1785137878.244499672] [robot3.local_costmap.local_costmap]: Timed out waiting for transform from robot3/base_link to robot3/odom to become available, tf error: Invalid frame ID "robot3/odom" passed to canTransform argument target_frame - frame does not exist
[ros2-11] [controller_server-1] [INFO] [1785137878.744501082] [robot3.local_costmap.local_costmap]: Timed out waiting for transform from robot3/base_link to robot3/odom to become available, tf error: Invalid frame ID "robot3/odom" passed to canTransform argument target_frame - frame does not exist
[ros2-11] [controller_server-1] [INFO] [1785137879.244500391] [robot3.local_costmap.local_costmap]: Timed out waiting for transform from robot3/base_link to robot3/odom to become available, tf error: Invalid frame ID "robot3/odom" passed to canTransform argument target_frame - frame does not exist
[ros2-11] [controller_server-1] [INFO] [1785137879.744501438] [robot3.local_costmap.local_costmap]: Timed out waiting for transform from robot3/base_link to robot3/odom to become available, tf error: Invalid frame ID "robot3/odom" passed to canTransform argument target_frame - frame does not exist
[ros2-11] [controller_server-1] [INFO] [1785137880.244453773] [robot3.local_costmap.local_costmap]: Timed out waiting for transform from robot3/base_link to robot3/odom to become available, tf error: Invalid frame ID "robot3/odom" passed to canTransform argument target_frame - frame does not exist
[ros2-11] [controller_server-1] [INFO] [1785137880.744500691] [robot3.local_costmap.local_costmap]: Timed out waiting for transform from robot3/base_link to robot3/odom to become available, tf error: Invalid frame ID "robot3/odom" passed to canTransform argument target_frame - frame does not exist
[ros2-11] [controller_server-1] [INFO] [1785137881.244499152] [robot3.local_costmap.local_costmap]: Timed out waiting for transform from robot3/base_link to robot3/odom to become available, tf error: Invalid frame ID "robot3/odom" passed to canTransform argument target_frame - frame does not exist
[ros2-11] [controller_server-1] [INFO] [1785137881.744501024] [robot3.local_costmap.local_costmap]: Timed out waiting for transform from robot3/base_link to robot3/odom to become available, tf error: Invalid frame ID "robot3/odom" passed to canTransform argument target_frame - frame does not exist
[ros2-11] [controller_server-1] [INFO] [1785137882.244502730] [robot3.local_costmap.local_costmap]: Timed out waiting for transform from robot3/base_link to robot3/odom to become available, tf error: Invalid frame ID "robot3/odom" passed to canTransform argument target_frame - frame does not exist
[ros2-11] [controller_server-1] [INFO] [1785137882.744502888] [robot3.local_costmap.local_costmap]: Timed out waiting for transform from robot3/base_link to robot3/odom to become available, tf error: Invalid frame ID "robot3/odom" passed to canTransform argument target_frame - frame does not exist
[ros2-11] [controller_server-1] [INFO] [1785137883.244506087] [robot3.local_costmap.local_costmap]: Timed out waiting for transform from robot3/base_link to robot3/odom to become available, tf error: Invalid frame ID "robot3/odom" passed to canTransform argument target_frame - frame does not exist
[ros2-11] [controller_server-1] [INFO] [1785137883.744502880] [robot3.local_costmap.local_costmap]: Timed out waiting for transform from robot3/base_link to robot3/odom to become available, tf error: Invalid frame ID "robot3/odom" passed to canTransform argument target_frame - frame does not exist
[ros2-11] [controller_server-1] [INFO] [1785137884.244501086] [robot3.local_costmap.local_costmap]: Timed out waiting for transform from robot3/base_link to robot3/odom to become available, tf error: Invalid frame ID "robot3/odom" passed to canTransform argument target_frame - frame does not exist
[ros2-11] [controller_server-1] [INFO] [1785137884.744504896] [robot3.local_costmap.local_costmap]: Timed out waiting for transform from robot3/base_link to robot3/odom to become available, tf error: Invalid frame ID "robot3/odom" passed to canTransform argument target_frame - frame does not exist
[ros2-11] [controller_server-1] [INFO] [1785137885.244500526] [robot3.local_costmap.local_costmap]: Timed out waiting for transform from robot3/base_link to robot3/odom to become available, tf error: Invalid frame ID "robot3/odom" passed to canTransform argument target_frame - frame does not exist
[ros2-11] [controller_server-1] [INFO] [1785137885.744499893] [robot3.local_costmap.local_costmap]: Timed out waiting for transform from robot3/base_link to robot3/odom to become available, tf error: Invalid frame ID "robot3/odom" passed to canTransform argument target_frame - frame does not exist
[ros2-11] [controller_server-1] [INFO] [1785137886.244499989] [robot3.local_costmap.local_costmap]: Timed out waiting for transform from robot3/base_link to robot3/odom to become available, tf error: Invalid frame ID "robot3/odom" passed to canTransform argument target_frame - frame does not exist
[ros2-11] [controller_server-1] [INFO] [1785137886.744500554] [robot3.local_costmap.local_costmap]: Timed out waiting for transform from robot3/base_link to robot3/odom to become available, tf error: Invalid frame ID "robot3/odom" passed to canTransform argument target_frame - frame does not exist
[ros2-11] [controller_server-1] [INFO] [1785137887.244500234] [robot3.local_costmap.local_costmap]: Timed out waiting for transform from robot3/base_link to robot3/odom to become available, tf error: Invalid frame ID "robot3/odom" passed to canTransform argument target_frame - frame does not exist
[ros2-11] [controller_server-1] [INFO] [1785137887.744500637] [robot3.local_costmap.local_costmap]: Timed out waiting for transform from robot3/base_link to robot3/odom to become available, tf error: Invalid frame ID "robot3/odom" passed to canTransform argument target_frame - frame does not exist
[ros2-11] [controller_server-1] [INFO] [1785137888.244500374] [robot3.local_costmap.local_costmap]: Timed out waiting for transform from robot3/base_link to robot3/odom to become available, tf error: Invalid frame ID "robot3/odom" passed to canTransform argument target_frame - frame does not exist
[ros2-11] [controller_server-1] [INFO] [1785137888.744500184] [robot3.local_costmap.local_costmap]: Timed out waiting for transform from robot3/base_link to robot3/odom to become available, tf error: Invalid frame ID "robot3/odom" passed to canTransform argument target_frame - frame does not exist
[ros2-11] [controller_server-1] [INFO] [1785137889.244502583] [robot3.local_costmap.local_costmap]: Timed out waiting for transform from robot3/base_link to robot3/odom to become available, tf error: Invalid frame ID "robot3/odom" passed to canTransform argument target_frame - frame does not exist
[ros2-11] [controller_server-1] [INFO] [1785137889.744502155] [robot3.local_costmap.local_costmap]: Timed out waiting for transform from robot3/base_link to robot3/odom to become available, tf error: Invalid frame ID "robot3/odom" passed to canTransform argument target_frame - frame does not exist
[ros2-11] [controller_server-1] [INFO] [1785137890.244501535] [robot3.local_costmap.local_costmap]: Timed out waiting for transform from robot3/base_link to robot3/odom to become available, tf error: Invalid frame ID "robot3/odom" passed to canTransform argument target_frame - frame does not exist
[ros2-11] [controller_server-1] [INFO] [1785137890.744500166] [robot3.local_costmap.local_costmap]: Timed out waiting for transform from robot3/base_link to robot3/odom to become available, tf error: Invalid frame ID "robot3/odom" passed to canTransform argument target_frame - frame does not exist
[ros2-11] [controller_server-1] [INFO] [1785137891.244501234] [robot3.local_costmap.local_costmap]: Timed out waiting for transform from robot3/base_link to robot3/odom to become available, tf error: Invalid frame ID "robot3/odom" passed to canTransform argument target_frame - frame does not exist
[ros2-11] [controller_server-1] [INFO] [1785137891.744501216] [robot3.local_costmap.local_costmap]: Timed out waiting for transform from robot3/base_link to robot3/odom to become available, tf error: Invalid frame ID "robot3/odom" passed to canTransform argument target_frame - frame does not exist
[ros2-11] [controller_server-1] [INFO] [1785137892.244504159] [robot3.local_costmap.local_costmap]: Timed out waiting for transform from robot3/base_link to robot3/odom to become available, tf error: Invalid frame ID "robot3/odom" passed to canTransform argument target_frame - frame does not exist
[ros2-11] [controller_server-1] [INFO] [1785137892.744511256] [robot3.local_costmap.local_costmap]: Timed out waiting for transform from robot3/base_link to robot3/odom to become available, tf error: Invalid frame ID "robot3/odom" passed to canTransform argument target_frame - frame does not exist
[ros2-11] [controller_server-1] [INFO] [1785137893.244508904] [robot3.local_costmap.local_costmap]: Timed out waiting for transform from robot3/base_link to robot3/odom to become available, tf error: Invalid frame ID "robot3/odom" passed to canTransform argument target_frame - frame does not exist
[ros2-11] [controller_server-1] [INFO] [1785137893.744510130] [robot3.local_costmap.local_costmap]: Timed out waiting for transform from robot3/base_link to robot3/odom to become available, tf error: Invalid frame ID "robot3/odom" passed to canTransform argument target_frame - frame does not exist
[ros2-11] [controller_server-1] [INFO] [1785137894.244499217] [robot3.local_costmap.local_costmap]: Timed out waiting for transform from robot3/base_link to robot3/odom to become available, tf error: Invalid frame ID "robot3/odom" passed to canTransform argument target_frame - frame does not exist
[ros2-11] [controller_server-1] [INFO] [1785137894.744500973] [robot3.local_costmap.local_costmap]: Timed out waiting for transform from robot3/base_link to robot3/odom to become available, tf error: Invalid frame ID "robot3/odom" passed to canTransform argument target_frame - frame does not exist
[ros2-11] [controller_server-1] [INFO] [1785137895.244501098] [robot3.local_costmap.local_costmap]: Timed out waiting for transform from robot3/base_link to robot3/odom to become available, tf error: Invalid frame ID "robot3/odom" passed to canTransform argument target_frame - frame does not exist
[ros2-11] [controller_server-1] [INFO] [1785137895.744500483] [robot3.local_costmap.local_costmap]: Timed out waiting for transform from robot3/base_link to robot3/odom to become available, tf error: Invalid frame ID "robot3/odom" passed to canTransform argument target_frame - frame does not exist
[ros2-11] [controller_server-1] [INFO] [1785137896.244505334] [robot3.local_costmap.local_costmap]: Timed out waiting for transform from robot3/base_link to robot3/odom to become available, tf error: Invalid frame ID "robot3/odom" passed to canTransform argument target_frame - frame does not exist
[ros2-11] [controller_server-1] [INFO] [1785137896.744509426] [robot3.local_costmap.local_costmap]: Timed out waiting for transform from robot3/base_link to robot3/odom to become available, tf error: Invalid frame ID "robot3/odom" passed to canTransform argument target_frame - frame does not exist
[ros2-11] [controller_server-1] [INFO] [1785137897.244504613] [robot3.local_costmap.local_costmap]: Timed out waiting for transform from robot3/base_link to robot3/odom to become available, tf error: Invalid frame ID "robot3/odom" passed to canTransform argument target_frame - frame does not exist
[ros2-11] [controller_server-1] [INFO] [1785137897.744504711] [robot3.local_costmap.local_costmap]: Timed out waiting for transform from robot3/base_link to robot3/odom to become available, tf error: Invalid frame ID "robot3/odom" passed to canTransform argument target_frame - frame does not exist
[ros2-11] [controller_server-1] [INFO] [1785137898.244457662] [robot3.local_costmap.local_costmap]: Timed out waiting for transform from robot3/base_link to robot3/odom to become available, tf error: Invalid frame ID "robot3/odom" passed to canTransform argument target_frame - frame does not exist
[ros2-11] [controller_server-1] [INFO] [1785137898.744519998] [robot3.local_costmap.local_costmap]: Timed out waiting for transform from robot3/base_link to robot3/odom to become available, tf error: Invalid frame ID "robot3/odom" passed to canTransform argument target_frame - frame does not exist
[ros2-11] [controller_server-1] [INFO] [1785137899.244506118] [robot3.local_costmap.local_costmap]: Timed out waiting for transform from robot3/base_link to robot3/odom to become available, tf error: Invalid frame ID "robot3/odom" passed to canTransform argument target_frame - frame does not exist
[ros2-11] [controller_server-1] [INFO] [1785137899.744492274] [robot3.local_costmap.local_costmap]: Timed out waiting for transform from robot3/base_link to robot3/odom to become available, tf error: Invalid frame ID "robot3/odom" passed to canTransform argument target_frame - frame does not exist
[ros2-11] [controller_server-1] [INFO] [1785137900.244503866] [robot3.local_costmap.local_costmap]: Timed out waiting for transform from robot3/base_link to robot3/odom to become available, tf error: Invalid frame ID "robot3/odom" passed to canTransform argument target_frame - frame does not exist
[ros2-11] [controller_server-1] [INFO] [1785137900.744499903] [robot3.local_costmap.local_costmap]: Timed out waiting for transform from robot3/base_link to robot3/odom to become available, tf error: Invalid frame ID "robot3/odom" passed to canTransform argument target_frame - frame does not exist
[ros2-11] [controller_server-1] [INFO] [1785137901.244500784] [robot3.local_costmap.local_costmap]: Timed out waiting for transform from robot3/base_link to robot3/odom to become available, tf error: Invalid frame ID "robot3/odom" passed to canTransform argument target_frame - frame does not exist
[ros2-11] [controller_server-1] [INFO] [1785137901.744507796] [robot3.local_costmap.local_costmap]: Timed out waiting for transform from robot3/base_link to robot3/odom to become available, tf error: Invalid frame ID "robot3/odom" passed to canTransform argument target_frame - frame does not exist
[ros2-11] [controller_server-1] [INFO] [1785137902.244502824] [robot3.local_costmap.local_costmap]: Timed out waiting for transform from robot3/base_link to robot3/odom to become available, tf error: Invalid frame ID "robot3/odom" passed to canTransform argument target_frame - frame does not exist
[ros2-11] [controller_server-1] [INFO] [1785137902.744500857] [robot3.local_costmap.local_costmap]: Timed out waiting for transform from robot3/base_link to robot3/odom to become available, tf error: Invalid frame ID "robot3/odom" passed to canTransform argument target_frame - frame does not exist
[ros2-11] [controller_server-1] [INFO] [1785137903.244533638] [robot3.local_costmap.local_costmap]: Timed out waiting for transform from robot3/base_link to robot3/odom to become available, tf error: Invalid frame ID "robot3/odom" passed to canTransform argument target_frame - frame does not exist
[ros2-11] [controller_server-1] [INFO] [1785137903.744502532] [robot3.local_costmap.local_costmap]: Timed out waiting for transform from robot3/base_link to robot3/odom to become available, tf error: Invalid frame ID "robot3/odom" passed to canTransform argument target_frame - frame does not exist
[ros2-11] [controller_server-1] [INFO] [1785137904.244499743] [robot3.local_costmap.local_costmap]: Timed out waiting for transform from robot3/base_link to robot3/odom to become available, tf error: Invalid frame ID "robot3/odom" passed to canTransform argument target_frame - frame does not exist
[ros2-11] [controller_server-1] [INFO] [1785137904.744523569] [robot3.local_costmap.local_costmap]: Timed out waiting for transform from robot3/base_link to robot3/odom to become available, tf error: Invalid frame ID "robot3/odom" passed to canTransform argument target_frame - frame does not exist
[ros2-11] [controller_server-1] [INFO] [1785137905.244508999] [robot3.local_costmap.local_costmap]: Timed out waiting for transform from robot3/base_link to robot3/odom to become available, tf error: Invalid frame ID "robot3/odom" passed to canTransform argument target_frame - frame does not exist
[ros2-11] [controller_server-1] [INFO] [1785137905.744506906] [robot3.local_costmap.local_costmap]: Timed out waiting for transform from robot3/base_link to robot3/odom to become available, tf error: Invalid frame ID "robot3/odom" passed to canTransform argument target_frame - frame does not exist
[ros2-11] [controller_server-1] [INFO] [1785137906.244514605] [robot3.local_costmap.local_costmap]: Timed out waiting for transform from robot3/base_link to robot3/odom to become available, tf error: Invalid frame ID "robot3/odom" passed to canTransform argument target_frame - frame does not exist
[ros2-11] [controller_server-1] [INFO] [1785137906.744504785] [robot3.local_costmap.local_costmap]: Timed out waiting for transform from robot3/base_link to robot3/odom to become available, tf error: Invalid frame ID "robot3/odom" passed to canTransform argument target_frame - frame does not exist
[ros2-11] [controller_server-1] [INFO] [1785137907.244516748] [robot3.local_costmap.local_costmap]: Timed out waiting for transform from robot3/base_link to robot3/odom to become available, tf error: Invalid frame ID "robot3/odom" passed to canTransform argument target_frame - frame does not exist
[ros2-11] [controller_server-1] [INFO] [1785137907.744502578] [robot3.local_costmap.local_costmap]: Timed out waiting for transform from robot3/base_link to robot3/odom to become available, tf error: Invalid frame ID "robot3/odom" passed to canTransform argument target_frame - frame does not exist
[ros2-11] [controller_server-1] [INFO] [1785137908.244503880] [robot3.local_costmap.local_costmap]: Timed out waiting for transform from robot3/base_link to robot3/odom to become available, tf error: Invalid frame ID "robot3/odom" passed to canTransform argument target_frame - frame does not exist
[ros2-11] [controller_server-1] [INFO] [1785137908.744502362] [robot3.local_costmap.local_costmap]: Timed out waiting for transform from robot3/base_link to robot3/odom to become available, tf error: Invalid frame ID "robot3/odom" passed to canTransform argument target_frame - frame does not exist
[ros2-11] [controller_server-1] [INFO] [1785137909.244503373] [robot3.local_costmap.local_costmap]: Timed out waiting for transform from robot3/base_link to robot3/odom to become available, tf error: Invalid frame ID "robot3/odom" passed to canTransform argument target_frame - frame does not exist
[ros2-11] [controller_server-1] [INFO] [1785137909.744502035] [robot3.local_costmap.local_costmap]: Timed out waiting for transform from robot3/base_link to robot3/odom to become available, tf error: Invalid frame ID "robot3/odom" passed to canTransform argument target_frame - frame does not exist
[ros2-11] [controller_server-1] [INFO] [1785137910.244507513] [robot3.local_costmap.local_costmap]: Timed out waiting for transform from robot3/base_link to robot3/odom to become available, tf error: Invalid frame ID "robot3/odom" passed to canTransform argument target_frame - frame does not exist
[ros2-11] [controller_server-1] [INFO] [1785137910.744520193] [robot3.local_costmap.local_costmap]: Timed out waiting for transform from robot3/base_link to robot3/odom to become available, tf error: Invalid frame ID "robot3/odom" passed to canTransform argument target_frame - frame does not exist
[ros2-11] [controller_server-1] [INFO] [1785137911.244500252] [robot3.local_costmap.local_costmap]: Timed out waiting for transform from robot3/base_link to robot3/odom to become available, tf error: Invalid frame ID "robot3/odom" passed to canTransform argument target_frame - frame does not exist
[ros2-11] [controller_server-1] [INFO] [1785137911.744505836] [robot3.local_costmap.local_costmap]: Timed out waiting for transform from robot3/base_link to robot3/odom to become available, tf error: Invalid frame ID "robot3/odom" passed to canTransform argument target_frame - frame does not exist
[ros2-11] [controller_server-1] [INFO] [1785137912.244516236] [robot3.local_costmap.local_costmap]: Timed out waiting for transform from robot3/base_link to robot3/odom to become available, tf error: Invalid frame ID "robot3/odom" passed to canTransform argument target_frame - frame does not exist
[ros2-11] [controller_server-1] [INFO] [1785137912.744502985] [robot3.local_costmap.local_costmap]: Timed out waiting for transform from robot3/base_link to robot3/odom to become available, tf error: Invalid frame ID "robot3/odom" passed to canTransform argument target_frame - frame does not exist
[ros2-11] [controller_server-1] [INFO] [1785137913.244505187] [robot3.local_costmap.local_costmap]: Timed out waiting for transform from robot3/base_link to robot3/odom to become available, tf error: Invalid frame ID "robot3/odom" passed to canTransform argument target_frame - frame does not exist
[ros2-11] [controller_server-1] [INFO] [1785137913.744504283] [robot3.local_costmap.local_costmap]: Timed out waiting for transform from robot3/base_link to robot3/odom to become available, tf error: Invalid frame ID "robot3/odom" passed to canTransform argument target_frame - frame does not exist
[ros2-11] [controller_server-1] [INFO] [1785137914.244503179] [robot3.local_costmap.local_costmap]: Timed out waiting for transform from robot3/base_link to robot3/odom to become available, tf error: Invalid frame ID "robot3/odom" passed to canTransform argument target_frame - frame does not exist
[ros2-11] [controller_server-1] [INFO] [1785137914.744502062] [robot3.local_costmap.local_costmap]: Timed out waiting for transform from robot3/base_link to robot3/odom to become available, tf error: Invalid frame ID "robot3/odom" passed to canTransform argument target_frame - frame does not exist
[ros2-11] [controller_server-1] [INFO] [1785137915.244507842] [robot3.local_costmap.local_costmap]: Timed out waiting for transform from robot3/base_link to robot3/odom to become available, tf error: Invalid frame ID "robot3/odom" passed to canTransform argument target_frame - frame does not exist
[ros2-11] [controller_server-1] [INFO] [1785137915.744505639] [robot3.local_costmap.local_costmap]: Timed out waiting for transform from robot3/base_link to robot3/odom to become available, tf error: Invalid frame ID "robot3/odom" passed to canTransform argument target_frame - frame does not exist
[ros2-11] [controller_server-1] [INFO] [1785137916.244500335] [robot3.local_costmap.local_costmap]: Timed out waiting for transform from robot3/base_link to robot3/odom to become available, tf error: Invalid frame ID "robot3/odom" passed to canTransform argument target_frame - frame does not exist
[ros2-11] [controller_server-1] [INFO] [1785137916.744502503] [robot3.local_costmap.local_costmap]: Timed out waiting for transform from robot3/base_link to robot3/odom to become available, tf error: Invalid frame ID "robot3/odom" passed to canTransform argument target_frame - frame does not exist
[ros2-11] [controller_server-1] [INFO] [1785137917.244498944] [robot3.local_costmap.local_costmap]: Timed out waiting for transform from robot3/base_link to robot3/odom to become available, tf error: Invalid frame ID "robot3/odom" passed to canTransform argument target_frame - frame does not exist
[ros2-11] [controller_server-1] [INFO] [1785137917.744504073] [robot3.local_costmap.local_costmap]: Timed out waiting for transform from robot3/base_link to robot3/odom to become available, tf error: Invalid frame ID "robot3/odom" passed to canTransform argument target_frame - frame does not exist
[ros2-11] [controller_server-1] [INFO] [1785137918.244504088] [robot3.local_costmap.local_costmap]: Timed out waiting for transform from robot3/base_link to robot3/odom to become available, tf error: Invalid frame ID "robot3/odom" passed to canTransform argument target_frame - frame does not exist
[ros2-11] [controller_server-1] [INFO] [1785137918.744500164] [robot3.local_costmap.local_costmap]: Timed out waiting for transform from robot3/base_link to robot3/odom to become available, tf error: Invalid frame ID "robot3/odom" passed to canTransform argument target_frame - frame does not exist
[ros2-11] [controller_server-1] [INFO] [1785137919.244498746] [robot3.local_costmap.local_costmap]: Timed out waiting for transform from robot3/base_link to robot3/odom to become available, tf error: Invalid frame ID "robot3/odom" passed to canTransform argument target_frame - frame does not exist
[ros2-11] [controller_server-1] [INFO] [1785137919.744499393] [robot3.local_costmap.local_costmap]: Timed out waiting for transform from robot3/base_link to robot3/odom to become available, tf error: Invalid frame ID "robot3/odom" passed to canTransform argument target_frame - frame does not exist
[ros2-11] [controller_server-1] [INFO] [1785137920.244499598] [robot3.local_costmap.local_costmap]: Timed out waiting for transform from robot3/base_link to robot3/odom to become available, tf error: Invalid frame ID "robot3/odom" passed to canTransform argument target_frame - frame does not exist
[ros2-11] [controller_server-1] [INFO] [1785137920.744499271] [robot3.local_costmap.local_costmap]: Timed out waiting for transform from robot3/base_link to robot3/odom to become available, tf error: Invalid frame ID "robot3/odom" passed to canTransform argument target_frame - frame does not exist
[ros2-11] [controller_server-1] [INFO] [1785137921.244498083] [robot3.local_costmap.local_costmap]: Timed out waiting for transform from robot3/base_link to robot3/odom to become available, tf error: Invalid frame ID "robot3/odom" passed to canTransform argument target_frame - frame does not exist
[ros2-11] [controller_server-1] [INFO] [1785137921.744498747] [robot3.local_costmap.local_costmap]: Timed out waiting for transform from robot3/base_link to robot3/odom to become available, tf error: Invalid frame ID "robot3/odom" passed to canTransform argument target_frame - frame does not exist
[ros2-11] [controller_server-1] [INFO] [1785137922.244501691] [robot3.local_costmap.local_costmap]: Timed out waiting for transform from robot3/base_link to robot3/odom to become available, tf error: Invalid frame ID "robot3/odom" passed to canTransform argument target_frame - frame does not exist
[ros2-11] [controller_server-1] [INFO] [1785137922.744509723] [robot3.local_costmap.local_costmap]: Timed out waiting for transform from robot3/base_link to robot3/odom to become available, tf error: Invalid frame ID "robot3/odom" passed to canTransform argument target_frame - frame does not exist
[ros2-11] [controller_server-1] [INFO] [1785137923.244540353] [robot3.local_costmap.local_costmap]: Timed out waiting for transform from robot3/base_link to robot3/odom to become available, tf error: Invalid frame ID "robot3/odom" passed to canTransform argument target_frame - frame does not exist
[ros2-11] [controller_server-1] [INFO] [1785137923.744791453] [robot3.local_costmap.local_costmap]: Timed out waiting for transform from robot3/base_link to robot3/odom to become available, tf error: Invalid frame ID "robot3/odom" passed to canTransform argument target_frame - frame does not exist
[ros2-11] [controller_server-1] [INFO] [1785137924.244506199] [robot3.local_costmap.local_costmap]: Timed out waiting for transform from robot3/base_link to robot3/odom to become available, tf error: Invalid frame ID "robot3/odom" passed to canTransform argument target_frame - frame does not exist
[ros2-11] [controller_server-1] [INFO] [1785137924.744516127] [robot3.local_costmap.local_costmap]: Timed out waiting for transform from robot3/base_link to robot3/odom to become available, tf error: Invalid frame ID "robot3/odom" passed to canTransform argument target_frame - frame does not exist
[ros2-11] [controller_server-1] [INFO] [1785137925.244505611] [robot3.local_costmap.local_costmap]: Timed out waiting for transform from robot3/base_link to robot3/odom to become available, tf error: Invalid frame ID "robot3/odom" passed to canTransform argument target_frame - frame does not exist
[ros2-11] [controller_server-1] [INFO] [1785137925.744501311] [robot3.local_costmap.local_costmap]: Timed out waiting for transform from robot3/base_link to robot3/odom to become available, tf error: Invalid frame ID "robot3/odom" passed to canTransform argument target_frame - frame does not exist
[ros2-11] [controller_server-1] [INFO] [1785137926.244499384] [robot3.local_costmap.local_costmap]: Timed out waiting for transform from robot3/base_link to robot3/odom to become available, tf error: Invalid frame ID "robot3/odom" passed to canTransform argument target_frame - frame does not exist
[ros2-11] [controller_server-1] [INFO] [1785137926.744501681] [robot3.local_costmap.local_costmap]: Timed out waiting for transform from robot3/base_link to robot3/odom to become available, tf error: Invalid frame ID "robot3/odom" passed to canTransform argument target_frame - frame does not exist
[ros2-11] [controller_server-1] [INFO] [1785137927.244454679] [robot3.local_costmap.local_costmap]: Timed out waiting for transform from robot3/base_link to robot3/odom to become available, tf error: Invalid frame ID "robot3/odom" passed to canTransform argument target_frame - frame does not exist
[ros2-11] [controller_server-1] [INFO] [1785137927.744504986] [robot3.local_costmap.local_costmap]: Timed out waiting for transform from robot3/base_link to robot3/odom to become available, tf error: Invalid frame ID "robot3/odom" passed to canTransform argument target_frame - frame does not exist
[ros2-11] [controller_server-1] [INFO] [1785137928.244503837] [robot3.local_costmap.local_costmap]: Timed out waiting for transform from robot3/base_link to robot3/odom to become available, tf error: Invalid frame ID "robot3/odom" passed to canTransform argument target_frame - frame does not exist
[ros2-11] [controller_server-1] [INFO] [1785137928.744504473] [robot3.local_costmap.local_costmap]: Timed out waiting for transform from robot3/base_link to robot3/odom to become available, tf error: Invalid frame ID "robot3/odom" passed to canTransform argument target_frame - frame does not exist
[ros2-11] [controller_server-1] [INFO] [1785137929.244501944] [robot3.local_costmap.local_costmap]: Timed out waiting for transform from robot3/base_link to robot3/odom to become available, tf error: Invalid frame ID "robot3/odom" passed to canTransform argument target_frame - frame does not exist
[ros2-11] [controller_server-1] [INFO] [1785137929.744501476] [robot3.local_costmap.local_costmap]: Timed out waiting for transform from robot3/base_link to robot3/odom to become available, tf error: Invalid frame ID "robot3/odom" passed to canTransform argument target_frame - frame does not exist
[ros2-11] [controller_server-1] [INFO] [1785137930.244503986] [robot3.local_costmap.local_costmap]: Timed out waiting for transform from robot3/base_link to robot3/odom to become available, tf error: Invalid frame ID "robot3/odom" passed to canTransform argument target_frame - frame does not exist
[ros2-11] [controller_server-1] [INFO] [1785137930.744510893] [robot3.local_costmap.local_costmap]: Timed out waiting for transform from robot3/base_link to robot3/odom to become available, tf error: Invalid frame ID "robot3/odom" passed to canTransform argument target_frame - frame does not exist
[ros2-11] [controller_server-1] [INFO] [1785137931.244523275] [robot3.local_costmap.local_costmap]: Timed out waiting for transform from robot3/base_link to robot3/odom to become available, tf error: Invalid frame ID "robot3/odom" passed to canTransform argument target_frame - frame does not exist
[ros2-11] [controller_server-1] [INFO] [1785137931.744503650] [robot3.local_costmap.local_costmap]: Timed out waiting for transform from robot3/base_link to robot3/odom to become available, tf error: Invalid frame ID "robot3/odom" passed to canTransform argument target_frame - frame does not exist
[ros2-11] [controller_server-1] [INFO] [1785137932.244515302] [robot3.local_costmap.local_costmap]: Timed out waiting for transform from robot3/base_link to robot3/odom to become available, tf error: Invalid frame ID "robot3/odom" passed to canTransform argument target_frame - frame does not exist
[ros2-11] [controller_server-1] [INFO] [1785137932.744513451] [robot3.local_costmap.local_costmap]: Timed out waiting for transform from robot3/base_link to robot3/odom to become available, tf error: Invalid frame ID "robot3/odom" passed to canTransform argument target_frame - frame does not exist
[ros2-11] [controller_server-1] [INFO] [1785137933.244503170] [robot3.local_costmap.local_costmap]: Timed out waiting for transform from robot3/base_link to robot3/odom to become available, tf error: Invalid frame ID "robot3/odom" passed to canTransform argument target_frame - frame does not exist
[ros2-11] [controller_server-1] [INFO] [1785137933.744502274] [robot3.local_costmap.local_costmap]: Timed out waiting for transform from robot3/base_link to robot3/odom to become available, tf error: Invalid frame ID "robot3/odom" passed to canTransform argument target_frame - frame does not exist
[ros2-11] [controller_server-1] [INFO] [1785137934.244501123] [robot3.local_costmap.local_costmap]: Timed out waiting for transform from robot3/base_link to robot3/odom to become available, tf error: Invalid frame ID "robot3/odom" passed to canTransform argument target_frame - frame does not exist
[ros2-11] [controller_server-1] [INFO] [1785137934.744502463] [robot3.local_costmap.local_costmap]: Timed out waiting for transform from robot3/base_link to robot3/odom to become available, tf error: Invalid frame ID "robot3/odom" passed to canTransform argument target_frame - frame does not exist
[ros2-11] [controller_server-1] [INFO] [1785137935.244502864] [robot3.local_costmap.local_costmap]: Timed out waiting for transform from robot3/base_link to robot3/odom to become available, tf error: Invalid frame ID "robot3/odom" passed to canTransform argument target_frame - frame does not exist
[ros2-11] [controller_server-1] [INFO] [1785137935.744530202] [robot3.local_costmap.local_costmap]: Timed out waiting for transform from robot3/base_link to robot3/odom to become available, tf error: Invalid frame ID "robot3/odom" passed to canTransform argument target_frame - frame does not exist
[ros2-11] [controller_server-1] [INFO] [1785137936.244502833] [robot3.local_costmap.local_costmap]: Timed out waiting for transform from robot3/base_link to robot3/odom to become available, tf error: Invalid frame ID "robot3/odom" passed to canTransform argument target_frame - frame does not exist
[ros2-11] [controller_server-1] [INFO] [1785137936.744500759] [robot3.local_costmap.local_costmap]: Timed out waiting for transform from robot3/base_link to robot3/odom to become available, tf error: Invalid frame ID "robot3/odom" passed to canTransform argument target_frame - frame does not exist
[ros2-11] [controller_server-1] [INFO] [1785137937.244501687] [robot3.local_costmap.local_costmap]: Timed out waiting for transform from robot3/base_link to robot3/odom to become available, tf error: Invalid frame ID "robot3/odom" passed to canTransform argument target_frame - frame does not exist
[ros2-11] [controller_server-1] [INFO] [1785137937.744505222] [robot3.local_costmap.local_costmap]: Timed out waiting for transform from robot3/base_link to robot3/odom to become available, tf error: Invalid frame ID "robot3/odom" passed to canTransform argument target_frame - frame does not exist
[ros2-11] [controller_server-1] [INFO] [1785137938.244500454] [robot3.local_costmap.local_costmap]: Timed out waiting for transform from robot3/base_link to robot3/odom to become available, tf error: Invalid frame ID "robot3/odom" passed to canTransform argument target_frame - frame does not exist
[ros2-11] [controller_server-1] [INFO] [1785137938.744501111] [robot3.local_costmap.local_costmap]: Timed out waiting for transform from robot3/base_link to robot3/odom to become available, tf error: Invalid frame ID "robot3/odom" passed to canTransform argument target_frame - frame does not exist
[ros2-11] [controller_server-1] [INFO] [1785137939.244501065] [robot3.local_costmap.local_costmap]: Timed out waiting for transform from robot3/base_link to robot3/odom to become available, tf error: Invalid frame ID "robot3/odom" passed to canTransform argument target_frame - frame does not exist
[ros2-11] [controller_server-1] [INFO] [1785137939.744499870] [robot3.local_costmap.local_costmap]: Timed out waiting for transform from robot3/base_link to robot3/odom to become available, tf error: Invalid frame ID "robot3/odom" passed to canTransform argument target_frame - frame does not exist
[ros2-11] [controller_server-1] [INFO] [1785137940.244533157] [robot3.local_costmap.local_costmap]: Timed out waiting for transform from robot3/base_link to robot3/odom to become available, tf error: Invalid frame ID "robot3/odom" passed to canTransform argument target_frame - frame does not exist
[ros2-11] [controller_server-1] [INFO] [1785137940.744512652] [robot3.local_costmap.local_costmap]: Timed out waiting for transform from robot3/base_link to robot3/odom to become available, tf error: Invalid frame ID "robot3/odom" passed to canTransform argument target_frame - frame does not exist
[ros2-11] [controller_server-1] [INFO] [1785137941.244502964] [robot3.local_costmap.local_costmap]: Timed out waiting for transform from robot3/base_link to robot3/odom to become available, tf error: Invalid frame ID "robot3/odom" passed to canTransform argument target_frame - frame does not exist
[ros2-11] [controller_server-1] [INFO] [1785137941.744511204] [robot3.local_costmap.local_costmap]: Timed out waiting for transform from robot3/base_link to robot3/odom to become available, tf error: Invalid frame ID "robot3/odom" passed to canTransform argument target_frame - frame does not exist
[ros2-11] [controller_server-1] [INFO] [1785137942.244500500] [robot3.local_costmap.local_costmap]: Timed out waiting for transform from robot3/base_link to robot3/odom to become available, tf error: Invalid frame ID "robot3/odom" passed to canTransform argument target_frame - frame does not exist
[ros2-11] [controller_server-1] [INFO] [1785137942.744530326] [robot3.local_costmap.local_costmap]: Timed out waiting for transform from robot3/base_link to robot3/odom to become available, tf error: Invalid frame ID "robot3/odom" passed to canTransform argument target_frame - frame does not exist
[ros2-11] [controller_server-1] [INFO] [1785137943.244505012] [robot3.local_costmap.local_costmap]: Timed out waiting for transform from robot3/base_link to robot3/odom to become available, tf error: Invalid frame ID "robot3/odom" passed to canTransform argument target_frame - frame does not exist
[ros2-11] [controller_server-1] [INFO] [1785137943.744514555] [robot3.local_costmap.local_costmap]: Timed out waiting for transform from robot3/base_link to robot3/odom to become available, tf error: Invalid frame ID "robot3/odom" passed to canTransform argument target_frame - frame does not exist
[ros2-11] [controller_server-1] [INFO] [1785137944.244501711] [robot3.local_costmap.local_costmap]: Timed out waiting for transform from robot3/base_link to robot3/odom to become available, tf error: Invalid frame ID "robot3/odom" passed to canTransform argument target_frame - frame does not exist
[ros2-11] [controller_server-1] [INFO] [1785137944.744538383] [robot3.local_costmap.local_costmap]: Timed out waiting for transform from robot3/base_link to robot3/odom to become available, tf error: Invalid frame ID "robot3/odom" passed to canTransform argument target_frame - frame does not exist
[ros2-11] [controller_server-1] [INFO] [1785137945.244508030] [robot3.local_costmap.local_costmap]: Timed out waiting for transform from robot3/base_link to robot3/odom to become available, tf error: Invalid frame ID "robot3/odom" passed to canTransform argument target_frame - frame does not exist
[ros2-11] [controller_server-1] [INFO] [1785137945.744504270] [robot3.local_costmap.local_costmap]: Timed out waiting for transform from robot3/base_link to robot3/odom to become available, tf error: Invalid frame ID "robot3/odom" passed to canTransform argument target_frame - frame does not exist
[ros2-11] [controller_server-1] [INFO] [1785137946.244504417] [robot3.local_costmap.local_costmap]: Timed out waiting for transform from robot3/base_link to robot3/odom to become available, tf error: Invalid frame ID "robot3/odom" passed to canTransform argument target_frame - frame does not exist
[ros2-11] [controller_server-1] [INFO] [1785137946.744504950] [robot3.local_costmap.local_costmap]: Timed out waiting for transform from robot3/base_link to robot3/odom to become available, tf error: Invalid frame ID "robot3/odom" passed to canTransform argument target_frame - frame does not exist
[ros2-11] [controller_server-1] [INFO] [1785137947.244522487] [robot3.local_costmap.local_costmap]: Timed out waiting for transform from robot3/base_link to robot3/odom to become available, tf error: Invalid frame ID "robot3/odom" passed to canTransform argument target_frame - frame does not exist
[ros2-11] [controller_server-1] [INFO] [1785137947.744507957] [robot3.local_costmap.local_costmap]: Timed out waiting for transform from robot3/base_link to robot3/odom to become available, tf error: Invalid frame ID "robot3/odom" passed to canTransform argument target_frame - frame does not exist
[ros2-11] [controller_server-1] [INFO] [1785137948.244504634] [robot3.local_costmap.local_costmap]: Timed out waiting for transform from robot3/base_link to robot3/odom to become available, tf error: Invalid frame ID "robot3/odom" passed to canTransform argument target_frame - frame does not exist
[ros2-11] [controller_server-1] [INFO] [1785137948.744512203] [robot3.local_costmap.local_costmap]: Timed out waiting for transform from robot3/base_link to robot3/odom to become available, tf error: Invalid frame ID "robot3/odom" passed to canTransform argument target_frame - frame does not exist
[ros2-11] [controller_server-1] [INFO] [1785137949.244505920] [robot3.local_costmap.local_costmap]: Timed out waiting for transform from robot3/base_link to robot3/odom to become available, tf error: Invalid frame ID "robot3/odom" passed to canTransform argument target_frame - frame does not exist
[ros2-11] [controller_server-1] [INFO] [1785137949.744505542] [robot3.local_costmap.local_costmap]: Timed out waiting for transform from robot3/base_link to robot3/odom to become available, tf error: Invalid frame ID "robot3/odom" passed to canTransform argument target_frame - frame does not exist
[ros2-11] [controller_server-1] [INFO] [1785137950.244505028] [robot3.local_costmap.local_costmap]: Timed out waiting for transform from robot3/base_link to robot3/odom to become available, tf error: Invalid frame ID "robot3/odom" passed to canTransform argument target_frame - frame does not exist
[ros2-11] [controller_server-1] [INFO] [1785137950.744519665] [robot3.local_costmap.local_costmap]: Timed out waiting for transform from robot3/base_link to robot3/odom to become available, tf error: Invalid frame ID "robot3/odom" passed to canTransform argument target_frame - frame does not exist
[ros2-11] [controller_server-1] [INFO] [1785137951.244503292] [robot3.local_costmap.local_costmap]: Timed out waiting for transform from robot3/base_link to robot3/odom to become available, tf error: Invalid frame ID "robot3/odom" passed to canTransform argument target_frame - frame does not exist
[ros2-11] [controller_server-1] [INFO] [1785137951.744501201] [robot3.local_costmap.local_costmap]: Timed out waiting for transform from robot3/base_link to robot3/odom to become available, tf error: Invalid frame ID "robot3/odom" passed to canTransform argument target_frame - frame does not exist
[ros2-11] [controller_server-1] [INFO] [1785137952.244501186] [robot3.local_costmap.local_costmap]: Timed out waiting for transform from robot3/base_link to robot3/odom to become available, tf error: Invalid frame ID "robot3/odom" passed to canTransform argument target_frame - frame does not exist
[ros2-11] [controller_server-1] [INFO] [1785137952.744499772] [robot3.local_costmap.local_costmap]: Timed out waiting for transform from robot3/base_link to robot3/odom to become available, tf error: Invalid frame ID "robot3/odom" passed to canTransform argument target_frame - frame does not exist
[ros2-11] [controller_server-1] [INFO] [1785137953.244499505] [robot3.local_costmap.local_costmap]: Timed out waiting for transform from robot3/base_link to robot3/odom to become available, tf error: Invalid frame ID "robot3/odom" passed to canTransform argument target_frame - frame does not exist
[ros2-11] [controller_server-1] [INFO] [1785137953.744502140] [robot3.local_costmap.local_costmap]: Timed out waiting for transform from robot3/base_link to robot3/odom to become available, tf error: Invalid frame ID "robot3/odom" passed to canTransform argument target_frame - frame does not exist
[ros2-11] [controller_server-1] [INFO] [1785137954.244499136] [robot3.local_costmap.local_costmap]: Timed out waiting for transform from robot3/base_link to robot3/odom to become available, tf error: Invalid frame ID "robot3/odom" passed to canTransform argument target_frame - frame does not exist
[ros2-11] [controller_server-1] [INFO] [1785137954.744502868] [robot3.local_costmap.local_costmap]: Timed out waiting for transform from robot3/base_link to robot3/odom to become available, tf error: Invalid frame ID "robot3/odom" passed to canTransform argument target_frame - frame does not exist
[ros2-11] [controller_server-1] [INFO] [1785137955.244499256] [robot3.local_costmap.local_costmap]: Timed out waiting for transform from robot3/base_link to robot3/odom to become available, tf error: Invalid frame ID "robot3/odom" passed to canTransform argument target_frame - frame does not exist
[ros2-11] [controller_server-1] [INFO] [1785137955.744503686] [robot3.local_costmap.local_costmap]: Timed out waiting for transform from robot3/base_link to robot3/odom to become available, tf error: Invalid frame ID "robot3/odom" passed to canTransform argument target_frame - frame does not exist
[ros2-11] [controller_server-1] [INFO] [1785137956.244505089] [robot3.local_costmap.local_costmap]: Timed out waiting for transform from robot3/base_link to robot3/odom to become available, tf error: Invalid frame ID "robot3/odom" passed to canTransform argument target_frame - frame does not exist
[ros2-11] [controller_server-1] [INFO] [1785137956.744505197] [robot3.local_costmap.local_costmap]: Timed out waiting for transform from robot3/base_link to robot3/odom to become available, tf error: Invalid frame ID "robot3/odom" passed to canTransform argument target_frame - frame does not exist
[ros2-11] [controller_server-1] [INFO] [1785137957.244511699] [robot3.local_costmap.local_costmap]: Timed out waiting for transform from robot3/base_link to robot3/odom to become available, tf error: Invalid frame ID "robot3/odom" passed to canTransform argument target_frame - frame does not exist
[ros2-11] [controller_server-1] [INFO] [1785137957.744504527] [robot3.local_costmap.local_costmap]: Timed out waiting for transform from robot3/base_link to robot3/odom to become available, tf error: Invalid frame ID "robot3/odom" passed to canTransform argument target_frame - frame does not exist
[ros2-11] [controller_server-1] [INFO] [1785137958.244504451] [robot3.local_costmap.local_costmap]: Timed out waiting for transform from robot3/base_link to robot3/odom to become available, tf error: Invalid frame ID "robot3/odom" passed to canTransform argument target_frame - frame does not exist
[ros2-11] [controller_server-1] [INFO] [1785137958.744504085] [robot3.local_costmap.local_costmap]: Timed out waiting for transform from robot3/base_link to robot3/odom to become available, tf error: Invalid frame ID "robot3/odom" passed to canTransform argument target_frame - frame does not exist
[ros2-11] [controller_server-1] [INFO] [1785137959.244500931] [robot3.local_costmap.local_costmap]: Timed out waiting for transform from robot3/base_link to robot3/odom to become available, tf error: Invalid frame ID "robot3/odom" passed to canTransform argument target_frame - frame does not exist
[ros2-11] [controller_server-1] [INFO] [1785137959.744501872] [robot3.local_costmap.local_costmap]: Timed out waiting for transform from robot3/base_link to robot3/odom to become available, tf error: Invalid frame ID "robot3/odom" passed to canTransform argument target_frame - frame does not exist
[ros2-11] [controller_server-1] [INFO] [1785137960.244504828] [robot3.local_costmap.local_costmap]: Timed out waiting for transform from robot3/base_link to robot3/odom to become available, tf error: Invalid frame ID "robot3/odom" passed to canTransform argument target_frame - frame does not exist
[ros2-11] [controller_server-1] [INFO] [1785137960.744521781] [robot3.local_costmap.local_costmap]: Timed out waiting for transform from robot3/base_link to robot3/odom to become available, tf error: Invalid frame ID "robot3/odom" passed to canTransform argument target_frame - frame does not exist
[ros2-11] [controller_server-1] [INFO] [1785137961.244503199] [robot3.local_costmap.local_costmap]: Timed out waiting for transform from robot3/base_link to robot3/odom to become available, tf error: Invalid frame ID "robot3/odom" passed to canTransform argument target_frame - frame does not exist
[ros2-11] [controller_server-1] [INFO] [1785137961.744501543] [robot3.local_costmap.local_costmap]: Timed out waiting for transform from robot3/base_link to robot3/odom to become available, tf error: Invalid frame ID "robot3/odom" passed to canTransform argument target_frame - frame does not exist
[ros2-11] [controller_server-1] [INFO] [1785137962.244510540] [robot3.local_costmap.local_costmap]: Timed out waiting for transform from robot3/base_link to robot3/odom to become available, tf error: Invalid frame ID "robot3/odom" passed to canTransform argument target_frame - frame does not exist
[ros2-11] [controller_server-1] [INFO] [1785137962.744498884] [robot3.local_costmap.local_costmap]: Timed out waiting for transform from robot3/base_link to robot3/odom to become available, tf error: Invalid frame ID "robot3/odom" passed to canTransform argument target_frame - frame does not exist
[ros2-11] [controller_server-1] [INFO] [1785137963.244502977] [robot3.local_costmap.local_costmap]: Timed out waiting for transform from robot3/base_link to robot3/odom to become available, tf error: Invalid frame ID "robot3/odom" passed to canTransform argument target_frame - frame does not exist
[ros2-11] [controller_server-1] [INFO] [1785137963.744507046] [robot3.local_costmap.local_costmap]: Timed out waiting for transform from robot3/base_link to robot3/odom to become available, tf error: Invalid frame ID "robot3/odom" passed to canTransform argument target_frame - frame does not exist
[ros2-11] [controller_server-1] [INFO] [1785137964.244503607] [robot3.local_costmap.local_costmap]: Timed out waiting for transform from robot3/base_link to robot3/odom to become available, tf error: Invalid frame ID "robot3/odom" passed to canTransform argument target_frame - frame does not exist
[ros2-11] [controller_server-1] [INFO] [1785137964.744529829] [robot3.local_costmap.local_costmap]: Timed out waiting for transform from robot3/base_link to robot3/odom to become available, tf error: Invalid frame ID "robot3/odom" passed to canTransform argument target_frame - frame does not exist
[ros2-11] [controller_server-1] [INFO] [1785137965.244499996] [robot3.local_costmap.local_costmap]: Timed out waiting for transform from robot3/base_link to robot3/odom to become available, tf error: Invalid frame ID "robot3/odom" passed to canTransform argument target_frame - frame does not exist
[ros2-11] [controller_server-1] [INFO] [1785137965.744507928] [robot3.local_costmap.local_costmap]: Timed out waiting for transform from robot3/base_link to robot3/odom to become available, tf error: Invalid frame ID "robot3/odom" passed to canTransform argument target_frame - frame does not exist
[ros2-11] [controller_server-1] [INFO] [1785137966.244460833] [robot3.local_costmap.local_costmap]: Timed out waiting for transform from robot3/base_link to robot3/odom to become available, tf error: Invalid frame ID "robot3/odom" passed to canTransform argument target_frame - frame does not exist
[ros2-11] [controller_server-1] [INFO] [1785137966.744504483] [robot3.local_costmap.local_costmap]: Timed out waiting for transform from robot3/base_link to robot3/odom to become available, tf error: Invalid frame ID "robot3/odom" passed to canTransform argument target_frame - frame does not exist
[ros2-11] [controller_server-1] [INFO] [1785137967.244505427] [robot3.local_costmap.local_costmap]: Timed out waiting for transform from robot3/base_link to robot3/odom to become available, tf error: Invalid frame ID "robot3/odom" passed to canTransform argument target_frame - frame does not exist
[ros2-11] [controller_server-1] [INFO] [1785137967.744502151] [robot3.local_costmap.local_costmap]: Timed out waiting for transform from robot3/base_link to robot3/odom to become available, tf error: Invalid frame ID "robot3/odom" passed to canTransform argument target_frame - frame does not exist
[ros2-11] [controller_server-1] [INFO] [1785137968.244500119] [robot3.local_costmap.local_costmap]: Timed out waiting for transform from robot3/base_link to robot3/odom to become available, tf error: Invalid frame ID "robot3/odom" passed to canTransform argument target_frame - frame does not exist
[ros2-11] [controller_server-1] [INFO] [1785137968.744500771] [robot3.local_costmap.local_costmap]: Timed out waiting for transform from robot3/base_link to robot3/odom to become available, tf error: Invalid frame ID "robot3/odom" passed to canTransform argument target_frame - frame does not exist
[ros2-11] [controller_server-1] [INFO] [1785137969.244499014] [robot3.local_costmap.local_costmap]: Timed out waiting for transform from robot3/base_link to robot3/odom to become available, tf error: Invalid frame ID "robot3/odom" passed to canTransform argument target_frame - frame does not exist
[ros2-11] [controller_server-1] [INFO] [1785137969.744503175] [robot3.local_costmap.local_costmap]: Timed out waiting for transform from robot3/base_link to robot3/odom to become available, tf error: Invalid frame ID "robot3/odom" passed to canTransform argument target_frame - frame does not exist
[ros2-11] [controller_server-1] [INFO] [1785137970.244528686] [robot3.local_costmap.local_costmap]: Timed out waiting for transform from robot3/base_link to robot3/odom to become available, tf error: Invalid frame ID "robot3/odom" passed to canTransform argument target_frame - frame does not exist
[ros2-11] [controller_server-1] [INFO] [1785137970.744500266] [robot3.local_costmap.local_costmap]: Timed out waiting for transform from robot3/base_link to robot3/odom to become available, tf error: Invalid frame ID "robot3/odom" passed to canTransform argument target_frame - frame does not exist
[ros2-11] [controller_server-1] [INFO] [1785137971.244503191] [robot3.local_costmap.local_costmap]: Timed out waiting for transform from robot3/base_link to robot3/odom to become available, tf error: Invalid frame ID "robot3/odom" passed to canTransform argument target_frame - frame does not exist
[ros2-11] [controller_server-1] [INFO] [1785137971.744499148] [robot3.local_costmap.local_costmap]: Timed out waiting for transform from robot3/base_link to robot3/odom to become available, tf error: Invalid frame ID "robot3/odom" passed to canTransform argument target_frame - frame does not exist
[ros2-11] [controller_server-1] [INFO] [1785137972.244504473] [robot3.local_costmap.local_costmap]: Timed out waiting for transform from robot3/base_link to robot3/odom to become available, tf error: Invalid frame ID "robot3/odom" passed to canTransform argument target_frame - frame does not exist
[ros2-11] [controller_server-1] [INFO] [1785137972.744502853] [robot3.local_costmap.local_costmap]: Timed out waiting for transform from robot3/base_link to robot3/odom to become available, tf error: Invalid frame ID "robot3/odom" passed to canTransform argument target_frame - frame does not exist
[ros2-11] [controller_server-1] [INFO] [1785137973.244500733] [robot3.local_costmap.local_costmap]: Timed out waiting for transform from robot3/base_link to robot3/odom to become available, tf error: Invalid frame ID "robot3/odom" passed to canTransform argument target_frame - frame does not exist
[ros2-11] [controller_server-1] [INFO] [1785137973.744502185] [robot3.local_costmap.local_costmap]: Timed out waiting for transform from robot3/base_link to robot3/odom to become available, tf error: Invalid frame ID "robot3/odom" passed to canTransform argument target_frame - frame does not exist
[ros2-11] [controller_server-1] [INFO] [1785137974.244503559] [robot3.local_costmap.local_costmap]: Timed out waiting for transform from robot3/base_link to robot3/odom to become available, tf error: Invalid frame ID "robot3/odom" passed to canTransform argument target_frame - frame does not exist
[ros2-11] [controller_server-1] [INFO] [1785137974.744501404] [robot3.local_costmap.local_costmap]: Timed out waiting for transform from robot3/base_link to robot3/odom to become available, tf error: Invalid frame ID "robot3/odom" passed to canTransform argument target_frame - frame does not exist
[ros2-11] [controller_server-1] [INFO] [1785137975.244502086] [robot3.local_costmap.local_costmap]: Timed out waiting for transform from robot3/base_link to robot3/odom to become available, tf error: Invalid frame ID "robot3/odom" passed to canTransform argument target_frame - frame does not exist
[ros2-11] [controller_server-1] [INFO] [1785137975.744500980] [robot3.local_costmap.local_costmap]: Timed out waiting for transform from robot3/base_link to robot3/odom to become available, tf error: Invalid frame ID "robot3/odom" passed to canTransform argument target_frame - frame does not exist
[ros2-11] [controller_server-1] [INFO] [1785137976.244518083] [robot3.local_costmap.local_costmap]: Timed out waiting for transform from robot3/base_link to robot3/odom to become available, tf error: Invalid frame ID "robot3/odom" passed to canTransform argument target_frame - frame does not exist
[ros2-11] [controller_server-1] [INFO] [1785137976.744501543] [robot3.local_costmap.local_costmap]: Timed out waiting for transform from robot3/base_link to robot3/odom to become available, tf error: Invalid frame ID "robot3/odom" passed to canTransform argument target_frame - frame does not exist
[ros2-11] [controller_server-1] [INFO] [1785137977.244498954] [robot3.local_costmap.local_costmap]: Timed out waiting for transform from robot3/base_link to robot3/odom to become available, tf error: Invalid frame ID "robot3/odom" passed to canTransform argument target_frame - frame does not exist
[ros2-11] [controller_server-1] [INFO] [1785137977.744505034] [robot3.local_costmap.local_costmap]: Timed out waiting for transform from robot3/base_link to robot3/odom to become available, tf error: Invalid frame ID "robot3/odom" passed to canTransform argument target_frame - frame does not exist
[ros2-11] [controller_server-1] [INFO] [1785137978.244500879] [robot3.local_costmap.local_costmap]: Timed out waiting for transform from robot3/base_link to robot3/odom to become available, tf error: Invalid frame ID "robot3/odom" passed to canTransform argument target_frame - frame does not exist
[ros2-11] [controller_server-1] [INFO] [1785137978.744454205] [robot3.local_costmap.local_costmap]: Timed out waiting for transform from robot3/base_link to robot3/odom to become available, tf error: Invalid frame ID "robot3/odom" passed to canTransform argument target_frame - frame does not exist
[ros2-11] [controller_server-1] [INFO] [1785137979.244500686] [robot3.local_costmap.local_costmap]: Timed out waiting for transform from robot3/base_link to robot3/odom to become available, tf error: Invalid frame ID "robot3/odom" passed to canTransform argument target_frame - frame does not exist
[ros2-11] [controller_server-1] [INFO] [1785137979.744499444] [robot3.local_costmap.local_costmap]: Timed out waiting for transform from robot3/base_link to robot3/odom to become available, tf error: Invalid frame ID "robot3/odom" passed to canTransform argument target_frame - frame does not exist
[ros2-11] [controller_server-1] [INFO] [1785137980.244498909] [robot3.local_costmap.local_costmap]: Timed out waiting for transform from robot3/base_link to robot3/odom to become available, tf error: Invalid frame ID "robot3/odom" passed to canTransform argument target_frame - frame does not exist
[ros2-11] [controller_server-1] [INFO] [1785137980.744499629] [robot3.local_costmap.local_costmap]: Timed out waiting for transform from robot3/base_link to robot3/odom to become available, tf error: Invalid frame ID "robot3/odom" passed to canTransform argument target_frame - frame does not exist
[ros2-11] [controller_server-1] [INFO] [1785137981.244501538] [robot3.local_costmap.local_costmap]: Timed out waiting for transform from robot3/base_link to robot3/odom to become available, tf error: Invalid frame ID "robot3/odom" passed to canTransform argument target_frame - frame does not exist
[ros2-11] [controller_server-1] [INFO] [1785137981.744509401] [robot3.local_costmap.local_costmap]: Timed out waiting for transform from robot3/base_link to robot3/odom to become available, tf error: Invalid frame ID "robot3/odom" passed to canTransform argument target_frame - frame does not exist
[ros2-11] [controller_server-1] [INFO] [1785137982.244507134] [robot3.local_costmap.local_costmap]: Timed out waiting for transform from robot3/base_link to robot3/odom to become available, tf error: Invalid frame ID "robot3/odom" passed to canTransform argument target_frame - frame does not exist
[ros2-11] [controller_server-1] [INFO] [1785137982.744516687] [robot3.local_costmap.local_costmap]: Timed out waiting for transform from robot3/base_link to robot3/odom to become available, tf error: Invalid frame ID "robot3/odom" passed to canTransform argument target_frame - frame does not exist
[ros2-11] [controller_server-1] [INFO] [1785137983.244516256] [robot3.local_costmap.local_costmap]: Timed out waiting for transform from robot3/base_link to robot3/odom to become available, tf error: Invalid frame ID "robot3/odom" passed to canTransform argument target_frame - frame does not exist
[ros2-11] [controller_server-1] [INFO] [1785137983.744507748] [robot3.local_costmap.local_costmap]: Timed out waiting for transform from robot3/base_link to robot3/odom to become available, tf error: Invalid frame ID "robot3/odom" passed to canTransform argument target_frame - frame does not exist
[ros2-11] [controller_server-1] [INFO] [1785137984.244590347] [robot3.local_costmap.local_costmap]: Timed out waiting for transform from robot3/base_link to robot3/odom to become available, tf error: Invalid frame ID "robot3/odom" passed to canTransform argument target_frame - frame does not exist
[ros2-11] [controller_server-1] [INFO] [1785137984.744506170] [robot3.local_costmap.local_costmap]: Timed out waiting for transform from robot3/base_link to robot3/odom to become available, tf error: Invalid frame ID "robot3/odom" passed to canTransform argument target_frame - frame does not exist
[ros2-11] [controller_server-1] [INFO] [1785137985.244507686] [robot3.local_costmap.local_costmap]: Timed out waiting for transform from robot3/base_link to robot3/odom to become available, tf error: Invalid frame ID "robot3/odom" passed to canTransform argument target_frame - frame does not exist
[ros2-11] [controller_server-1] [INFO] [1785137985.744504671] [robot3.local_costmap.local_costmap]: Timed out waiting for transform from robot3/base_link to robot3/odom to become available, tf error: Invalid frame ID "robot3/odom" passed to canTransform argument target_frame - frame does not exist
[ros2-11] [controller_server-1] [INFO] [1785137986.244501289] [robot3.local_costmap.local_costmap]: Timed out waiting for transform from robot3/base_link to robot3/odom to become available, tf error: Invalid frame ID "robot3/odom" passed to canTransform argument target_frame - frame does not exist
[ros2-11] [controller_server-1] [INFO] [1785137986.744499896] [robot3.local_costmap.local_costmap]: Timed out waiting for transform from robot3/base_link to robot3/odom to become available, tf error: Invalid frame ID "robot3/odom" passed to canTransform argument target_frame - frame does not exist
[ros2-11] [controller_server-1] [INFO] [1785137987.244499578] [robot3.local_costmap.local_costmap]: Timed out waiting for transform from robot3/base_link to robot3/odom to become available, tf error: Invalid frame ID "robot3/odom" passed to canTransform argument target_frame - frame does not exist
[ros2-11] [controller_server-1] [INFO] [1785137987.744516947] [robot3.local_costmap.local_costmap]: Timed out waiting for transform from robot3/base_link to robot3/odom to become available, tf error: Invalid frame ID "robot3/odom" passed to canTransform argument target_frame - frame does not exist
[ros2-11] [controller_server-1] [INFO] [1785137988.244500708] [robot3.local_costmap.local_costmap]: Timed out waiting for transform from robot3/base_link to robot3/odom to become available, tf error: Invalid frame ID "robot3/odom" passed to canTransform argument target_frame - frame does not exist
[ros2-11] [controller_server-1] [INFO] [1785137988.744501583] [robot3.local_costmap.local_costmap]: Timed out waiting for transform from robot3/base_link to robot3/odom to become available, tf error: Invalid frame ID "robot3/odom" passed to canTransform argument target_frame - frame does not exist
[ros2-11] [controller_server-1] [INFO] [1785137989.244504169] [robot3.local_costmap.local_costmap]: Timed out waiting for transform from robot3/base_link to robot3/odom to become available, tf error: Invalid frame ID "robot3/odom" passed to canTransform argument target_frame - frame does not exist
[ros2-11] [controller_server-1] [INFO] [1785137989.744503366] [robot3.local_costmap.local_costmap]: Timed out waiting for transform from robot3/base_link to robot3/odom to become available, tf error: Invalid frame ID "robot3/odom" passed to canTransform argument target_frame - frame does not exist
[ros2-11] [controller_server-1] [INFO] [1785137990.244505843] [robot3.local_costmap.local_costmap]: Timed out waiting for transform from robot3/base_link to robot3/odom to become available, tf error: Invalid frame ID "robot3/odom" passed to canTransform argument target_frame - frame does not exist
[ros2-11] [controller_server-1] [INFO] [1785137990.744502527] [robot3.local_costmap.local_costmap]: Timed out waiting for transform from robot3/base_link to robot3/odom to become available, tf error: Invalid frame ID "robot3/odom" passed to canTransform argument target_frame - frame does not exist
[ros2-11] [controller_server-1] [INFO] [1785137991.244572640] [robot3.local_costmap.local_costmap]: Timed out waiting for transform from robot3/base_link to robot3/odom to become available, tf error: Invalid frame ID "robot3/odom" passed to canTransform argument target_frame - frame does not exist
[ros2-11] [controller_server-1] [INFO] [1785137991.744501151] [robot3.local_costmap.local_costmap]: Timed out waiting for transform from robot3/base_link to robot3/odom to become available, tf error: Invalid frame ID "robot3/odom" passed to canTransform argument target_frame - frame does not exist
[ros2-11] [controller_server-1] [INFO] [1785137992.244503037] [robot3.local_costmap.local_costmap]: Timed out waiting for transform from robot3/base_link to robot3/odom to become available, tf error: Invalid frame ID "robot3/odom" passed to canTransform argument target_frame - frame does not exist
[ros2-11] [controller_server-1] [INFO] [1785137992.744502373] [robot3.local_costmap.local_costmap]: Timed out waiting for transform from robot3/base_link to robot3/odom to become available, tf error: Invalid frame ID "robot3/odom" passed to canTransform argument target_frame - frame does not exist
[ros2-11] [controller_server-1] [INFO] [1785137993.244499736] [robot3.local_costmap.local_costmap]: Timed out waiting for transform from robot3/base_link to robot3/odom to become available, tf error: Invalid frame ID "robot3/odom" passed to canTransform argument target_frame - frame does not exist
[ros2-11] [controller_server-1] [INFO] [1785137993.744502388] [robot3.local_costmap.local_costmap]: Timed out waiting for transform from robot3/base_link to robot3/odom to become available, tf error: Invalid frame ID "robot3/odom" passed to canTransform argument target_frame - frame does not exist
[ros2-11] [controller_server-1] [INFO] [1785137994.244504861] [robot3.local_costmap.local_costmap]: Timed out waiting for transform from robot3/base_link to robot3/odom to become available, tf error: Invalid frame ID "robot3/odom" passed to canTransform argument target_frame - frame does not exist
[ros2-11] [controller_server-1] [INFO] [1785137994.744502135] [robot3.local_costmap.local_costmap]: Timed out waiting for transform from robot3/base_link to robot3/odom to become available, tf error: Invalid frame ID "robot3/odom" passed to canTransform argument target_frame - frame does not exist
[ros2-11] [controller_server-1] [INFO] [1785137995.244500260] [robot3.local_costmap.local_costmap]: Timed out waiting for transform from robot3/base_link to robot3/odom to become available, tf error: Invalid frame ID "robot3/odom" passed to canTransform argument target_frame - frame does not exist
[ros2-11] [controller_server-1] [INFO] [1785137995.744501978] [robot3.local_costmap.local_costmap]: Timed out waiting for transform from robot3/base_link to robot3/odom to become available, tf error: Invalid frame ID "robot3/odom" passed to canTransform argument target_frame - frame does not exist
[ros2-11] [controller_server-1] [INFO] [1785137996.244501910] [robot3.local_costmap.local_costmap]: Timed out waiting for transform from robot3/base_link to robot3/odom to become available, tf error: Invalid frame ID "robot3/odom" passed to canTransform argument target_frame - frame does not exist
[ros2-11] [controller_server-1] [INFO] [1785137996.744502187] [robot3.local_costmap.local_costmap]: Timed out waiting for transform from robot3/base_link to robot3/odom to become available, tf error: Invalid frame ID "robot3/odom" passed to canTransform argument target_frame - frame does not exist
[ros2-11] [controller_server-1] [INFO] [1785137997.244500006] [robot3.local_costmap.local_costmap]: Timed out waiting for transform from robot3/base_link to robot3/odom to become available, tf error: Invalid frame ID "robot3/odom" passed to canTransform argument target_frame - frame does not exist
[ros2-11] [controller_server-1] [INFO] [1785137997.744498083] [robot3.local_costmap.local_costmap]: Timed out waiting for transform from robot3/base_link to robot3/odom to become available, tf error: Invalid frame ID "robot3/odom" passed to canTransform argument target_frame - frame does not exist
[ros2-11] [controller_server-1] [INFO] [1785137998.244503695] [robot3.local_costmap.local_costmap]: Timed out waiting for transform from robot3/base_link to robot3/odom to become available, tf error: Invalid frame ID "robot3/odom" passed to canTransform argument target_frame - frame does not exist
[ros2-11] [controller_server-1] [INFO] [1785137998.744449320] [robot3.local_costmap.local_costmap]: Timed out waiting for transform from robot3/base_link to robot3/odom to become available, tf error: Invalid frame ID "robot3/odom" passed to canTransform argument target_frame - frame does not exist
[ros2-11] [controller_server-1] [INFO] [1785137999.244499261] [robot3.local_costmap.local_costmap]: Timed out waiting for transform from robot3/base_link to robot3/odom to become available, tf error: Invalid frame ID "robot3/odom" passed to canTransform argument target_frame - frame does not exist
[ros2-11] [controller_server-1] [INFO] [1785137999.744500554] [robot3.local_costmap.local_costmap]: Timed out waiting for transform from robot3/base_link to robot3/odom to become available, tf error: Invalid frame ID "robot3/odom" passed to canTransform argument target_frame - frame does not exist
[ros2-11] [controller_server-1] [INFO] [1785138000.244499852] [robot3.local_costmap.local_costmap]: Timed out waiting for transform from robot3/base_link to robot3/odom to become available, tf error: Invalid frame ID "robot3/odom" passed to canTransform argument target_frame - frame does not exist
[ros2-11] [controller_server-1] [INFO] [1785138000.744504131] [robot3.local_costmap.local_costmap]: Timed out waiting for transform from robot3/base_link to robot3/odom to become available, tf error: Invalid frame ID "robot3/odom" passed to canTransform argument target_frame - frame does not exist
[ros2-11] [controller_server-1] [INFO] [1785138001.244504399] [robot3.local_costmap.local_costmap]: Timed out waiting for transform from robot3/base_link to robot3/odom to become available, tf error: Invalid frame ID "robot3/odom" passed to canTransform argument target_frame - frame does not exist
[ros2-11] [controller_server-1] [INFO] [1785138001.744498795] [robot3.local_costmap.local_costmap]: Timed out waiting for transform from robot3/base_link to robot3/odom to become available, tf error: Invalid frame ID "robot3/odom" passed to canTransform argument target_frame - frame does not exist
[ros2-11] [controller_server-1] [INFO] [1785138002.244504006] [robot3.local_costmap.local_costmap]: Timed out waiting for transform from robot3/base_link to robot3/odom to become available, tf error: Invalid frame ID "robot3/odom" passed to canTransform argument target_frame - frame does not exist
[ros2-11] [controller_server-1] [INFO] [1785138002.744460147] [robot3.local_costmap.local_costmap]: Timed out waiting for transform from robot3/base_link to robot3/odom to become available, tf error: Invalid frame ID "robot3/odom" passed to canTransform argument target_frame - frame does not exist
[ros2-11] [controller_server-1] [INFO] [1785138003.244504464] [robot3.local_costmap.local_costmap]: Timed out waiting for transform from robot3/base_link to robot3/odom to become available, tf error: Invalid frame ID "robot3/odom" passed to canTransform argument target_frame - frame does not exist
[ros2-11] [controller_server-1] [INFO] [1785138003.744502800] [robot3.local_costmap.local_costmap]: Timed out waiting for transform from robot3/base_link to robot3/odom to become available, tf error: Invalid frame ID "robot3/odom" passed to canTransform argument target_frame - frame does not exist
[ros2-11] [controller_server-1] [INFO] [1785138004.244503644] [robot3.local_costmap.local_costmap]: Timed out waiting for transform from robot3/base_link to robot3/odom to become available, tf error: Invalid frame ID "robot3/odom" passed to canTransform argument target_frame - frame does not exist
[ros2-11] [controller_server-1] [INFO] [1785138004.744504877] [robot3.local_costmap.local_costmap]: Timed out waiting for transform from robot3/base_link to robot3/odom to become available, tf error: Invalid frame ID "robot3/odom" passed to canTransform argument target_frame - frame does not exist
[ros2-11] [controller_server-1] [INFO] [1785138005.244504337] [robot3.local_costmap.local_costmap]: Timed out waiting for transform from robot3/base_link to robot3/odom to become available, tf error: Invalid frame ID "robot3/odom" passed to canTransform argument target_frame - frame does not exist
[ros2-11] [controller_server-1] [INFO] [1785138005.744504790] [robot3.local_costmap.local_costmap]: Timed out waiting for transform from robot3/base_link to robot3/odom to become available, tf error: Invalid frame ID "robot3/odom" passed to canTransform argument target_frame - frame does not exist
[ros2-11] [controller_server-1] [INFO] [1785138006.244505204] [robot3.local_costmap.local_costmap]: Timed out waiting for transform from robot3/base_link to robot3/odom to become available, tf error: Invalid frame ID "robot3/odom" passed to canTransform argument target_frame - frame does not exist
[ros2-11] [controller_server-1] [INFO] [1785138006.744505867] [robot3.local_costmap.local_costmap]: Timed out waiting for transform from robot3/base_link to robot3/odom to become available, tf error: Invalid frame ID "robot3/odom" passed to canTransform argument target_frame - frame does not exist
[ros2-11] [controller_server-1] [INFO] [1785138007.244507242] [robot3.local_costmap.local_costmap]: Timed out waiting for transform from robot3/base_link to robot3/odom to become available, tf error: Invalid frame ID "robot3/odom" passed to canTransform argument target_frame - frame does not exist
[ros2-11] [controller_server-1] [INFO] [1785138007.744500416] [robot3.local_costmap.local_costmap]: Timed out waiting for transform from robot3/base_link to robot3/odom to become available, tf error: Invalid frame ID "robot3/odom" passed to canTransform argument target_frame - frame does not exist
[ros2-11] [controller_server-1] [INFO] [1785138008.244499597] [robot3.local_costmap.local_costmap]: Timed out waiting for transform from robot3/base_link to robot3/odom to become available, tf error: Invalid frame ID "robot3/odom" passed to canTransform argument target_frame - frame does not exist
[ros2-11] [controller_server-1] [INFO] [1785138008.744517687] [robot3.local_costmap.local_costmap]: Timed out waiting for transform from robot3/base_link to robot3/odom to become available, tf error: Invalid frame ID "robot3/odom" passed to canTransform argument target_frame - frame does not exist
[ros2-11] [controller_server-1] [INFO] [1785138009.244511439] [robot3.local_costmap.local_costmap]: Timed out waiting for transform from robot3/base_link to robot3/odom to become available, tf error: Invalid frame ID "robot3/odom" passed to canTransform argument target_frame - frame does not exist
[ros2-11] [controller_server-1] [INFO] [1785138009.744505046] [robot3.local_costmap.local_costmap]: Timed out waiting for transform from robot3/base_link to robot3/odom to become available, tf error: Invalid frame ID "robot3/odom" passed to canTransform argument target_frame - frame does not exist
[ros2-11] [controller_server-1] [INFO] [1785138010.244503124] [robot3.local_costmap.local_costmap]: Timed out waiting for transform from robot3/base_link to robot3/odom to become available, tf error: Invalid frame ID "robot3/odom" passed to canTransform argument target_frame - frame does not exist
[ros2-11] [controller_server-1] [INFO] [1785138010.744504579] [robot3.local_costmap.local_costmap]: Timed out waiting for transform from robot3/base_link to robot3/odom to become available, tf error: Invalid frame ID "robot3/odom" passed to canTransform argument target_frame - frame does not exist
[ros2-11] [controller_server-1] [INFO] [1785138011.244520970] [robot3.local_costmap.local_costmap]: Timed out waiting for transform from robot3/base_link to robot3/odom to become available, tf error: Invalid frame ID "robot3/odom" passed to canTransform argument target_frame - frame does not exist
[ros2-11] [controller_server-1] [INFO] [1785138011.744514379] [robot3.local_costmap.local_costmap]: Timed out waiting for transform from robot3/base_link to robot3/odom to become available, tf error: Invalid frame ID "robot3/odom" passed to canTransform argument target_frame - frame does not exist
[ros2-11] [controller_server-1] [INFO] [1785138012.244509856] [robot3.local_costmap.local_costmap]: Timed out waiting for transform from robot3/base_link to robot3/odom to become available, tf error: Invalid frame ID "robot3/odom" passed to canTransform argument target_frame - frame does not exist
[ros2-11] [controller_server-1] [INFO] [1785138012.744512703] [robot3.local_costmap.local_costmap]: Timed out waiting for transform from robot3/base_link to robot3/odom to become available, tf error: Invalid frame ID "robot3/odom" passed to canTransform argument target_frame - frame does not exist
[ros2-11] [controller_server-1] [INFO] [1785138013.244513292] [robot3.local_costmap.local_costmap]: Timed out waiting for transform from robot3/base_link to robot3/odom to become available, tf error: Invalid frame ID "robot3/odom" passed to canTransform argument target_frame - frame does not exist
[ros2-11] [controller_server-1] [INFO] [1785138013.744512706] [robot3.local_costmap.local_costmap]: Timed out waiting for transform from robot3/base_link to robot3/odom to become available, tf error: Invalid frame ID "robot3/odom" passed to canTransform argument target_frame - frame does not exist
[ros2-11] [controller_server-1] [INFO] [1785138014.244519247] [robot3.local_costmap.local_costmap]: Timed out waiting for transform from robot3/base_link to robot3/odom to become available, tf error: Invalid frame ID "robot3/odom" passed to canTransform argument target_frame - frame does not exist
[ros2-11] [controller_server-1] [INFO] [1785138014.744506677] [robot3.local_costmap.local_costmap]: Timed out waiting for transform from robot3/base_link to robot3/odom to become available, tf error: Invalid frame ID "robot3/odom" passed to canTransform argument target_frame - frame does not exist
[ros2-11] [controller_server-1] [INFO] [1785138015.244525864] [robot3.local_costmap.local_costmap]: Timed out waiting for transform from robot3/base_link to robot3/odom to become available, tf error: Invalid frame ID "robot3/odom" passed to canTransform argument target_frame - frame does not exist
[ros2-11] [controller_server-1] [INFO] [1785138015.744500824] [robot3.local_costmap.local_costmap]: Timed out waiting for transform from robot3/base_link to robot3/odom to become available, tf error: Invalid frame ID "robot3/odom" passed to canTransform argument target_frame - frame does not exist
[ros2-11] [controller_server-1] [INFO] [1785138016.244500172] [robot3.local_costmap.local_costmap]: Timed out waiting for transform from robot3/base_link to robot3/odom to become available, tf error: Invalid frame ID "robot3/odom" passed to canTransform argument target_frame - frame does not exist
[ros2-11] [controller_server-1] [INFO] [1785138016.744502063] [robot3.local_costmap.local_costmap]: Timed out waiting for transform from robot3/base_link to robot3/odom to become available, tf error: Invalid frame ID "robot3/odom" passed to canTransform argument target_frame - frame does not exist
[ros2-11] [controller_server-1] [INFO] [1785138017.244523896] [robot3.local_costmap.local_costmap]: Timed out waiting for transform from robot3/base_link to robot3/odom to become available, tf error: Invalid frame ID "robot3/odom" passed to canTransform argument target_frame - frame does not exist
[ros2-11] [controller_server-1] [INFO] [1785138017.744515206] [robot3.local_costmap.local_costmap]: Timed out waiting for transform from robot3/base_link to robot3/odom to become available, tf error: Invalid frame ID "robot3/odom" passed to canTransform argument target_frame - frame does not exist
[ros2-11] [controller_server-1] [INFO] [1785138018.244504141] [robot3.local_costmap.local_costmap]: Timed out waiting for transform from robot3/base_link to robot3/odom to become available, tf error: Invalid frame ID "robot3/odom" passed to canTransform argument target_frame - frame does not exist
[ros2-11] [controller_server-1] [INFO] [1785138018.744515772] [robot3.local_costmap.local_costmap]: Timed out waiting for transform from robot3/base_link to robot3/odom to become available, tf error: Invalid frame ID "robot3/odom" passed to canTransform argument target_frame - frame does not exist
[ros2-11] [controller_server-1] [INFO] [1785138019.244502806] [robot3.local_costmap.local_costmap]: Timed out waiting for transform from robot3/base_link to robot3/odom to become available, tf error: Invalid frame ID "robot3/odom" passed to canTransform argument target_frame - frame does not exist
[ros2-11] [controller_server-1] [INFO] [1785138019.744503492] [robot3.local_costmap.local_costmap]: Timed out waiting for transform from robot3/base_link to robot3/odom to become available, tf error: Invalid frame ID "robot3/odom" passed to canTransform argument target_frame - frame does not exist
[ros2-11] [controller_server-1] [INFO] [1785138020.244507151] [robot3.local_costmap.local_costmap]: Timed out waiting for transform from robot3/base_link to robot3/odom to become available, tf error: Invalid frame ID "robot3/odom" passed to canTransform argument target_frame - frame does not exist
[ros2-11] [controller_server-1] [INFO] [1785138020.744500014] [robot3.local_costmap.local_costmap]: Timed out waiting for transform from robot3/base_link to robot3/odom to become available, tf error: Invalid frame ID "robot3/odom" passed to canTransform argument target_frame - frame does not exist
[ros2-11] [controller_server-1] [INFO] [1785138021.244500408] [robot3.local_costmap.local_costmap]: Timed out waiting for transform from robot3/base_link to robot3/odom to become available, tf error: Invalid frame ID "robot3/odom" passed to canTransform argument target_frame - frame does not exist
[ros2-11] [controller_server-1] [INFO] [1785138021.744502691] [robot3.local_costmap.local_costmap]: Timed out waiting for transform from robot3/base_link to robot3/odom to become available, tf error: Invalid frame ID "robot3/odom" passed to canTransform argument target_frame - frame does not exist
[ros2-11] [controller_server-1] [INFO] [1785138022.244499895] [robot3.local_costmap.local_costmap]: Timed out waiting for transform from robot3/base_link to robot3/odom to become available, tf error: Invalid frame ID "robot3/odom" passed to canTransform argument target_frame - frame does not exist
[ros2-11] [controller_server-1] [INFO] [1785138022.744501823] [robot3.local_costmap.local_costmap]: Timed out waiting for transform from robot3/base_link to robot3/odom to become available, tf error: Invalid frame ID "robot3/odom" passed to canTransform argument target_frame - frame does not exist
[ros2-11] [controller_server-1] [INFO] [1785138023.244504895] [robot3.local_costmap.local_costmap]: Timed out waiting for transform from robot3/base_link to robot3/odom to become available, tf error: Invalid frame ID "robot3/odom" passed to canTransform argument target_frame - frame does not exist
[ros2-11] [controller_server-1] [INFO] [1785138023.744499241] [robot3.local_costmap.local_costmap]: Timed out waiting for transform from robot3/base_link to robot3/odom to become available, tf error: Invalid frame ID "robot3/odom" passed to canTransform argument target_frame - frame does not exist
[ros2-11] [controller_server-1] [INFO] [1785138024.244503033] [robot3.local_costmap.local_costmap]: Timed out waiting for transform from robot3/base_link to robot3/odom to become available, tf error: Invalid frame ID "robot3/odom" passed to canTransform argument target_frame - frame does not exist
[ros2-11] [controller_server-1] [INFO] [1785138024.744502506] [robot3.local_costmap.local_costmap]: Timed out waiting for transform from robot3/base_link to robot3/odom to become available, tf error: Invalid frame ID "robot3/odom" passed to canTransform argument target_frame - frame does not exist
[ros2-11] [controller_server-1] [INFO] [1785138025.244500256] [robot3.local_costmap.local_costmap]: Timed out waiting for transform from robot3/base_link to robot3/odom to become available, tf error: Invalid frame ID "robot3/odom" passed to canTransform argument target_frame - frame does not exist
[ros2-11] [controller_server-1] [INFO] [1785138025.744503937] [robot3.local_costmap.local_costmap]: Timed out waiting for transform from robot3/base_link to robot3/odom to become available, tf error: Invalid frame ID "robot3/odom" passed to canTransform argument target_frame - frame does not exist
[ros2-11] [controller_server-1] [INFO] [1785138026.244500595] [robot3.local_costmap.local_costmap]: Timed out waiting for transform from robot3/base_link to robot3/odom to become available, tf error: Invalid frame ID "robot3/odom" passed to canTransform argument target_frame - frame does not exist
[ros2-11] [controller_server-1] [INFO] [1785138026.744501279] [robot3.local_costmap.local_costmap]: Timed out waiting for transform from robot3/base_link to robot3/odom to become available, tf error: Invalid frame ID "robot3/odom" passed to canTransform argument target_frame - frame does not exist
[ros2-11] [controller_server-1] [INFO] [1785138027.244499853] [robot3.local_costmap.local_costmap]: Timed out waiting for transform from robot3/base_link to robot3/odom to become available, tf error: Invalid frame ID "robot3/odom" passed to canTransform argument target_frame - frame does not exist
[ros2-11] [controller_server-1] [INFO] [1785138027.744500678] [robot3.local_costmap.local_costmap]: Timed out waiting for transform from robot3/base_link to robot3/odom to become available, tf error: Invalid frame ID "robot3/odom" passed to canTransform argument target_frame - frame does not exist
[ros2-11] [controller_server-1] [INFO] [1785138028.244501780] [robot3.local_costmap.local_costmap]: Timed out waiting for transform from robot3/base_link to robot3/odom to become available, tf error: Invalid frame ID "robot3/odom" passed to canTransform argument target_frame - frame does not exist
[ros2-11] [controller_server-1] [INFO] [1785138028.744499413] [robot3.local_costmap.local_costmap]: Timed out waiting for transform from robot3/base_link to robot3/odom to become available, tf error: Invalid frame ID "robot3/odom" passed to canTransform argument target_frame - frame does not exist
[ros2-11] [controller_server-1] [INFO] [1785138029.244499870] [robot3.local_costmap.local_costmap]: Timed out waiting for transform from robot3/base_link to robot3/odom to become available, tf error: Invalid frame ID "robot3/odom" passed to canTransform argument target_frame - frame does not exist
[ros2-11] [controller_server-1] [INFO] [1785138029.744500011] [robot3.local_costmap.local_costmap]: Timed out waiting for transform from robot3/base_link to robot3/odom to become available, tf error: Invalid frame ID "robot3/odom" passed to canTransform argument target_frame - frame does not exist
[ros2-11] [controller_server-1] [INFO] [1785138030.244499605] [robot3.local_costmap.local_costmap]: Timed out waiting for transform from robot3/base_link to robot3/odom to become available, tf error: Invalid frame ID "robot3/odom" passed to canTransform argument target_frame - frame does not exist
[ros2-11] [controller_server-1] [INFO] [1785138030.744502373] [robot3.local_costmap.local_costmap]: Timed out waiting for transform from robot3/base_link to robot3/odom to become available, tf error: Invalid frame ID "robot3/odom" passed to canTransform argument target_frame - frame does not exist
[ros2-11] [controller_server-1] [INFO] [1785138031.244500542] [robot3.local_costmap.local_costmap]: Timed out waiting for transform from robot3/base_link to robot3/odom to become available, tf error: Invalid frame ID "robot3/odom" passed to canTransform argument target_frame - frame does not exist
[ros2-11] [controller_server-1] [INFO] [1785138031.744519356] [robot3.local_costmap.local_costmap]: Timed out waiting for transform from robot3/base_link to robot3/odom to become available, tf error: Invalid frame ID "robot3/odom" passed to canTransform argument target_frame - frame does not exist
[ros2-11] [controller_server-1] [INFO] [1785138032.244502856] [robot3.local_costmap.local_costmap]: Timed out waiting for transform from robot3/base_link to robot3/odom to become available, tf error: Invalid frame ID "robot3/odom" passed to canTransform argument target_frame - frame does not exist
[ros2-11] [controller_server-1] [INFO] [1785138032.744505756] [robot3.local_costmap.local_costmap]: Timed out waiting for transform from robot3/base_link to robot3/odom to become available, tf error: Invalid frame ID "robot3/odom" passed to canTransform argument target_frame - frame does not exist
[ros2-11] [controller_server-1] [INFO] [1785138033.244506934] [robot3.local_costmap.local_costmap]: Timed out waiting for transform from robot3/base_link to robot3/odom to become available, tf error: Invalid frame ID "robot3/odom" passed to canTransform argument target_frame - frame does not exist
[ros2-11] [controller_server-1] [INFO] [1785138033.744501321] [robot3.local_costmap.local_costmap]: Timed out waiting for transform from robot3/base_link to robot3/odom to become available, tf error: Invalid frame ID "robot3/odom" passed to canTransform argument target_frame - frame does not exist
[ros2-11] [controller_server-1] [INFO] [1785138034.244502419] [robot3.local_costmap.local_costmap]: Timed out waiting for transform from robot3/base_link to robot3/odom to become available, tf error: Invalid frame ID "robot3/odom" passed to canTransform argument target_frame - frame does not exist
[ros2-11] [controller_server-1] [INFO] [1785138034.744510867] [robot3.local_costmap.local_costmap]: Timed out waiting for transform from robot3/base_link to robot3/odom to become available, tf error: Invalid frame ID "robot3/odom" passed to canTransform argument target_frame - frame does not exist
[ros2-11] [controller_server-1] [INFO] [1785138035.244503121] [robot3.local_costmap.local_costmap]: Timed out waiting for transform from robot3/base_link to robot3/odom to become available, tf error: Invalid frame ID "robot3/odom" passed to canTransform argument target_frame - frame does not exist
[ros2-11] [controller_server-1] [INFO] [1785138035.744502886] [robot3.local_costmap.local_costmap]: Timed out waiting for transform from robot3/base_link to robot3/odom to become available, tf error: Invalid frame ID "robot3/odom" passed to canTransform argument target_frame - frame does not exist
[ros2-11] [controller_server-1] [INFO] [1785138036.244502024] [robot3.local_costmap.local_costmap]: Timed out waiting for transform from robot3/base_link to robot3/odom to become available, tf error: Invalid frame ID "robot3/odom" passed to canTransform argument target_frame - frame does not exist
[ros2-11] [controller_server-1] [INFO] [1785138036.744500710] [robot3.local_costmap.local_costmap]: Timed out waiting for transform from robot3/base_link to robot3/odom to become available, tf error: Invalid frame ID "robot3/odom" passed to canTransform argument target_frame - frame does not exist
[ros2-11] [controller_server-1] [INFO] [1785138037.244500327] [robot3.local_costmap.local_costmap]: Timed out waiting for transform from robot3/base_link to robot3/odom to become available, tf error: Invalid frame ID "robot3/odom" passed to canTransform argument target_frame - frame does not exist
[ros2-11] [controller_server-1] [INFO] [1785138037.744504624] [robot3.local_costmap.local_costmap]: Timed out waiting for transform from robot3/base_link to robot3/odom to become available, tf error: Invalid frame ID "robot3/odom" passed to canTransform argument target_frame - frame does not exist
[ros2-11] [controller_server-1] [INFO] [1785138038.244500691] [robot3.local_costmap.local_costmap]: Timed out waiting for transform from robot3/base_link to robot3/odom to become available, tf error: Invalid frame ID "robot3/odom" passed to canTransform argument target_frame - frame does not exist
[ros2-11] [controller_server-1] [INFO] [1785138038.744503921] [robot3.local_costmap.local_costmap]: Timed out waiting for transform from robot3/base_link to robot3/odom to become available, tf error: Invalid frame ID "robot3/odom" passed to canTransform argument target_frame - frame does not exist
[ros2-11] [controller_server-1] [INFO] [1785138039.244499668] [robot3.local_costmap.local_costmap]: Timed out waiting for transform from robot3/base_link to robot3/odom to become available, tf error: Invalid frame ID "robot3/odom" passed to canTransform argument target_frame - frame does not exist
[ros2-11] [controller_server-1] [INFO] [1785138039.744505505] [robot3.local_costmap.local_costmap]: Timed out waiting for transform from robot3/base_link to robot3/odom to become available, tf error: Invalid frame ID "robot3/odom" passed to canTransform argument target_frame - frame does not exist
[ros2-11] [controller_server-1] [INFO] [1785138040.244500980] [robot3.local_costmap.local_costmap]: Timed out waiting for transform from robot3/base_link to robot3/odom to become available, tf error: Invalid frame ID "robot3/odom" passed to canTransform argument target_frame - frame does not exist
[ros2-11] [controller_server-1] [INFO] [1785138040.744507972] [robot3.local_costmap.local_costmap]: Timed out waiting for transform from robot3/base_link to robot3/odom to become available, tf error: Invalid frame ID "robot3/odom" passed to canTransform argument target_frame - frame does not exist
[ros2-11] [controller_server-1] [INFO] [1785138041.244504741] [robot3.local_costmap.local_costmap]: Timed out waiting for transform from robot3/base_link to robot3/odom to become available, tf error: Invalid frame ID "robot3/odom" passed to canTransform argument target_frame - frame does not exist
[ros2-11] [controller_server-1] [INFO] [1785138041.744501690] [robot3.local_costmap.local_costmap]: Timed out waiting for transform from robot3/base_link to robot3/odom to become available, tf error: Invalid frame ID "robot3/odom" passed to canTransform argument target_frame - frame does not exist
[ros2-11] [controller_server-1] [INFO] [1785138042.244511793] [robot3.local_costmap.local_costmap]: Timed out waiting for transform from robot3/base_link to robot3/odom to become available, tf error: Invalid frame ID "robot3/odom" passed to canTransform argument target_frame - frame does not exist
[ros2-11] [controller_server-1] [INFO] [1785138042.744458888] [robot3.local_costmap.local_costmap]: Timed out waiting for transform from robot3/base_link to robot3/odom to become available, tf error: Invalid frame ID "robot3/odom" passed to canTransform argument target_frame - frame does not exist
[ros2-11] [controller_server-1] [INFO] [1785138043.244510602] [robot3.local_costmap.local_costmap]: Timed out waiting for transform from robot3/base_link to robot3/odom to become available, tf error: Invalid frame ID "robot3/odom" passed to canTransform argument target_frame - frame does not exist
[ros2-11] [controller_server-1] [INFO] [1785138043.744504935] [robot3.local_costmap.local_costmap]: Timed out waiting for transform from robot3/base_link to robot3/odom to become available, tf error: Invalid frame ID "robot3/odom" passed to canTransform argument target_frame - frame does not exist
[ros2-11] [controller_server-1] [INFO] [1785138044.244505338] [robot3.local_costmap.local_costmap]: Timed out waiting for transform from robot3/base_link to robot3/odom to become available, tf error: Invalid frame ID "robot3/odom" passed to canTransform argument target_frame - frame does not exist
[ros2-11] [controller_server-1] [INFO] [1785138044.744507272] [robot3.local_costmap.local_costmap]: Timed out waiting for transform from robot3/base_link to robot3/odom to become available, tf error: Invalid frame ID "robot3/odom" passed to canTransform argument target_frame - frame does not exist
[ros2-11] [controller_server-1] [INFO] [1785138045.244503364] [robot3.local_costmap.local_costmap]: Timed out waiting for transform from robot3/base_link to robot3/odom to become available, tf error: Invalid frame ID "robot3/odom" passed to canTransform argument target_frame - frame does not exist
[ros2-11] [controller_server-1] [INFO] [1785138045.744504955] [robot3.local_costmap.local_costmap]: Timed out waiting for transform from robot3/base_link to robot3/odom to become available, tf error: Invalid frame ID "robot3/odom" passed to canTransform argument target_frame - frame does not exist
[ros2-11] [controller_server-1] [INFO] [1785138046.244504856] [robot3.local_costmap.local_costmap]: Timed out waiting for transform from robot3/base_link to robot3/odom to become available, tf error: Invalid frame ID "robot3/odom" passed to canTransform argument target_frame - frame does not exist
[ros2-11] [controller_server-1] [INFO] [1785138046.744519282] [robot3.local_costmap.local_costmap]: Timed out waiting for transform from robot3/base_link to robot3/odom to become available, tf error: Invalid frame ID "robot3/odom" passed to canTransform argument target_frame - frame does not exist
[ros2-11] [controller_server-1] [INFO] [1785138047.244505231] [robot3.local_costmap.local_costmap]: Timed out waiting for transform from robot3/base_link to robot3/odom to become available, tf error: Invalid frame ID "robot3/odom" passed to canTransform argument target_frame - frame does not exist
[ros2-11] [controller_server-1] [INFO] [1785138047.744510299] [robot3.local_costmap.local_costmap]: Timed out waiting for transform from robot3/base_link to robot3/odom to become available, tf error: Invalid frame ID "robot3/odom" passed to canTransform argument target_frame - frame does not exist
[ros2-11] [controller_server-1] [INFO] [1785138048.244502145] [robot3.local_costmap.local_costmap]: Timed out waiting for transform from robot3/base_link to robot3/odom to become available, tf error: Invalid frame ID "robot3/odom" passed to canTransform argument target_frame - frame does not exist
[ros2-11] [controller_server-1] [INFO] [1785138048.744500630] [robot3.local_costmap.local_costmap]: Timed out waiting for transform from robot3/base_link to robot3/odom to become available, tf error: Invalid frame ID "robot3/odom" passed to canTransform argument target_frame - frame does not exist
[ros2-11] [controller_server-1] [INFO] [1785138049.244502691] [robot3.local_costmap.local_costmap]: Timed out waiting for transform from robot3/base_link to robot3/odom to become available, tf error: Invalid frame ID "robot3/odom" passed to canTransform argument target_frame - frame does not exist
[ros2-11] [controller_server-1] [INFO] [1785138049.744501654] [robot3.local_costmap.local_costmap]: Timed out waiting for transform from robot3/base_link to robot3/odom to become available, tf error: Invalid frame ID "robot3/odom" passed to canTransform argument target_frame - frame does not exist
[ros2-11] [controller_server-1] [INFO] [1785138050.244501585] [robot3.local_costmap.local_costmap]: Timed out waiting for transform from robot3/base_link to robot3/odom to become available, tf error: Invalid frame ID "robot3/odom" passed to canTransform argument target_frame - frame does not exist
[ros2-11] [controller_server-1] [INFO] [1785138050.744474730] [robot3.local_costmap.local_costmap]: Timed out waiting for transform from robot3/base_link to robot3/odom to become available, tf error: Invalid frame ID "robot3/odom" passed to canTransform argument target_frame - frame does not exist
[ros2-11] [controller_server-1] [INFO] [1785138051.244503731] [robot3.local_costmap.local_costmap]: Timed out waiting for transform from robot3/base_link to robot3/odom to become available, tf error: Invalid frame ID "robot3/odom" passed to canTransform argument target_frame - frame does not exist
[ros2-11] [controller_server-1] [INFO] [1785138051.744503732] [robot3.local_costmap.local_costmap]: Timed out waiting for transform from robot3/base_link to robot3/odom to become available, tf error: Invalid frame ID "robot3/odom" passed to canTransform argument target_frame - frame does not exist
[ros2-11] [controller_server-1] [INFO] [1785138052.244500217] [robot3.local_costmap.local_costmap]: Timed out waiting for transform from robot3/base_link to robot3/odom to become available, tf error: Invalid frame ID "robot3/odom" passed to canTransform argument target_frame - frame does not exist
[ros2-11] [controller_server-1] [INFO] [1785138052.744499522] [robot3.local_costmap.local_costmap]: Timed out waiting for transform from robot3/base_link to robot3/odom to become available, tf error: Invalid frame ID "robot3/odom" passed to canTransform argument target_frame - frame does not exist
[ros2-11] [controller_server-1] [INFO] [1785138053.244503732] [robot3.local_costmap.local_costmap]: Timed out waiting for transform from robot3/base_link to robot3/odom to become available, tf error: Invalid frame ID "robot3/odom" passed to canTransform argument target_frame - frame does not exist
[ros2-11] [controller_server-1] [INFO] [1785138053.744503153] [robot3.local_costmap.local_costmap]: Timed out waiting for transform from robot3/base_link to robot3/odom to become available, tf error: Invalid frame ID "robot3/odom" passed to canTransform argument target_frame - frame does not exist
[ros2-11] [controller_server-1] [INFO] [1785138054.244503612] [robot3.local_costmap.local_costmap]: Timed out waiting for transform from robot3/base_link to robot3/odom to become available, tf error: Invalid frame ID "robot3/odom" passed to canTransform argument target_frame - frame does not exist
[ros2-11] [controller_server-1] [INFO] [1785138054.744523932] [robot3.local_costmap.local_costmap]: Timed out waiting for transform from robot3/base_link to robot3/odom to become available, tf error: Invalid frame ID "robot3/odom" passed to canTransform argument target_frame - frame does not exist
[ros2-11] [controller_server-1] [INFO] [1785138055.244498439] [robot3.local_costmap.local_costmap]: Timed out waiting for transform from robot3/base_link to robot3/odom to become available, tf error: Invalid frame ID "robot3/odom" passed to canTransform argument target_frame - frame does not exist
[ros2-11] [controller_server-1] [INFO] [1785138055.744498794] [robot3.local_costmap.local_costmap]: Timed out waiting for transform from robot3/base_link to robot3/odom to become available, tf error: Invalid frame ID "robot3/odom" passed to canTransform argument target_frame - frame does not exist
[ros2-11] [controller_server-1] [INFO] [1785138056.244505010] [robot3.local_costmap.local_costmap]: Timed out waiting for transform from robot3/base_link to robot3/odom to become available, tf error: Invalid frame ID "robot3/odom" passed to canTransform argument target_frame - frame does not exist
[ros2-11] [controller_server-1] [INFO] [1785138056.744502171] [robot3.local_costmap.local_costmap]: Timed out waiting for transform from robot3/base_link to robot3/odom to become available, tf error: Invalid frame ID "robot3/odom" passed to canTransform argument target_frame - frame does not exist
[ros2-11] [controller_server-1] [INFO] [1785138057.244502674] [robot3.local_costmap.local_costmap]: Timed out waiting for transform from robot3/base_link to robot3/odom to become available, tf error: Invalid frame ID "robot3/odom" passed to canTransform argument target_frame - frame does not exist
[ros2-11] [controller_server-1] [INFO] [1785138057.744507606] [robot3.local_costmap.local_costmap]: Timed out waiting for transform from robot3/base_link to robot3/odom to become available, tf error: Invalid frame ID "robot3/odom" passed to canTransform argument target_frame - frame does not exist
[ros2-11] [controller_server-1] [INFO] [1785138058.244504306] [robot3.local_costmap.local_costmap]: Timed out waiting for transform from robot3/base_link to robot3/odom to become available, tf error: Invalid frame ID "robot3/odom" passed to canTransform argument target_frame - frame does not exist
[ros2-11] [controller_server-1] [INFO] [1785138058.744503189] [robot3.local_costmap.local_costmap]: Timed out waiting for transform from robot3/base_link to robot3/odom to become available, tf error: Invalid frame ID "robot3/odom" passed to canTransform argument target_frame - frame does not exist
[ros2-11] [controller_server-1] [INFO] [1785138059.244502672] [robot3.local_costmap.local_costmap]: Timed out waiting for transform from robot3/base_link to robot3/odom to become available, tf error: Invalid frame ID "robot3/odom" passed to canTransform argument target_frame - frame does not exist
[ros2-11] [controller_server-1] [INFO] [1785138059.744498421] [robot3.local_costmap.local_costmap]: Timed out waiting for transform from robot3/base_link to robot3/odom to become available, tf error: Invalid frame ID "robot3/odom" passed to canTransform argument target_frame - frame does not exist
[ros2-11] [controller_server-1] [INFO] [1785138060.244501202] [robot3.local_costmap.local_costmap]: Timed out waiting for transform from robot3/base_link to robot3/odom to become available, tf error: Invalid frame ID "robot3/odom" passed to canTransform argument target_frame - frame does not exist
[ros2-11] [controller_server-1] [INFO] [1785138060.744500437] [robot3.local_costmap.local_costmap]: Timed out waiting for transform from robot3/base_link to robot3/odom to become available, tf error: Invalid frame ID "robot3/odom" passed to canTransform argument target_frame - frame does not exist
[ros2-11] [controller_server-1] [INFO] [1785138061.244503423] [robot3.local_costmap.local_costmap]: Timed out waiting for transform from robot3/base_link to robot3/odom to become available, tf error: Invalid frame ID "robot3/odom" passed to canTransform argument target_frame - frame does not exist
[ros2-11] [controller_server-1] [INFO] [1785138061.744500069] [robot3.local_costmap.local_costmap]: Timed out waiting for transform from robot3/base_link to robot3/odom to become available, tf error: Invalid frame ID "robot3/odom" passed to canTransform argument target_frame - frame does not exist
[ros2-11] [controller_server-1] [INFO] [1785138062.244500073] [robot3.local_costmap.local_costmap]: Timed out waiting for transform from robot3/base_link to robot3/odom to become available, tf error: Invalid frame ID "robot3/odom" passed to canTransform argument target_frame - frame does not exist
[ros2-11] [controller_server-1] [INFO] [1785138062.744503781] [robot3.local_costmap.local_costmap]: Timed out waiting for transform from robot3/base_link to robot3/odom to become available, tf error: Invalid frame ID "robot3/odom" passed to canTransform argument target_frame - frame does not exist
[ros2-11] [controller_server-1] [INFO] [1785138063.244514968] [robot3.local_costmap.local_costmap]: Timed out waiting for transform from robot3/base_link to robot3/odom to become available, tf error: Invalid frame ID "robot3/odom" passed to canTransform argument target_frame - frame does not exist
[ros2-11] [controller_server-1] [INFO] [1785138063.744499350] [robot3.local_costmap.local_costmap]: Timed out waiting for transform from robot3/base_link to robot3/odom to become available, tf error: Invalid frame ID "robot3/odom" passed to canTransform argument target_frame - frame does not exist
[ros2-11] [controller_server-1] [INFO] [1785138064.244479804] [robot3.local_costmap.local_costmap]: Timed out waiting for transform from robot3/base_link to robot3/odom to become available, tf error: Invalid frame ID "robot3/odom" passed to canTransform argument target_frame - frame does not exist
[ros2-11] [controller_server-1] [INFO] [1785138064.744506203] [robot3.local_costmap.local_costmap]: Timed out waiting for transform from robot3/base_link to robot3/odom to become available, tf error: Invalid frame ID "robot3/odom" passed to canTransform argument target_frame - frame does not exist
[ros2-11] [controller_server-1] [INFO] [1785138065.244501387] [robot3.local_costmap.local_costmap]: Timed out waiting for transform from robot3/base_link to robot3/odom to become available, tf error: Invalid frame ID "robot3/odom" passed to canTransform argument target_frame - frame does not exist
[ros2-11] [controller_server-1] [INFO] [1785138065.744499477] [robot3.local_costmap.local_costmap]: Timed out waiting for transform from robot3/base_link to robot3/odom to become available, tf error: Invalid frame ID "robot3/odom" passed to canTransform argument target_frame - frame does not exist
[ros2-11] [controller_server-1] [INFO] [1785138066.244501058] [robot3.local_costmap.local_costmap]: Timed out waiting for transform from robot3/base_link to robot3/odom to become available, tf error: Invalid frame ID "robot3/odom" passed to canTransform argument target_frame - frame does not exist
[ros2-11] [controller_server-1] [INFO] [1785138066.744502508] [robot3.local_costmap.local_costmap]: Timed out waiting for transform from robot3/base_link to robot3/odom to become available, tf error: Invalid frame ID "robot3/odom" passed to canTransform argument target_frame - frame does not exist
[ros2-11] [controller_server-1] [INFO] [1785138067.244525905] [robot3.local_costmap.local_costmap]: Timed out waiting for transform from robot3/base_link to robot3/odom to become available, tf error: Invalid frame ID "robot3/odom" passed to canTransform argument target_frame - frame does not exist
[ros2-11] [controller_server-1] [INFO] [1785138067.744499644] [robot3.local_costmap.local_costmap]: Timed out waiting for transform from robot3/base_link to robot3/odom to become available, tf error: Invalid frame ID "robot3/odom" passed to canTransform argument target_frame - frame does not exist
[ros2-11] [controller_server-1] [INFO] [1785138068.244498755] [robot3.local_costmap.local_costmap]: Timed out waiting for transform from robot3/base_link to robot3/odom to become available, tf error: Invalid frame ID "robot3/odom" passed to canTransform argument target_frame - frame does not exist
[ros2-11] [controller_server-1] [INFO] [1785138068.744501464] [robot3.local_costmap.local_costmap]: Timed out waiting for transform from robot3/base_link to robot3/odom to become available, tf error: Invalid frame ID "robot3/odom" passed to canTransform argument target_frame - frame does not exist
[ros2-11] [controller_server-1] [INFO] [1785138069.244497477] [robot3.local_costmap.local_costmap]: Timed out waiting for transform from robot3/base_link to robot3/odom to become available, tf error: Invalid frame ID "robot3/odom" passed to canTransform argument target_frame - frame does not exist
[ros2-11] [controller_server-1] [INFO] [1785138069.744501544] [robot3.local_costmap.local_costmap]: Timed out waiting for transform from robot3/base_link to robot3/odom to become available, tf error: Invalid frame ID "robot3/odom" passed to canTransform argument target_frame - frame does not exist
[ros2-11] [controller_server-1] [INFO] [1785138070.244503618] [robot3.local_costmap.local_costmap]: Timed out waiting for transform from robot3/base_link to robot3/odom to become available, tf error: Invalid frame ID "robot3/odom" passed to canTransform argument target_frame - frame does not exist
[ros2-11] [controller_server-1] [INFO] [1785138070.744519096] [robot3.local_costmap.local_costmap]: Timed out waiting for transform from robot3/base_link to robot3/odom to become available, tf error: Invalid frame ID "robot3/odom" passed to canTransform argument target_frame - frame does not exist
[ros2-11] [controller_server-1] [INFO] [1785138071.244520921] [robot3.local_costmap.local_costmap]: Timed out waiting for transform from robot3/base_link to robot3/odom to become available, tf error: Invalid frame ID "robot3/odom" passed to canTransform argument target_frame - frame does not exist
[ros2-11] [controller_server-1] [INFO] [1785138071.744502399] [robot3.local_costmap.local_costmap]: Timed out waiting for transform from robot3/base_link to robot3/odom to become available, tf error: Invalid frame ID "robot3/odom" passed to canTransform argument target_frame - frame does not exist
[ros2-11] [controller_server-1] [INFO] [1785138072.244501712] [robot3.local_costmap.local_costmap]: Timed out waiting for transform from robot3/base_link to robot3/odom to become available, tf error: Invalid frame ID "robot3/odom" passed to canTransform argument target_frame - frame does not exist
[ros2-11] [controller_server-1] [INFO] [1785138072.744501676] [robot3.local_costmap.local_costmap]: Timed out waiting for transform from robot3/base_link to robot3/odom to become available, tf error: Invalid frame ID "robot3/odom" passed to canTransform argument target_frame - frame does not exist
[ros2-11] [controller_server-1] [INFO] [1785138073.244502310] [robot3.local_costmap.local_costmap]: Timed out waiting for transform from robot3/base_link to robot3/odom to become available, tf error: Invalid frame ID "robot3/odom" passed to canTransform argument target_frame - frame does not exist
[ros2-11] [controller_server-1] [INFO] [1785138073.744508734] [robot3.local_costmap.local_costmap]: Timed out waiting for transform from robot3/base_link to robot3/odom to become available, tf error: Invalid frame ID "robot3/odom" passed to canTransform argument target_frame - frame does not exist
[ros2-11] [controller_server-1] [INFO] [1785138074.244504014] [robot3.local_costmap.local_costmap]: Timed out waiting for transform from robot3/base_link to robot3/odom to become available, tf error: Invalid frame ID "robot3/odom" passed to canTransform argument target_frame - frame does not exist
[ros2-11] [controller_server-1] [INFO] [1785138074.744500728] [robot3.local_costmap.local_costmap]: Timed out waiting for transform from robot3/base_link to robot3/odom to become available, tf error: Invalid frame ID "robot3/odom" passed to canTransform argument target_frame - frame does not exist
[ros2-11] [controller_server-1] [INFO] [1785138075.244499501] [robot3.local_costmap.local_costmap]: Timed out waiting for transform from robot3/base_link to robot3/odom to become available, tf error: Invalid frame ID "robot3/odom" passed to canTransform argument target_frame - frame does not exist
[ros2-11] [controller_server-1] [INFO] [1785138075.744500915] [robot3.local_costmap.local_costmap]: Timed out waiting for transform from robot3/base_link to robot3/odom to become available, tf error: Invalid frame ID "robot3/odom" passed to canTransform argument target_frame - frame does not exist
[ros2-11] [controller_server-1] [INFO] [1785138076.244508728] [robot3.local_costmap.local_costmap]: Timed out waiting for transform from robot3/base_link to robot3/odom to become available, tf error: Invalid frame ID "robot3/odom" passed to canTransform argument target_frame - frame does not exist
[ros2-11] [controller_server-1] [INFO] [1785138076.744515986] [robot3.local_costmap.local_costmap]: Timed out waiting for transform from robot3/base_link to robot3/odom to become available, tf error: Invalid frame ID "robot3/odom" passed to canTransform argument target_frame - frame does not exist
[ros2-11] [controller_server-1] [INFO] [1785138077.244499026] [robot3.local_costmap.local_costmap]: Timed out waiting for transform from robot3/base_link to robot3/odom to become available, tf error: Invalid frame ID "robot3/odom" passed to canTransform argument target_frame - frame does not exist
[ros2-11] [controller_server-1] [INFO] [1785138077.744504505] [robot3.local_costmap.local_costmap]: Timed out waiting for transform from robot3/base_link to robot3/odom to become available, tf error: Invalid frame ID "robot3/odom" passed to canTransform argument target_frame - frame does not exist
[ros2-11] [controller_server-1] [INFO] [1785138078.244501712] [robot3.local_costmap.local_costmap]: Timed out waiting for transform from robot3/base_link to robot3/odom to become available, tf error: Invalid frame ID "robot3/odom" passed to canTransform argument target_frame - frame does not exist
[ros2-11] [controller_server-1] [INFO] [1785138078.744501674] [robot3.local_costmap.local_costmap]: Timed out waiting for transform from robot3/base_link to robot3/odom to become available, tf error: Invalid frame ID "robot3/odom" passed to canTransform argument target_frame - frame does not exist
[ros2-11] [controller_server-1] [INFO] [1785138079.244503185] [robot3.local_costmap.local_costmap]: Timed out waiting for transform from robot3/base_link to robot3/odom to become available, tf error: Invalid frame ID "robot3/odom" passed to canTransform argument target_frame - frame does not exist
[ros2-11] [controller_server-1] [INFO] [1785138079.744511501] [robot3.local_costmap.local_costmap]: Timed out waiting for transform from robot3/base_link to robot3/odom to become available, tf error: Invalid frame ID "robot3/odom" passed to canTransform argument target_frame - frame does not exist
[ros2-11] [controller_server-1] [INFO] [1785138080.244519620] [robot3.local_costmap.local_costmap]: Timed out waiting for transform from robot3/base_link to robot3/odom to become available, tf error: Invalid frame ID "robot3/odom" passed to canTransform argument target_frame - frame does not exist
[ros2-11] [controller_server-1] [INFO] [1785138080.744511790] [robot3.local_costmap.local_costmap]: Timed out waiting for transform from robot3/base_link to robot3/odom to become available, tf error: Invalid frame ID "robot3/odom" passed to canTransform argument target_frame - frame does not exist
[ros2-11] [controller_server-1] [INFO] [1785138081.244502853] [robot3.local_costmap.local_costmap]: Timed out waiting for transform from robot3/base_link to robot3/odom to become available, tf error: Invalid frame ID "robot3/odom" passed to canTransform argument target_frame - frame does not exist
[ros2-11] [controller_server-1] [INFO] [1785138081.744498849] [robot3.local_costmap.local_costmap]: Timed out waiting for transform from robot3/base_link to robot3/odom to become available, tf error: Invalid frame ID "robot3/odom" passed to canTransform argument target_frame - frame does not exist
[ros2-11] [controller_server-1] [INFO] [1785138082.244524997] [robot3.local_costmap.local_costmap]: Timed out waiting for transform from robot3/base_link to robot3/odom to become available, tf error: Invalid frame ID "robot3/odom" passed to canTransform argument target_frame - frame does not exist
[ros2-11] [controller_server-1] [INFO] [1785138082.744502048] [robot3.local_costmap.local_costmap]: Timed out waiting for transform from robot3/base_link to robot3/odom to become available, tf error: Invalid frame ID "robot3/odom" passed to canTransform argument target_frame - frame does not exist
[ros2-11] [controller_server-1] [INFO] [1785138083.244501889] [robot3.local_costmap.local_costmap]: Timed out waiting for transform from robot3/base_link to robot3/odom to become available, tf error: Invalid frame ID "robot3/odom" passed to canTransform argument target_frame - frame does not exist
[ros2-11] [controller_server-1] [INFO] [1785138083.744504217] [robot3.local_costmap.local_costmap]: Timed out waiting for transform from robot3/base_link to robot3/odom to become available, tf error: Invalid frame ID "robot3/odom" passed to canTransform argument target_frame - frame does not exist
[ros2-11] [controller_server-1] [INFO] [1785138084.244500610] [robot3.local_costmap.local_costmap]: Timed out waiting for transform from robot3/base_link to robot3/odom to become available, tf error: Invalid frame ID "robot3/odom" passed to canTransform argument target_frame - frame does not exist
[ros2-11] [controller_server-1] [INFO] [1785138084.744500957] [robot3.local_costmap.local_costmap]: Timed out waiting for transform from robot3/base_link to robot3/odom to become available, tf error: Invalid frame ID "robot3/odom" passed to canTransform argument target_frame - frame does not exist
[ros2-11] [controller_server-1] [INFO] [1785138085.244514350] [robot3.local_costmap.local_costmap]: Timed out waiting for transform from robot3/base_link to robot3/odom to become available, tf error: Invalid frame ID "robot3/odom" passed to canTransform argument target_frame - frame does not exist
[ros2-11] [controller_server-1] [INFO] [1785138085.744505222] [robot3.local_costmap.local_costmap]: Timed out waiting for transform from robot3/base_link to robot3/odom to become available, tf error: Invalid frame ID "robot3/odom" passed to canTransform argument target_frame - frame does not exist
[ros2-11] [controller_server-1] [INFO] [1785138086.244503968] [robot3.local_costmap.local_costmap]: Timed out waiting for transform from robot3/base_link to robot3/odom to become available, tf error: Invalid frame ID "robot3/odom" passed to canTransform argument target_frame - frame does not exist
[ros2-11] [controller_server-1] [INFO] [1785138086.744501615] [robot3.local_costmap.local_costmap]: Timed out waiting for transform from robot3/base_link to robot3/odom to become available, tf error: Invalid frame ID "robot3/odom" passed to canTransform argument target_frame - frame does not exist
[ros2-11] [controller_server-1] [INFO] [1785138087.244500700] [robot3.local_costmap.local_costmap]: Timed out waiting for transform from robot3/base_link to robot3/odom to become available, tf error: Invalid frame ID "robot3/odom" passed to canTransform argument target_frame - frame does not exist
[ros2-11] [controller_server-1] [INFO] [1785138087.744505900] [robot3.local_costmap.local_costmap]: Timed out waiting for transform from robot3/base_link to robot3/odom to become available, tf error: Invalid frame ID "robot3/odom" passed to canTransform argument target_frame - frame does not exist
[ros2-11] [controller_server-1] [INFO] [1785138088.244504350] [robot3.local_costmap.local_costmap]: Timed out waiting for transform from robot3/base_link to robot3/odom to become available, tf error: Invalid frame ID "robot3/odom" passed to canTransform argument target_frame - frame does not exist
[ros2-11] [controller_server-1] [INFO] [1785138088.744503085] [robot3.local_costmap.local_costmap]: Timed out waiting for transform from robot3/base_link to robot3/odom to become available, tf error: Invalid frame ID "robot3/odom" passed to canTransform argument target_frame - frame does not exist
[ros2-11] [controller_server-1] [INFO] [1785138089.244500983] [robot3.local_costmap.local_costmap]: Timed out waiting for transform from robot3/base_link to robot3/odom to become available, tf error: Invalid frame ID "robot3/odom" passed to canTransform argument target_frame - frame does not exist
[ros2-11] [controller_server-1] [INFO] [1785138089.744505138] [robot3.local_costmap.local_costmap]: Timed out waiting for transform from robot3/base_link to robot3/odom to become available, tf error: Invalid frame ID "robot3/odom" passed to canTransform argument target_frame - frame does not exist
[ros2-11] [controller_server-1] [INFO] [1785138090.244504459] [robot3.local_costmap.local_costmap]: Timed out waiting for transform from robot3/base_link to robot3/odom to become available, tf error: Invalid frame ID "robot3/odom" passed to canTransform argument target_frame - frame does not exist
[ros2-11] [controller_server-1] [INFO] [1785138090.744504840] [robot3.local_costmap.local_costmap]: Timed out waiting for transform from robot3/base_link to robot3/odom to become available, tf error: Invalid frame ID "robot3/odom" passed to canTransform argument target_frame - frame does not exist
[ros2-11] [controller_server-1] [INFO] [1785138091.244515746] [robot3.local_costmap.local_costmap]: Timed out waiting for transform from robot3/base_link to robot3/odom to become available, tf error: Invalid frame ID "robot3/odom" passed to canTransform argument target_frame - frame does not exist
[ros2-11] [controller_server-1] [INFO] [1785138091.744500309] [robot3.local_costmap.local_costmap]: Timed out waiting for transform from robot3/base_link to robot3/odom to become available, tf error: Invalid frame ID "robot3/odom" passed to canTransform argument target_frame - frame does not exist
[ros2-11] [controller_server-1] [INFO] [1785138092.244503583] [robot3.local_costmap.local_costmap]: Timed out waiting for transform from robot3/base_link to robot3/odom to become available, tf error: Invalid frame ID "robot3/odom" passed to canTransform argument target_frame - frame does not exist
[ros2-11] [controller_server-1] [INFO] [1785138092.744468793] [robot3.local_costmap.local_costmap]: Timed out waiting for transform from robot3/base_link to robot3/odom to become available, tf error: Invalid frame ID "robot3/odom" passed to canTransform argument target_frame - frame does not exist
[ros2-11] [controller_server-1] [INFO] [1785138093.244499066] [robot3.local_costmap.local_costmap]: Timed out waiting for transform from robot3/base_link to robot3/odom to become available, tf error: Invalid frame ID "robot3/odom" passed to canTransform argument target_frame - frame does not exist
[ros2-11] [controller_server-1] [INFO] [1785138093.744513392] [robot3.local_costmap.local_costmap]: Timed out waiting for transform from robot3/base_link to robot3/odom to become available, tf error: Invalid frame ID "robot3/odom" passed to canTransform argument target_frame - frame does not exist
[ros2-11] [controller_server-1] [INFO] [1785138094.244504404] [robot3.local_costmap.local_costmap]: Timed out waiting for transform from robot3/base_link to robot3/odom to become available, tf error: Invalid frame ID "robot3/odom" passed to canTransform argument target_frame - frame does not exist
[ros2-11] [controller_server-1] [INFO] [1785138094.744504535] [robot3.local_costmap.local_costmap]: Timed out waiting for transform from robot3/base_link to robot3/odom to become available, tf error: Invalid frame ID "robot3/odom" passed to canTransform argument target_frame - frame does not exist
[ros2-11] [controller_server-1] [INFO] [1785138095.244503870] [robot3.local_costmap.local_costmap]: Timed out waiting for transform from robot3/base_link to robot3/odom to become available, tf error: Invalid frame ID "robot3/odom" passed to canTransform argument target_frame - frame does not exist
[ros2-11] [controller_server-1] [INFO] [1785138095.744501692] [robot3.local_costmap.local_costmap]: Timed out waiting for transform from robot3/base_link to robot3/odom to become available, tf error: Invalid frame ID "robot3/odom" passed to canTransform argument target_frame - frame does not exist
[ros2-11] [controller_server-1] [INFO] [1785138096.244499585] [robot3.local_costmap.local_costmap]: Timed out waiting for transform from robot3/base_link to robot3/odom to become available, tf error: Invalid frame ID "robot3/odom" passed to canTransform argument target_frame - frame does not exist
[ros2-11] [controller_server-1] [INFO] [1785138096.744504025] [robot3.local_costmap.local_costmap]: Timed out waiting for transform from robot3/base_link to robot3/odom to become available, tf error: Invalid frame ID "robot3/odom" passed to canTransform argument target_frame - frame does not exist
[ros2-11] [controller_server-1] [INFO] [1785138097.244498950] [robot3.local_costmap.local_costmap]: Timed out waiting for transform from robot3/base_link to robot3/odom to become available, tf error: Invalid frame ID "robot3/odom" passed to canTransform argument target_frame - frame does not exist
[ros2-11] [controller_server-1] [INFO] [1785138097.744498503] [robot3.local_costmap.local_costmap]: Timed out waiting for transform from robot3/base_link to robot3/odom to become available, tf error: Invalid frame ID "robot3/odom" passed to canTransform argument target_frame - frame does not exist
[ros2-11] [controller_server-1] [INFO] [1785138098.244499446] [robot3.local_costmap.local_costmap]: Timed out waiting for transform from robot3/base_link to robot3/odom to become available, tf error: Invalid frame ID "robot3/odom" passed to canTransform argument target_frame - frame does not exist
[ros2-11] [controller_server-1] [INFO] [1785138098.744504821] [robot3.local_costmap.local_costmap]: Timed out waiting for transform from robot3/base_link to robot3/odom to become available, tf error: Invalid frame ID "robot3/odom" passed to canTransform argument target_frame - frame does not exist
[ros2-11] [controller_server-1] [INFO] [1785138099.244500160] [robot3.local_costmap.local_costmap]: Timed out waiting for transform from robot3/base_link to robot3/odom to become available, tf error: Invalid frame ID "robot3/odom" passed to canTransform argument target_frame - frame does not exist
[ros2-11] [controller_server-1] [INFO] [1785138099.744500741] [robot3.local_costmap.local_costmap]: Timed out waiting for transform from robot3/base_link to robot3/odom to become available, tf error: Invalid frame ID "robot3/odom" passed to canTransform argument target_frame - frame does not exist
[ros2-11] [controller_server-1] [INFO] [1785138100.244493014] [robot3.local_costmap.local_costmap]: Timed out waiting for transform from robot3/base_link to robot3/odom to become available, tf error: Invalid frame ID "robot3/odom" passed to canTransform argument target_frame - frame does not exist
[ros2-11] [controller_server-1] [INFO] [1785138100.744499064] [robot3.local_costmap.local_costmap]: Timed out waiting for transform from robot3/base_link to robot3/odom to become available, tf error: Invalid frame ID "robot3/odom" passed to canTransform argument target_frame - frame does not exist
[ros2-11] [controller_server-1] [INFO] [1785138101.244506230] [robot3.local_costmap.local_costmap]: Timed out waiting for transform from robot3/base_link to robot3/odom to become available, tf error: Invalid frame ID "robot3/odom" passed to canTransform argument target_frame - frame does not exist
[ros2-11] [controller_server-1] [INFO] [1785138101.744521158] [robot3.local_costmap.local_costmap]: Timed out waiting for transform from robot3/base_link to robot3/odom to become available, tf error: Invalid frame ID "robot3/odom" passed to canTransform argument target_frame - frame does not exist
[ros2-11] [controller_server-1] [INFO] [1785138102.244521871] [robot3.local_costmap.local_costmap]: Timed out waiting for transform from robot3/base_link to robot3/odom to become available, tf error: Invalid frame ID "robot3/odom" passed to canTransform argument target_frame - frame does not exist
[ros2-11] [controller_server-1] [INFO] [1785138102.744504779] [robot3.local_costmap.local_costmap]: Timed out waiting for transform from robot3/base_link to robot3/odom to become available, tf error: Invalid frame ID "robot3/odom" passed to canTransform argument target_frame - frame does not exist
[ros2-11] [controller_server-1] [INFO] [1785138103.244501872] [robot3.local_costmap.local_costmap]: Timed out waiting for transform from robot3/base_link to robot3/odom to become available, tf error: Invalid frame ID "robot3/odom" passed to canTransform argument target_frame - frame does not exist
[ros2-11] [controller_server-1] [INFO] [1785138103.744503052] [robot3.local_costmap.local_costmap]: Timed out waiting for transform from robot3/base_link to robot3/odom to become available, tf error: Invalid frame ID "robot3/odom" passed to canTransform argument target_frame - frame does not exist
[ros2-11] [controller_server-1] [INFO] [1785138104.244504673] [robot3.local_costmap.local_costmap]: Timed out waiting for transform from robot3/base_link to robot3/odom to become available, tf error: Invalid frame ID "robot3/odom" passed to canTransform argument target_frame - frame does not exist
[ros2-11] [controller_server-1] [INFO] [1785138104.744503912] [robot3.local_costmap.local_costmap]: Timed out waiting for transform from robot3/base_link to robot3/odom to become available, tf error: Invalid frame ID "robot3/odom" passed to canTransform argument target_frame - frame does not exist
[ros2-11] [controller_server-1] [INFO] [1785138105.244504174] [robot3.local_costmap.local_costmap]: Timed out waiting for transform from robot3/base_link to robot3/odom to become available, tf error: Invalid frame ID "robot3/odom" passed to canTransform argument target_frame - frame does not exist
[ros2-11] [controller_server-1] [INFO] [1785138105.744498771] [robot3.local_costmap.local_costmap]: Timed out waiting for transform from robot3/base_link to robot3/odom to become available, tf error: Invalid frame ID "robot3/odom" passed to canTransform argument target_frame - frame does not exist
[ros2-11] [controller_server-1] [INFO] [1785138106.244500267] [robot3.local_costmap.local_costmap]: Timed out waiting for transform from robot3/base_link to robot3/odom to become available, tf error: Invalid frame ID "robot3/odom" passed to canTransform argument target_frame - frame does not exist
[ros2-11] [controller_server-1] [INFO] [1785138106.744499334] [robot3.local_costmap.local_costmap]: Timed out waiting for transform from robot3/base_link to robot3/odom to become available, tf error: Invalid frame ID "robot3/odom" passed to canTransform argument target_frame - frame does not exist
[ros2-11] [controller_server-1] [INFO] [1785138107.244499866] [robot3.local_costmap.local_costmap]: Timed out waiting for transform from robot3/base_link to robot3/odom to become available, tf error: Invalid frame ID "robot3/odom" passed to canTransform argument target_frame - frame does not exist
[ros2-11] [controller_server-1] [INFO] [1785138107.744516031] [robot3.local_costmap.local_costmap]: Timed out waiting for transform from robot3/base_link to robot3/odom to become available, tf error: Invalid frame ID "robot3/odom" passed to canTransform argument target_frame - frame does not exist
[ros2-11] [controller_server-1] [INFO] [1785138108.244499107] [robot3.local_costmap.local_costmap]: Timed out waiting for transform from robot3/base_link to robot3/odom to become available, tf error: Invalid frame ID "robot3/odom" passed to canTransform argument target_frame - frame does not exist
[ros2-11] [controller_server-1] [INFO] [1785138108.744499482] [robot3.local_costmap.local_costmap]: Timed out waiting for transform from robot3/base_link to robot3/odom to become available, tf error: Invalid frame ID "robot3/odom" passed to canTransform argument target_frame - frame does not exist
[ros2-11] [controller_server-1] [INFO] [1785138109.244505619] [robot3.local_costmap.local_costmap]: Timed out waiting for transform from robot3/base_link to robot3/odom to become available, tf error: Invalid frame ID "robot3/odom" passed to canTransform argument target_frame - frame does not exist
[ros2-11] [controller_server-1] [INFO] [1785138109.744519730] [robot3.local_costmap.local_costmap]: Timed out waiting for transform from robot3/base_link to robot3/odom to become available, tf error: Invalid frame ID "robot3/odom" passed to canTransform argument target_frame - frame does not exist
[ros2-11] [controller_server-1] [INFO] [1785138110.244501990] [robot3.local_costmap.local_costmap]: Timed out waiting for transform from robot3/base_link to robot3/odom to become available, tf error: Invalid frame ID "robot3/odom" passed to canTransform argument target_frame - frame does not exist
[ros2-11] [controller_server-1] [INFO] [1785138110.744525141] [robot3.local_costmap.local_costmap]: Timed out waiting for transform from robot3/base_link to robot3/odom to become available, tf error: Invalid frame ID "robot3/odom" passed to canTransform argument target_frame - frame does not exist
[ros2-11] [controller_server-1] [INFO] [1785138111.244501703] [robot3.local_costmap.local_costmap]: Timed out waiting for transform from robot3/base_link to robot3/odom to become available, tf error: Invalid frame ID "robot3/odom" passed to canTransform argument target_frame - frame does not exist
[ros2-11] [controller_server-1] [INFO] [1785138111.744499912] [robot3.local_costmap.local_costmap]: Timed out waiting for transform from robot3/base_link to robot3/odom to become available, tf error: Invalid frame ID "robot3/odom" passed to canTransform argument target_frame - frame does not exist
[ros2-11] [controller_server-1] [INFO] [1785138112.244500094] [robot3.local_costmap.local_costmap]: Timed out waiting for transform from robot3/base_link to robot3/odom to become available, tf error: Invalid frame ID "robot3/odom" passed to canTransform argument target_frame - frame does not exist
[ros2-11] [controller_server-1] [INFO] [1785138112.744502265] [robot3.local_costmap.local_costmap]: Timed out waiting for transform from robot3/base_link to robot3/odom to become available, tf error: Invalid frame ID "robot3/odom" passed to canTransform argument target_frame - frame does not exist
[ros2-11] [controller_server-1] [INFO] [1785138113.244502815] [robot3.local_costmap.local_costmap]: Timed out waiting for transform from robot3/base_link to robot3/odom to become available, tf error: Invalid frame ID "robot3/odom" passed to canTransform argument target_frame - frame does not exist
[ros2-11] [controller_server-1] [INFO] [1785138113.744501459] [robot3.local_costmap.local_costmap]: Timed out waiting for transform from robot3/base_link to robot3/odom to become available, tf error: Invalid frame ID "robot3/odom" passed to canTransform argument target_frame - frame does not exist
[ros2-11] [controller_server-1] [INFO] [1785138114.244516840] [robot3.local_costmap.local_costmap]: Timed out waiting for transform from robot3/base_link to robot3/odom to become available, tf error: Invalid frame ID "robot3/odom" passed to canTransform argument target_frame - frame does not exist
[ros2-11] [controller_server-1] [INFO] [1785138114.744516342] [robot3.local_costmap.local_costmap]: Timed out waiting for transform from robot3/base_link to robot3/odom to become available, tf error: Invalid frame ID "robot3/odom" passed to canTransform argument target_frame - frame does not exist
[ros2-11] [controller_server-1] [INFO] [1785138115.244516522] [robot3.local_costmap.local_costmap]: Timed out waiting for transform from robot3/base_link to robot3/odom to become available, tf error: Invalid frame ID "robot3/odom" passed to canTransform argument target_frame - frame does not exist
[ros2-11] [controller_server-1] [INFO] [1785138115.744561887] [robot3.local_costmap.local_costmap]: Timed out waiting for transform from robot3/base_link to robot3/odom to become available, tf error: Invalid frame ID "robot3/odom" passed to canTransform argument target_frame - frame does not exist
[ros2-11] [controller_server-1] [INFO] [1785138116.244502554] [robot3.local_costmap.local_costmap]: Timed out waiting for transform from robot3/base_link to robot3/odom to become available, tf error: Invalid frame ID "robot3/odom" passed to canTransform argument target_frame - frame does not exist
[ros2-11] [controller_server-1] [INFO] [1785138116.744501709] [robot3.local_costmap.local_costmap]: Timed out waiting for transform from robot3/base_link to robot3/odom to become available, tf error: Invalid frame ID "robot3/odom" passed to canTransform argument target_frame - frame does not exist
[ros2-11] [controller_server-1] [INFO] [1785138117.244500195] [robot3.local_costmap.local_costmap]: Timed out waiting for transform from robot3/base_link to robot3/odom to become available, tf error: Invalid frame ID "robot3/odom" passed to canTransform argument target_frame - frame does not exist
[ros2-11] [controller_server-1] [INFO] [1785138117.744521774] [robot3.local_costmap.local_costmap]: Timed out waiting for transform from robot3/base_link to robot3/odom to become available, tf error: Invalid frame ID "robot3/odom" passed to canTransform argument target_frame - frame does not exist
[ros2-11] [controller_server-1] [INFO] [1785138118.244501933] [robot3.local_costmap.local_costmap]: Timed out waiting for transform from robot3/base_link to robot3/odom to become available, tf error: Invalid frame ID "robot3/odom" passed to canTransform argument target_frame - frame does not exist
[ros2-11] [controller_server-1] [INFO] [1785138118.744502758] [robot3.local_costmap.local_costmap]: Timed out waiting for transform from robot3/base_link to robot3/odom to become available, tf error: Invalid frame ID "robot3/odom" passed to canTransform argument target_frame - frame does not exist
[ros2-11] [controller_server-1] [INFO] [1785138119.244500600] [robot3.local_costmap.local_costmap]: Timed out waiting for transform from robot3/base_link to robot3/odom to become available, tf error: Invalid frame ID "robot3/odom" passed to canTransform argument target_frame - frame does not exist
[ros2-11] [controller_server-1] [INFO] [1785138119.744504615] [robot3.local_costmap.local_costmap]: Timed out waiting for transform from robot3/base_link to robot3/odom to become available, tf error: Invalid frame ID "robot3/odom" passed to canTransform argument target_frame - frame does not exist
[ros2-11] [controller_server-1] [INFO] [1785138120.244456216] [robot3.local_costmap.local_costmap]: Timed out waiting for transform from robot3/base_link to robot3/odom to become available, tf error: Invalid frame ID "robot3/odom" passed to canTransform argument target_frame - frame does not exist
[ros2-11] [controller_server-1] [INFO] [1785138120.744501342] [robot3.local_costmap.local_costmap]: Timed out waiting for transform from robot3/base_link to robot3/odom to become available, tf error: Invalid frame ID "robot3/odom" passed to canTransform argument target_frame - frame does not exist
[ros2-11] [controller_server-1] [INFO] [1785138121.244504151] [robot3.local_costmap.local_costmap]: Timed out waiting for transform from robot3/base_link to robot3/odom to become available, tf error: Invalid frame ID "robot3/odom" passed to canTransform argument target_frame - frame does not exist
[ros2-11] [controller_server-1] [INFO] [1785138121.744501492] [robot3.local_costmap.local_costmap]: Timed out waiting for transform from robot3/base_link to robot3/odom to become available, tf error: Invalid frame ID "robot3/odom" passed to canTransform argument target_frame - frame does not exist
[ros2-11] [controller_server-1] [INFO] [1785138122.244500286] [robot3.local_costmap.local_costmap]: Timed out waiting for transform from robot3/base_link to robot3/odom to become available, tf error: Invalid frame ID "robot3/odom" passed to canTransform argument target_frame - frame does not exist
[ros2-11] [controller_server-1] [INFO] [1785138122.744501432] [robot3.local_costmap.local_costmap]: Timed out waiting for transform from robot3/base_link to robot3/odom to become available, tf error: Invalid frame ID "robot3/odom" passed to canTransform argument target_frame - frame does not exist
[ros2-11] [controller_server-1] [INFO] [1785138123.244502404] [robot3.local_costmap.local_costmap]: Timed out waiting for transform from robot3/base_link to robot3/odom to become available, tf error: Invalid frame ID "robot3/odom" passed to canTransform argument target_frame - frame does not exist
[ros2-11] [controller_server-1] [INFO] [1785138123.744463245] [robot3.local_costmap.local_costmap]: Timed out waiting for transform from robot3/base_link to robot3/odom to become available, tf error: Invalid frame ID "robot3/odom" passed to canTransform argument target_frame - frame does not exist
[ros2-11] [controller_server-1] [INFO] [1785138124.244501605] [robot3.local_costmap.local_costmap]: Timed out waiting for transform from robot3/base_link to robot3/odom to become available, tf error: Invalid frame ID "robot3/odom" passed to canTransform argument target_frame - frame does not exist
[ros2-11] [controller_server-1] [INFO] [1785138124.744504317] [robot3.local_costmap.local_costmap]: Timed out waiting for transform from robot3/base_link to robot3/odom to become available, tf error: Invalid frame ID "robot3/odom" passed to canTransform argument target_frame - frame does not exist
[ros2-11] [controller_server-1] [INFO] [1785138125.244501532] [robot3.local_costmap.local_costmap]: Timed out waiting for transform from robot3/base_link to robot3/odom to become available, tf error: Invalid frame ID "robot3/odom" passed to canTransform argument target_frame - frame does not exist
[ros2-11] [controller_server-1] [INFO] [1785138125.744503527] [robot3.local_costmap.local_costmap]: Timed out waiting for transform from robot3/base_link to robot3/odom to become available, tf error: Invalid frame ID "robot3/odom" passed to canTransform argument target_frame - frame does not exist
[ros2-11] [controller_server-1] [INFO] [1785138126.244501608] [robot3.local_costmap.local_costmap]: Timed out waiting for transform from robot3/base_link to robot3/odom to become available, tf error: Invalid frame ID "robot3/odom" passed to canTransform argument target_frame - frame does not exist
[ros2-11] [controller_server-1] [INFO] [1785138126.744502998] [robot3.local_costmap.local_costmap]: Timed out waiting for transform from robot3/base_link to robot3/odom to become available, tf error: Invalid frame ID "robot3/odom" passed to canTransform argument target_frame - frame does not exist
[ros2-11] [controller_server-1] [INFO] [1785138127.244477924] [robot3.local_costmap.local_costmap]: Timed out waiting for transform from robot3/base_link to robot3/odom to become available, tf error: Invalid frame ID "robot3/odom" passed to canTransform argument target_frame - frame does not exist
[ros2-11] [controller_server-1] [INFO] [1785138127.744506509] [robot3.local_costmap.local_costmap]: Timed out waiting for transform from robot3/base_link to robot3/odom to become available, tf error: Invalid frame ID "robot3/odom" passed to canTransform argument target_frame - frame does not exist
[ros2-11] [controller_server-1] [INFO] [1785138128.244501155] [robot3.local_costmap.local_costmap]: Timed out waiting for transform from robot3/base_link to robot3/odom to become available, tf error: Invalid frame ID "robot3/odom" passed to canTransform argument target_frame - frame does not exist
[ros2-11] [controller_server-1] [INFO] [1785138128.744532642] [robot3.local_costmap.local_costmap]: Timed out waiting for transform from robot3/base_link to robot3/odom to become available, tf error: Invalid frame ID "robot3/odom" passed to canTransform argument target_frame - frame does not exist
[ros2-11] [controller_server-1] [INFO] [1785138129.244502896] [robot3.local_costmap.local_costmap]: Timed out waiting for transform from robot3/base_link to robot3/odom to become available, tf error: Invalid frame ID "robot3/odom" passed to canTransform argument target_frame - frame does not exist
[ros2-11] [controller_server-1] [INFO] [1785138129.744502408] [robot3.local_costmap.local_costmap]: Timed out waiting for transform from robot3/base_link to robot3/odom to become available, tf error: Invalid frame ID "robot3/odom" passed to canTransform argument target_frame - frame does not exist
[ros2-11] [controller_server-1] [INFO] [1785138130.244504060] [robot3.local_costmap.local_costmap]: Timed out waiting for transform from robot3/base_link to robot3/odom to become available, tf error: Invalid frame ID "robot3/odom" passed to canTransform argument target_frame - frame does not exist
[ros2-11] [controller_server-1] [INFO] [1785138130.744504852] [robot3.local_costmap.local_costmap]: Timed out waiting for transform from robot3/base_link to robot3/odom to become available, tf error: Invalid frame ID "robot3/odom" passed to canTransform argument target_frame - frame does not exist
[ros2-11] [controller_server-1] [INFO] [1785138131.244502183] [robot3.local_costmap.local_costmap]: Timed out waiting for transform from robot3/base_link to robot3/odom to become available, tf error: Invalid frame ID "robot3/odom" passed to canTransform argument target_frame - frame does not exist
[ros2-11] [controller_server-1] [INFO] [1785138131.744501018] [robot3.local_costmap.local_costmap]: Timed out waiting for transform from robot3/base_link to robot3/odom to become available, tf error: Invalid frame ID "robot3/odom" passed to canTransform argument target_frame - frame does not exist
[ros2-11] [controller_server-1] [INFO] [1785138132.244501725] [robot3.local_costmap.local_costmap]: Timed out waiting for transform from robot3/base_link to robot3/odom to become available, tf error: Invalid frame ID "robot3/odom" passed to canTransform argument target_frame - frame does not exist
[ros2-11] [controller_server-1] [INFO] [1785138132.744502638] [robot3.local_costmap.local_costmap]: Timed out waiting for transform from robot3/base_link to robot3/odom to become available, tf error: Invalid frame ID "robot3/odom" passed to canTransform argument target_frame - frame does not exist
[ros2-11] [controller_server-1] [INFO] [1785138133.244502140] [robot3.local_costmap.local_costmap]: Timed out waiting for transform from robot3/base_link to robot3/odom to become available, tf error: Invalid frame ID "robot3/odom" passed to canTransform argument target_frame - frame does not exist
[ros2-11] [controller_server-1] [INFO] [1785138133.744501589] [robot3.local_costmap.local_costmap]: Timed out waiting for transform from robot3/base_link to robot3/odom to become available, tf error: Invalid frame ID "robot3/odom" passed to canTransform argument target_frame - frame does not exist
[ros2-11] [controller_server-1] [INFO] [1785138134.244503888] [robot3.local_costmap.local_costmap]: Timed out waiting for transform from robot3/base_link to robot3/odom to become available, tf error: Invalid frame ID "robot3/odom" passed to canTransform argument target_frame - frame does not exist
[ros2-11] [controller_server-1] [INFO] [1785138134.744499718] [robot3.local_costmap.local_costmap]: Timed out waiting for transform from robot3/base_link to robot3/odom to become available, tf error: Invalid frame ID "robot3/odom" passed to canTransform argument target_frame - frame does not exist
[ros2-11] [controller_server-1] [INFO] [1785138135.244499122] [robot3.local_costmap.local_costmap]: Timed out waiting for transform from robot3/base_link to robot3/odom to become available, tf error: Invalid frame ID "robot3/odom" passed to canTransform argument target_frame - frame does not exist
[ros2-11] [controller_server-1] [INFO] [1785138135.744508620] [robot3.local_costmap.local_costmap]: Timed out waiting for transform from robot3/base_link to robot3/odom to become available, tf error: Invalid frame ID "robot3/odom" passed to canTransform argument target_frame - frame does not exist
[ros2-11] [controller_server-1] [INFO] [1785138136.244515428] [robot3.local_costmap.local_costmap]: Timed out waiting for transform from robot3/base_link to robot3/odom to become available, tf error: Invalid frame ID "robot3/odom" passed to canTransform argument target_frame - frame does not exist
[ros2-11] [controller_server-1] [INFO] [1785138136.744499236] [robot3.local_costmap.local_costmap]: Timed out waiting for transform from robot3/base_link to robot3/odom to become available, tf error: Invalid frame ID "robot3/odom" passed to canTransform argument target_frame - frame does not exist
[ros2-11] [controller_server-1] [INFO] [1785138137.244501062] [robot3.local_costmap.local_costmap]: Timed out waiting for transform from robot3/base_link to robot3/odom to become available, tf error: Invalid frame ID "robot3/odom" passed to canTransform argument target_frame - frame does not exist
[ros2-11] [controller_server-1] [INFO] [1785138137.744500047] [robot3.local_costmap.local_costmap]: Timed out waiting for transform from robot3/base_link to robot3/odom to become available, tf error: Invalid frame ID "robot3/odom" passed to canTransform argument target_frame - frame does not exist
[ros2-11] [controller_server-1] [INFO] [1785138138.244501579] [robot3.local_costmap.local_costmap]: Timed out waiting for transform from robot3/base_link to robot3/odom to become available, tf error: Invalid frame ID "robot3/odom" passed to canTransform argument target_frame - frame does not exist
[ros2-11] [controller_server-1] [INFO] [1785138138.744503585] [robot3.local_costmap.local_costmap]: Timed out waiting for transform from robot3/base_link to robot3/odom to become available, tf error: Invalid frame ID "robot3/odom" passed to canTransform argument target_frame - frame does not exist
[ros2-11] [controller_server-1] [INFO] [1785138139.244500272] [robot3.local_costmap.local_costmap]: Timed out waiting for transform from robot3/base_link to robot3/odom to become available, tf error: Invalid frame ID "robot3/odom" passed to canTransform argument target_frame - frame does not exist
[ros2-11] [controller_server-1] [INFO] [1785138139.744501813] [robot3.local_costmap.local_costmap]: Timed out waiting for transform from robot3/base_link to robot3/odom to become available, tf error: Invalid frame ID "robot3/odom" passed to canTransform argument target_frame - frame does not exist
[ros2-11] [controller_server-1] [INFO] [1785138140.244499881] [robot3.local_costmap.local_costmap]: Timed out waiting for transform from robot3/base_link to robot3/odom to become available, tf error: Invalid frame ID "robot3/odom" passed to canTransform argument target_frame - frame does not exist
[ros2-11] [controller_server-1] [INFO] [1785138140.744500165] [robot3.local_costmap.local_costmap]: Timed out waiting for transform from robot3/base_link to robot3/odom to become available, tf error: Invalid frame ID "robot3/odom" passed to canTransform argument target_frame - frame does not exist
[ros2-11] [controller_server-1] [INFO] [1785138141.244499929] [robot3.local_costmap.local_costmap]: Timed out waiting for transform from robot3/base_link to robot3/odom to become available, tf error: Invalid frame ID "robot3/odom" passed to canTransform argument target_frame - frame does not exist
[ros2-11] [controller_server-1] [INFO] [1785138141.744501878] [robot3.local_costmap.local_costmap]: Timed out waiting for transform from robot3/base_link to robot3/odom to become available, tf error: Invalid frame ID "robot3/odom" passed to canTransform argument target_frame - frame does not exist
[ros2-11] [controller_server-1] [INFO] [1785138142.244501083] [robot3.local_costmap.local_costmap]: Timed out waiting for transform from robot3/base_link to robot3/odom to become available, tf error: Invalid frame ID "robot3/odom" passed to canTransform argument target_frame - frame does not exist
[ros2-11] [controller_server-1] [INFO] [1785138142.744500726] [robot3.local_costmap.local_costmap]: Timed out waiting for transform from robot3/base_link to robot3/odom to become available, tf error: Invalid frame ID "robot3/odom" passed to canTransform argument target_frame - frame does not exist
[ros2-11] [controller_server-1] [INFO] [1785138143.244518867] [robot3.local_costmap.local_costmap]: Timed out waiting for transform from robot3/base_link to robot3/odom to become available, tf error: Invalid frame ID "robot3/odom" passed to canTransform argument target_frame - frame does not exist
[ros2-11] [controller_server-1] [INFO] [1785138143.744502116] [robot3.local_costmap.local_costmap]: Timed out waiting for transform from robot3/base_link to robot3/odom to become available, tf error: Invalid frame ID "robot3/odom" passed to canTransform argument target_frame - frame does not exist
[ros2-11] [controller_server-1] [INFO] [1785138144.244499387] [robot3.local_costmap.local_costmap]: Timed out waiting for transform from robot3/base_link to robot3/odom to become available, tf error: Invalid frame ID "robot3/odom" passed to canTransform argument target_frame - frame does not exist
[ros2-11] [controller_server-1] [INFO] [1785138144.744498311] [robot3.local_costmap.local_costmap]: Timed out waiting for transform from robot3/base_link to robot3/odom to become available, tf error: Invalid frame ID "robot3/odom" passed to canTransform argument target_frame - frame does not exist
[ros2-11] [controller_server-1] [INFO] [1785138145.244501910] [robot3.local_costmap.local_costmap]: Timed out waiting for transform from robot3/base_link to robot3/odom to become available, tf error: Invalid frame ID "robot3/odom" passed to canTransform argument target_frame - frame does not exist
[ros2-11] [controller_server-1] [INFO] [1785138145.744500974] [robot3.local_costmap.local_costmap]: Timed out waiting for transform from robot3/base_link to robot3/odom to become available, tf error: Invalid frame ID "robot3/odom" passed to canTransform argument target_frame - frame does not exist
[ros2-11] [controller_server-1] [INFO] [1785138146.244501236] [robot3.local_costmap.local_costmap]: Timed out waiting for transform from robot3/base_link to robot3/odom to become available, tf error: Invalid frame ID "robot3/odom" passed to canTransform argument target_frame - frame does not exist
[ros2-11] [controller_server-1] [INFO] [1785138146.744501459] [robot3.local_costmap.local_costmap]: Timed out waiting for transform from robot3/base_link to robot3/odom to become available, tf error: Invalid frame ID "robot3/odom" passed to canTransform argument target_frame - frame does not exist
[ros2-11] [controller_server-1] [INFO] [1785138147.244501741] [robot3.local_costmap.local_costmap]: Timed out waiting for transform from robot3/base_link to robot3/odom to become available, tf error: Invalid frame ID "robot3/odom" passed to canTransform argument target_frame - frame does not exist
[ros2-11] [controller_server-1] [INFO] [1785138147.744504782] [robot3.local_costmap.local_costmap]: Timed out waiting for transform from robot3/base_link to robot3/odom to become available, tf error: Invalid frame ID "robot3/odom" passed to canTransform argument target_frame - frame does not exist
[ros2-11] [controller_server-1] [INFO] [1785138148.244512493] [robot3.local_costmap.local_costmap]: Timed out waiting for transform from robot3/base_link to robot3/odom to become available, tf error: Invalid frame ID "robot3/odom" passed to canTransform argument target_frame - frame does not exist
[ros2-11] [controller_server-1] [INFO] [1785138148.744503089] [robot3.local_costmap.local_costmap]: Timed out waiting for transform from robot3/base_link to robot3/odom to become available, tf error: Invalid frame ID "robot3/odom" passed to canTransform argument target_frame - frame does not exist
[ros2-11] [controller_server-1] [INFO] [1785138149.244500864] [robot3.local_costmap.local_costmap]: Timed out waiting for transform from robot3/base_link to robot3/odom to become available, tf error: Invalid frame ID "robot3/odom" passed to canTransform argument target_frame - frame does not exist
[ros2-11] [controller_server-1] [INFO] [1785138149.744502394] [robot3.local_costmap.local_costmap]: Timed out waiting for transform from robot3/base_link to robot3/odom to become available, tf error: Invalid frame ID "robot3/odom" passed to canTransform argument target_frame - frame does not exist
[ros2-11] [controller_server-1] [INFO] [1785138150.244503569] [robot3.local_costmap.local_costmap]: Timed out waiting for transform from robot3/base_link to robot3/odom to become available, tf error: Invalid frame ID "robot3/odom" passed to canTransform argument target_frame - frame does not exist
[ros2-11] [controller_server-1] [INFO] [1785138150.744508275] [robot3.local_costmap.local_costmap]: Timed out waiting for transform from robot3/base_link to robot3/odom to become available, tf error: Invalid frame ID "robot3/odom" passed to canTransform argument target_frame - frame does not exist
[ros2-11] [controller_server-1] [INFO] [1785138151.244572553] [robot3.local_costmap.local_costmap]: Timed out waiting for transform from robot3/base_link to robot3/odom to become available, tf error: Invalid frame ID "robot3/odom" passed to canTransform argument target_frame - frame does not exist
[ros2-11] [controller_server-1] [INFO] [1785138151.744593959] [robot3.local_costmap.local_costmap]: Timed out waiting for transform from robot3/base_link to robot3/odom to become available, tf error: Invalid frame ID "robot3/odom" passed to canTransform argument target_frame - frame does not exist
[ros2-11] [controller_server-1] [INFO] [1785138152.244512203] [robot3.local_costmap.local_costmap]: Timed out waiting for transform from robot3/base_link to robot3/odom to become available, tf error: Invalid frame ID "robot3/odom" passed to canTransform argument target_frame - frame does not exist
[ros2-11] [controller_server-1] [INFO] [1785138152.744500099] [robot3.local_costmap.local_costmap]: Timed out waiting for transform from robot3/base_link to robot3/odom to become available, tf error: Invalid frame ID "robot3/odom" passed to canTransform argument target_frame - frame does not exist
[ros2-11] [controller_server-1] [INFO] [1785138153.244502017] [robot3.local_costmap.local_costmap]: Timed out waiting for transform from robot3/base_link to robot3/odom to become available, tf error: Invalid frame ID "robot3/odom" passed to canTransform argument target_frame - frame does not exist
[ros2-11] [controller_server-1] [INFO] [1785138153.744502041] [robot3.local_costmap.local_costmap]: Timed out waiting for transform from robot3/base_link to robot3/odom to become available, tf error: Invalid frame ID "robot3/odom" passed to canTransform argument target_frame - frame does not exist
[ros2-11] [controller_server-1] [INFO] [1785138154.244518186] [robot3.local_costmap.local_costmap]: Timed out waiting for transform from robot3/base_link to robot3/odom to become available, tf error: Invalid frame ID "robot3/odom" passed to canTransform argument target_frame - frame does not exist
[ros2-11] [controller_server-1] [INFO] [1785138154.744501426] [robot3.local_costmap.local_costmap]: Timed out waiting for transform from robot3/base_link to robot3/odom to become available, tf error: Invalid frame ID "robot3/odom" passed to canTransform argument target_frame - frame does not exist
[ros2-11] [controller_server-1] [INFO] [1785138155.244510695] [robot3.local_costmap.local_costmap]: Timed out waiting for transform from robot3/base_link to robot3/odom to become available, tf error: Invalid frame ID "robot3/odom" passed to canTransform argument target_frame - frame does not exist
[ros2-11] [controller_server-1] [INFO] [1785138155.744502458] [robot3.local_costmap.local_costmap]: Timed out waiting for transform from robot3/base_link to robot3/odom to become available, tf error: Invalid frame ID "robot3/odom" passed to canTransform argument target_frame - frame does not exist
[ros2-11] [controller_server-1] [INFO] [1785138156.244501311] [robot3.local_costmap.local_costmap]: Timed out waiting for transform from robot3/base_link to robot3/odom to become available, tf error: Invalid frame ID "robot3/odom" passed to canTransform argument target_frame - frame does not exist
[ros2-11] [controller_server-1] [INFO] [1785138156.744499445] [robot3.local_costmap.local_costmap]: Timed out waiting for transform from robot3/base_link to robot3/odom to become available, tf error: Invalid frame ID "robot3/odom" passed to canTransform argument target_frame - frame does not exist
[ros2-11] [controller_server-1] [INFO] [1785138157.244461856] [robot3.local_costmap.local_costmap]: Timed out waiting for transform from robot3/base_link to robot3/odom to become available, tf error: Invalid frame ID "robot3/odom" passed to canTransform argument target_frame - frame does not exist
[ros2-11] [controller_server-1] [INFO] [1785138157.744500464] [robot3.local_costmap.local_costmap]: Timed out waiting for transform from robot3/base_link to robot3/odom to become available, tf error: Invalid frame ID "robot3/odom" passed to canTransform argument target_frame - frame does not exist
[ros2-11] [controller_server-1] [INFO] [1785138158.244501580] [robot3.local_costmap.local_costmap]: Timed out waiting for transform from robot3/base_link to robot3/odom to become available, tf error: Invalid frame ID "robot3/odom" passed to canTransform argument target_frame - frame does not exist
[ros2-11] [controller_server-1] [INFO] [1785138158.744501088] [robot3.local_costmap.local_costmap]: Timed out waiting for transform from robot3/base_link to robot3/odom to become available, tf error: Invalid frame ID "robot3/odom" passed to canTransform argument target_frame - frame does not exist
[ros2-11] [controller_server-1] [INFO] [1785138159.244482332] [robot3.local_costmap.local_costmap]: Timed out waiting for transform from robot3/base_link to robot3/odom to become available, tf error: Invalid frame ID "robot3/odom" passed to canTransform argument target_frame - frame does not exist
[ros2-11] [controller_server-1] [INFO] [1785138159.744501768] [robot3.local_costmap.local_costmap]: Timed out waiting for transform from robot3/base_link to robot3/odom to become available, tf error: Invalid frame ID "robot3/odom" passed to canTransform argument target_frame - frame does not exist
[ros2-11] [controller_server-1] [INFO] [1785138160.244502757] [robot3.local_costmap.local_costmap]: Timed out waiting for transform from robot3/base_link to robot3/odom to become available, tf error: Invalid frame ID "robot3/odom" passed to canTransform argument target_frame - frame does not exist
[ros2-11] [controller_server-1] [INFO] [1785138160.744458204] [robot3.local_costmap.local_costmap]: Timed out waiting for transform from robot3/base_link to robot3/odom to become available, tf error: Invalid frame ID "robot3/odom" passed to canTransform argument target_frame - frame does not exist
[ros2-11] [controller_server-1] [INFO] [1785138161.244500475] [robot3.local_costmap.local_costmap]: Timed out waiting for transform from robot3/base_link to robot3/odom to become available, tf error: Invalid frame ID "robot3/odom" passed to canTransform argument target_frame - frame does not exist
[ros2-11] [controller_server-1] [INFO] [1785138161.744502259] [robot3.local_costmap.local_costmap]: Timed out waiting for transform from robot3/base_link to robot3/odom to become available, tf error: Invalid frame ID "robot3/odom" passed to canTransform argument target_frame - frame does not exist
[ros2-11] [controller_server-1] [INFO] [1785138162.244500283] [robot3.local_costmap.local_costmap]: Timed out waiting for transform from robot3/base_link to robot3/odom to become available, tf error: Invalid frame ID "robot3/odom" passed to canTransform argument target_frame - frame does not exist
[ros2-11] [controller_server-1] [INFO] [1785138162.744510918] [robot3.local_costmap.local_costmap]: Timed out waiting for transform from robot3/base_link to robot3/odom to become available, tf error: Invalid frame ID "robot3/odom" passed to canTransform argument target_frame - frame does not exist
[ros2-11] [controller_server-1] [INFO] [1785138163.244500023] [robot3.local_costmap.local_costmap]: Timed out waiting for transform from robot3/base_link to robot3/odom to become available, tf error: Invalid frame ID "robot3/odom" passed to canTransform argument target_frame - frame does not exist
[ros2-11] [controller_server-1] [INFO] [1785138163.744499318] [robot3.local_costmap.local_costmap]: Timed out waiting for transform from robot3/base_link to robot3/odom to become available, tf error: Invalid frame ID "robot3/odom" passed to canTransform argument target_frame - frame does not exist
[ros2-11] [controller_server-1] [INFO] [1785138164.244502494] [robot3.local_costmap.local_costmap]: Timed out waiting for transform from robot3/base_link to robot3/odom to become available, tf error: Invalid frame ID "robot3/odom" passed to canTransform argument target_frame - frame does not exist
[ros2-11] [controller_server-1] [INFO] [1785138164.744505288] [robot3.local_costmap.local_costmap]: Timed out waiting for transform from robot3/base_link to robot3/odom to become available, tf error: Invalid frame ID "robot3/odom" passed to canTransform argument target_frame - frame does not exist
[ros2-11] [controller_server-1] [INFO] [1785138165.244501820] [robot3.local_costmap.local_costmap]: Timed out waiting for transform from robot3/base_link to robot3/odom to become available, tf error: Invalid frame ID "robot3/odom" passed to canTransform argument target_frame - frame does not exist
[ros2-11] [controller_server-1] [INFO] [1785138165.744516315] [robot3.local_costmap.local_costmap]: Timed out waiting for transform from robot3/base_link to robot3/odom to become available, tf error: Invalid frame ID "robot3/odom" passed to canTransform argument target_frame - frame does not exist
[ros2-11] [controller_server-1] [INFO] [1785138166.244500075] [robot3.local_costmap.local_costmap]: Timed out waiting for transform from robot3/base_link to robot3/odom to become available, tf error: Invalid frame ID "robot3/odom" passed to canTransform argument target_frame - frame does not exist
[ros2-11] [controller_server-1] [INFO] [1785138166.744499483] [robot3.local_costmap.local_costmap]: Timed out waiting for transform from robot3/base_link to robot3/odom to become available, tf error: Invalid frame ID "robot3/odom" passed to canTransform argument target_frame - frame does not exist
[ros2-11] [controller_server-1] [INFO] [1785138167.244502934] [robot3.local_costmap.local_costmap]: Timed out waiting for transform from robot3/base_link to robot3/odom to become available, tf error: Invalid frame ID "robot3/odom" passed to canTransform argument target_frame - frame does not exist
[ros2-11] [controller_server-1] [INFO] [1785138167.744501321] [robot3.local_costmap.local_costmap]: Timed out waiting for transform from robot3/base_link to robot3/odom to become available, tf error: Invalid frame ID "robot3/odom" passed to canTransform argument target_frame - frame does not exist
[ros2-11] [controller_server-1] [INFO] [1785138168.244500932] [robot3.local_costmap.local_costmap]: Timed out waiting for transform from robot3/base_link to robot3/odom to become available, tf error: Invalid frame ID "robot3/odom" passed to canTransform argument target_frame - frame does not exist
[ros2-11] [controller_server-1] [INFO] [1785138168.744505982] [robot3.local_costmap.local_costmap]: Timed out waiting for transform from robot3/base_link to robot3/odom to become available, tf error: Invalid frame ID "robot3/odom" passed to canTransform argument target_frame - frame does not exist
[ros2-11] [controller_server-1] [INFO] [1785138169.244500096] [robot3.local_costmap.local_costmap]: Timed out waiting for transform from robot3/base_link to robot3/odom to become available, tf error: Invalid frame ID "robot3/odom" passed to canTransform argument target_frame - frame does not exist
[ros2-11] [controller_server-1] [INFO] [1785138169.744500424] [robot3.local_costmap.local_costmap]: Timed out waiting for transform from robot3/base_link to robot3/odom to become available, tf error: Invalid frame ID "robot3/odom" passed to canTransform argument target_frame - frame does not exist
[ros2-11] [controller_server-1] [INFO] [1785138170.244499041] [robot3.local_costmap.local_costmap]: Timed out waiting for transform from robot3/base_link to robot3/odom to become available, tf error: Invalid frame ID "robot3/odom" passed to canTransform argument target_frame - frame does not exist
[ros2-11] [controller_server-1] [INFO] [1785138170.744556291] [robot3.local_costmap.local_costmap]: Timed out waiting for transform from robot3/base_link to robot3/odom to become available, tf error: Invalid frame ID "robot3/odom" passed to canTransform argument target_frame - frame does not exist
[ros2-11] [controller_server-1] [INFO] [1785138171.244502060] [robot3.local_costmap.local_costmap]: Timed out waiting for transform from robot3/base_link to robot3/odom to become available, tf error: Invalid frame ID "robot3/odom" passed to canTransform argument target_frame - frame does not exist
[ros2-11] [controller_server-1] [INFO] [1785138171.744501126] [robot3.local_costmap.local_costmap]: Timed out waiting for transform from robot3/base_link to robot3/odom to become available, tf error: Invalid frame ID "robot3/odom" passed to canTransform argument target_frame - frame does not exist
[ros2-11] [controller_server-1] [INFO] [1785138172.244499550] [robot3.local_costmap.local_costmap]: Timed out waiting for transform from robot3/base_link to robot3/odom to become available, tf error: Invalid frame ID "robot3/odom" passed to canTransform argument target_frame - frame does not exist
[ros2-11] [controller_server-1] [INFO] [1785138172.744503744] [robot3.local_costmap.local_costmap]: Timed out waiting for transform from robot3/base_link to robot3/odom to become available, tf error: Invalid frame ID "robot3/odom" passed to canTransform argument target_frame - frame does not exist
[ros2-11] [controller_server-1] [INFO] [1785138173.244502501] [robot3.local_costmap.local_costmap]: Timed out waiting for transform from robot3/base_link to robot3/odom to become available, tf error: Invalid frame ID "robot3/odom" passed to canTransform argument target_frame - frame does not exist
[ros2-11] [controller_server-1] [INFO] [1785138173.744500834] [robot3.local_costmap.local_costmap]: Timed out waiting for transform from robot3/base_link to robot3/odom to become available, tf error: Invalid frame ID "robot3/odom" passed to canTransform argument target_frame - frame does not exist
[ros2-11] [controller_server-1] [INFO] [1785138174.244502416] [robot3.local_costmap.local_costmap]: Timed out waiting for transform from robot3/base_link to robot3/odom to become available, tf error: Invalid frame ID "robot3/odom" passed to canTransform argument target_frame - frame does not exist
[ros2-11] [controller_server-1] [INFO] [1785138174.744503981] [robot3.local_costmap.local_costmap]: Timed out waiting for transform from robot3/base_link to robot3/odom to become available, tf error: Invalid frame ID "robot3/odom" passed to canTransform argument target_frame - frame does not exist
[ros2-11] [controller_server-1] [INFO] [1785138175.244503451] [robot3.local_costmap.local_costmap]: Timed out waiting for transform from robot3/base_link to robot3/odom to become available, tf error: Invalid frame ID "robot3/odom" passed to canTransform argument target_frame - frame does not exist
[ros2-11] [controller_server-1] [INFO] [1785138175.744497951] [robot3.local_costmap.local_costmap]: Timed out waiting for transform from robot3/base_link to robot3/odom to become available, tf error: Invalid frame ID "robot3/odom" passed to canTransform argument target_frame - frame does not exist
[ros2-11] [controller_server-1] [INFO] [1785138176.244507603] [robot3.local_costmap.local_costmap]: Timed out waiting for transform from robot3/base_link to robot3/odom to become available, tf error: Invalid frame ID "robot3/odom" passed to canTransform argument target_frame - frame does not exist
[ros2-11] [controller_server-1] [INFO] [1785138176.744506638] [robot3.local_costmap.local_costmap]: Timed out waiting for transform from robot3/base_link to robot3/odom to become available, tf error: Invalid frame ID "robot3/odom" passed to canTransform argument target_frame - frame does not exist
[ros2-11] [controller_server-1] [INFO] [1785138177.244540026] [robot3.local_costmap.local_costmap]: Timed out waiting for transform from robot3/base_link to robot3/odom to become available, tf error: Invalid frame ID "robot3/odom" passed to canTransform argument target_frame - frame does not exist
[ros2-11] [controller_server-1] [INFO] [1785138177.744500497] [robot3.local_costmap.local_costmap]: Timed out waiting for transform from robot3/base_link to robot3/odom to become available, tf error: Invalid frame ID "robot3/odom" passed to canTransform argument target_frame - frame does not exist
[ros2-11] [controller_server-1] [INFO] [1785138178.244500359] [robot3.local_costmap.local_costmap]: Timed out waiting for transform from robot3/base_link to robot3/odom to become available, tf error: Invalid frame ID "robot3/odom" passed to canTransform argument target_frame - frame does not exist
[ros2-11] [controller_server-1] [INFO] [1785138178.744502784] [robot3.local_costmap.local_costmap]: Timed out waiting for transform from robot3/base_link to robot3/odom to become available, tf error: Invalid frame ID "robot3/odom" passed to canTransform argument target_frame - frame does not exist
[ros2-11] [controller_server-1] [INFO] [1785138179.244503348] [robot3.local_costmap.local_costmap]: Timed out waiting for transform from robot3/base_link to robot3/odom to become available, tf error: Invalid frame ID "robot3/odom" passed to canTransform argument target_frame - frame does not exist
[ros2-11] [controller_server-1] [INFO] [1785138179.744500369] [robot3.local_costmap.local_costmap]: Timed out waiting for transform from robot3/base_link to robot3/odom to become available, tf error: Invalid frame ID "robot3/odom" passed to canTransform argument target_frame - frame does not exist
[ros2-11] [controller_server-1] [INFO] [1785138180.244460231] [robot3.local_costmap.local_costmap]: Timed out waiting for transform from robot3/base_link to robot3/odom to become available, tf error: Invalid frame ID "robot3/odom" passed to canTransform argument target_frame - frame does not exist
[ros2-11] [controller_server-1] [INFO] [1785138180.744503485] [robot3.local_costmap.local_costmap]: Timed out waiting for transform from robot3/base_link to robot3/odom to become available, tf error: Invalid frame ID "robot3/odom" passed to canTransform argument target_frame - frame does not exist
[ros2-11] [controller_server-1] [INFO] [1785138181.244474695] [robot3.local_costmap.local_costmap]: Timed out waiting for transform from robot3/base_link to robot3/odom to become available, tf error: Invalid frame ID "robot3/odom" passed to canTransform argument target_frame - frame does not exist
[ros2-11] [controller_server-1] [INFO] [1785138181.744455666] [robot3.local_costmap.local_costmap]: Timed out waiting for transform from robot3/base_link to robot3/odom to become available, tf error: Invalid frame ID "robot3/odom" passed to canTransform argument target_frame - frame does not exist
[ros2-11] [controller_server-1] [INFO] [1785138182.244501300] [robot3.local_costmap.local_costmap]: Timed out waiting for transform from robot3/base_link to robot3/odom to become available, tf error: Invalid frame ID "robot3/odom" passed to canTransform argument target_frame - frame does not exist
[ros2-11] [controller_server-1] [INFO] [1785138182.744501700] [robot3.local_costmap.local_costmap]: Timed out waiting for transform from robot3/base_link to robot3/odom to become available, tf error: Invalid frame ID "robot3/odom" passed to canTransform argument target_frame - frame does not exist
[ros2-11] [controller_server-1] [INFO] [1785138183.244500103] [robot3.local_costmap.local_costmap]: Timed out waiting for transform from robot3/base_link to robot3/odom to become available, tf error: Invalid frame ID "robot3/odom" passed to canTransform argument target_frame - frame does not exist
[ros2-11] [controller_server-1] [INFO] [1785138183.744501028] [robot3.local_costmap.local_costmap]: Timed out waiting for transform from robot3/base_link to robot3/odom to become available, tf error: Invalid frame ID "robot3/odom" passed to canTransform argument target_frame - frame does not exist
[ros2-11] [controller_server-1] [INFO] [1785138184.244450121] [robot3.local_costmap.local_costmap]: Timed out waiting for transform from robot3/base_link to robot3/odom to become available, tf error: Invalid frame ID "robot3/odom" passed to canTransform argument target_frame - frame does not exist
[ros2-11] [controller_server-1] [INFO] [1785138184.744517988] [robot3.local_costmap.local_costmap]: Timed out waiting for transform from robot3/base_link to robot3/odom to become available, tf error: Invalid frame ID "robot3/odom" passed to canTransform argument target_frame - frame does not exist
[ros2-11] [controller_server-1] [INFO] [1785138185.244501355] [robot3.local_costmap.local_costmap]: Timed out waiting for transform from robot3/base_link to robot3/odom to become available, tf error: Invalid frame ID "robot3/odom" passed to canTransform argument target_frame - frame does not exist
[ros2-11] [controller_server-1] [INFO] [1785138185.744500895] [robot3.local_costmap.local_costmap]: Timed out waiting for transform from robot3/base_link to robot3/odom to become available, tf error: Invalid frame ID "robot3/odom" passed to canTransform argument target_frame - frame does not exist
[ros2-11] [controller_server-1] [INFO] [1785138186.244501273] [robot3.local_costmap.local_costmap]: Timed out waiting for transform from robot3/base_link to robot3/odom to become available, tf error: Invalid frame ID "robot3/odom" passed to canTransform argument target_frame - frame does not exist
[ros2-11] [controller_server-1] [INFO] [1785138186.744501781] [robot3.local_costmap.local_costmap]: Timed out waiting for transform from robot3/base_link to robot3/odom to become available, tf error: Invalid frame ID "robot3/odom" passed to canTransform argument target_frame - frame does not exist
[ros2-11] [controller_server-1] [INFO] [1785138187.244512379] [robot3.local_costmap.local_costmap]: Timed out waiting for transform from robot3/base_link to robot3/odom to become available, tf error: Invalid frame ID "robot3/odom" passed to canTransform argument target_frame - frame does not exist
[ros2-11] [controller_server-1] [INFO] [1785138187.744504389] [robot3.local_costmap.local_costmap]: Timed out waiting for transform from robot3/base_link to robot3/odom to become available, tf error: Invalid frame ID "robot3/odom" passed to canTransform argument target_frame - frame does not exist
[ros2-11] [controller_server-1] [INFO] [1785138188.244519750] [robot3.local_costmap.local_costmap]: Timed out waiting for transform from robot3/base_link to robot3/odom to become available, tf error: Invalid frame ID "robot3/odom" passed to canTransform argument target_frame - frame does not exist
[ros2-11] [controller_server-1] [INFO] [1785138188.744500888] [robot3.local_costmap.local_costmap]: Timed out waiting for transform from robot3/base_link to robot3/odom to become available, tf error: Invalid frame ID "robot3/odom" passed to canTransform argument target_frame - frame does not exist
[ros2-11] [controller_server-1] [INFO] [1785138189.244500802] [robot3.local_costmap.local_costmap]: Timed out waiting for transform from robot3/base_link to robot3/odom to become available, tf error: Invalid frame ID "robot3/odom" passed to canTransform argument target_frame - frame does not exist
[ros2-11] [controller_server-1] [INFO] [1785138189.744501611] [robot3.local_costmap.local_costmap]: Timed out waiting for transform from robot3/base_link to robot3/odom to become available, tf error: Invalid frame ID "robot3/odom" passed to canTransform argument target_frame - frame does not exist
[ros2-11] [controller_server-1] [INFO] [1785138190.244499185] [robot3.local_costmap.local_costmap]: Timed out waiting for transform from robot3/base_link to robot3/odom to become available, tf error: Invalid frame ID "robot3/odom" passed to canTransform argument target_frame - frame does not exist
[ros2-11] [controller_server-1] [INFO] [1785138190.744502689] [robot3.local_costmap.local_costmap]: Timed out waiting for transform from robot3/base_link to robot3/odom to become available, tf error: Invalid frame ID "robot3/odom" passed to canTransform argument target_frame - frame does not exist
[ros2-11] [controller_server-1] [INFO] [1785138191.244503308] [robot3.local_costmap.local_costmap]: Timed out waiting for transform from robot3/base_link to robot3/odom to become available, tf error: Invalid frame ID "robot3/odom" passed to canTransform argument target_frame - frame does not exist
[ros2-11] [controller_server-1] [INFO] [1785138191.744505584] [robot3.local_costmap.local_costmap]: Timed out waiting for transform from robot3/base_link to robot3/odom to become available, tf error: Invalid frame ID "robot3/odom" passed to canTransform argument target_frame - frame does not exist
[ros2-11] [controller_server-1] [INFO] [1785138192.244501983] [robot3.local_costmap.local_costmap]: Timed out waiting for transform from robot3/base_link to robot3/odom to become available, tf error: Invalid frame ID "robot3/odom" passed to canTransform argument target_frame - frame does not exist
[ros2-11] [controller_server-1] [INFO] [1785138192.744499767] [robot3.local_costmap.local_costmap]: Timed out waiting for transform from robot3/base_link to robot3/odom to become available, tf error: Invalid frame ID "robot3/odom" passed to canTransform argument target_frame - frame does not exist
[ros2-11] [controller_server-1] [INFO] [1785138193.244501639] [robot3.local_costmap.local_costmap]: Timed out waiting for transform from robot3/base_link to robot3/odom to become available, tf error: Invalid frame ID "robot3/odom" passed to canTransform argument target_frame - frame does not exist
[ros2-11] [controller_server-1] [INFO] [1785138193.744502742] [robot3.local_costmap.local_costmap]: Timed out waiting for transform from robot3/base_link to robot3/odom to become available, tf error: Invalid frame ID "robot3/odom" passed to canTransform argument target_frame - frame does not exist
[ros2-11] [controller_server-1] [INFO] [1785138194.244498226] [robot3.local_costmap.local_costmap]: Timed out waiting for transform from robot3/base_link to robot3/odom to become available, tf error: Invalid frame ID "robot3/odom" passed to canTransform argument target_frame - frame does not exist
[ros2-11] [controller_server-1] [INFO] [1785138194.744501499] [robot3.local_costmap.local_costmap]: Timed out waiting for transform from robot3/base_link to robot3/odom to become available, tf error: Invalid frame ID "robot3/odom" passed to canTransform argument target_frame - frame does not exist
[ros2-11] [controller_server-1] [INFO] [1785138195.244500818] [robot3.local_costmap.local_costmap]: Timed out waiting for transform from robot3/base_link to robot3/odom to become available, tf error: Invalid frame ID "robot3/odom" passed to canTransform argument target_frame - frame does not exist
[ros2-11] [controller_server-1] [INFO] [1785138195.744514893] [robot3.local_costmap.local_costmap]: Timed out waiting for transform from robot3/base_link to robot3/odom to become available, tf error: Invalid frame ID "robot3/odom" passed to canTransform argument target_frame - frame does not exist
[ros2-11] [controller_server-1] [INFO] [1785138196.244499842] [robot3.local_costmap.local_costmap]: Timed out waiting for transform from robot3/base_link to robot3/odom to become available, tf error: Invalid frame ID "robot3/odom" passed to canTransform argument target_frame - frame does not exist
[ros2-11] [controller_server-1] [INFO] [1785138196.744501484] [robot3.local_costmap.local_costmap]: Timed out waiting for transform from robot3/base_link to robot3/odom to become available, tf error: Invalid frame ID "robot3/odom" passed to canTransform argument target_frame - frame does not exist
[ros2-11] [controller_server-1] [INFO] [1785138197.244504428] [robot3.local_costmap.local_costmap]: Timed out waiting for transform from robot3/base_link to robot3/odom to become available, tf error: Invalid frame ID "robot3/odom" passed to canTransform argument target_frame - frame does not exist
[ros2-11] [controller_server-1] [INFO] [1785138197.744516123] [robot3.local_costmap.local_costmap]: Timed out waiting for transform from robot3/base_link to robot3/odom to become available, tf error: Invalid frame ID "robot3/odom" passed to canTransform argument target_frame - frame does not exist
[ros2-11] [controller_server-1] [INFO] [1785138198.244501473] [robot3.local_costmap.local_costmap]: Timed out waiting for transform from robot3/base_link to robot3/odom to become available, tf error: Invalid frame ID "robot3/odom" passed to canTransform argument target_frame - frame does not exist
[ros2-11] [controller_server-1] [INFO] [1785138198.744498877] [robot3.local_costmap.local_costmap]: Timed out waiting for transform from robot3/base_link to robot3/odom to become available, tf error: Invalid frame ID "robot3/odom" passed to canTransform argument target_frame - frame does not exist
[ros2-11] [controller_server-1] [INFO] [1785138199.244500442] [robot3.local_costmap.local_costmap]: Timed out waiting for transform from robot3/base_link to robot3/odom to become available, tf error: Invalid frame ID "robot3/odom" passed to canTransform argument target_frame - frame does not exist
[ros2-11] [controller_server-1] [INFO] [1785138199.744511429] [robot3.local_costmap.local_costmap]: Timed out waiting for transform from robot3/base_link to robot3/odom to become available, tf error: Invalid frame ID "robot3/odom" passed to canTransform argument target_frame - frame does not exist
[ros2-11] [controller_server-1] [INFO] [1785138200.244503341] [robot3.local_costmap.local_costmap]: Timed out waiting for transform from robot3/base_link to robot3/odom to become available, tf error: Invalid frame ID "robot3/odom" passed to canTransform argument target_frame - frame does not exist
[ros2-11] [controller_server-1] [INFO] [1785138200.744504298] [robot3.local_costmap.local_costmap]: Timed out waiting for transform from robot3/base_link to robot3/odom to become available, tf error: Invalid frame ID "robot3/odom" passed to canTransform argument target_frame - frame does not exist
[ros2-11] [controller_server-1] [INFO] [1785138201.244500557] [robot3.local_costmap.local_costmap]: Timed out waiting for transform from robot3/base_link to robot3/odom to become available, tf error: Invalid frame ID "robot3/odom" passed to canTransform argument target_frame - frame does not exist
[ros2-11] [controller_server-1] [INFO] [1785138201.744503392] [robot3.local_costmap.local_costmap]: Timed out waiting for transform from robot3/base_link to robot3/odom to become available, tf error: Invalid frame ID "robot3/odom" passed to canTransform argument target_frame - frame does not exist
[ros2-11] [controller_server-1] [INFO] [1785138202.244504194] [robot3.local_costmap.local_costmap]: Timed out waiting for transform from robot3/base_link to robot3/odom to become available, tf error: Invalid frame ID "robot3/odom" passed to canTransform argument target_frame - frame does not exist
[ros2-11] [controller_server-1] [INFO] [1785138202.744452570] [robot3.local_costmap.local_costmap]: Timed out waiting for transform from robot3/base_link to robot3/odom to become available, tf error: Invalid frame ID "robot3/odom" passed to canTransform argument target_frame - frame does not exist
[ros2-11] [controller_server-1] [INFO] [1785138203.244471090] [robot3.local_costmap.local_costmap]: Timed out waiting for transform from robot3/base_link to robot3/odom to become available, tf error: Invalid frame ID "robot3/odom" passed to canTransform argument target_frame - frame does not exist
[ros2-11] [controller_server-1] [INFO] [1785138203.744502476] [robot3.local_costmap.local_costmap]: Timed out waiting for transform from robot3/base_link to robot3/odom to become available, tf error: Invalid frame ID "robot3/odom" passed to canTransform argument target_frame - frame does not exist
[ros2-11] [controller_server-1] [INFO] [1785138204.244501654] [robot3.local_costmap.local_costmap]: Timed out waiting for transform from robot3/base_link to robot3/odom to become available, tf error: Invalid frame ID "robot3/odom" passed to canTransform argument target_frame - frame does not exist
[ros2-11] [controller_server-1] [INFO] [1785138204.744506040] [robot3.local_costmap.local_costmap]: Timed out waiting for transform from robot3/base_link to robot3/odom to become available, tf error: Invalid frame ID "robot3/odom" passed to canTransform argument target_frame - frame does not exist
[ros2-11] [controller_server-1] [INFO] [1785138205.244454709] [robot3.local_costmap.local_costmap]: Timed out waiting for transform from robot3/base_link to robot3/odom to become available, tf error: Invalid frame ID "robot3/odom" passed to canTransform argument target_frame - frame does not exist
[ros2-11] [controller_server-1] [INFO] [1785138205.744521683] [robot3.local_costmap.local_costmap]: Timed out waiting for transform from robot3/base_link to robot3/odom to become available, tf error: Invalid frame ID "robot3/odom" passed to canTransform argument target_frame - frame does not exist
[ros2-11] [controller_server-1] [INFO] [1785138206.244510201] [robot3.local_costmap.local_costmap]: Timed out waiting for transform from robot3/base_link to robot3/odom to become available, tf error: Invalid frame ID "robot3/odom" passed to canTransform argument target_frame - frame does not exist
[ros2-11] [controller_server-1] [INFO] [1785138206.744553246] [robot3.local_costmap.local_costmap]: Timed out waiting for transform from robot3/base_link to robot3/odom to become available, tf error: Invalid frame ID "robot3/odom" passed to canTransform argument target_frame - frame does not exist
[ros2-11] [controller_server-1] [INFO] [1785138207.244516321] [robot3.local_costmap.local_costmap]: Timed out waiting for transform from robot3/base_link to robot3/odom to become available, tf error: Invalid frame ID "robot3/odom" passed to canTransform argument target_frame - frame does not exist
[ros2-11] [controller_server-1] [INFO] [1785138207.744510973] [robot3.local_costmap.local_costmap]: Timed out waiting for transform from robot3/base_link to robot3/odom to become available, tf error: Invalid frame ID "robot3/odom" passed to canTransform argument target_frame - frame does not exist
[ros2-11] [controller_server-1] [INFO] [1785138208.244500282] [robot3.local_costmap.local_costmap]: Timed out waiting for transform from robot3/base_link to robot3/odom to become available, tf error: Invalid frame ID "robot3/odom" passed to canTransform argument target_frame - frame does not exist
[ros2-11] [controller_server-1] [INFO] [1785138208.744502814] [robot3.local_costmap.local_costmap]: Timed out waiting for transform from robot3/base_link to robot3/odom to become available, tf error: Invalid frame ID "robot3/odom" passed to canTransform argument target_frame - frame does not exist
[ros2-11] [controller_server-1] [INFO] [1785138209.244503443] [robot3.local_costmap.local_costmap]: Timed out waiting for transform from robot3/base_link to robot3/odom to become available, tf error: Invalid frame ID "robot3/odom" passed to canTransform argument target_frame - frame does not exist
[ros2-11] [controller_server-1] [INFO] [1785138209.744506229] [robot3.local_costmap.local_costmap]: Timed out waiting for transform from robot3/base_link to robot3/odom to become available, tf error: Invalid frame ID "robot3/odom" passed to canTransform argument target_frame - frame does not exist
[ros2-11] [controller_server-1] [INFO] [1785138210.244511095] [robot3.local_costmap.local_costmap]: Timed out waiting for transform from robot3/base_link to robot3/odom to become available, tf error: Invalid frame ID "robot3/odom" passed to canTransform argument target_frame - frame does not exist
[ros2-11] [controller_server-1] [INFO] [1785138210.744517377] [robot3.local_costmap.local_costmap]: Timed out waiting for transform from robot3/base_link to robot3/odom to become available, tf error: Invalid frame ID "robot3/odom" passed to canTransform argument target_frame - frame does not exist
[ros2-11] [controller_server-1] [INFO] [1785138211.244517375] [robot3.local_costmap.local_costmap]: Timed out waiting for transform from robot3/base_link to robot3/odom to become available, tf error: Invalid frame ID "robot3/odom" passed to canTransform argument target_frame - frame does not exist
[ros2-11] [controller_server-1] [INFO] [1785138211.744500491] [robot3.local_costmap.local_costmap]: Timed out waiting for transform from robot3/base_link to robot3/odom to become available, tf error: Invalid frame ID "robot3/odom" passed to canTransform argument target_frame - frame does not exist
[ros2-11] [controller_server-1] [INFO] [1785138212.244514202] [robot3.local_costmap.local_costmap]: Timed out waiting for transform from robot3/base_link to robot3/odom to become available, tf error: Invalid frame ID "robot3/odom" passed to canTransform argument target_frame - frame does not exist
[ros2-11] [controller_server-1] [INFO] [1785138212.744504783] [robot3.local_costmap.local_costmap]: Timed out waiting for transform from robot3/base_link to robot3/odom to become available, tf error: Invalid frame ID "robot3/odom" passed to canTransform argument target_frame - frame does not exist
[ros2-11] [controller_server-1] [INFO] [1785138213.244506962] [robot3.local_costmap.local_costmap]: Timed out waiting for transform from robot3/base_link to robot3/odom to become available, tf error: Invalid frame ID "robot3/odom" passed to canTransform argument target_frame - frame does not exist
[ros2-11] [controller_server-1] [INFO] [1785138213.744523231] [robot3.local_costmap.local_costmap]: Timed out waiting for transform from robot3/base_link to robot3/odom to become available, tf error: Invalid frame ID "robot3/odom" passed to canTransform argument target_frame - frame does not exist
[ros2-11] [controller_server-1] [INFO] [1785138214.244490798] [robot3.local_costmap.local_costmap]: Timed out waiting for transform from robot3/base_link to robot3/odom to become available, tf error: Invalid frame ID "robot3/odom" passed to canTransform argument target_frame - frame does not exist
[ros2-11] [controller_server-1] [INFO] [1785138214.744505273] [robot3.local_costmap.local_costmap]: Timed out waiting for transform from robot3/base_link to robot3/odom to become available, tf error: Invalid frame ID "robot3/odom" passed to canTransform argument target_frame - frame does not exist
[ros2-11] [controller_server-1] [INFO] [1785138215.244503823] [robot3.local_costmap.local_costmap]: Timed out waiting for transform from robot3/base_link to robot3/odom to become available, tf error: Invalid frame ID "robot3/odom" passed to canTransform argument target_frame - frame does not exist
[ros2-11] [controller_server-1] [INFO] [1785138215.744504962] [robot3.local_costmap.local_costmap]: Timed out waiting for transform from robot3/base_link to robot3/odom to become available, tf error: Invalid frame ID "robot3/odom" passed to canTransform argument target_frame - frame does not exist
[ros2-11] [controller_server-1] [INFO] [1785138216.244483081] [robot3.local_costmap.local_costmap]: Timed out waiting for transform from robot3/base_link to robot3/odom to become available, tf error: Invalid frame ID "robot3/odom" passed to canTransform argument target_frame - frame does not exist
[ros2-11] [controller_server-1] [INFO] [1785138216.744516829] [robot3.local_costmap.local_costmap]: Timed out waiting for transform from robot3/base_link to robot3/odom to become available, tf error: Invalid frame ID "robot3/odom" passed to canTransform argument target_frame - frame does not exist
[ros2-11] [controller_server-1] [INFO] [1785138217.244569412] [robot3.local_costmap.local_costmap]: Timed out waiting for transform from robot3/base_link to robot3/odom to become available, tf error: Invalid frame ID "robot3/odom" passed to canTransform argument target_frame - frame does not exist
[ros2-11] [controller_server-1] [INFO] [1785138217.744505921] [robot3.local_costmap.local_costmap]: Timed out waiting for transform from robot3/base_link to robot3/odom to become available, tf error: Invalid frame ID "robot3/odom" passed to canTransform argument target_frame - frame does not exist
[ros2-11] [controller_server-1] [INFO] [1785138218.244512829] [robot3.local_costmap.local_costmap]: Timed out waiting for transform from robot3/base_link to robot3/odom to become available, tf error: Invalid frame ID "robot3/odom" passed to canTransform argument target_frame - frame does not exist
[ros2-11] [controller_server-1] [INFO] [1785138218.744509693] [robot3.local_costmap.local_costmap]: Timed out waiting for transform from robot3/base_link to robot3/odom to become available, tf error: Invalid frame ID "robot3/odom" passed to canTransform argument target_frame - frame does not exist
[ros2-11] [controller_server-1] [INFO] [1785138219.244510798] [robot3.local_costmap.local_costmap]: Timed out waiting for transform from robot3/base_link to robot3/odom to become available, tf error: Invalid frame ID "robot3/odom" passed to canTransform argument target_frame - frame does not exist
[ros2-11] [controller_server-1] [INFO] [1785138219.744506343] [robot3.local_costmap.local_costmap]: Timed out waiting for transform from robot3/base_link to robot3/odom to become available, tf error: Invalid frame ID "robot3/odom" passed to canTransform argument target_frame - frame does not exist
[ros2-11] [controller_server-1] [INFO] [1785138220.244510649] [robot3.local_costmap.local_costmap]: Timed out waiting for transform from robot3/base_link to robot3/odom to become available, tf error: Invalid frame ID "robot3/odom" passed to canTransform argument target_frame - frame does not exist
[ros2-11] [controller_server-1] [INFO] [1785138220.744503457] [robot3.local_costmap.local_costmap]: Timed out waiting for transform from robot3/base_link to robot3/odom to become available, tf error: Invalid frame ID "robot3/odom" passed to canTransform argument target_frame - frame does not exist
[ros2-11] [controller_server-1] [INFO] [1785138221.244502520] [robot3.local_costmap.local_costmap]: Timed out waiting for transform from robot3/base_link to robot3/odom to become available, tf error: Invalid frame ID "robot3/odom" passed to canTransform argument target_frame - frame does not exist
[ros2-11] [controller_server-1] [INFO] [1785138221.744504834] [robot3.local_costmap.local_costmap]: Timed out waiting for transform from robot3/base_link to robot3/odom to become available, tf error: Invalid frame ID "robot3/odom" passed to canTransform argument target_frame - frame does not exist
[ros2-11] [controller_server-1] [INFO] [1785138222.244504572] [robot3.local_costmap.local_costmap]: Timed out waiting for transform from robot3/base_link to robot3/odom to become available, tf error: Invalid frame ID "robot3/odom" passed to canTransform argument target_frame - frame does not exist
[ros2-11] [controller_server-1] [INFO] [1785138222.744482844] [robot3.local_costmap.local_costmap]: Timed out waiting for transform from robot3/base_link to robot3/odom to become available, tf error: Invalid frame ID "robot3/odom" passed to canTransform argument target_frame - frame does not exist
[ros2-11] [controller_server-1] [INFO] [1785138223.244501115] [robot3.local_costmap.local_costmap]: Timed out waiting for transform from robot3/base_link to robot3/odom to become available, tf error: Invalid frame ID "robot3/odom" passed to canTransform argument target_frame - frame does not exist
[ros2-11] [controller_server-1] [INFO] [1785138223.744505134] [robot3.local_costmap.local_costmap]: Timed out waiting for transform from robot3/base_link to robot3/odom to become available, tf error: Invalid frame ID "robot3/odom" passed to canTransform argument target_frame - frame does not exist
[ros2-11] [controller_server-1] [INFO] [1785138224.244504511] [robot3.local_costmap.local_costmap]: Timed out waiting for transform from robot3/base_link to robot3/odom to become available, tf error: Invalid frame ID "robot3/odom" passed to canTransform argument target_frame - frame does not exist
[ros2-11] [controller_server-1] [INFO] [1785138224.744501126] [robot3.local_costmap.local_costmap]: Timed out waiting for transform from robot3/base_link to robot3/odom to become available, tf error: Invalid frame ID "robot3/odom" passed to canTransform argument target_frame - frame does not exist
[ros2-11] [controller_server-1] [INFO] [1785138225.244500395] [robot3.local_costmap.local_costmap]: Timed out waiting for transform from robot3/base_link to robot3/odom to become available, tf error: Invalid frame ID "robot3/odom" passed to canTransform argument target_frame - frame does not exist
[ros2-11] [controller_server-1] [INFO] [1785138225.744504868] [robot3.local_costmap.local_costmap]: Timed out waiting for transform from robot3/base_link to robot3/odom to become available, tf error: Invalid frame ID "robot3/odom" passed to canTransform argument target_frame - frame does not exist
[ros2-11] [controller_server-1] [INFO] [1785138226.244506620] [robot3.local_costmap.local_costmap]: Timed out waiting for transform from robot3/base_link to robot3/odom to become available, tf error: Invalid frame ID "robot3/odom" passed to canTransform argument target_frame - frame does not exist
[ros2-11] [controller_server-1] [INFO] [1785138226.744502756] [robot3.local_costmap.local_costmap]: Timed out waiting for transform from robot3/base_link to robot3/odom to become available, tf error: Invalid frame ID "robot3/odom" passed to canTransform argument target_frame - frame does not exist
[ros2-11] [controller_server-1] [INFO] [1785138227.244507590] [robot3.local_costmap.local_costmap]: Timed out waiting for transform from robot3/base_link to robot3/odom to become available, tf error: Invalid frame ID "robot3/odom" passed to canTransform argument target_frame - frame does not exist
[ros2-11] [controller_server-1] [INFO] [1785138227.744499029] [robot3.local_costmap.local_costmap]: Timed out waiting for transform from robot3/base_link to robot3/odom to become available, tf error: Invalid frame ID "robot3/odom" passed to canTransform argument target_frame - frame does not exist
[ros2-11] [controller_server-1] [INFO] [1785138228.244500408] [robot3.local_costmap.local_costmap]: Timed out waiting for transform from robot3/base_link to robot3/odom to become available, tf error: Invalid frame ID "robot3/odom" passed to canTransform argument target_frame - frame does not exist
[ros2-11] [controller_server-1] [INFO] [1785138228.744499379] [robot3.local_costmap.local_costmap]: Timed out waiting for transform from robot3/base_link to robot3/odom to become available, tf error: Invalid frame ID "robot3/odom" passed to canTransform argument target_frame - frame does not exist
[ros2-11] [controller_server-1] [INFO] [1785138229.244498845] [robot3.local_costmap.local_costmap]: Timed out waiting for transform from robot3/base_link to robot3/odom to become available, tf error: Invalid frame ID "robot3/odom" passed to canTransform argument target_frame - frame does not exist
[ros2-11] [controller_server-1] [INFO] [1785138229.744512700] [robot3.local_costmap.local_costmap]: Timed out waiting for transform from robot3/base_link to robot3/odom to become available, tf error: Invalid frame ID "robot3/odom" passed to canTransform argument target_frame - frame does not exist
[ros2-11] [controller_server-1] [INFO] [1785138230.244500951] [robot3.local_costmap.local_costmap]: Timed out waiting for transform from robot3/base_link to robot3/odom to become available, tf error: Invalid frame ID "robot3/odom" passed to canTransform argument target_frame - frame does not exist
[ros2-11] [controller_server-1] [INFO] [1785138230.744503704] [robot3.local_costmap.local_costmap]: Timed out waiting for transform from robot3/base_link to robot3/odom to become available, tf error: Invalid frame ID "robot3/odom" passed to canTransform argument target_frame - frame does not exist
[ros2-11] [controller_server-1] [INFO] [1785138231.244511770] [robot3.local_costmap.local_costmap]: Timed out waiting for transform from robot3/base_link to robot3/odom to become available, tf error: Invalid frame ID "robot3/odom" passed to canTransform argument target_frame - frame does not exist
[ros2-11] [controller_server-1] [INFO] [1785138231.744513341] [robot3.local_costmap.local_costmap]: Timed out waiting for transform from robot3/base_link to robot3/odom to become available, tf error: Invalid frame ID "robot3/odom" passed to canTransform argument target_frame - frame does not exist
[ros2-11] [controller_server-1] [INFO] [1785138232.244507186] [robot3.local_costmap.local_costmap]: Timed out waiting for transform from robot3/base_link to robot3/odom to become available, tf error: Invalid frame ID "robot3/odom" passed to canTransform argument target_frame - frame does not exist
[ros2-11] [controller_server-1] [INFO] [1785138232.744508512] [robot3.local_costmap.local_costmap]: Timed out waiting for transform from robot3/base_link to robot3/odom to become available, tf error: Invalid frame ID "robot3/odom" passed to canTransform argument target_frame - frame does not exist
[ros2-11] [controller_server-1] [INFO] [1785138233.244508622] [robot3.local_costmap.local_costmap]: Timed out waiting for transform from robot3/base_link to robot3/odom to become available, tf error: Invalid frame ID "robot3/odom" passed to canTransform argument target_frame - frame does not exist
[ros2-11] [controller_server-1] [INFO] [1785138233.744503310] [robot3.local_costmap.local_costmap]: Timed out waiting for transform from robot3/base_link to robot3/odom to become available, tf error: Invalid frame ID "robot3/odom" passed to canTransform argument target_frame - frame does not exist
[ros2-11] [controller_server-1] [INFO] [1785138234.244519172] [robot3.local_costmap.local_costmap]: Timed out waiting for transform from robot3/base_link to robot3/odom to become available, tf error: Invalid frame ID "robot3/odom" passed to canTransform argument target_frame - frame does not exist
[ros2-11] [controller_server-1] [INFO] [1785138234.744505360] [robot3.local_costmap.local_costmap]: Timed out waiting for transform from robot3/base_link to robot3/odom to become available, tf error: Invalid frame ID "robot3/odom" passed to canTransform argument target_frame - frame does not exist
[ros2-11] [controller_server-1] [INFO] [1785138235.244505630] [robot3.local_costmap.local_costmap]: Timed out waiting for transform from robot3/base_link to robot3/odom to become available, tf error: Invalid frame ID "robot3/odom" passed to canTransform argument target_frame - frame does not exist
[ros2-11] [controller_server-1] [INFO] [1785138235.744503964] [robot3.local_costmap.local_costmap]: Timed out waiting for transform from robot3/base_link to robot3/odom to become available, tf error: Invalid frame ID "robot3/odom" passed to canTransform argument target_frame - frame does not exist
[ros2-11] [controller_server-1] [INFO] [1785138236.244501436] [robot3.local_costmap.local_costmap]: Timed out waiting for transform from robot3/base_link to robot3/odom to become available, tf error: Invalid frame ID "robot3/odom" passed to canTransform argument target_frame - frame does not exist
[ros2-11] [controller_server-1] [INFO] [1785138236.744504076] [robot3.local_costmap.local_costmap]: Timed out waiting for transform from robot3/base_link to robot3/odom to become available, tf error: Invalid frame ID "robot3/odom" passed to canTransform argument target_frame - frame does not exist
[ros2-11] [controller_server-1] [INFO] [1785138237.244503947] [robot3.local_costmap.local_costmap]: Timed out waiting for transform from robot3/base_link to robot3/odom to become available, tf error: Invalid frame ID "robot3/odom" passed to canTransform argument target_frame - frame does not exist
[ros2-11] [controller_server-1] [INFO] [1785138237.744502067] [robot3.local_costmap.local_costmap]: Timed out waiting for transform from robot3/base_link to robot3/odom to become available, tf error: Invalid frame ID "robot3/odom" passed to canTransform argument target_frame - frame does not exist
[ros2-11] [controller_server-1] [INFO] [1785138238.244502942] [robot3.local_costmap.local_costmap]: Timed out waiting for transform from robot3/base_link to robot3/odom to become available, tf error: Invalid frame ID "robot3/odom" passed to canTransform argument target_frame - frame does not exist
[ros2-11] [controller_server-1] [INFO] [1785138238.744503179] [robot3.local_costmap.local_costmap]: Timed out waiting for transform from robot3/base_link to robot3/odom to become available, tf error: Invalid frame ID "robot3/odom" passed to canTransform argument target_frame - frame does not exist
[ros2-11] [controller_server-1] [INFO] [1785138239.244502944] [robot3.local_costmap.local_costmap]: Timed out waiting for transform from robot3/base_link to robot3/odom to become available, tf error: Invalid frame ID "robot3/odom" passed to canTransform argument target_frame - frame does not exist
[ros2-11] [controller_server-1] [INFO] [1785138239.744506718] [robot3.local_costmap.local_costmap]: Timed out waiting for transform from robot3/base_link to robot3/odom to become available, tf error: Invalid frame ID "robot3/odom" passed to canTransform argument target_frame - frame does not exist
[ros2-11] [controller_server-1] [INFO] [1785138240.244511513] [robot3.local_costmap.local_costmap]: Timed out waiting for transform from robot3/base_link to robot3/odom to become available, tf error: Invalid frame ID "robot3/odom" passed to canTransform argument target_frame - frame does not exist
[ros2-11] [controller_server-1] [INFO] [1785138240.744503725] [robot3.local_costmap.local_costmap]: Timed out waiting for transform from robot3/base_link to robot3/odom to become available, tf error: Invalid frame ID "robot3/odom" passed to canTransform argument target_frame - frame does not exist
[ros2-11] [controller_server-1] [INFO] [1785138241.244503390] [robot3.local_costmap.local_costmap]: Timed out waiting for transform from robot3/base_link to robot3/odom to become available, tf error: Invalid frame ID "robot3/odom" passed to canTransform argument target_frame - frame does not exist
[ros2-11] [controller_server-1] [INFO] [1785138241.744484234] [robot3.local_costmap.local_costmap]: Timed out waiting for transform from robot3/base_link to robot3/odom to become available, tf error: Invalid frame ID "robot3/odom" passed to canTransform argument target_frame - frame does not exist
[ros2-11] [controller_server-1] [INFO] [1785138242.244507578] [robot3.local_costmap.local_costmap]: Timed out waiting for transform from robot3/base_link to robot3/odom to become available, tf error: Invalid frame ID "robot3/odom" passed to canTransform argument target_frame - frame does not exist
[ros2-11] [controller_server-1] [INFO] [1785138242.744504297] [robot3.local_costmap.local_costmap]: Timed out waiting for transform from robot3/base_link to robot3/odom to become available, tf error: Invalid frame ID "robot3/odom" passed to canTransform argument target_frame - frame does not exist
[ros2-11] [controller_server-1] [INFO] [1785138243.244505063] [robot3.local_costmap.local_costmap]: Timed out waiting for transform from robot3/base_link to robot3/odom to become available, tf error: Invalid frame ID "robot3/odom" passed to canTransform argument target_frame - frame does not exist
[ros2-11] [controller_server-1] [INFO] [1785138243.744502571] [robot3.local_costmap.local_costmap]: Timed out waiting for transform from robot3/base_link to robot3/odom to become available, tf error: Invalid frame ID "robot3/odom" passed to canTransform argument target_frame - frame does not exist
[ros2-11] [controller_server-1] [INFO] [1785138244.244506842] [robot3.local_costmap.local_costmap]: Timed out waiting for transform from robot3/base_link to robot3/odom to become available, tf error: Invalid frame ID "robot3/odom" passed to canTransform argument target_frame - frame does not exist
[ros2-11] [controller_server-1] [INFO] [1785138244.744594722] [robot3.local_costmap.local_costmap]: Timed out waiting for transform from robot3/base_link to robot3/odom to become available, tf error: Invalid frame ID "robot3/odom" passed to canTransform argument target_frame - frame does not exist
[ros2-11] [controller_server-1] [INFO] [1785138245.244521431] [robot3.local_costmap.local_costmap]: Timed out waiting for transform from robot3/base_link to robot3/odom to become available, tf error: Invalid frame ID "robot3/odom" passed to canTransform argument target_frame - frame does not exist
[ros2-11] [controller_server-1] [INFO] [1785138245.744502619] [robot3.local_costmap.local_costmap]: Timed out waiting for transform from robot3/base_link to robot3/odom to become available, tf error: Invalid frame ID "robot3/odom" passed to canTransform argument target_frame - frame does not exist
[ros2-11] [controller_server-1] [INFO] [1785138246.244455007] [robot3.local_costmap.local_costmap]: Timed out waiting for transform from robot3/base_link to robot3/odom to become available, tf error: Invalid frame ID "robot3/odom" passed to canTransform argument target_frame - frame does not exist
[ros2-11] [controller_server-1] [INFO] [1785138246.744503210] [robot3.local_costmap.local_costmap]: Timed out waiting for transform from robot3/base_link to robot3/odom to become available, tf error: Invalid frame ID "robot3/odom" passed to canTransform argument target_frame - frame does not exist
[ros2-11] [controller_server-1] [INFO] [1785138247.244497492] [robot3.local_costmap.local_costmap]: Timed out waiting for transform from robot3/base_link to robot3/odom to become available, tf error: Invalid frame ID "robot3/odom" passed to canTransform argument target_frame - frame does not exist
[ros2-11] [controller_server-1] [INFO] [1785138247.744501715] [robot3.local_costmap.local_costmap]: Timed out waiting for transform from robot3/base_link to robot3/odom to become available, tf error: Invalid frame ID "robot3/odom" passed to canTransform argument target_frame - frame does not exist
[ros2-11] [controller_server-1] [INFO] [1785138248.244502284] [robot3.local_costmap.local_costmap]: Timed out waiting for transform from robot3/base_link to robot3/odom to become available, tf error: Invalid frame ID "robot3/odom" passed to canTransform argument target_frame - frame does not exist
[ros2-11] [controller_server-1] [INFO] [1785138248.744503008] [robot3.local_costmap.local_costmap]: Timed out waiting for transform from robot3/base_link to robot3/odom to become available, tf error: Invalid frame ID "robot3/odom" passed to canTransform argument target_frame - frame does not exist
[ros2-11] [controller_server-1] [INFO] [1785138249.244505207] [robot3.local_costmap.local_costmap]: Timed out waiting for transform from robot3/base_link to robot3/odom to become available, tf error: Invalid frame ID "robot3/odom" passed to canTransform argument target_frame - frame does not exist
[ros2-11] [controller_server-1] [INFO] [1785138249.744503055] [robot3.local_costmap.local_costmap]: Timed out waiting for transform from robot3/base_link to robot3/odom to become available, tf error: Invalid frame ID "robot3/odom" passed to canTransform argument target_frame - frame does not exist
[ros2-11] [controller_server-1] [INFO] [1785138250.244500579] [robot3.local_costmap.local_costmap]: Timed out waiting for transform from robot3/base_link to robot3/odom to become available, tf error: Invalid frame ID "robot3/odom" passed to canTransform argument target_frame - frame does not exist
[ros2-11] [controller_server-1] [INFO] [1785138250.744501555] [robot3.local_costmap.local_costmap]: Timed out waiting for transform from robot3/base_link to robot3/odom to become available, tf error: Invalid frame ID "robot3/odom" passed to canTransform argument target_frame - frame does not exist
[ros2-11] [controller_server-1] [INFO] [1785138251.244454128] [robot3.local_costmap.local_costmap]: Timed out waiting for transform from robot3/base_link to robot3/odom to become available, tf error: Invalid frame ID "robot3/odom" passed to canTransform argument target_frame - frame does not exist
[ros2-11] [controller_server-1] [INFO] [1785138251.744502671] [robot3.local_costmap.local_costmap]: Timed out waiting for transform from robot3/base_link to robot3/odom to become available, tf error: Invalid frame ID "robot3/odom" passed to canTransform argument target_frame - frame does not exist
[ros2-11] [controller_server-1] [INFO] [1785138252.244505093] [robot3.local_costmap.local_costmap]: Timed out waiting for transform from robot3/base_link to robot3/odom to become available, tf error: Invalid frame ID "robot3/odom" passed to canTransform argument target_frame - frame does not exist
[ros2-11] [controller_server-1] [INFO] [1785138252.744464794] [robot3.local_costmap.local_costmap]: Timed out waiting for transform from robot3/base_link to robot3/odom to become available, tf error: Invalid frame ID "robot3/odom" passed to canTransform argument target_frame - frame does not exist
[ros2-11] [controller_server-1] [INFO] [1785138253.244501607] [robot3.local_costmap.local_costmap]: Timed out waiting for transform from robot3/base_link to robot3/odom to become available, tf error: Invalid frame ID "robot3/odom" passed to canTransform argument target_frame - frame does not exist
[ros2-11] [controller_server-1] [INFO] [1785138253.744505294] [robot3.local_costmap.local_costmap]: Timed out waiting for transform from robot3/base_link to robot3/odom to become available, tf error: Invalid frame ID "robot3/odom" passed to canTransform argument target_frame - frame does not exist
[ros2-11] [controller_server-1] [INFO] [1785138254.244502461] [robot3.local_costmap.local_costmap]: Timed out waiting for transform from robot3/base_link to robot3/odom to become available, tf error: Invalid frame ID "robot3/odom" passed to canTransform argument target_frame - frame does not exist
[ros2-11] [controller_server-1] [INFO] [1785138254.744508327] [robot3.local_costmap.local_costmap]: Timed out waiting for transform from robot3/base_link to robot3/odom to become available, tf error: Invalid frame ID "robot3/odom" passed to canTransform argument target_frame - frame does not exist
[ros2-11] [controller_server-1] [INFO] [1785138255.244501429] [robot3.local_costmap.local_costmap]: Timed out waiting for transform from robot3/base_link to robot3/odom to become available, tf error: Invalid frame ID "robot3/odom" passed to canTransform argument target_frame - frame does not exist
[ros2-11] [controller_server-1] [INFO] [1785138255.744504865] [robot3.local_costmap.local_costmap]: Timed out waiting for transform from robot3/base_link to robot3/odom to become available, tf error: Invalid frame ID "robot3/odom" passed to canTransform argument target_frame - frame does not exist
[ros2-11] [controller_server-1] [INFO] [1785138256.244526425] [robot3.local_costmap.local_costmap]: Timed out waiting for transform from robot3/base_link to robot3/odom to become available, tf error: Invalid frame ID "robot3/odom" passed to canTransform argument target_frame - frame does not exist
[ros2-11] [controller_server-1] [INFO] [1785138256.744515343] [robot3.local_costmap.local_costmap]: Timed out waiting for transform from robot3/base_link to robot3/odom to become available, tf error: Invalid frame ID "robot3/odom" passed to canTransform argument target_frame - frame does not exist
[ros2-11] [controller_server-1] [INFO] [1785138257.244516250] [robot3.local_costmap.local_costmap]: Timed out waiting for transform from robot3/base_link to robot3/odom to become available, tf error: Invalid frame ID "robot3/odom" passed to canTransform argument target_frame - frame does not exist
[ros2-11] [controller_server-1] [INFO] [1785138257.744508918] [robot3.local_costmap.local_costmap]: Timed out waiting for transform from robot3/base_link to robot3/odom to become available, tf error: Invalid frame ID "robot3/odom" passed to canTransform argument target_frame - frame does not exist
[ros2-11] [controller_server-1] [INFO] [1785138258.244507357] [robot3.local_costmap.local_costmap]: Timed out waiting for transform from robot3/base_link to robot3/odom to become available, tf error: Invalid frame ID "robot3/odom" passed to canTransform argument target_frame - frame does not exist
[ros2-11] [controller_server-1] [INFO] [1785138258.744505505] [robot3.local_costmap.local_costmap]: Timed out waiting for transform from robot3/base_link to robot3/odom to become available, tf error: Invalid frame ID "robot3/odom" passed to canTransform argument target_frame - frame does not exist
[ros2-11] [controller_server-1] [INFO] [1785138259.244501415] [robot3.local_costmap.local_costmap]: Timed out waiting for transform from robot3/base_link to robot3/odom to become available, tf error: Invalid frame ID "robot3/odom" passed to canTransform argument target_frame - frame does not exist
[ros2-11] [controller_server-1] [INFO] [1785138259.744512126] [robot3.local_costmap.local_costmap]: Timed out waiting for transform from robot3/base_link to robot3/odom to become available, tf error: Invalid frame ID "robot3/odom" passed to canTransform argument target_frame - frame does not exist
[ros2-11] [controller_server-1] [INFO] [1785138260.244502268] [robot3.local_costmap.local_costmap]: Timed out waiting for transform from robot3/base_link to robot3/odom to become available, tf error: Invalid frame ID "robot3/odom" passed to canTransform argument target_frame - frame does not exist
[ros2-11] [controller_server-1] [INFO] [1785138260.744501516] [robot3.local_costmap.local_costmap]: Timed out waiting for transform from robot3/base_link to robot3/odom to become available, tf error: Invalid frame ID "robot3/odom" passed to canTransform argument target_frame - frame does not exist
[ros2-11] [controller_server-1] [INFO] [1785138261.244501123] [robot3.local_costmap.local_costmap]: Timed out waiting for transform from robot3/base_link to robot3/odom to become available, tf error: Invalid frame ID "robot3/odom" passed to canTransform argument target_frame - frame does not exist
[ros2-11] [controller_server-1] [INFO] [1785138261.744503847] [robot3.local_costmap.local_costmap]: Timed out waiting for transform from robot3/base_link to robot3/odom to become available, tf error: Invalid frame ID "robot3/odom" passed to canTransform argument target_frame - frame does not exist
[ros2-11] [controller_server-1] [INFO] [1785138262.244502074] [robot3.local_costmap.local_costmap]: Timed out waiting for transform from robot3/base_link to robot3/odom to become available, tf error: Invalid frame ID "robot3/odom" passed to canTransform argument target_frame - frame does not exist
[ros2-11] [controller_server-1] [INFO] [1785138262.744502849] [robot3.local_costmap.local_costmap]: Timed out waiting for transform from robot3/base_link to robot3/odom to become available, tf error: Invalid frame ID "robot3/odom" passed to canTransform argument target_frame - frame does not exist
[ros2-11] [controller_server-1] [INFO] [1785138263.244510188] [robot3.local_costmap.local_costmap]: Timed out waiting for transform from robot3/base_link to robot3/odom to become available, tf error: Invalid frame ID "robot3/odom" passed to canTransform argument target_frame - frame does not exist
[ros2-11] [controller_server-1] [INFO] [1785138263.744503432] [robot3.local_costmap.local_costmap]: Timed out waiting for transform from robot3/base_link to robot3/odom to become available, tf error: Invalid frame ID "robot3/odom" passed to canTransform argument target_frame - frame does not exist
[ros2-11] [controller_server-1] [INFO] [1785138264.244500697] [robot3.local_costmap.local_costmap]: Timed out waiting for transform from robot3/base_link to robot3/odom to become available, tf error: Invalid frame ID "robot3/odom" passed to canTransform argument target_frame - frame does not exist
[ros2-11] [controller_server-1] [INFO] [1785138264.744501480] [robot3.local_costmap.local_costmap]: Timed out waiting for transform from robot3/base_link to robot3/odom to become available, tf error: Invalid frame ID "robot3/odom" passed to canTransform argument target_frame - frame does not exist
[ros2-11] [controller_server-1] [INFO] [1785138265.244505022] [robot3.local_costmap.local_costmap]: Timed out waiting for transform from robot3/base_link to robot3/odom to become available, tf error: Invalid frame ID "robot3/odom" passed to canTransform argument target_frame - frame does not exist
[ros2-11] [controller_server-1] [INFO] [1785138265.744509772] [robot3.local_costmap.local_costmap]: Timed out waiting for transform from robot3/base_link to robot3/odom to become available, tf error: Invalid frame ID "robot3/odom" passed to canTransform argument target_frame - frame does not exist
[ros2-11] [controller_server-1] [INFO] [1785138266.244501078] [robot3.local_costmap.local_costmap]: Timed out waiting for transform from robot3/base_link to robot3/odom to become available, tf error: Invalid frame ID "robot3/odom" passed to canTransform argument target_frame - frame does not exist
[ros2-11] [controller_server-1] [INFO] [1785138266.744498667] [robot3.local_costmap.local_costmap]: Timed out waiting for transform from robot3/base_link to robot3/odom to become available, tf error: Invalid frame ID "robot3/odom" passed to canTransform argument target_frame - frame does not exist
[ros2-11] [controller_server-1] [INFO] [1785138267.244500953] [robot3.local_costmap.local_costmap]: Timed out waiting for transform from robot3/base_link to robot3/odom to become available, tf error: Invalid frame ID "robot3/odom" passed to canTransform argument target_frame - frame does not exist
[ros2-11] [controller_server-1] [INFO] [1785138267.744501048] [robot3.local_costmap.local_costmap]: Timed out waiting for transform from robot3/base_link to robot3/odom to become available, tf error: Invalid frame ID "robot3/odom" passed to canTransform argument target_frame - frame does not exist
[ros2-11] [controller_server-1] [INFO] [1785138268.244501615] [robot3.local_costmap.local_costmap]: Timed out waiting for transform from robot3/base_link to robot3/odom to become available, tf error: Invalid frame ID "robot3/odom" passed to canTransform argument target_frame - frame does not exist
[ros2-11] [controller_server-1] [INFO] [1785138268.744505073] [robot3.local_costmap.local_costmap]: Timed out waiting for transform from robot3/base_link to robot3/odom to become available, tf error: Invalid frame ID "robot3/odom" passed to canTransform argument target_frame - frame does not exist
[ros2-11] [controller_server-1] [INFO] [1785138269.244504103] [robot3.local_costmap.local_costmap]: Timed out waiting for transform from robot3/base_link to robot3/odom to become available, tf error: Invalid frame ID "robot3/odom" passed to canTransform argument target_frame - frame does not exist
[ros2-11] [controller_server-1] [INFO] [1785138269.744503989] [robot3.local_costmap.local_costmap]: Timed out waiting for transform from robot3/base_link to robot3/odom to become available, tf error: Invalid frame ID "robot3/odom" passed to canTransform argument target_frame - frame does not exist
[ros2-11] [controller_server-1] [INFO] [1785138270.244507748] [robot3.local_costmap.local_costmap]: Timed out waiting for transform from robot3/base_link to robot3/odom to become available, tf error: Invalid frame ID "robot3/odom" passed to canTransform argument target_frame - frame does not exist
[ros2-11] [controller_server-1] [INFO] [1785138270.744505340] [robot3.local_costmap.local_costmap]: Timed out waiting for transform from robot3/base_link to robot3/odom to become available, tf error: Invalid frame ID "robot3/odom" passed to canTransform argument target_frame - frame does not exist
[ros2-11] [controller_server-1] [INFO] [1785138271.244499882] [robot3.local_costmap.local_costmap]: Timed out waiting for transform from robot3/base_link to robot3/odom to become available, tf error: Invalid frame ID "robot3/odom" passed to canTransform argument target_frame - frame does not exist
[ros2-11] [controller_server-1] [INFO] [1785138271.744501141] [robot3.local_costmap.local_costmap]: Timed out waiting for transform from robot3/base_link to robot3/odom to become available, tf error: Invalid frame ID "robot3/odom" passed to canTransform argument target_frame - frame does not exist
[ros2-11] [controller_server-1] [INFO] [1785138272.244503252] [robot3.local_costmap.local_costmap]: Timed out waiting for transform from robot3/base_link to robot3/odom to become available, tf error: Invalid frame ID "robot3/odom" passed to canTransform argument target_frame - frame does not exist
[ros2-11] [controller_server-1] [INFO] [1785138272.744517853] [robot3.local_costmap.local_costmap]: Timed out waiting for transform from robot3/base_link to robot3/odom to become available, tf error: Invalid frame ID "robot3/odom" passed to canTransform argument target_frame - frame does not exist
[ros2-11] [controller_server-1] [INFO] [1785138273.244504092] [robot3.local_costmap.local_costmap]: Timed out waiting for transform from robot3/base_link to robot3/odom to become available, tf error: Invalid frame ID "robot3/odom" passed to canTransform argument target_frame - frame does not exist
[ros2-11] [controller_server-1] [INFO] [1785138273.744502679] [robot3.local_costmap.local_costmap]: Timed out waiting for transform from robot3/base_link to robot3/odom to become available, tf error: Invalid frame ID "robot3/odom" passed to canTransform argument target_frame - frame does not exist
[ros2-11] [controller_server-1] [INFO] [1785138274.244506106] [robot3.local_costmap.local_costmap]: Timed out waiting for transform from robot3/base_link to robot3/odom to become available, tf error: Invalid frame ID "robot3/odom" passed to canTransform argument target_frame - frame does not exist
[ros2-11] [controller_server-1] [INFO] [1785138274.744502106] [robot3.local_costmap.local_costmap]: Timed out waiting for transform from robot3/base_link to robot3/odom to become available, tf error: Invalid frame ID "robot3/odom" passed to canTransform argument target_frame - frame does not exist
[ros2-11] [controller_server-1] [INFO] [1785138275.244506972] [robot3.local_costmap.local_costmap]: Timed out waiting for transform from robot3/base_link to robot3/odom to become available, tf error: Invalid frame ID "robot3/odom" passed to canTransform argument target_frame - frame does not exist
[ros2-11] [controller_server-1] [INFO] [1785138275.744520824] [robot3.local_costmap.local_costmap]: Timed out waiting for transform from robot3/base_link to robot3/odom to become available, tf error: Invalid frame ID "robot3/odom" passed to canTransform argument target_frame - frame does not exist
[ros2-11] [controller_server-1] [INFO] [1785138276.244501468] [robot3.local_costmap.local_costmap]: Timed out waiting for transform from robot3/base_link to robot3/odom to become available, tf error: Invalid frame ID "robot3/odom" passed to canTransform argument target_frame - frame does not exist
[ros2-11] [controller_server-1] [INFO] [1785138276.744502221] [robot3.local_costmap.local_costmap]: Timed out waiting for transform from robot3/base_link to robot3/odom to become available, tf error: Invalid frame ID "robot3/odom" passed to canTransform argument target_frame - frame does not exist
[ros2-11] [controller_server-1] [INFO] [1785138277.244500023] [robot3.local_costmap.local_costmap]: Timed out waiting for transform from robot3/base_link to robot3/odom to become available, tf error: Invalid frame ID "robot3/odom" passed to canTransform argument target_frame - frame does not exist
[ros2-11] [controller_server-1] [INFO] [1785138277.744499936] [robot3.local_costmap.local_costmap]: Timed out waiting for transform from robot3/base_link to robot3/odom to become available, tf error: Invalid frame ID "robot3/odom" passed to canTransform argument target_frame - frame does not exist
[ros2-11] [controller_server-1] [INFO] [1785138278.244503165] [robot3.local_costmap.local_costmap]: Timed out waiting for transform from robot3/base_link to robot3/odom to become available, tf error: Invalid frame ID "robot3/odom" passed to canTransform argument target_frame - frame does not exist
[ros2-11] [controller_server-1] [INFO] [1785138278.744503312] [robot3.local_costmap.local_costmap]: Timed out waiting for transform from robot3/base_link to robot3/odom to become available, tf error: Invalid frame ID "robot3/odom" passed to canTransform argument target_frame - frame does not exist
[ros2-11] [controller_server-1] [INFO] [1785138279.244502037] [robot3.local_costmap.local_costmap]: Timed out waiting for transform from robot3/base_link to robot3/odom to become available, tf error: Invalid frame ID "robot3/odom" passed to canTransform argument target_frame - frame does not exist
[ros2-11] [controller_server-1] [INFO] [1785138279.744505025] [robot3.local_costmap.local_costmap]: Timed out waiting for transform from robot3/base_link to robot3/odom to become available, tf error: Invalid frame ID "robot3/odom" passed to canTransform argument target_frame - frame does not exist
[ros2-11] [controller_server-1] [INFO] [1785138280.244494535] [robot3.local_costmap.local_costmap]: Timed out waiting for transform from robot3/base_link to robot3/odom to become available, tf error: Invalid frame ID "robot3/odom" passed to canTransform argument target_frame - frame does not exist
[ros2-11] [controller_server-1] [INFO] [1785138280.744507505] [robot3.local_costmap.local_costmap]: Timed out waiting for transform from robot3/base_link to robot3/odom to become available, tf error: Invalid frame ID "robot3/odom" passed to canTransform argument target_frame - frame does not exist
[ros2-11] [controller_server-1] [INFO] [1785138281.244500793] [robot3.local_costmap.local_costmap]: Timed out waiting for transform from robot3/base_link to robot3/odom to become available, tf error: Invalid frame ID "robot3/odom" passed to canTransform argument target_frame - frame does not exist
[ros2-11] [controller_server-1] [INFO] [1785138281.744500737] [robot3.local_costmap.local_costmap]: Timed out waiting for transform from robot3/base_link to robot3/odom to become available, tf error: Invalid frame ID "robot3/odom" passed to canTransform argument target_frame - frame does not exist
[ros2-11] [controller_server-1] [INFO] [1785138282.244502336] [robot3.local_costmap.local_costmap]: Timed out waiting for transform from robot3/base_link to robot3/odom to become available, tf error: Invalid frame ID "robot3/odom" passed to canTransform argument target_frame - frame does not exist
[ros2-11] [controller_server-1] [INFO] [1785138282.744506966] [robot3.local_costmap.local_costmap]: Timed out waiting for transform from robot3/base_link to robot3/odom to become available, tf error: Invalid frame ID "robot3/odom" passed to canTransform argument target_frame - frame does not exist
[ros2-11] [controller_server-1] [INFO] [1785138283.244458696] [robot3.local_costmap.local_costmap]: Timed out waiting for transform from robot3/base_link to robot3/odom to become available, tf error: Invalid frame ID "robot3/odom" passed to canTransform argument target_frame - frame does not exist
[ros2-11] [controller_server-1] [INFO] [1785138283.744500003] [robot3.local_costmap.local_costmap]: Timed out waiting for transform from robot3/base_link to robot3/odom to become available, tf error: Invalid frame ID "robot3/odom" passed to canTransform argument target_frame - frame does not exist
[ros2-11] [controller_server-1] [INFO] [1785138284.244500338] [robot3.local_costmap.local_costmap]: Timed out waiting for transform from robot3/base_link to robot3/odom to become available, tf error: Invalid frame ID "robot3/odom" passed to canTransform argument target_frame - frame does not exist
[ros2-11] [controller_server-1] [INFO] [1785138284.744506079] [robot3.local_costmap.local_costmap]: Timed out waiting for transform from robot3/base_link to robot3/odom to become available, tf error: Invalid frame ID "robot3/odom" passed to canTransform argument target_frame - frame does not exist
[ros2-11] [controller_server-1] [INFO] [1785138285.244501885] [robot3.local_costmap.local_costmap]: Timed out waiting for transform from robot3/base_link to robot3/odom to become available, tf error: Invalid frame ID "robot3/odom" passed to canTransform argument target_frame - frame does not exist
[ros2-11] [controller_server-1] [INFO] [1785138285.744501208] [robot3.local_costmap.local_costmap]: Timed out waiting for transform from robot3/base_link to robot3/odom to become available, tf error: Invalid frame ID "robot3/odom" passed to canTransform argument target_frame - frame does not exist
[ros2-11] [controller_server-1] [INFO] [1785138286.244501514] [robot3.local_costmap.local_costmap]: Timed out waiting for transform from robot3/base_link to robot3/odom to become available, tf error: Invalid frame ID "robot3/odom" passed to canTransform argument target_frame - frame does not exist
[ros2-11] [controller_server-1] [INFO] [1785138286.744520502] [robot3.local_costmap.local_costmap]: Timed out waiting for transform from robot3/base_link to robot3/odom to become available, tf error: Invalid frame ID "robot3/odom" passed to canTransform argument target_frame - frame does not exist
[ros2-11] [controller_server-1] [INFO] [1785138287.244503747] [robot3.local_costmap.local_costmap]: Timed out waiting for transform from robot3/base_link to robot3/odom to become available, tf error: Invalid frame ID "robot3/odom" passed to canTransform argument target_frame - frame does not exist
[ros2-11] [controller_server-1] [INFO] [1785138287.744499671] [robot3.local_costmap.local_costmap]: Timed out waiting for transform from robot3/base_link to robot3/odom to become available, tf error: Invalid frame ID "robot3/odom" passed to canTransform argument target_frame - frame does not exist
[ros2-11] [controller_server-1] [INFO] [1785138288.244502579] [robot3.local_costmap.local_costmap]: Timed out waiting for transform from robot3/base_link to robot3/odom to become available, tf error: Invalid frame ID "robot3/odom" passed to canTransform argument target_frame - frame does not exist
[ros2-11] [controller_server-1] [INFO] [1785138288.744505391] [robot3.local_costmap.local_costmap]: Timed out waiting for transform from robot3/base_link to robot3/odom to become available, tf error: Invalid frame ID "robot3/odom" passed to canTransform argument target_frame - frame does not exist
[ros2-11] [controller_server-1] [INFO] [1785138289.244499777] [robot3.local_costmap.local_costmap]: Timed out waiting for transform from robot3/base_link to robot3/odom to become available, tf error: Invalid frame ID "robot3/odom" passed to canTransform argument target_frame - frame does not exist
[ros2-11] [controller_server-1] [INFO] [1785138289.744510970] [robot3.local_costmap.local_costmap]: Timed out waiting for transform from robot3/base_link to robot3/odom to become available, tf error: Invalid frame ID "robot3/odom" passed to canTransform argument target_frame - frame does not exist
[ros2-11] [controller_server-1] [INFO] [1785138290.244507582] [robot3.local_costmap.local_costmap]: Timed out waiting for transform from robot3/base_link to robot3/odom to become available, tf error: Invalid frame ID "robot3/odom" passed to canTransform argument target_frame - frame does not exist
[ros2-11] [controller_server-1] [INFO] [1785138290.744514796] [robot3.local_costmap.local_costmap]: Timed out waiting for transform from robot3/base_link to robot3/odom to become available, tf error: Invalid frame ID "robot3/odom" passed to canTransform argument target_frame - frame does not exist
[ros2-11] [controller_server-1] [INFO] [1785138291.244504500] [robot3.local_costmap.local_costmap]: Timed out waiting for transform from robot3/base_link to robot3/odom to become available, tf error: Invalid frame ID "robot3/odom" passed to canTransform argument target_frame - frame does not exist
[ros2-11] [controller_server-1] [INFO] [1785138291.744505935] [robot3.local_costmap.local_costmap]: Timed out waiting for transform from robot3/base_link to robot3/odom to become available, tf error: Invalid frame ID "robot3/odom" passed to canTransform argument target_frame - frame does not exist
[ros2-11] [controller_server-1] [INFO] [1785138292.244500100] [robot3.local_costmap.local_costmap]: Timed out waiting for transform from robot3/base_link to robot3/odom to become available, tf error: Invalid frame ID "robot3/odom" passed to canTransform argument target_frame - frame does not exist
[ros2-11] [controller_server-1] [INFO] [1785138292.744500164] [robot3.local_costmap.local_costmap]: Timed out waiting for transform from robot3/base_link to robot3/odom to become available, tf error: Invalid frame ID "robot3/odom" passed to canTransform argument target_frame - frame does not exist
[ros2-11] [controller_server-1] [INFO] [1785138293.244500115] [robot3.local_costmap.local_costmap]: Timed out waiting for transform from robot3/base_link to robot3/odom to become available, tf error: Invalid frame ID "robot3/odom" passed to canTransform argument target_frame - frame does not exist
[ros2-11] [controller_server-1] [INFO] [1785138293.744502416] [robot3.local_costmap.local_costmap]: Timed out waiting for transform from robot3/base_link to robot3/odom to become available, tf error: Invalid frame ID "robot3/odom" passed to canTransform argument target_frame - frame does not exist
[ros2-11] [controller_server-1] [INFO] [1785138294.244515058] [robot3.local_costmap.local_costmap]: Timed out waiting for transform from robot3/base_link to robot3/odom to become available, tf error: Invalid frame ID "robot3/odom" passed to canTransform argument target_frame - frame does not exist
[ros2-11] [controller_server-1] [INFO] [1785138294.744501818] [robot3.local_costmap.local_costmap]: Timed out waiting for transform from robot3/base_link to robot3/odom to become available, tf error: Invalid frame ID "robot3/odom" passed to canTransform argument target_frame - frame does not exist
[ros2-11] [controller_server-1] [INFO] [1785138295.244502907] [robot3.local_costmap.local_costmap]: Timed out waiting for transform from robot3/base_link to robot3/odom to become available, tf error: Invalid frame ID "robot3/odom" passed to canTransform argument target_frame - frame does not exist
[ros2-11] [controller_server-1] [INFO] [1785138295.744500553] [robot3.local_costmap.local_costmap]: Timed out waiting for transform from robot3/base_link to robot3/odom to become available, tf error: Invalid frame ID "robot3/odom" passed to canTransform argument target_frame - frame does not exist
[ros2-11] [controller_server-1] [INFO] [1785138296.244501687] [robot3.local_costmap.local_costmap]: Timed out waiting for transform from robot3/base_link to robot3/odom to become available, tf error: Invalid frame ID "robot3/odom" passed to canTransform argument target_frame - frame does not exist
[ros2-11] [controller_server-1] [INFO] [1785138296.744502737] [robot3.local_costmap.local_costmap]: Timed out waiting for transform from robot3/base_link to robot3/odom to become available, tf error: Invalid frame ID "robot3/odom" passed to canTransform argument target_frame - frame does not exist
[ros2-11] [controller_server-1] [INFO] [1785138297.244503827] [robot3.local_costmap.local_costmap]: Timed out waiting for transform from robot3/base_link to robot3/odom to become available, tf error: Invalid frame ID "robot3/odom" passed to canTransform argument target_frame - frame does not exist
[ros2-11] [controller_server-1] [INFO] [1785138297.744501439] [robot3.local_costmap.local_costmap]: Timed out waiting for transform from robot3/base_link to robot3/odom to become available, tf error: Invalid frame ID "robot3/odom" passed to canTransform argument target_frame - frame does not exist
[ros2-11] [controller_server-1] [INFO] [1785138298.244502221] [robot3.local_costmap.local_costmap]: Timed out waiting for transform from robot3/base_link to robot3/odom to become available, tf error: Invalid frame ID "robot3/odom" passed to canTransform argument target_frame - frame does not exist
[ros2-11] [controller_server-1] [INFO] [1785138298.744502149] [robot3.local_costmap.local_costmap]: Timed out waiting for transform from robot3/base_link to robot3/odom to become available, tf error: Invalid frame ID "robot3/odom" passed to canTransform argument target_frame - frame does not exist
[ros2-11] [controller_server-1] [INFO] [1785138299.244500419] [robot3.local_costmap.local_costmap]: Timed out waiting for transform from robot3/base_link to robot3/odom to become available, tf error: Invalid frame ID "robot3/odom" passed to canTransform argument target_frame - frame does not exist
[ros2-11] [controller_server-1] [INFO] [1785138299.744504442] [robot3.local_costmap.local_costmap]: Timed out waiting for transform from robot3/base_link to robot3/odom to become available, tf error: Invalid frame ID "robot3/odom" passed to canTransform argument target_frame - frame does not exist
[ros2-11] [controller_server-1] [INFO] [1785138300.244503548] [robot3.local_costmap.local_costmap]: Timed out waiting for transform from robot3/base_link to robot3/odom to become available, tf error: Invalid frame ID "robot3/odom" passed to canTransform argument target_frame - frame does not exist
[ros2-11] [controller_server-1] [INFO] [1785138300.744503948] [robot3.local_costmap.local_costmap]: Timed out waiting for transform from robot3/base_link to robot3/odom to become available, tf error: Invalid frame ID "robot3/odom" passed to canTransform argument target_frame - frame does not exist
[ros2-11] [controller_server-1] [INFO] [1785138301.244500333] [robot3.local_costmap.local_costmap]: Timed out waiting for transform from robot3/base_link to robot3/odom to become available, tf error: Invalid frame ID "robot3/odom" passed to canTransform argument target_frame - frame does not exist
[ros2-11] [controller_server-1] [INFO] [1785138301.744499248] [robot3.local_costmap.local_costmap]: Timed out waiting for transform from robot3/base_link to robot3/odom to become available, tf error: Invalid frame ID "robot3/odom" passed to canTransform argument target_frame - frame does not exist
[ros2-11] [controller_server-1] [INFO] [1785138302.244503835] [robot3.local_costmap.local_costmap]: Timed out waiting for transform from robot3/base_link to robot3/odom to become available, tf error: Invalid frame ID "robot3/odom" passed to canTransform argument target_frame - frame does not exist
[ros2-11] [controller_server-1] [INFO] [1785138302.744497460] [robot3.local_costmap.local_costmap]: Timed out waiting for transform from robot3/base_link to robot3/odom to become available, tf error: Invalid frame ID "robot3/odom" passed to canTransform argument target_frame - frame does not exist
[ros2-11] [controller_server-1] [INFO] [1785138303.244501245] [robot3.local_costmap.local_costmap]: Timed out waiting for transform from robot3/base_link to robot3/odom to become available, tf error: Invalid frame ID "robot3/odom" passed to canTransform argument target_frame - frame does not exist
[ros2-11] [controller_server-1] [INFO] [1785138303.744512139] [robot3.local_costmap.local_costmap]: Timed out waiting for transform from robot3/base_link to robot3/odom to become available, tf error: Invalid frame ID "robot3/odom" passed to canTransform argument target_frame - frame does not exist
[ros2-11] [controller_server-1] [INFO] [1785138304.244500378] [robot3.local_costmap.local_costmap]: Timed out waiting for transform from robot3/base_link to robot3/odom to become available, tf error: Invalid frame ID "robot3/odom" passed to canTransform argument target_frame - frame does not exist
[ros2-11] [controller_server-1] [INFO] [1785138304.744499275] [robot3.local_costmap.local_costmap]: Timed out waiting for transform from robot3/base_link to robot3/odom to become available, tf error: Invalid frame ID "robot3/odom" passed to canTransform argument target_frame - frame does not exist
[ros2-11] [controller_server-1] [INFO] [1785138305.244498602] [robot3.local_costmap.local_costmap]: Timed out waiting for transform from robot3/base_link to robot3/odom to become available, tf error: Invalid frame ID "robot3/odom" passed to canTransform argument target_frame - frame does not exist
[ros2-11] [controller_server-1] [INFO] [1785138305.744501173] [robot3.local_costmap.local_costmap]: Timed out waiting for transform from robot3/base_link to robot3/odom to become available, tf error: Invalid frame ID "robot3/odom" passed to canTransform argument target_frame - frame does not exist
[ros2-11] [controller_server-1] [INFO] [1785138306.244498396] [robot3.local_costmap.local_costmap]: Timed out waiting for transform from robot3/base_link to robot3/odom to become available, tf error: Invalid frame ID "robot3/odom" passed to canTransform argument target_frame - frame does not exist
[ros2-11] [controller_server-1] [INFO] [1785138306.744500730] [robot3.local_costmap.local_costmap]: Timed out waiting for transform from robot3/base_link to robot3/odom to become available, tf error: Invalid frame ID "robot3/odom" passed to canTransform argument target_frame - frame does not exist
[ros2-11] [controller_server-1] [INFO] [1785138307.244499791] [robot3.local_costmap.local_costmap]: Timed out waiting for transform from robot3/base_link to robot3/odom to become available, tf error: Invalid frame ID "robot3/odom" passed to canTransform argument target_frame - frame does not exist
[ros2-11] [controller_server-1] [INFO] [1785138307.744496773] [robot3.local_costmap.local_costmap]: Timed out waiting for transform from robot3/base_link to robot3/odom to become available, tf error: Invalid frame ID "robot3/odom" passed to canTransform argument target_frame - frame does not exist
[ros2-11] [controller_server-1] [INFO] [1785138308.244495599] [robot3.local_costmap.local_costmap]: Timed out waiting for transform from robot3/base_link to robot3/odom to become available, tf error: Invalid frame ID "robot3/odom" passed to canTransform argument target_frame - frame does not exist
[ros2-11] [controller_server-1] [INFO] [1785138308.744501867] [robot3.local_costmap.local_costmap]: Timed out waiting for transform from robot3/base_link to robot3/odom to become available, tf error: Invalid frame ID "robot3/odom" passed to canTransform argument target_frame - frame does not exist
[ros2-11] [controller_server-1] [INFO] [1785138309.244512962] [robot3.local_costmap.local_costmap]: Timed out waiting for transform from robot3/base_link to robot3/odom to become available, tf error: Invalid frame ID "robot3/odom" passed to canTransform argument target_frame - frame does not exist
[ros2-11] [controller_server-1] [INFO] [1785138309.744501684] [robot3.local_costmap.local_costmap]: Timed out waiting for transform from robot3/base_link to robot3/odom to become available, tf error: Invalid frame ID "robot3/odom" passed to canTransform argument target_frame - frame does not exist
[ros2-11] [controller_server-1] [INFO] [1785138310.244506244] [robot3.local_costmap.local_costmap]: Timed out waiting for transform from robot3/base_link to robot3/odom to become available, tf error: Invalid frame ID "robot3/odom" passed to canTransform argument target_frame - frame does not exist
[ros2-11] [controller_server-1] [INFO] [1785138310.744511704] [robot3.local_costmap.local_costmap]: Timed out waiting for transform from robot3/base_link to robot3/odom to become available, tf error: Invalid frame ID "robot3/odom" passed to canTransform argument target_frame - frame does not exist
[ros2-11] [controller_server-1] [INFO] [1785138311.244500544] [robot3.local_costmap.local_costmap]: Timed out waiting for transform from robot3/base_link to robot3/odom to become available, tf error: Invalid frame ID "robot3/odom" passed to canTransform argument target_frame - frame does not exist
[ros2-11] [controller_server-1] [INFO] [1785138311.744503674] [robot3.local_costmap.local_costmap]: Timed out waiting for transform from robot3/base_link to robot3/odom to become available, tf error: Invalid frame ID "robot3/odom" passed to canTransform argument target_frame - frame does not exist
[ros2-11] [controller_server-1] [INFO] [1785138312.244503347] [robot3.local_costmap.local_costmap]: Timed out waiting for transform from robot3/base_link to robot3/odom to become available, tf error: Invalid frame ID "robot3/odom" passed to canTransform argument target_frame - frame does not exist
[ros2-11] [controller_server-1] [INFO] [1785138312.744500176] [robot3.local_costmap.local_costmap]: Timed out waiting for transform from robot3/base_link to robot3/odom to become available, tf error: Invalid frame ID "robot3/odom" passed to canTransform argument target_frame - frame does not exist
[ros2-11] [controller_server-1] [INFO] [1785138313.244499276] [robot3.local_costmap.local_costmap]: Timed out waiting for transform from robot3/base_link to robot3/odom to become available, tf error: Invalid frame ID "robot3/odom" passed to canTransform argument target_frame - frame does not exist
[ros2-11] [controller_server-1] [INFO] [1785138313.744504403] [robot3.local_costmap.local_costmap]: Timed out waiting for transform from robot3/base_link to robot3/odom to become available, tf error: Invalid frame ID "robot3/odom" passed to canTransform argument target_frame - frame does not exist
[ros2-11] [controller_server-1] [INFO] [1785138314.244518330] [robot3.local_costmap.local_costmap]: Timed out waiting for transform from robot3/base_link to robot3/odom to become available, tf error: Invalid frame ID "robot3/odom" passed to canTransform argument target_frame - frame does not exist
[ros2-11] [controller_server-1] [INFO] [1785138314.744501139] [robot3.local_costmap.local_costmap]: Timed out waiting for transform from robot3/base_link to robot3/odom to become available, tf error: Invalid frame ID "robot3/odom" passed to canTransform argument target_frame - frame does not exist
[ros2-11] [controller_server-1] [INFO] [1785138315.244502660] [robot3.local_costmap.local_costmap]: Timed out waiting for transform from robot3/base_link to robot3/odom to become available, tf error: Invalid frame ID "robot3/odom" passed to canTransform argument target_frame - frame does not exist
[ros2-11] [controller_server-1] [INFO] [1785138315.744503176] [robot3.local_costmap.local_costmap]: Timed out waiting for transform from robot3/base_link to robot3/odom to become available, tf error: Invalid frame ID "robot3/odom" passed to canTransform argument target_frame - frame does not exist
[ros2-11] [controller_server-1] [INFO] [1785138316.244501732] [robot3.local_costmap.local_costmap]: Timed out waiting for transform from robot3/base_link to robot3/odom to become available, tf error: Invalid frame ID "robot3/odom" passed to canTransform argument target_frame - frame does not exist
[ros2-11] [controller_server-1] [INFO] [1785138316.744504179] [robot3.local_costmap.local_costmap]: Timed out waiting for transform from robot3/base_link to robot3/odom to become available, tf error: Invalid frame ID "robot3/odom" passed to canTransform argument target_frame - frame does not exist
[ros2-11] [controller_server-1] [INFO] [1785138317.244499480] [robot3.local_costmap.local_costmap]: Timed out waiting for transform from robot3/base_link to robot3/odom to become available, tf error: Invalid frame ID "robot3/odom" passed to canTransform argument target_frame - frame does not exist
[ros2-11] [controller_server-1] [INFO] [1785138317.744502515] [robot3.local_costmap.local_costmap]: Timed out waiting for transform from robot3/base_link to robot3/odom to become available, tf error: Invalid frame ID "robot3/odom" passed to canTransform argument target_frame - frame does not exist
[ros2-11] [controller_server-1] [INFO] [1785138318.244510482] [robot3.local_costmap.local_costmap]: Timed out waiting for transform from robot3/base_link to robot3/odom to become available, tf error: Invalid frame ID "robot3/odom" passed to canTransform argument target_frame - frame does not exist
[ros2-11] [controller_server-1] [INFO] [1785138318.744499326] [robot3.local_costmap.local_costmap]: Timed out waiting for transform from robot3/base_link to robot3/odom to become available, tf error: Invalid frame ID "robot3/odom" passed to canTransform argument target_frame - frame does not exist
[ros2-11] [controller_server-1] [INFO] [1785138319.244502514] [robot3.local_costmap.local_costmap]: Timed out waiting for transform from robot3/base_link to robot3/odom to become available, tf error: Invalid frame ID "robot3/odom" passed to canTransform argument target_frame - frame does not exist
[ros2-11] [controller_server-1] [INFO] [1785138319.744502927] [robot3.local_costmap.local_costmap]: Timed out waiting for transform from robot3/base_link to robot3/odom to become available, tf error: Invalid frame ID "robot3/odom" passed to canTransform argument target_frame - frame does not exist
[ros2-11] [controller_server-1] [INFO] [1785138320.244513557] [robot3.local_costmap.local_costmap]: Timed out waiting for transform from robot3/base_link to robot3/odom to become available, tf error: Invalid frame ID "robot3/odom" passed to canTransform argument target_frame - frame does not exist
[ros2-11] [controller_server-1] [INFO] [1785138320.744505324] [robot3.local_costmap.local_costmap]: Timed out waiting for transform from robot3/base_link to robot3/odom to become available, tf error: Invalid frame ID "robot3/odom" passed to canTransform argument target_frame - frame does not exist
[ros2-11] [controller_server-1] [INFO] [1785138321.244503937] [robot3.local_costmap.local_costmap]: Timed out waiting for transform from robot3/base_link to robot3/odom to become available, tf error: Invalid frame ID "robot3/odom" passed to canTransform argument target_frame - frame does not exist
[ros2-11] [controller_server-1] [INFO] [1785138321.744500434] [robot3.local_costmap.local_costmap]: Timed out waiting for transform from robot3/base_link to robot3/odom to become available, tf error: Invalid frame ID "robot3/odom" passed to canTransform argument target_frame - frame does not exist
[ros2-11] [controller_server-1] [INFO] [1785138322.244503243] [robot3.local_costmap.local_costmap]: Timed out waiting for transform from robot3/base_link to robot3/odom to become available, tf error: Invalid frame ID "robot3/odom" passed to canTransform argument target_frame - frame does not exist
[ros2-11] [controller_server-1] [INFO] [1785138322.744498228] [robot3.local_costmap.local_costmap]: Timed out waiting for transform from robot3/base_link to robot3/odom to become available, tf error: Invalid frame ID "robot3/odom" passed to canTransform argument target_frame - frame does not exist
[ros2-11] [controller_server-1] [INFO] [1785138323.244498498] [robot3.local_costmap.local_costmap]: Timed out waiting for transform from robot3/base_link to robot3/odom to become available, tf error: Invalid frame ID "robot3/odom" passed to canTransform argument target_frame - frame does not exist
[ros2-11] [controller_server-1] [INFO] [1785138323.744506778] [robot3.local_costmap.local_costmap]: Timed out waiting for transform from robot3/base_link to robot3/odom to become available, tf error: Invalid frame ID "robot3/odom" passed to canTransform argument target_frame - frame does not exist
[ros2-11] [controller_server-1] [INFO] [1785138324.244503624] [robot3.local_costmap.local_costmap]: Timed out waiting for transform from robot3/base_link to robot3/odom to become available, tf error: Invalid frame ID "robot3/odom" passed to canTransform argument target_frame - frame does not exist
[ros2-11] [controller_server-1] [INFO] [1785138324.744502065] [robot3.local_costmap.local_costmap]: Timed out waiting for transform from robot3/base_link to robot3/odom to become available, tf error: Invalid frame ID "robot3/odom" passed to canTransform argument target_frame - frame does not exist
[ros2-11] [controller_server-1] [INFO] [1785138325.244518642] [robot3.local_costmap.local_costmap]: Timed out waiting for transform from robot3/base_link to robot3/odom to become available, tf error: Invalid frame ID "robot3/odom" passed to canTransform argument target_frame - frame does not exist
[ros2-11] [controller_server-1] [INFO] [1785138325.744510073] [robot3.local_costmap.local_costmap]: Timed out waiting for transform from robot3/base_link to robot3/odom to become available, tf error: Invalid frame ID "robot3/odom" passed to canTransform argument target_frame - frame does not exist
[ros2-11] [controller_server-1] [INFO] [1785138326.244497826] [robot3.local_costmap.local_costmap]: Timed out waiting for transform from robot3/base_link to robot3/odom to become available, tf error: Invalid frame ID "robot3/odom" passed to canTransform argument target_frame - frame does not exist
[ros2-11] [controller_server-1] [INFO] [1785138326.744478599] [robot3.local_costmap.local_costmap]: Timed out waiting for transform from robot3/base_link to robot3/odom to become available, tf error: Invalid frame ID "robot3/odom" passed to canTransform argument target_frame - frame does not exist
[ros2-11] [controller_server-1] [INFO] [1785138327.244506362] [robot3.local_costmap.local_costmap]: Timed out waiting for transform from robot3/base_link to robot3/odom to become available, tf error: Invalid frame ID "robot3/odom" passed to canTransform argument target_frame - frame does not exist
[ros2-11] [controller_server-1] [INFO] [1785138327.744502773] [robot3.local_costmap.local_costmap]: Timed out waiting for transform from robot3/base_link to robot3/odom to become available, tf error: Invalid frame ID "robot3/odom" passed to canTransform argument target_frame - frame does not exist
[ros2-11] [controller_server-1] [INFO] [1785138328.244499678] [robot3.local_costmap.local_costmap]: Timed out waiting for transform from robot3/base_link to robot3/odom to become available, tf error: Invalid frame ID "robot3/odom" passed to canTransform argument target_frame - frame does not exist
[ros2-11] [controller_server-1] [INFO] [1785138328.744500553] [robot3.local_costmap.local_costmap]: Timed out waiting for transform from robot3/base_link to robot3/odom to become available, tf error: Invalid frame ID "robot3/odom" passed to canTransform argument target_frame - frame does not exist
[ros2-11] [controller_server-1] [INFO] [1785138329.244506823] [robot3.local_costmap.local_costmap]: Timed out waiting for transform from robot3/base_link to robot3/odom to become available, tf error: Invalid frame ID "robot3/odom" passed to canTransform argument target_frame - frame does not exist
[ros2-11] [controller_server-1] [INFO] [1785138329.744471019] [robot3.local_costmap.local_costmap]: Timed out waiting for transform from robot3/base_link to robot3/odom to become available, tf error: Invalid frame ID "robot3/odom" passed to canTransform argument target_frame - frame does not exist
[ros2-11] [controller_server-1] [INFO] [1785138330.244505687] [robot3.local_costmap.local_costmap]: Timed out waiting for transform from robot3/base_link to robot3/odom to become available, tf error: Invalid frame ID "robot3/odom" passed to canTransform argument target_frame - frame does not exist
[ros2-11] [controller_server-1] [INFO] [1785138330.744506411] [robot3.local_costmap.local_costmap]: Timed out waiting for transform from robot3/base_link to robot3/odom to become available, tf error: Invalid frame ID "robot3/odom" passed to canTransform argument target_frame - frame does not exist
[ros2-11] [controller_server-1] [INFO] [1785138331.244508595] [robot3.local_costmap.local_costmap]: Timed out waiting for transform from robot3/base_link to robot3/odom to become available, tf error: Invalid frame ID "robot3/odom" passed to canTransform argument target_frame - frame does not exist
[ros2-11] [controller_server-1] [INFO] [1785138331.744478141] [robot3.local_costmap.local_costmap]: Timed out waiting for transform from robot3/base_link to robot3/odom to become available, tf error: Invalid frame ID "robot3/odom" passed to canTransform argument target_frame - frame does not exist
[ros2-11] [controller_server-1] [INFO] [1785138332.244500774] [robot3.local_costmap.local_costmap]: Timed out waiting for transform from robot3/base_link to robot3/odom to become available, tf error: Invalid frame ID "robot3/odom" passed to canTransform argument target_frame - frame does not exist
[ros2-11] [controller_server-1] [INFO] [1785138332.744502239] [robot3.local_costmap.local_costmap]: Timed out waiting for transform from robot3/base_link to robot3/odom to become available, tf error: Invalid frame ID "robot3/odom" passed to canTransform argument target_frame - frame does not exist
[ros2-11] [controller_server-1] [INFO] [1785138333.244535403] [robot3.local_costmap.local_costmap]: Timed out waiting for transform from robot3/base_link to robot3/odom to become available, tf error: Invalid frame ID "robot3/odom" passed to canTransform argument target_frame - frame does not exist
[ros2-11] [controller_server-1] [INFO] [1785138333.744502699] [robot3.local_costmap.local_costmap]: Timed out waiting for transform from robot3/base_link to robot3/odom to become available, tf error: Invalid frame ID "robot3/odom" passed to canTransform argument target_frame - frame does not exist
[ros2-11] [controller_server-1] [INFO] [1785138334.244503250] [robot3.local_costmap.local_costmap]: Timed out waiting for transform from robot3/base_link to robot3/odom to become available, tf error: Invalid frame ID "robot3/odom" passed to canTransform argument target_frame - frame does not exist
[ros2-11] [controller_server-1] [INFO] [1785138334.744498723] [robot3.local_costmap.local_costmap]: Timed out waiting for transform from robot3/base_link to robot3/odom to become available, tf error: Invalid frame ID "robot3/odom" passed to canTransform argument target_frame - frame does not exist
[ros2-11] [controller_server-1] [INFO] [1785138335.244524127] [robot3.local_costmap.local_costmap]: Timed out waiting for transform from robot3/base_link to robot3/odom to become available, tf error: Invalid frame ID "robot3/odom" passed to canTransform argument target_frame - frame does not exist
[ros2-11] [controller_server-1] [INFO] [1785138335.744504387] [robot3.local_costmap.local_costmap]: Timed out waiting for transform from robot3/base_link to robot3/odom to become available, tf error: Invalid frame ID "robot3/odom" passed to canTransform argument target_frame - frame does not exist
[ros2-11] [controller_server-1] [INFO] [1785138336.244504048] [robot3.local_costmap.local_costmap]: Timed out waiting for transform from robot3/base_link to robot3/odom to become available, tf error: Invalid frame ID "robot3/odom" passed to canTransform argument target_frame - frame does not exist
[ros2-11] [controller_server-1] [INFO] [1785138336.744507121] [robot3.local_costmap.local_costmap]: Timed out waiting for transform from robot3/base_link to robot3/odom to become available, tf error: Invalid frame ID "robot3/odom" passed to canTransform argument target_frame - frame does not exist
[ros2-11] [controller_server-1] [INFO] [1785138337.244520576] [robot3.local_costmap.local_costmap]: Timed out waiting for transform from robot3/base_link to robot3/odom to become available, tf error: Invalid frame ID "robot3/odom" passed to canTransform argument target_frame - frame does not exist
[ros2-11] [controller_server-1] [INFO] [1785138337.744502259] [robot3.local_costmap.local_costmap]: Timed out waiting for transform from robot3/base_link to robot3/odom to become available, tf error: Invalid frame ID "robot3/odom" passed to canTransform argument target_frame - frame does not exist
[ros2-11] [controller_server-1] [INFO] [1785138338.244511707] [robot3.local_costmap.local_costmap]: Timed out waiting for transform from robot3/base_link to robot3/odom to become available, tf error: Invalid frame ID "robot3/odom" passed to canTransform argument target_frame - frame does not exist
[ros2-11] [controller_server-1] [INFO] [1785138338.744501268] [robot3.local_costmap.local_costmap]: Timed out waiting for transform from robot3/base_link to robot3/odom to become available, tf error: Invalid frame ID "robot3/odom" passed to canTransform argument target_frame - frame does not exist
[ros2-11] [controller_server-1] [INFO] [1785138339.244500957] [robot3.local_costmap.local_costmap]: Timed out waiting for transform from robot3/base_link to robot3/odom to become available, tf error: Invalid frame ID "robot3/odom" passed to canTransform argument target_frame - frame does not exist
[ros2-11] [controller_server-1] [INFO] [1785138339.744519739] [robot3.local_costmap.local_costmap]: Timed out waiting for transform from robot3/base_link to robot3/odom to become available, tf error: Invalid frame ID "robot3/odom" passed to canTransform argument target_frame - frame does not exist
[ros2-11] [controller_server-1] [INFO] [1785138340.244500126] [robot3.local_costmap.local_costmap]: Timed out waiting for transform from robot3/base_link to robot3/odom to become available, tf error: Invalid frame ID "robot3/odom" passed to canTransform argument target_frame - frame does not exist
[ros2-11] [controller_server-1] [INFO] [1785138340.744501559] [robot3.local_costmap.local_costmap]: Timed out waiting for transform from robot3/base_link to robot3/odom to become available, tf error: Invalid frame ID "robot3/odom" passed to canTransform argument target_frame - frame does not exist
[ros2-11] [controller_server-1] [INFO] [1785138341.244499479] [robot3.local_costmap.local_costmap]: Timed out waiting for transform from robot3/base_link to robot3/odom to become available, tf error: Invalid frame ID "robot3/odom" passed to canTransform argument target_frame - frame does not exist
[ros2-11] [controller_server-1] [INFO] [1785138341.744516358] [robot3.local_costmap.local_costmap]: Timed out waiting for transform from robot3/base_link to robot3/odom to become available, tf error: Invalid frame ID "robot3/odom" passed to canTransform argument target_frame - frame does not exist
[ros2-11] [controller_server-1] [INFO] [1785138342.244501468] [robot3.local_costmap.local_costmap]: Timed out waiting for transform from robot3/base_link to robot3/odom to become available, tf error: Invalid frame ID "robot3/odom" passed to canTransform argument target_frame - frame does not exist
[ros2-11] [controller_server-1] [INFO] [1785138342.744502010] [robot3.local_costmap.local_costmap]: Timed out waiting for transform from robot3/base_link to robot3/odom to become available, tf error: Invalid frame ID "robot3/odom" passed to canTransform argument target_frame - frame does not exist
[ros2-11] [controller_server-1] [INFO] [1785138343.244502496] [robot3.local_costmap.local_costmap]: Timed out waiting for transform from robot3/base_link to robot3/odom to become available, tf error: Invalid frame ID "robot3/odom" passed to canTransform argument target_frame - frame does not exist
[ros2-11] [controller_server-1] [INFO] [1785138343.744502099] [robot3.local_costmap.local_costmap]: Timed out waiting for transform from robot3/base_link to robot3/odom to become available, tf error: Invalid frame ID "robot3/odom" passed to canTransform argument target_frame - frame does not exist
[ros2-11] [controller_server-1] [INFO] [1785138344.244519669] [robot3.local_costmap.local_costmap]: Timed out waiting for transform from robot3/base_link to robot3/odom to become available, tf error: Invalid frame ID "robot3/odom" passed to canTransform argument target_frame - frame does not exist
[ros2-11] [controller_server-1] [INFO] [1785138344.744511401] [robot3.local_costmap.local_costmap]: Timed out waiting for transform from robot3/base_link to robot3/odom to become available, tf error: Invalid frame ID "robot3/odom" passed to canTransform argument target_frame - frame does not exist
[ros2-11] [controller_server-1] [INFO] [1785138345.244502248] [robot3.local_costmap.local_costmap]: Timed out waiting for transform from robot3/base_link to robot3/odom to become available, tf error: Invalid frame ID "robot3/odom" passed to canTransform argument target_frame - frame does not exist
[ros2-11] [controller_server-1] [INFO] [1785138345.744502791] [robot3.local_costmap.local_costmap]: Timed out waiting for transform from robot3/base_link to robot3/odom to become available, tf error: Invalid frame ID "robot3/odom" passed to canTransform argument target_frame - frame does not exist
[ros2-11] [controller_server-1] [INFO] [1785138346.244504153] [robot3.local_costmap.local_costmap]: Timed out waiting for transform from robot3/base_link to robot3/odom to become available, tf error: Invalid frame ID "robot3/odom" passed to canTransform argument target_frame - frame does not exist
[ros2-11] [controller_server-1] [INFO] [1785138346.744514313] [robot3.local_costmap.local_costmap]: Timed out waiting for transform from robot3/base_link to robot3/odom to become available, tf error: Invalid frame ID "robot3/odom" passed to canTransform argument target_frame - frame does not exist
[ros2-11] [controller_server-1] [INFO] [1785138347.244507155] [robot3.local_costmap.local_costmap]: Timed out waiting for transform from robot3/base_link to robot3/odom to become available, tf error: Invalid frame ID "robot3/odom" passed to canTransform argument target_frame - frame does not exist
[ros2-11] [controller_server-1] [INFO] [1785138347.744503088] [robot3.local_costmap.local_costmap]: Timed out waiting for transform from robot3/base_link to robot3/odom to become available, tf error: Invalid frame ID "robot3/odom" passed to canTransform argument target_frame - frame does not exist
[ros2-11] [controller_server-1] [INFO] [1785138348.244503134] [robot3.local_costmap.local_costmap]: Timed out waiting for transform from robot3/base_link to robot3/odom to become available, tf error: Invalid frame ID "robot3/odom" passed to canTransform argument target_frame - frame does not exist
[ros2-11] [controller_server-1] [INFO] [1785138348.744504133] [robot3.local_costmap.local_costmap]: Timed out waiting for transform from robot3/base_link to robot3/odom to become available, tf error: Invalid frame ID "robot3/odom" passed to canTransform argument target_frame - frame does not exist
[ros2-11] [controller_server-1] [INFO] [1785138349.244500317] [robot3.local_costmap.local_costmap]: Timed out waiting for transform from robot3/base_link to robot3/odom to become available, tf error: Invalid frame ID "robot3/odom" passed to canTransform argument target_frame - frame does not exist
[ros2-11] [controller_server-1] [INFO] [1785138349.744501197] [robot3.local_costmap.local_costmap]: Timed out waiting for transform from robot3/base_link to robot3/odom to become available, tf error: Invalid frame ID "robot3/odom" passed to canTransform argument target_frame - frame does not exist
[ros2-11] [controller_server-1] [INFO] [1785138350.244501894] [robot3.local_costmap.local_costmap]: Timed out waiting for transform from robot3/base_link to robot3/odom to become available, tf error: Invalid frame ID "robot3/odom" passed to canTransform argument target_frame - frame does not exist
[ros2-11] [controller_server-1] [INFO] [1785138350.744504671] [robot3.local_costmap.local_costmap]: Timed out waiting for transform from robot3/base_link to robot3/odom to become available, tf error: Invalid frame ID "robot3/odom" passed to canTransform argument target_frame - frame does not exist
[ros2-11] [controller_server-1] [INFO] [1785138351.244499800] [robot3.local_costmap.local_costmap]: Timed out waiting for transform from robot3/base_link to robot3/odom to become available, tf error: Invalid frame ID "robot3/odom" passed to canTransform argument target_frame - frame does not exist
[ros2-11] [controller_server-1] [INFO] [1785138351.744511088] [robot3.local_costmap.local_costmap]: Timed out waiting for transform from robot3/base_link to robot3/odom to become available, tf error: Invalid frame ID "robot3/odom" passed to canTransform argument target_frame - frame does not exist
[ros2-11] [controller_server-1] [INFO] [1785138352.244502427] [robot3.local_costmap.local_costmap]: Timed out waiting for transform from robot3/base_link to robot3/odom to become available, tf error: Invalid frame ID "robot3/odom" passed to canTransform argument target_frame - frame does not exist
[ros2-11] [controller_server-1] [INFO] [1785138352.744503125] [robot3.local_costmap.local_costmap]: Timed out waiting for transform from robot3/base_link to robot3/odom to become available, tf error: Invalid frame ID "robot3/odom" passed to canTransform argument target_frame - frame does not exist
[ros2-11] [controller_server-1] [INFO] [1785138353.244504384] [robot3.local_costmap.local_costmap]: Timed out waiting for transform from robot3/base_link to robot3/odom to become available, tf error: Invalid frame ID "robot3/odom" passed to canTransform argument target_frame - frame does not exist
[ros2-11] [controller_server-1] [INFO] [1785138353.744505247] [robot3.local_costmap.local_costmap]: Timed out waiting for transform from robot3/base_link to robot3/odom to become available, tf error: Invalid frame ID "robot3/odom" passed to canTransform argument target_frame - frame does not exist
[ros2-11] [controller_server-1] [INFO] [1785138354.244503554] [robot3.local_costmap.local_costmap]: Timed out waiting for transform from robot3/base_link to robot3/odom to become available, tf error: Invalid frame ID "robot3/odom" passed to canTransform argument target_frame - frame does not exist
[ros2-11] [controller_server-1] [INFO] [1785138354.744505837] [robot3.local_costmap.local_costmap]: Timed out waiting for transform from robot3/base_link to robot3/odom to become available, tf error: Invalid frame ID "robot3/odom" passed to canTransform argument target_frame - frame does not exist
[ros2-11] [controller_server-1] [INFO] [1785138355.244500263] [robot3.local_costmap.local_costmap]: Timed out waiting for transform from robot3/base_link to robot3/odom to become available, tf error: Invalid frame ID "robot3/odom" passed to canTransform argument target_frame - frame does not exist
[ros2-11] [controller_server-1] [INFO] [1785138355.744506864] [robot3.local_costmap.local_costmap]: Timed out waiting for transform from robot3/base_link to robot3/odom to become available, tf error: Invalid frame ID "robot3/odom" passed to canTransform argument target_frame - frame does not exist
[ros2-11] [controller_server-1] [INFO] [1785138356.244504989] [robot3.local_costmap.local_costmap]: Timed out waiting for transform from robot3/base_link to robot3/odom to become available, tf error: Invalid frame ID "robot3/odom" passed to canTransform argument target_frame - frame does not exist
[ros2-11] [controller_server-1] [INFO] [1785138356.744500524] [robot3.local_costmap.local_costmap]: Timed out waiting for transform from robot3/base_link to robot3/odom to become available, tf error: Invalid frame ID "robot3/odom" passed to canTransform argument target_frame - frame does not exist
[ros2-11] [controller_server-1] [INFO] [1785138357.244501006] [robot3.local_costmap.local_costmap]: Timed out waiting for transform from robot3/base_link to robot3/odom to become available, tf error: Invalid frame ID "robot3/odom" passed to canTransform argument target_frame - frame does not exist
[ros2-11] [controller_server-1] [INFO] [1785138357.744470850] [robot3.local_costmap.local_costmap]: Timed out waiting for transform from robot3/base_link to robot3/odom to become available, tf error: Invalid frame ID "robot3/odom" passed to canTransform argument target_frame - frame does not exist
[ros2-11] [controller_server-1] [INFO] [1785138358.244515362] [robot3.local_costmap.local_costmap]: Timed out waiting for transform from robot3/base_link to robot3/odom to become available, tf error: Invalid frame ID "robot3/odom" passed to canTransform argument target_frame - frame does not exist
[ros2-11] [controller_server-1] [INFO] [1785138358.744501400] [robot3.local_costmap.local_costmap]: Timed out waiting for transform from robot3/base_link to robot3/odom to become available, tf error: Invalid frame ID "robot3/odom" passed to canTransform argument target_frame - frame does not exist
[ros2-11] [controller_server-1] [INFO] [1785138359.244507701] [robot3.local_costmap.local_costmap]: Timed out waiting for transform from robot3/base_link to robot3/odom to become available, tf error: Invalid frame ID "robot3/odom" passed to canTransform argument target_frame - frame does not exist
[ros2-11] [controller_server-1] [INFO] [1785138359.744504068] [robot3.local_costmap.local_costmap]: Timed out waiting for transform from robot3/base_link to robot3/odom to become available, tf error: Invalid frame ID "robot3/odom" passed to canTransform argument target_frame - frame does not exist
[ros2-11] [controller_server-1] [INFO] [1785138360.244505607] [robot3.local_costmap.local_costmap]: Timed out waiting for transform from robot3/base_link to robot3/odom to become available, tf error: Invalid frame ID "robot3/odom" passed to canTransform argument target_frame - frame does not exist
[ros2-11] [controller_server-1] [INFO] [1785138360.744504174] [robot3.local_costmap.local_costmap]: Timed out waiting for transform from robot3/base_link to robot3/odom to become available, tf error: Invalid frame ID "robot3/odom" passed to canTransform argument target_frame - frame does not exist
[ros2-11] [controller_server-1] [INFO] [1785138361.244503914] [robot3.local_costmap.local_costmap]: Timed out waiting for transform from robot3/base_link to robot3/odom to become available, tf error: Invalid frame ID "robot3/odom" passed to canTransform argument target_frame - frame does not exist
[ros2-11] [controller_server-1] [INFO] [1785138361.744522671] [robot3.local_costmap.local_costmap]: Timed out waiting for transform from robot3/base_link to robot3/odom to become available, tf error: Invalid frame ID "robot3/odom" passed to canTransform argument target_frame - frame does not exist
[ros2-11] [controller_server-1] [INFO] [1785138362.244501791] [robot3.local_costmap.local_costmap]: Timed out waiting for transform from robot3/base_link to robot3/odom to become available, tf error: Invalid frame ID "robot3/odom" passed to canTransform argument target_frame - frame does not exist
[ros2-11] [controller_server-1] [INFO] [1785138362.744504383] [robot3.local_costmap.local_costmap]: Timed out waiting for transform from robot3/base_link to robot3/odom to become available, tf error: Invalid frame ID "robot3/odom" passed to canTransform argument target_frame - frame does not exist
[ros2-11] [controller_server-1] [INFO] [1785138363.244506436] [robot3.local_costmap.local_costmap]: Timed out waiting for transform from robot3/base_link to robot3/odom to become available, tf error: Invalid frame ID "robot3/odom" passed to canTransform argument target_frame - frame does not exist
[ros2-11] [controller_server-1] [INFO] [1785138363.744518880] [robot3.local_costmap.local_costmap]: Timed out waiting for transform from robot3/base_link to robot3/odom to become available, tf error: Invalid frame ID "robot3/odom" passed to canTransform argument target_frame - frame does not exist
[ros2-11] [controller_server-1] [INFO] [1785138364.244505050] [robot3.local_costmap.local_costmap]: Timed out waiting for transform from robot3/base_link to robot3/odom to become available, tf error: Invalid frame ID "robot3/odom" passed to canTransform argument target_frame - frame does not exist
[ros2-11] [controller_server-1] [INFO] [1785138364.744506832] [robot3.local_costmap.local_costmap]: Timed out waiting for transform from robot3/base_link to robot3/odom to become available, tf error: Invalid frame ID "robot3/odom" passed to canTransform argument target_frame - frame does not exist
[ros2-11] [controller_server-1] [INFO] [1785138365.244507988] [robot3.local_costmap.local_costmap]: Timed out waiting for transform from robot3/base_link to robot3/odom to become available, tf error: Invalid frame ID "robot3/odom" passed to canTransform argument target_frame - frame does not exist
[ros2-11] [controller_server-1] [INFO] [1785138365.744503110] [robot3.local_costmap.local_costmap]: Timed out waiting for transform from robot3/base_link to robot3/odom to become available, tf error: Invalid frame ID "robot3/odom" passed to canTransform argument target_frame - frame does not exist
[ros2-11] [controller_server-1] [INFO] [1785138366.244506729] [robot3.local_costmap.local_costmap]: Timed out waiting for transform from robot3/base_link to robot3/odom to become available, tf error: Invalid frame ID "robot3/odom" passed to canTransform argument target_frame - frame does not exist
[ros2-11] [controller_server-1] [INFO] [1785138366.744510658] [robot3.local_costmap.local_costmap]: Timed out waiting for transform from robot3/base_link to robot3/odom to become available, tf error: Invalid frame ID "robot3/odom" passed to canTransform argument target_frame - frame does not exist
[ros2-11] [controller_server-1] [INFO] [1785138367.244507983] [robot3.local_costmap.local_costmap]: Timed out waiting for transform from robot3/base_link to robot3/odom to become available, tf error: Invalid frame ID "robot3/odom" passed to canTransform argument target_frame - frame does not exist
[ros2-11] [controller_server-1] [INFO] [1785138367.744508537] [robot3.local_costmap.local_costmap]: Timed out waiting for transform from robot3/base_link to robot3/odom to become available, tf error: Invalid frame ID "robot3/odom" passed to canTransform argument target_frame - frame does not exist
[ros2-11] [controller_server-1] [INFO] [1785138368.244526212] [robot3.local_costmap.local_costmap]: Timed out waiting for transform from robot3/base_link to robot3/odom to become available, tf error: Invalid frame ID "robot3/odom" passed to canTransform argument target_frame - frame does not exist
[ros2-11] [controller_server-1] [INFO] [1785138368.744509218] [robot3.local_costmap.local_costmap]: Timed out waiting for transform from robot3/base_link to robot3/odom to become available, tf error: Invalid frame ID "robot3/odom" passed to canTransform argument target_frame - frame does not exist
[ros2-11] [controller_server-1] [INFO] [1785138369.244505638] [robot3.local_costmap.local_costmap]: Timed out waiting for transform from robot3/base_link to robot3/odom to become available, tf error: Invalid frame ID "robot3/odom" passed to canTransform argument target_frame - frame does not exist
[ros2-11] [controller_server-1] [INFO] [1785138369.744501946] [robot3.local_costmap.local_costmap]: Timed out waiting for transform from robot3/base_link to robot3/odom to become available, tf error: Invalid frame ID "robot3/odom" passed to canTransform argument target_frame - frame does not exist
[ros2-11] [controller_server-1] [INFO] [1785138370.244505938] [robot3.local_costmap.local_costmap]: Timed out waiting for transform from robot3/base_link to robot3/odom to become available, tf error: Invalid frame ID "robot3/odom" passed to canTransform argument target_frame - frame does not exist
[ros2-11] [controller_server-1] [INFO] [1785138370.744504703] [robot3.local_costmap.local_costmap]: Timed out waiting for transform from robot3/base_link to robot3/odom to become available, tf error: Invalid frame ID "robot3/odom" passed to canTransform argument target_frame - frame does not exist
[ros2-11] [controller_server-1] [INFO] [1785138371.244502611] [robot3.local_costmap.local_costmap]: Timed out waiting for transform from robot3/base_link to robot3/odom to become available, tf error: Invalid frame ID "robot3/odom" passed to canTransform argument target_frame - frame does not exist
[ros2-11] [controller_server-1] [INFO] [1785138371.744502499] [robot3.local_costmap.local_costmap]: Timed out waiting for transform from robot3/base_link to robot3/odom to become available, tf error: Invalid frame ID "robot3/odom" passed to canTransform argument target_frame - frame does not exist
[ros2-11] [controller_server-1] [INFO] [1785138372.244514989] [robot3.local_costmap.local_costmap]: Timed out waiting for transform from robot3/base_link to robot3/odom to become available, tf error: Invalid frame ID "robot3/odom" passed to canTransform argument target_frame - frame does not exist
[ros2-11] [controller_server-1] [INFO] [1785138372.744504039] [robot3.local_costmap.local_costmap]: Timed out waiting for transform from robot3/base_link to robot3/odom to become available, tf error: Invalid frame ID "robot3/odom" passed to canTransform argument target_frame - frame does not exist
[ros2-11] [controller_server-1] [INFO] [1785138373.244501053] [robot3.local_costmap.local_costmap]: Timed out waiting for transform from robot3/base_link to robot3/odom to become available, tf error: Invalid frame ID "robot3/odom" passed to canTransform argument target_frame - frame does not exist
[ros2-11] [controller_server-1] [INFO] [1785138373.744499412] [robot3.local_costmap.local_costmap]: Timed out waiting for transform from robot3/base_link to robot3/odom to become available, tf error: Invalid frame ID "robot3/odom" passed to canTransform argument target_frame - frame does not exist
[ros2-11] [controller_server-1] [INFO] [1785138374.244465785] [robot3.local_costmap.local_costmap]: Timed out waiting for transform from robot3/base_link to robot3/odom to become available, tf error: Invalid frame ID "robot3/odom" passed to canTransform argument target_frame - frame does not exist
[ros2-11] [controller_server-1] [INFO] [1785138374.744503157] [robot3.local_costmap.local_costmap]: Timed out waiting for transform from robot3/base_link to robot3/odom to become available, tf error: Invalid frame ID "robot3/odom" passed to canTransform argument target_frame - frame does not exist
[ros2-11] [controller_server-1] [INFO] [1785138375.244473086] [robot3.local_costmap.local_costmap]: Timed out waiting for transform from robot3/base_link to robot3/odom to become available, tf error: Invalid frame ID "robot3/odom" passed to canTransform argument target_frame - frame does not exist
[ros2-11] [controller_server-1] [INFO] [1785138375.744500171] [robot3.local_costmap.local_costmap]: Timed out waiting for transform from robot3/base_link to robot3/odom to become available, tf error: Invalid frame ID "robot3/odom" passed to canTransform argument target_frame - frame does not exist
[ros2-11] [controller_server-1] [INFO] [1785138376.244499964] [robot3.local_costmap.local_costmap]: Timed out waiting for transform from robot3/base_link to robot3/odom to become available, tf error: Invalid frame ID "robot3/odom" passed to canTransform argument target_frame - frame does not exist
[ros2-11] [controller_server-1] [INFO] [1785138376.744503980] [robot3.local_costmap.local_costmap]: Timed out waiting for transform from robot3/base_link to robot3/odom to become available, tf error: Invalid frame ID "robot3/odom" passed to canTransform argument target_frame - frame does not exist
[ros2-11] [controller_server-1] [INFO] [1785138377.244532275] [robot3.local_costmap.local_costmap]: Timed out waiting for transform from robot3/base_link to robot3/odom to become available, tf error: Invalid frame ID "robot3/odom" passed to canTransform argument target_frame - frame does not exist
[ros2-11] [controller_server-1] [INFO] [1785138377.744525807] [robot3.local_costmap.local_costmap]: Timed out waiting for transform from robot3/base_link to robot3/odom to become available, tf error: Invalid frame ID "robot3/odom" passed to canTransform argument target_frame - frame does not exist
[ros2-11] [controller_server-1] [INFO] [1785138378.244509191] [robot3.local_costmap.local_costmap]: Timed out waiting for transform from robot3/base_link to robot3/odom to become available, tf error: Invalid frame ID "robot3/odom" passed to canTransform argument target_frame - frame does not exist
[ros2-11] [controller_server-1] [INFO] [1785138378.744504426] [robot3.local_costmap.local_costmap]: Timed out waiting for transform from robot3/base_link to robot3/odom to become available, tf error: Invalid frame ID "robot3/odom" passed to canTransform argument target_frame - frame does not exist
[ros2-11] [controller_server-1] [INFO] [1785138379.244505735] [robot3.local_costmap.local_costmap]: Timed out waiting for transform from robot3/base_link to robot3/odom to become available, tf error: Invalid frame ID "robot3/odom" passed to canTransform argument target_frame - frame does not exist
[ros2-11] [controller_server-1] [INFO] [1785138379.744505665] [robot3.local_costmap.local_costmap]: Timed out waiting for transform from robot3/base_link to robot3/odom to become available, tf error: Invalid frame ID "robot3/odom" passed to canTransform argument target_frame - frame does not exist
[ros2-11] [controller_server-1] [INFO] [1785138380.244505125] [robot3.local_costmap.local_costmap]: Timed out waiting for transform from robot3/base_link to robot3/odom to become available, tf error: Invalid frame ID "robot3/odom" passed to canTransform argument target_frame - frame does not exist
[ros2-11] [controller_server-1] [INFO] [1785138380.744465748] [robot3.local_costmap.local_costmap]: Timed out waiting for transform from robot3/base_link to robot3/odom to become available, tf error: Invalid frame ID "robot3/odom" passed to canTransform argument target_frame - frame does not exist
[ros2-11] [controller_server-1] [INFO] [1785138381.244498791] [robot3.local_costmap.local_costmap]: Timed out waiting for transform from robot3/base_link to robot3/odom to become available, tf error: Invalid frame ID "robot3/odom" passed to canTransform argument target_frame - frame does not exist
[ros2-11] [controller_server-1] [INFO] [1785138381.744499734] [robot3.local_costmap.local_costmap]: Timed out waiting for transform from robot3/base_link to robot3/odom to become available, tf error: Invalid frame ID "robot3/odom" passed to canTransform argument target_frame - frame does not exist
[ros2-11] [controller_server-1] [INFO] [1785138382.244502451] [robot3.local_costmap.local_costmap]: Timed out waiting for transform from robot3/base_link to robot3/odom to become available, tf error: Invalid frame ID "robot3/odom" passed to canTransform argument target_frame - frame does not exist
[ros2-11] [controller_server-1] [INFO] [1785138382.744497415] [robot3.local_costmap.local_costmap]: Timed out waiting for transform from robot3/base_link to robot3/odom to become available, tf error: Invalid frame ID "robot3/odom" passed to canTransform argument target_frame - frame does not exist
[ros2-11] [controller_server-1] [INFO] [1785138383.244500367] [robot3.local_costmap.local_costmap]: Timed out waiting for transform from robot3/base_link to robot3/odom to become available, tf error: Invalid frame ID "robot3/odom" passed to canTransform argument target_frame - frame does not exist
[ros2-11] [controller_server-1] [INFO] [1785138383.744500932] [robot3.local_costmap.local_costmap]: Timed out waiting for transform from robot3/base_link to robot3/odom to become available, tf error: Invalid frame ID "robot3/odom" passed to canTransform argument target_frame - frame does not exist
[ros2-11] [controller_server-1] [INFO] [1785138384.244497041] [robot3.local_costmap.local_costmap]: Timed out waiting for transform from robot3/base_link to robot3/odom to become available, tf error: Invalid frame ID "robot3/odom" passed to canTransform argument target_frame - frame does not exist
[ros2-11] [controller_server-1] [INFO] [1785138384.744498994] [robot3.local_costmap.local_costmap]: Timed out waiting for transform from robot3/base_link to robot3/odom to become available, tf error: Invalid frame ID "robot3/odom" passed to canTransform argument target_frame - frame does not exist
[ros2-11] [controller_server-1] [INFO] [1785138385.244498587] [robot3.local_costmap.local_costmap]: Timed out waiting for transform from robot3/base_link to robot3/odom to become available, tf error: Invalid frame ID "robot3/odom" passed to canTransform argument target_frame - frame does not exist
[ros2-11] [controller_server-1] [INFO] [1785138385.744499601] [robot3.local_costmap.local_costmap]: Timed out waiting for transform from robot3/base_link to robot3/odom to become available, tf error: Invalid frame ID "robot3/odom" passed to canTransform argument target_frame - frame does not exist
[ros2-11] [controller_server-1] [INFO] [1785138386.244501072] [robot3.local_costmap.local_costmap]: Timed out waiting for transform from robot3/base_link to robot3/odom to become available, tf error: Invalid frame ID "robot3/odom" passed to canTransform argument target_frame - frame does not exist
[ros2-11] [controller_server-1] [INFO] [1785138386.744514223] [robot3.local_costmap.local_costmap]: Timed out waiting for transform from robot3/base_link to robot3/odom to become available, tf error: Invalid frame ID "robot3/odom" passed to canTransform argument target_frame - frame does not exist
[ros2-11] [controller_server-1] [INFO] [1785138387.244497652] [robot3.local_costmap.local_costmap]: Timed out waiting for transform from robot3/base_link to robot3/odom to become available, tf error: Invalid frame ID "robot3/odom" passed to canTransform argument target_frame - frame does not exist
[ros2-11] [controller_server-1] [INFO] [1785138387.744496807] [robot3.local_costmap.local_costmap]: Timed out waiting for transform from robot3/base_link to robot3/odom to become available, tf error: Invalid frame ID "robot3/odom" passed to canTransform argument target_frame - frame does not exist
[ros2-11] [controller_server-1] [INFO] [1785138388.244498140] [robot3.local_costmap.local_costmap]: Timed out waiting for transform from robot3/base_link to robot3/odom to become available, tf error: Invalid frame ID "robot3/odom" passed to canTransform argument target_frame - frame does not exist
[ros2-11] [controller_server-1] [INFO] [1785138388.744496160] [robot3.local_costmap.local_costmap]: Timed out waiting for transform from robot3/base_link to robot3/odom to become available, tf error: Invalid frame ID "robot3/odom" passed to canTransform argument target_frame - frame does not exist
[ros2-11] [controller_server-1] [INFO] [1785138389.244584502] [robot3.local_costmap.local_costmap]: Timed out waiting for transform from robot3/base_link to robot3/odom to become available, tf error: Invalid frame ID "robot3/odom" passed to canTransform argument target_frame - frame does not exist
[ros2-11] [controller_server-1] [INFO] [1785138389.744499476] [robot3.local_costmap.local_costmap]: Timed out waiting for transform from robot3/base_link to robot3/odom to become available, tf error: Invalid frame ID "robot3/odom" passed to canTransform argument target_frame - frame does not exist
[ros2-11] [controller_server-1] [INFO] [1785138390.244517750] [robot3.local_costmap.local_costmap]: Timed out waiting for transform from robot3/base_link to robot3/odom to become available, tf error: Invalid frame ID "robot3/odom" passed to canTransform argument target_frame - frame does not exist
[ros2-11] [controller_server-1] [INFO] [1785138390.744504017] [robot3.local_costmap.local_costmap]: Timed out waiting for transform from robot3/base_link to robot3/odom to become available, tf error: Invalid frame ID "robot3/odom" passed to canTransform argument target_frame - frame does not exist
[ros2-11] [controller_server-1] [INFO] [1785138391.244505196] [robot3.local_costmap.local_costmap]: Timed out waiting for transform from robot3/base_link to robot3/odom to become available, tf error: Invalid frame ID "robot3/odom" passed to canTransform argument target_frame - frame does not exist
[ros2-11] [controller_server-1] [INFO] [1785138391.744501837] [robot3.local_costmap.local_costmap]: Timed out waiting for transform from robot3/base_link to robot3/odom to become available, tf error: Invalid frame ID "robot3/odom" passed to canTransform argument target_frame - frame does not exist
[ros2-11] [controller_server-1] [INFO] [1785138392.244501554] [robot3.local_costmap.local_costmap]: Timed out waiting for transform from robot3/base_link to robot3/odom to become available, tf error: Invalid frame ID "robot3/odom" passed to canTransform argument target_frame - frame does not exist
[ros2-11] [controller_server-1] [INFO] [1785138392.744498902] [robot3.local_costmap.local_costmap]: Timed out waiting for transform from robot3/base_link to robot3/odom to become available, tf error: Invalid frame ID "robot3/odom" passed to canTransform argument target_frame - frame does not exist
[ros2-11] [controller_server-1] [INFO] [1785138393.244501728] [robot3.local_costmap.local_costmap]: Timed out waiting for transform from robot3/base_link to robot3/odom to become available, tf error: Invalid frame ID "robot3/odom" passed to canTransform argument target_frame - frame does not exist
[ros2-11] [controller_server-1] [INFO] [1785138393.744503749] [robot3.local_costmap.local_costmap]: Timed out waiting for transform from robot3/base_link to robot3/odom to become available, tf error: Invalid frame ID "robot3/odom" passed to canTransform argument target_frame - frame does not exist
[ros2-11] [controller_server-1] [INFO] [1785138394.244504688] [robot3.local_costmap.local_costmap]: Timed out waiting for transform from robot3/base_link to robot3/odom to become available, tf error: Invalid frame ID "robot3/odom" passed to canTransform argument target_frame - frame does not exist
[ros2-11] [controller_server-1] [INFO] [1785138394.744502368] [robot3.local_costmap.local_costmap]: Timed out waiting for transform from robot3/base_link to robot3/odom to become available, tf error: Invalid frame ID "robot3/odom" passed to canTransform argument target_frame - frame does not exist
[ros2-11] [controller_server-1] [INFO] [1785138395.244501679] [robot3.local_costmap.local_costmap]: Timed out waiting for transform from robot3/base_link to robot3/odom to become available, tf error: Invalid frame ID "robot3/odom" passed to canTransform argument target_frame - frame does not exist
[ros2-11] [controller_server-1] [INFO] [1785138395.744503167] [robot3.local_costmap.local_costmap]: Timed out waiting for transform from robot3/base_link to robot3/odom to become available, tf error: Invalid frame ID "robot3/odom" passed to canTransform argument target_frame - frame does not exist
[ros2-11] [controller_server-1] [INFO] [1785138396.244508413] [robot3.local_costmap.local_costmap]: Timed out waiting for transform from robot3/base_link to robot3/odom to become available, tf error: Invalid frame ID "robot3/odom" passed to canTransform argument target_frame - frame does not exist
[ros2-11] [controller_server-1] [INFO] [1785138396.744501885] [robot3.local_costmap.local_costmap]: Timed out waiting for transform from robot3/base_link to robot3/odom to become available, tf error: Invalid frame ID "robot3/odom" passed to canTransform argument target_frame - frame does not exist
[ros2-11] [controller_server-1] [INFO] [1785138397.244498877] [robot3.local_costmap.local_costmap]: Timed out waiting for transform from robot3/base_link to robot3/odom to become available, tf error: Invalid frame ID "robot3/odom" passed to canTransform argument target_frame - frame does not exist
[ros2-11] [controller_server-1] [INFO] [1785138397.744505375] [robot3.local_costmap.local_costmap]: Timed out waiting for transform from robot3/base_link to robot3/odom to become available, tf error: Invalid frame ID "robot3/odom" passed to canTransform argument target_frame - frame does not exist
[ros2-11] [controller_server-1] [INFO] [1785138398.244505089] [robot3.local_costmap.local_costmap]: Timed out waiting for transform from robot3/base_link to robot3/odom to become available, tf error: Invalid frame ID "robot3/odom" passed to canTransform argument target_frame - frame does not exist
[ros2-11] [controller_server-1] [INFO] [1785138398.744509840] [robot3.local_costmap.local_costmap]: Timed out waiting for transform from robot3/base_link to robot3/odom to become available, tf error: Invalid frame ID "robot3/odom" passed to canTransform argument target_frame - frame does not exist
[ros2-11] [controller_server-1] [INFO] [1785138399.244504945] [robot3.local_costmap.local_costmap]: Timed out waiting for transform from robot3/base_link to robot3/odom to become available, tf error: Invalid frame ID "robot3/odom" passed to canTransform argument target_frame - frame does not exist
[ros2-11] [controller_server-1] [INFO] [1785138399.744499407] [robot3.local_costmap.local_costmap]: Timed out waiting for transform from robot3/base_link to robot3/odom to become available, tf error: Invalid frame ID "robot3/odom" passed to canTransform argument target_frame - frame does not exist
[ros2-11] [controller_server-1] [INFO] [1785138400.244499870] [robot3.local_costmap.local_costmap]: Timed out waiting for transform from robot3/base_link to robot3/odom to become available, tf error: Invalid frame ID "robot3/odom" passed to canTransform argument target_frame - frame does not exist
[ros2-11] [controller_server-1] [INFO] [1785138400.744528980] [robot3.local_costmap.local_costmap]: Timed out waiting for transform from robot3/base_link to robot3/odom to become available, tf error: Invalid frame ID "robot3/odom" passed to canTransform argument target_frame - frame does not exist
[ros2-11] [controller_server-1] [INFO] [1785138401.244502653] [robot3.local_costmap.local_costmap]: Timed out waiting for transform from robot3/base_link to robot3/odom to become available, tf error: Invalid frame ID "robot3/odom" passed to canTransform argument target_frame - frame does not exist
[ros2-11] [controller_server-1] [INFO] [1785138401.744498993] [robot3.local_costmap.local_costmap]: Timed out waiting for transform from robot3/base_link to robot3/odom to become available, tf error: Invalid frame ID "robot3/odom" passed to canTransform argument target_frame - frame does not exist
[ros2-11] [controller_server-1] [INFO] [1785138402.244502957] [robot3.local_costmap.local_costmap]: Timed out waiting for transform from robot3/base_link to robot3/odom to become available, tf error: Invalid frame ID "robot3/odom" passed to canTransform argument target_frame - frame does not exist
[ros2-11] [controller_server-1] [INFO] [1785138402.744502154] [robot3.local_costmap.local_costmap]: Timed out waiting for transform from robot3/base_link to robot3/odom to become available, tf error: Invalid frame ID "robot3/odom" passed to canTransform argument target_frame - frame does not exist
[ros2-11] [controller_server-1] [INFO] [1785138403.244499559] [robot3.local_costmap.local_costmap]: Timed out waiting for transform from robot3/base_link to robot3/odom to become available, tf error: Invalid frame ID "robot3/odom" passed to canTransform argument target_frame - frame does not exist
[ros2-11] [controller_server-1] [INFO] [1785138403.744498401] [robot3.local_costmap.local_costmap]: Timed out waiting for transform from robot3/base_link to robot3/odom to become available, tf error: Invalid frame ID "robot3/odom" passed to canTransform argument target_frame - frame does not exist
[ros2-11] [controller_server-1] [INFO] [1785138404.244502408] [robot3.local_costmap.local_costmap]: Timed out waiting for transform from robot3/base_link to robot3/odom to become available, tf error: Invalid frame ID "robot3/odom" passed to canTransform argument target_frame - frame does not exist
[ros2-11] [controller_server-1] [INFO] [1785138404.744501250] [robot3.local_costmap.local_costmap]: Timed out waiting for transform from robot3/base_link to robot3/odom to become available, tf error: Invalid frame ID "robot3/odom" passed to canTransform argument target_frame - frame does not exist
[ros2-11] [controller_server-1] [INFO] [1785138405.244503844] [robot3.local_costmap.local_costmap]: Timed out waiting for transform from robot3/base_link to robot3/odom to become available, tf error: Invalid frame ID "robot3/odom" passed to canTransform argument target_frame - frame does not exist
[ros2-11] [controller_server-1] [INFO] [1785138405.744508507] [robot3.local_costmap.local_costmap]: Timed out waiting for transform from robot3/base_link to robot3/odom to become available, tf error: Invalid frame ID "robot3/odom" passed to canTransform argument target_frame - frame does not exist
[ros2-11] [controller_server-1] [INFO] [1785138406.244501078] [robot3.local_costmap.local_costmap]: Timed out waiting for transform from robot3/base_link to robot3/odom to become available, tf error: Invalid frame ID "robot3/odom" passed to canTransform argument target_frame - frame does not exist
[ros2-11] [controller_server-1] [INFO] [1785138406.744518978] [robot3.local_costmap.local_costmap]: Timed out waiting for transform from robot3/base_link to robot3/odom to become available, tf error: Invalid frame ID "robot3/odom" passed to canTransform argument target_frame - frame does not exist
[ros2-11] [controller_server-1] [INFO] [1785138407.244503839] [robot3.local_costmap.local_costmap]: Timed out waiting for transform from robot3/base_link to robot3/odom to become available, tf error: Invalid frame ID "robot3/odom" passed to canTransform argument target_frame - frame does not exist
[ros2-11] [controller_server-1] [INFO] [1785138407.744471416] [robot3.local_costmap.local_costmap]: Timed out waiting for transform from robot3/base_link to robot3/odom to become available, tf error: Invalid frame ID "robot3/odom" passed to canTransform argument target_frame - frame does not exist
[ros2-11] [controller_server-1] [INFO] [1785138408.244503595] [robot3.local_costmap.local_costmap]: Timed out waiting for transform from robot3/base_link to robot3/odom to become available, tf error: Invalid frame ID "robot3/odom" passed to canTransform argument target_frame - frame does not exist
[ros2-11] [controller_server-1] [INFO] [1785138408.744509846] [robot3.local_costmap.local_costmap]: Timed out waiting for transform from robot3/base_link to robot3/odom to become available, tf error: Invalid frame ID "robot3/odom" passed to canTransform argument target_frame - frame does not exist
[ros2-11] [controller_server-1] [INFO] [1785138409.244501112] [robot3.local_costmap.local_costmap]: Timed out waiting for transform from robot3/base_link to robot3/odom to become available, tf error: Invalid frame ID "robot3/odom" passed to canTransform argument target_frame - frame does not exist
[ros2-11] [controller_server-1] [INFO] [1785138409.744504123] [robot3.local_costmap.local_costmap]: Timed out waiting for transform from robot3/base_link to robot3/odom to become available, tf error: Invalid frame ID "robot3/odom" passed to canTransform argument target_frame - frame does not exist
[ros2-11] [controller_server-1] [INFO] [1785138410.244503025] [robot3.local_costmap.local_costmap]: Timed out waiting for transform from robot3/base_link to robot3/odom to become available, tf error: Invalid frame ID "robot3/odom" passed to canTransform argument target_frame - frame does not exist
[ros2-11] [controller_server-1] [INFO] [1785138410.744502907] [robot3.local_costmap.local_costmap]: Timed out waiting for transform from robot3/base_link to robot3/odom to become available, tf error: Invalid frame ID "robot3/odom" passed to canTransform argument target_frame - frame does not exist
[ros2-11] [controller_server-1] [INFO] [1785138411.244508430] [robot3.local_costmap.local_costmap]: Timed out waiting for transform from robot3/base_link to robot3/odom to become available, tf error: Invalid frame ID "robot3/odom" passed to canTransform argument target_frame - frame does not exist
[ros2-11] [controller_server-1] [INFO] [1785138411.744512610] [robot3.local_costmap.local_costmap]: Timed out waiting for transform from robot3/base_link to robot3/odom to become available, tf error: Invalid frame ID "robot3/odom" passed to canTransform argument target_frame - frame does not exist
[ros2-11] [controller_server-1] [INFO] [1785138412.244504321] [robot3.local_costmap.local_costmap]: Timed out waiting for transform from robot3/base_link to robot3/odom to become available, tf error: Invalid frame ID "robot3/odom" passed to canTransform argument target_frame - frame does not exist
[ros2-11] [controller_server-1] [INFO] [1785138412.744502812] [robot3.local_costmap.local_costmap]: Timed out waiting for transform from robot3/base_link to robot3/odom to become available, tf error: Invalid frame ID "robot3/odom" passed to canTransform argument target_frame - frame does not exist
[ros2-11] [controller_server-1] [INFO] [1785138413.244506037] [robot3.local_costmap.local_costmap]: Timed out waiting for transform from robot3/base_link to robot3/odom to become available, tf error: Invalid frame ID "robot3/odom" passed to canTransform argument target_frame - frame does not exist
[ros2-11] [controller_server-1] [INFO] [1785138413.744508566] [robot3.local_costmap.local_costmap]: Timed out waiting for transform from robot3/base_link to robot3/odom to become available, tf error: Invalid frame ID "robot3/odom" passed to canTransform argument target_frame - frame does not exist
[ros2-11] [controller_server-1] [INFO] [1785138414.244463569] [robot3.local_costmap.local_costmap]: Timed out waiting for transform from robot3/base_link to robot3/odom to become available, tf error: Invalid frame ID "robot3/odom" passed to canTransform argument target_frame - frame does not exist
[ros2-11] [controller_server-1] [INFO] [1785138414.744514259] [robot3.local_costmap.local_costmap]: Timed out waiting for transform from robot3/base_link to robot3/odom to become available, tf error: Invalid frame ID "robot3/odom" passed to canTransform argument target_frame - frame does not exist
[ros2-11] [controller_server-1] [INFO] [1785138415.244509165] [robot3.local_costmap.local_costmap]: Timed out waiting for transform from robot3/base_link to robot3/odom to become available, tf error: Invalid frame ID "robot3/odom" passed to canTransform argument target_frame - frame does not exist
[ros2-11] [controller_server-1] [INFO] [1785138415.744458971] [robot3.local_costmap.local_costmap]: Timed out waiting for transform from robot3/base_link to robot3/odom to become available, tf error: Invalid frame ID "robot3/odom" passed to canTransform argument target_frame - frame does not exist
[ros2-11] [controller_server-1] [INFO] [1785138416.244500709] [robot3.local_costmap.local_costmap]: Timed out waiting for transform from robot3/base_link to robot3/odom to become available, tf error: Invalid frame ID "robot3/odom" passed to canTransform argument target_frame - frame does not exist
[ros2-11] [controller_server-1] [INFO] [1785138416.744501438] [robot3.local_costmap.local_costmap]: Timed out waiting for transform from robot3/base_link to robot3/odom to become available, tf error: Invalid frame ID "robot3/odom" passed to canTransform argument target_frame - frame does not exist
[ros2-11] [controller_server-1] [INFO] [1785138417.244502551] [robot3.local_costmap.local_costmap]: Timed out waiting for transform from robot3/base_link to robot3/odom to become available, tf error: Invalid frame ID "robot3/odom" passed to canTransform argument target_frame - frame does not exist
[ros2-11] [controller_server-1] [INFO] [1785138417.744534010] [robot3.local_costmap.local_costmap]: Timed out waiting for transform from robot3/base_link to robot3/odom to become available, tf error: Invalid frame ID "robot3/odom" passed to canTransform argument target_frame - frame does not exist
[ros2-11] [controller_server-1] [INFO] [1785138418.244500608] [robot3.local_costmap.local_costmap]: Timed out waiting for transform from robot3/base_link to robot3/odom to become available, tf error: Invalid frame ID "robot3/odom" passed to canTransform argument target_frame - frame does not exist
[ros2-11] [controller_server-1] [INFO] [1785138418.744502922] [robot3.local_costmap.local_costmap]: Timed out waiting for transform from robot3/base_link to robot3/odom to become available, tf error: Invalid frame ID "robot3/odom" passed to canTransform argument target_frame - frame does not exist
[ros2-11] [controller_server-1] [INFO] [1785138419.244503023] [robot3.local_costmap.local_costmap]: Timed out waiting for transform from robot3/base_link to robot3/odom to become available, tf error: Invalid frame ID "robot3/odom" passed to canTransform argument target_frame - frame does not exist
[ros2-11] [controller_server-1] [INFO] [1785138419.744497850] [robot3.local_costmap.local_costmap]: Timed out waiting for transform from robot3/base_link to robot3/odom to become available, tf error: Invalid frame ID "robot3/odom" passed to canTransform argument target_frame - frame does not exist
[ros2-11] [controller_server-1] [INFO] [1785138420.244498868] [robot3.local_costmap.local_costmap]: Timed out waiting for transform from robot3/base_link to robot3/odom to become available, tf error: Invalid frame ID "robot3/odom" passed to canTransform argument target_frame - frame does not exist
[ros2-11] [controller_server-1] [INFO] [1785138420.744501140] [robot3.local_costmap.local_costmap]: Timed out waiting for transform from robot3/base_link to robot3/odom to become available, tf error: Invalid frame ID "robot3/odom" passed to canTransform argument target_frame - frame does not exist
[ros2-11] [controller_server-1] [INFO] [1785138421.244501800] [robot3.local_costmap.local_costmap]: Timed out waiting for transform from robot3/base_link to robot3/odom to become available, tf error: Invalid frame ID "robot3/odom" passed to canTransform argument target_frame - frame does not exist
[ros2-11] [controller_server-1] [INFO] [1785138421.744501975] [robot3.local_costmap.local_costmap]: Timed out waiting for transform from robot3/base_link to robot3/odom to become available, tf error: Invalid frame ID "robot3/odom" passed to canTransform argument target_frame - frame does not exist
[ros2-11] [controller_server-1] [INFO] [1785138422.244506040] [robot3.local_costmap.local_costmap]: Timed out waiting for transform from robot3/base_link to robot3/odom to become available, tf error: Invalid frame ID "robot3/odom" passed to canTransform argument target_frame - frame does not exist
[ros2-11] [controller_server-1] [INFO] [1785138422.744503144] [robot3.local_costmap.local_costmap]: Timed out waiting for transform from robot3/base_link to robot3/odom to become available, tf error: Invalid frame ID "robot3/odom" passed to canTransform argument target_frame - frame does not exist
[ros2-11] [controller_server-1] [INFO] [1785138423.244502712] [robot3.local_costmap.local_costmap]: Timed out waiting for transform from robot3/base_link to robot3/odom to become available, tf error: Invalid frame ID "robot3/odom" passed to canTransform argument target_frame - frame does not exist
[ros2-11] [controller_server-1] [INFO] [1785138423.744502460] [robot3.local_costmap.local_costmap]: Timed out waiting for transform from robot3/base_link to robot3/odom to become available, tf error: Invalid frame ID "robot3/odom" passed to canTransform argument target_frame - frame does not exist
[ros2-11] [controller_server-1] [INFO] [1785138424.244505398] [robot3.local_costmap.local_costmap]: Timed out waiting for transform from robot3/base_link to robot3/odom to become available, tf error: Invalid frame ID "robot3/odom" passed to canTransform argument target_frame - frame does not exist
[ros2-11] [controller_server-1] [INFO] [1785138424.744509757] [robot3.local_costmap.local_costmap]: Timed out waiting for transform from robot3/base_link to robot3/odom to become available, tf error: Invalid frame ID "robot3/odom" passed to canTransform argument target_frame - frame does not exist
[ros2-11] [controller_server-1] [INFO] [1785138425.244504294] [robot3.local_costmap.local_costmap]: Timed out waiting for transform from robot3/base_link to robot3/odom to become available, tf error: Invalid frame ID "robot3/odom" passed to canTransform argument target_frame - frame does not exist
[ros2-11] [controller_server-1] [INFO] [1785138425.744504437] [robot3.local_costmap.local_costmap]: Timed out waiting for transform from robot3/base_link to robot3/odom to become available, tf error: Invalid frame ID "robot3/odom" passed to canTransform argument target_frame - frame does not exist
[ros2-11] [controller_server-1] [INFO] [1785138426.244503945] [robot3.local_costmap.local_costmap]: Timed out waiting for transform from robot3/base_link to robot3/odom to become available, tf error: Invalid frame ID "robot3/odom" passed to canTransform argument target_frame - frame does not exist
[ros2-11] [controller_server-1] [INFO] [1785138426.744500094] [robot3.local_costmap.local_costmap]: Timed out waiting for transform from robot3/base_link to robot3/odom to become available, tf error: Invalid frame ID "robot3/odom" passed to canTransform argument target_frame - frame does not exist
[ros2-11] [controller_server-1] [INFO] [1785138427.244539229] [robot3.local_costmap.local_costmap]: Timed out waiting for transform from robot3/base_link to robot3/odom to become available, tf error: Invalid frame ID "robot3/odom" passed to canTransform argument target_frame - frame does not exist
[ros2-11] [controller_server-1] [INFO] [1785138427.744504027] [robot3.local_costmap.local_costmap]: Timed out waiting for transform from robot3/base_link to robot3/odom to become available, tf error: Invalid frame ID "robot3/odom" passed to canTransform argument target_frame - frame does not exist
[ros2-11] [controller_server-1] [INFO] [1785138428.244459408] [robot3.local_costmap.local_costmap]: Timed out waiting for transform from robot3/base_link to robot3/odom to become available, tf error: Invalid frame ID "robot3/odom" passed to canTransform argument target_frame - frame does not exist
[ros2-11] [controller_server-1] [INFO] [1785138428.744523122] [robot3.local_costmap.local_costmap]: Timed out waiting for transform from robot3/base_link to robot3/odom to become available, tf error: Invalid frame ID "robot3/odom" passed to canTransform argument target_frame - frame does not exist
[ros2-11] [controller_server-1] [INFO] [1785138429.244569651] [robot3.local_costmap.local_costmap]: Timed out waiting for transform from robot3/base_link to robot3/odom to become available, tf error: Invalid frame ID "robot3/odom" passed to canTransform argument target_frame - frame does not exist
[ros2-11] [controller_server-1] [INFO] [1785138429.744499423] [robot3.local_costmap.local_costmap]: Timed out waiting for transform from robot3/base_link to robot3/odom to become available, tf error: Invalid frame ID "robot3/odom" passed to canTransform argument target_frame - frame does not exist
[ros2-11] [controller_server-1] [INFO] [1785138430.244501363] [robot3.local_costmap.local_costmap]: Timed out waiting for transform from robot3/base_link to robot3/odom to become available, tf error: Invalid frame ID "robot3/odom" passed to canTransform argument target_frame - frame does not exist
[ros2-11] [controller_server-1] [INFO] [1785138430.744503657] [robot3.local_costmap.local_costmap]: Timed out waiting for transform from robot3/base_link to robot3/odom to become available, tf error: Invalid frame ID "robot3/odom" passed to canTransform argument target_frame - frame does not exist
[ros2-11] [controller_server-1] [INFO] [1785138431.244502791] [robot3.local_costmap.local_costmap]: Timed out waiting for transform from robot3/base_link to robot3/odom to become available, tf error: Invalid frame ID "robot3/odom" passed to canTransform argument target_frame - frame does not exist
[ros2-11] [controller_server-1] [INFO] [1785138431.744501815] [robot3.local_costmap.local_costmap]: Timed out waiting for transform from robot3/base_link to robot3/odom to become available, tf error: Invalid frame ID "robot3/odom" passed to canTransform argument target_frame - frame does not exist
[ros2-11] [controller_server-1] [INFO] [1785138432.244504053] [robot3.local_costmap.local_costmap]: Timed out waiting for transform from robot3/base_link to robot3/odom to become available, tf error: Invalid frame ID "robot3/odom" passed to canTransform argument target_frame - frame does not exist
[ros2-11] [controller_server-1] [INFO] [1785138432.744501017] [robot3.local_costmap.local_costmap]: Timed out waiting for transform from robot3/base_link to robot3/odom to become available, tf error: Invalid frame ID "robot3/odom" passed to canTransform argument target_frame - frame does not exist
[ros2-11] [controller_server-1] [INFO] [1785138433.244505459] [robot3.local_costmap.local_costmap]: Timed out waiting for transform from robot3/base_link to robot3/odom to become available, tf error: Invalid frame ID "robot3/odom" passed to canTransform argument target_frame - frame does not exist
[ros2-11] [controller_server-1] [INFO] [1785138433.744456394] [robot3.local_costmap.local_costmap]: Timed out waiting for transform from robot3/base_link to robot3/odom to become available, tf error: Invalid frame ID "robot3/odom" passed to canTransform argument target_frame - frame does not exist
[ros2-11] [controller_server-1] [INFO] [1785138434.244479581] [robot3.local_costmap.local_costmap]: Timed out waiting for transform from robot3/base_link to robot3/odom to become available, tf error: Invalid frame ID "robot3/odom" passed to canTransform argument target_frame - frame does not exist
[ros2-11] [controller_server-1] [INFO] [1785138434.744499647] [robot3.local_costmap.local_costmap]: Timed out waiting for transform from robot3/base_link to robot3/odom to become available, tf error: Invalid frame ID "robot3/odom" passed to canTransform argument target_frame - frame does not exist
[ros2-11] [controller_server-1] [INFO] [1785138435.244502532] [robot3.local_costmap.local_costmap]: Timed out waiting for transform from robot3/base_link to robot3/odom to become available, tf error: Invalid frame ID "robot3/odom" passed to canTransform argument target_frame - frame does not exist
[ros2-11] [controller_server-1] [INFO] [1785138435.744501541] [robot3.local_costmap.local_costmap]: Timed out waiting for transform from robot3/base_link to robot3/odom to become available, tf error: Invalid frame ID "robot3/odom" passed to canTransform argument target_frame - frame does not exist
[ros2-11] [controller_server-1] [INFO] [1785138436.244500665] [robot3.local_costmap.local_costmap]: Timed out waiting for transform from robot3/base_link to robot3/odom to become available, tf error: Invalid frame ID "robot3/odom" passed to canTransform argument target_frame - frame does not exist
[ros2-11] [controller_server-1] [INFO] [1785138436.744506763] [robot3.local_costmap.local_costmap]: Timed out waiting for transform from robot3/base_link to robot3/odom to become available, tf error: Invalid frame ID "robot3/odom" passed to canTransform argument target_frame - frame does not exist
[ros2-11] [controller_server-1] [INFO] [1785138437.244500438] [robot3.local_costmap.local_costmap]: Timed out waiting for transform from robot3/base_link to robot3/odom to become available, tf error: Invalid frame ID "robot3/odom" passed to canTransform argument target_frame - frame does not exist
[ros2-11] [controller_server-1] [INFO] [1785138437.744504773] [robot3.local_costmap.local_costmap]: Timed out waiting for transform from robot3/base_link to robot3/odom to become available, tf error: Invalid frame ID "robot3/odom" passed to canTransform argument target_frame - frame does not exist
[ros2-11] [controller_server-1] [INFO] [1785138438.244512105] [robot3.local_costmap.local_costmap]: Timed out waiting for transform from robot3/base_link to robot3/odom to become available, tf error: Invalid frame ID "robot3/odom" passed to canTransform argument target_frame - frame does not exist
[ros2-11] [controller_server-1] [INFO] [1785138438.744506011] [robot3.local_costmap.local_costmap]: Timed out waiting for transform from robot3/base_link to robot3/odom to become available, tf error: Invalid frame ID "robot3/odom" passed to canTransform argument target_frame - frame does not exist
[ros2-11] [controller_server-1] [INFO] [1785138439.244517987] [robot3.local_costmap.local_costmap]: Timed out waiting for transform from robot3/base_link to robot3/odom to become available, tf error: Invalid frame ID "robot3/odom" passed to canTransform argument target_frame - frame does not exist
[ros2-11] [controller_server-1] [INFO] [1785138439.744549454] [robot3.local_costmap.local_costmap]: Timed out waiting for transform from robot3/base_link to robot3/odom to become available, tf error: Invalid frame ID "robot3/odom" passed to canTransform argument target_frame - frame does not exist
[ros2-11] [controller_server-1] [INFO] [1785138440.244509351] [robot3.local_costmap.local_costmap]: Timed out waiting for transform from robot3/base_link to robot3/odom to become available, tf error: Invalid frame ID "robot3/odom" passed to canTransform argument target_frame - frame does not exist
[ros2-11] [controller_server-1] [INFO] [1785138440.744522478] [robot3.local_costmap.local_costmap]: Timed out waiting for transform from robot3/base_link to robot3/odom to become available, tf error: Invalid frame ID "robot3/odom" passed to canTransform argument target_frame - frame does not exist
[ros2-11] [controller_server-1] [INFO] [1785138441.244502944] [robot3.local_costmap.local_costmap]: Timed out waiting for transform from robot3/base_link to robot3/odom to become available, tf error: Invalid frame ID "robot3/odom" passed to canTransform argument target_frame - frame does not exist
[ros2-11] [controller_server-1] [INFO] [1785138441.744500770] [robot3.local_costmap.local_costmap]: Timed out waiting for transform from robot3/base_link to robot3/odom to become available, tf error: Invalid frame ID "robot3/odom" passed to canTransform argument target_frame - frame does not exist
[ros2-11] [controller_server-1] [INFO] [1785138442.244487898] [robot3.local_costmap.local_costmap]: Timed out waiting for transform from robot3/base_link to robot3/odom to become available, tf error: Invalid frame ID "robot3/odom" passed to canTransform argument target_frame - frame does not exist
[ros2-11] [controller_server-1] [INFO] [1785138442.744503585] [robot3.local_costmap.local_costmap]: Timed out waiting for transform from robot3/base_link to robot3/odom to become available, tf error: Invalid frame ID "robot3/odom" passed to canTransform argument target_frame - frame does not exist
[ros2-11] [controller_server-1] [INFO] [1785138443.244502885] [robot3.local_costmap.local_costmap]: Timed out waiting for transform from robot3/base_link to robot3/odom to become available, tf error: Invalid frame ID "robot3/odom" passed to canTransform argument target_frame - frame does not exist
[ros2-11] [controller_server-1] [INFO] [1785138443.744501553] [robot3.local_costmap.local_costmap]: Timed out waiting for transform from robot3/base_link to robot3/odom to become available, tf error: Invalid frame ID "robot3/odom" passed to canTransform argument target_frame - frame does not exist
[ros2-11] [controller_server-1] [INFO] [1785138444.244500531] [robot3.local_costmap.local_costmap]: Timed out waiting for transform from robot3/base_link to robot3/odom to become available, tf error: Invalid frame ID "robot3/odom" passed to canTransform argument target_frame - frame does not exist
[ros2-11] [controller_server-1] [INFO] [1785138444.744505840] [robot3.local_costmap.local_costmap]: Timed out waiting for transform from robot3/base_link to robot3/odom to become available, tf error: Invalid frame ID "robot3/odom" passed to canTransform argument target_frame - frame does not exist
[ros2-11] [controller_server-1] [INFO] [1785138445.244531407] [robot3.local_costmap.local_costmap]: Timed out waiting for transform from robot3/base_link to robot3/odom to become available, tf error: Invalid frame ID "robot3/odom" passed to canTransform argument target_frame - frame does not exist
[ros2-11] [controller_server-1] [INFO] [1785138445.744501868] [robot3.local_costmap.local_costmap]: Timed out waiting for transform from robot3/base_link to robot3/odom to become available, tf error: Invalid frame ID "robot3/odom" passed to canTransform argument target_frame - frame does not exist
[ros2-11] [controller_server-1] [INFO] [1785138446.244501912] [robot3.local_costmap.local_costmap]: Timed out waiting for transform from robot3/base_link to robot3/odom to become available, tf error: Invalid frame ID "robot3/odom" passed to canTransform argument target_frame - frame does not exist
[ros2-11] [controller_server-1] [INFO] [1785138446.744517555] [robot3.local_costmap.local_costmap]: Timed out waiting for transform from robot3/base_link to robot3/odom to become available, tf error: Invalid frame ID "robot3/odom" passed to canTransform argument target_frame - frame does not exist
[ros2-11] [controller_server-1] [INFO] [1785138447.244525568] [robot3.local_costmap.local_costmap]: Timed out waiting for transform from robot3/base_link to robot3/odom to become available, tf error: Invalid frame ID "robot3/odom" passed to canTransform argument target_frame - frame does not exist
[ros2-11] [controller_server-1] [INFO] [1785138447.744502596] [robot3.local_costmap.local_costmap]: Timed out waiting for transform from robot3/base_link to robot3/odom to become available, tf error: Invalid frame ID "robot3/odom" passed to canTransform argument target_frame - frame does not exist
[ros2-11] [controller_server-1] [INFO] [1785138448.244510756] [robot3.local_costmap.local_costmap]: Timed out waiting for transform from robot3/base_link to robot3/odom to become available, tf error: Invalid frame ID "robot3/odom" passed to canTransform argument target_frame - frame does not exist
[ros2-11] [controller_server-1] [INFO] [1785138448.744525871] [robot3.local_costmap.local_costmap]: Timed out waiting for transform from robot3/base_link to robot3/odom to become available, tf error: Invalid frame ID "robot3/odom" passed to canTransform argument target_frame - frame does not exist
[ros2-11] [controller_server-1] [INFO] [1785138449.244480598] [robot3.local_costmap.local_costmap]: Timed out waiting for transform from robot3/base_link to robot3/odom to become available, tf error: Invalid frame ID "robot3/odom" passed to canTransform argument target_frame - frame does not exist
[ros2-11] [controller_server-1] [INFO] [1785138449.744501580] [robot3.local_costmap.local_costmap]: Timed out waiting for transform from robot3/base_link to robot3/odom to become available, tf error: Invalid frame ID "robot3/odom" passed to canTransform argument target_frame - frame does not exist
[ros2-11] [controller_server-1] [INFO] [1785138450.244503568] [robot3.local_costmap.local_costmap]: Timed out waiting for transform from robot3/base_link to robot3/odom to become available, tf error: Invalid frame ID "robot3/odom" passed to canTransform argument target_frame - frame does not exist
[ros2-11] [controller_server-1] [INFO] [1785138450.744500822] [robot3.local_costmap.local_costmap]: Timed out waiting for transform from robot3/base_link to robot3/odom to become available, tf error: Invalid frame ID "robot3/odom" passed to canTransform argument target_frame - frame does not exist
[ros2-11] [controller_server-1] [INFO] [1785138451.244506709] [robot3.local_costmap.local_costmap]: Timed out waiting for transform from robot3/base_link to robot3/odom to become available, tf error: Invalid frame ID "robot3/odom" passed to canTransform argument target_frame - frame does not exist
[ros2-11] [controller_server-1] [INFO] [1785138451.744504320] [robot3.local_costmap.local_costmap]: Timed out waiting for transform from robot3/base_link to robot3/odom to become available, tf error: Invalid frame ID "robot3/odom" passed to canTransform argument target_frame - frame does not exist
[ros2-11] [controller_server-1] [INFO] [1785138452.244500854] [robot3.local_costmap.local_costmap]: Timed out waiting for transform from robot3/base_link to robot3/odom to become available, tf error: Invalid frame ID "robot3/odom" passed to canTransform argument target_frame - frame does not exist
[ros2-11] [controller_server-1] [INFO] [1785138452.744517101] [robot3.local_costmap.local_costmap]: Timed out waiting for transform from robot3/base_link to robot3/odom to become available, tf error: Invalid frame ID "robot3/odom" passed to canTransform argument target_frame - frame does not exist
[ros2-11] [controller_server-1] [INFO] [1785138453.244505323] [robot3.local_costmap.local_costmap]: Timed out waiting for transform from robot3/base_link to robot3/odom to become available, tf error: Invalid frame ID "robot3/odom" passed to canTransform argument target_frame - frame does not exist
[ros2-11] [controller_server-1] [INFO] [1785138453.744456634] [robot3.local_costmap.local_costmap]: Timed out waiting for transform from robot3/base_link to robot3/odom to become available, tf error: Invalid frame ID "robot3/odom" passed to canTransform argument target_frame - frame does not exist
[ros2-11] [controller_server-1] [INFO] [1785138454.244504349] [robot3.local_costmap.local_costmap]: Timed out waiting for transform from robot3/base_link to robot3/odom to become available, tf error: Invalid frame ID "robot3/odom" passed to canTransform argument target_frame - frame does not exist
