[INFO] [launch]: All log files can be found below /home/sanket/.ros/log/2026-07-27-13-17-35-341897-sanket-Victus-by-HP-Laptop-16-d0xxx-7296
[INFO] [launch]: Default logging verbosity is set to INFO
[INFO] [gzserver-1]: process started with pid [7298]
[INFO] [gzclient-2]: process started with pid [7300]
[INFO] [rviz2-3]: process started with pid [7302]
[INFO] [map_server-4]: process started with pid [7304]
[INFO] [lifecycle_manager-5]: process started with pid [7306]
[INFO] [robot_state_publisher-6]: process started with pid [7308]
[INFO] [spawn_entity.py-7]: process started with pid [7310]
[INFO] [ekf_node-8]: process started with pid [7312]
[INFO] [amcl-9]: process started with pid [7314]
[INFO] [tf_to_odom-10]: process started with pid [7316]
[INFO] [ros2-11]: process started with pid [7318]
[amcl-9] [INFO] [1785138455.500286478] [amcl3]: 
[amcl-9] 	amcl3 lifecycle node launched. 
[amcl-9] 	Waiting on external lifecycle transitions to activate
[amcl-9] 	See https://design.ros2.org/articles/node_lifecycle.html for more information.
[amcl-9] [INFO] [1785138455.504940332] [amcl3]: Creating
[lifecycle_manager-5] [INFO] [1785138455.533053875] [lifecycle_manager_localization]: Creating
[lifecycle_manager-5] [INFO] [1785138455.540248851] [lifecycle_manager_localization]: [34m[1mCreating and initializing lifecycle service clients[0m[0m
[map_server-4] [INFO] [1785138455.548302697] [map_server]: 
[map_server-4] 	map_server lifecycle node launched. 
[map_server-4] 	Waiting on external lifecycle transitions to activate
[map_server-4] 	See https://design.ros2.org/articles/node_lifecycle.html for more information.
[map_server-4] [INFO] [1785138455.548469760] [map_server]: Creating
[robot_state_publisher-6] [INFO] [1785138455.636003958] [robot3.robot_state_publisher]: got segment robot3/AGV_Body-v1
[robot_state_publisher-6] [INFO] [1785138455.636094463] [robot3.robot_state_publisher]: got segment robot3/ZLtech_6.5inch-v3
[robot_state_publisher-6] [INFO] [1785138455.636100219] [robot3.robot_state_publisher]: got segment robot3/ZLtech_6.5inch-v3-1
[robot_state_publisher-6] [INFO] [1785138455.636103788] [robot3.robot_state_publisher]: got segment robot3/base_link
[robot_state_publisher-6] [INFO] [1785138455.636107178] [robot3.robot_state_publisher]: got segment robot3/caster_back
[robot_state_publisher-6] [INFO] [1785138455.636110458] [robot3.robot_state_publisher]: got segment robot3/caster_front
[robot_state_publisher-6] [INFO] [1785138455.636113653] [robot3.robot_state_publisher]: got segment robot3/front_indicator
[robot_state_publisher-6] [INFO] [1785138455.636116800] [robot3.robot_state_publisher]: got segment robot3/laser_frame
[robot_state_publisher-6] [INFO] [1785138455.636119954] [robot3.robot_state_publisher]: got segment robot3/scanner-v2
[ros2-11] [INFO] [launch]: All log files can be found below /home/sanket/.ros/log/2026-07-27-13-17-35-829154-sanket-Victus-by-HP-Laptop-16-d0xxx-7318
[ros2-11] [INFO] [launch]: Default logging verbosity is set to INFO
[lifecycle_manager-5] [INFO] [1785138455.932898630] [lifecycle_manager_localization]: [34m[1mStarting managed nodes bringup...[0m[0m
[lifecycle_manager-5] [INFO] [1785138455.932961266] [lifecycle_manager_localization]: [34m[1mConfiguring map_server[0m[0m
[map_server-4] [INFO] [1785138455.938753420] [map_server]: Configuring
[map_server-4] [INFO] [1785138455.941278801] [map_io]: Loading yaml file: /home/sanket/Documents/XP_Robotics/StepFile_gazebo/AGV/agv_simulation_workspace/install/agv/share/agv/maps/my_new_map.yaml
[map_server-4] [INFO] [1785138455.944835438] [map_io]: resolution: 0.05
[map_server-4] [INFO] [1785138455.944866559] [map_io]: origin[0]: -7.275
[map_server-4] [INFO] [1785138455.944871715] [map_io]: origin[1]: -6.625
[map_server-4] [INFO] [1785138455.944875842] [map_io]: origin[2]: 0
[map_server-4] [INFO] [1785138455.944880688] [map_io]: free_thresh: 0.25
[map_server-4] [INFO] [1785138455.944885273] [map_io]: occupied_thresh: 0.65
[map_server-4] [INFO] [1785138455.944891733] [map_io]: mode: trinary
[map_server-4] [INFO] [1785138455.944897709] [map_io]: negate: 0
[map_server-4] [INFO] [1785138455.945342992] [map_io]: Loading image_file: /home/sanket/Documents/XP_Robotics/StepFile_gazebo/AGV/agv_simulation_workspace/install/agv/share/agv/maps/my_new_map.pgm
[map_server-4] [INFO] [1785138455.969440818] [map_io]: Read map /home/sanket/Documents/XP_Robotics/StepFile_gazebo/AGV/agv_simulation_workspace/install/agv/share/agv/maps/my_new_map.pgm: 275 X 241 map @ 0.05 m/cell
[lifecycle_manager-5] [INFO] [1785138456.000771468] [lifecycle_manager_localization]: [34m[1mConfiguring amcl3[0m[0m
[amcl-9] [INFO] [1785138456.001553731] [amcl3]: Configuring
[amcl-9] [INFO] [1785138456.002798035] [amcl3]: initTransforms
[amcl-9] [INFO] [1785138456.026723692] [amcl3]: initPubSub
[amcl-9] [INFO] [1785138456.037255696] [amcl3]: Subscribed to map topic.
[lifecycle_manager-5] [INFO] [1785138456.045784158] [lifecycle_manager_localization]: [34m[1mActivating map_server[0m[0m
[map_server-4] [INFO] [1785138456.046493800] [map_server]: Activating
[map_server-4] [INFO] [1785138456.046837186] [map_server]: Creating bond (map_server) to lifecycle manager.
[tf_to_odom-10] [INFO] [1785138456.048174303] [robot3.tf_to_odom]: Publishing TF (map -> robot3/base_link) to odometry/filtered
[spawn_entity.py-7] [INFO] [1785138456.067916403] [spawn_entity]: Spawn Entity started
[spawn_entity.py-7] [INFO] [1785138456.068501600] [spawn_entity]: Loading entity published on topic /robot3/robot_description
[spawn_entity.py-7] [INFO] [1785138456.070473021] [spawn_entity]: Waiting for entity xml on /robot3/robot_description
[lifecycle_manager-5] [INFO] [1785138456.085209452] [lifecycle_manager_localization]: Server map_server connected with bond.
[lifecycle_manager-5] [INFO] [1785138456.085254312] [lifecycle_manager_localization]: [34m[1mActivating amcl3[0m[0m
[amcl-9] [INFO] [1785138456.085553632] [amcl3]: Activating
[amcl-9] [INFO] [1785138456.085589008] [amcl3]: initialPoseReceived
[amcl-9] [INFO] [1785138456.085650295] [amcl3]: Setting pose (0.000000): 0.000 3.000 0.000
[amcl-9] [INFO] [1785138456.085957106] [amcl3]: Creating bond (amcl3) to lifecycle manager.
[ros2-11] [INFO] [controller_server-1]: process started with pid [7471]
[ros2-11] [INFO] [smoother_server-2]: process started with pid [7473]
[ros2-11] [INFO] [planner_server-3]: process started with pid [7475]
[ros2-11] [INFO] [behavior_server-4]: process started with pid [7477]
[ros2-11] [INFO] [bt_navigator-5]: process started with pid [7479]
[ros2-11] [INFO] [waypoint_follower-6]: process started with pid [7481]
[ros2-11] [INFO] [velocity_smoother-7]: process started with pid [7483]
[ros2-11] [INFO] [lifecycle_manager-8]: process started with pid [7485]
[ros2-11] [planner_server-3] [INFO] [1785138456.163956187] [robot3.planner_server]: 
[ros2-11] [planner_server-3] 	planner_server lifecycle node launched. 
[ros2-11] [planner_server-3] 	Waiting on external lifecycle transitions to activate
[ros2-11] [planner_server-3] 	See https://design.ros2.org/articles/node_lifecycle.html for more information.
[ros2-11] [planner_server-3] [INFO] [1785138456.165430563] [robot3.planner_server]: Creating
[lifecycle_manager-5] [INFO] [1785138456.189475661] [lifecycle_manager_localization]: Server amcl3 connected with bond.
[lifecycle_manager-5] [INFO] [1785138456.189538609] [lifecycle_manager_localization]: [34m[1mManaged nodes are active[0m[0m
[lifecycle_manager-5] [INFO] [1785138456.189548389] [lifecycle_manager_localization]: [34m[1mCreating bond timer...[0m[0m
[ros2-11] [smoother_server-2] [INFO] [1785138456.198234576] [robot3.smoother_server]: 
[ros2-11] [smoother_server-2] 	smoother_server lifecycle node launched. 
[ros2-11] [smoother_server-2] 	Waiting on external lifecycle transitions to activate
[ros2-11] [smoother_server-2] 	See https://design.ros2.org/articles/node_lifecycle.html for more information.
[ros2-11] [smoother_server-2] [INFO] [1785138456.200688211] [robot3.smoother_server]: Creating smoother server
[amcl-9] [INFO] [1785138456.210987232] [amcl3]: Received a 275 X 241 map @ 0.050 m/pix
[ros2-11] [velocity_smoother-7] [INFO] [1785138456.225022355] [robot3.velocity_smoother]: 
[ros2-11] [velocity_smoother-7] 	velocity_smoother lifecycle node launched. 
[ros2-11] [velocity_smoother-7] 	Waiting on external lifecycle transitions to activate
[ros2-11] [velocity_smoother-7] 	See https://design.ros2.org/articles/node_lifecycle.html for more information.
[ros2-11] [waypoint_follower-6] [INFO] [1785138456.228130050] [robot3.waypoint_follower]: 
[ros2-11] [waypoint_follower-6] 	waypoint_follower lifecycle node launched. 
[ros2-11] [waypoint_follower-6] 	Waiting on external lifecycle transitions to activate
[ros2-11] [waypoint_follower-6] 	See https://design.ros2.org/articles/node_lifecycle.html for more information.
[ros2-11] [waypoint_follower-6] [INFO] [1785138456.236123699] [robot3.waypoint_follower]: Creating
[ros2-11] [lifecycle_manager-8] [INFO] [1785138456.263115362] [robot3.lifecycle_manager_navigation]: Creating
[ros2-11] [controller_server-1] [INFO] [1785138456.267284818] [robot3.controller_server]: 
[ros2-11] [controller_server-1] 	controller_server lifecycle node launched. 
[ros2-11] [controller_server-1] 	Waiting on external lifecycle transitions to activate
[ros2-11] [controller_server-1] 	See https://design.ros2.org/articles/node_lifecycle.html for more information.
[ros2-11] [controller_server-1] [INFO] [1785138456.273434666] [robot3.controller_server]: Creating controller server
[ros2-11] [lifecycle_manager-8] [INFO] [1785138456.307654280] [robot3.lifecycle_manager_navigation]: [34m[1mCreating and initializing lifecycle service clients[0m[0m
[ros2-11] [planner_server-3] [INFO] [1785138456.307812617] [robot3.global_costmap.global_costmap]: 
[ros2-11] [planner_server-3] 	global_costmap lifecycle node launched. 
[ros2-11] [planner_server-3] 	Waiting on external lifecycle transitions to activate
[ros2-11] [planner_server-3] 	See https://design.ros2.org/articles/node_lifecycle.html for more information.
[ros2-11] [planner_server-3] [INFO] [1785138456.312630779] [robot3.global_costmap.global_costmap]: Creating Costmap
[ros2-11] [bt_navigator-5] [INFO] [1785138456.313725561] [robot3.bt_navigator]: 
[ros2-11] [bt_navigator-5] 	bt_navigator lifecycle node launched. 
[ros2-11] [bt_navigator-5] 	Waiting on external lifecycle transitions to activate
[ros2-11] [bt_navigator-5] 	See https://design.ros2.org/articles/node_lifecycle.html for more information.
[ros2-11] [bt_navigator-5] [INFO] [1785138456.313850015] [robot3.bt_navigator]: Creating
[ros2-11] [behavior_server-4] [INFO] [1785138456.331403830] [robot3.behavior_server]: 
[ros2-11] [behavior_server-4] 	behavior_server lifecycle node launched. 
[ros2-11] [behavior_server-4] 	Waiting on external lifecycle transitions to activate
[ros2-11] [behavior_server-4] 	See https://design.ros2.org/articles/node_lifecycle.html for more information.
[ros2-11] [controller_server-1] [INFO] [1785138456.462607839] [robot3.local_costmap.local_costmap]: 
[ros2-11] [controller_server-1] 	local_costmap lifecycle node launched. 
[ros2-11] [controller_server-1] 	Waiting on external lifecycle transitions to activate
[ros2-11] [controller_server-1] 	See https://design.ros2.org/articles/node_lifecycle.html for more information.
[ros2-11] [controller_server-1] [INFO] [1785138456.465036859] [robot3.local_costmap.local_costmap]: Creating Costmap
[rviz2-3] [INFO] [1785138456.630756915] [rviz2]: Stereo is NOT SUPPORTED
[rviz2-3] [INFO] [1785138456.630890717] [rviz2]: OpenGl version: 4.6 (GLSL 4.6)
[rviz2-3] [INFO] [1785138456.654379197] [rviz2]: Stereo is NOT SUPPORTED
[ros2-11] [lifecycle_manager-8] [INFO] [1785138456.695760267] [robot3.lifecycle_manager_navigation]: [34m[1mStarting managed nodes bringup...[0m[0m
[ros2-11] [lifecycle_manager-8] [INFO] [1785138456.695830109] [robot3.lifecycle_manager_navigation]: [34m[1mConfiguring controller_server[0m[0m
[ros2-11] [controller_server-1] [INFO] [1785138456.696470110] [robot3.controller_server]: Configuring controller interface
[ros2-11] [controller_server-1] [INFO] [1785138456.696765782] [robot3.controller_server]: getting goal checker plugins..
[ros2-11] [controller_server-1] [INFO] [1785138456.696859039] [robot3.controller_server]: Controller frequency set to 20.0000Hz
[ros2-11] [controller_server-1] [INFO] [1785138456.696898695] [robot3.local_costmap.local_costmap]: Configuring
[ros2-11] [controller_server-1] [INFO] [1785138456.710681764] [robot3.local_costmap.local_costmap]: Using plugin "voxel_layer"
[ros2-11] [controller_server-1] [INFO] [1785138456.714195948] [robot3.local_costmap.local_costmap]: Subscribed to Topics: robot3/scan
[ros2-11] [controller_server-1] [INFO] [1785138456.725524930] [robot3.local_costmap.local_costmap]: Initialized plugin "voxel_layer"
[ros2-11] [controller_server-1] [INFO] [1785138456.725579950] [robot3.local_costmap.local_costmap]: Using plugin "inflation_layer"
[ros2-11] [controller_server-1] [INFO] [1785138456.728285121] [robot3.local_costmap.local_costmap]: Initialized plugin "inflation_layer"
[ros2-11] [controller_server-1] [INFO] [1785138456.753273708] [robot3.controller_server]: Created progress_checker : progress_checker of type nav2_controller::SimpleProgressChecker
[ros2-11] [controller_server-1] [INFO] [1785138456.755111479] [robot3.controller_server]: Created goal checker : general_goal_checker of type nav2_controller::SimpleGoalChecker
[ros2-11] [controller_server-1] [INFO] [1785138456.755540650] [robot3.controller_server]: Controller Server has general_goal_checker  goal checkers available.
[ros2-11] [controller_server-1] [INFO] [1785138456.756587154] [robot3.controller_server]: Created controller : FollowPath of type nav2_regulated_pure_pursuit_controller::RegulatedPurePursuitController
[ros2-11] [controller_server-1] [INFO] [1785138456.770305727] [robot3.controller_server]: Controller Server has FollowPath  controllers available.
[ros2-11] [lifecycle_manager-8] [INFO] [1785138456.788527350] [robot3.lifecycle_manager_navigation]: [34m[1mConfiguring smoother_server[0m[0m
[ros2-11] [smoother_server-2] [INFO] [1785138456.789127621] [robot3.smoother_server]: Configuring smoother server
[ros2-11] [smoother_server-2] [INFO] [1785138456.801325835] [robot3.smoother_server]: Created smoother : simple_smoother of type nav2_smoother::SimpleSmoother
[ros2-11] [smoother_server-2] [INFO] [1785138456.801746938] [robot3.smoother_server]: Smoother Server has simple_smoother  smoothers available.
[ros2-11] [lifecycle_manager-8] [INFO] [1785138456.812619123] [robot3.lifecycle_manager_navigation]: [34m[1mConfiguring planner_server[0m[0m
[ros2-11] [planner_server-3] [INFO] [1785138456.812852747] [robot3.planner_server]: Configuring
[ros2-11] [planner_server-3] [INFO] [1785138456.812891773] [robot3.global_costmap.global_costmap]: Configuring
[ros2-11] [planner_server-3] [INFO] [1785138456.821065313] [robot3.global_costmap.global_costmap]: Using plugin "static_layer"
[ros2-11] [planner_server-3] [INFO] [1785138456.825552920] [robot3.global_costmap.global_costmap]: Subscribing to the map topic (/robot3/map) with transient local durability
[ros2-11] [planner_server-3] [INFO] [1785138456.827123924] [robot3.global_costmap.global_costmap]: Initialized plugin "static_layer"
[ros2-11] [planner_server-3] [INFO] [1785138456.827179305] [robot3.global_costmap.global_costmap]: Using plugin "obstacle_layer"
[ros2-11] [planner_server-3] [INFO] [1785138456.827568613] [robot3.global_costmap.global_costmap]: Subscribed to Topics: robot3/scan
[ros2-11] [planner_server-3] [INFO] [1785138456.836784844] [robot3.global_costmap.global_costmap]: Initialized plugin "obstacle_layer"
[ros2-11] [planner_server-3] [INFO] [1785138456.836831159] [robot3.global_costmap.global_costmap]: Using plugin "inflation_layer"
[ros2-11] [planner_server-3] [INFO] [1785138456.838887436] [robot3.global_costmap.global_costmap]: Initialized plugin "inflation_layer"
[ros2-11] [planner_server-3] [INFO] [1785138456.857003267] [robot3.planner_server]: Created global planner plugin GridBased of type nav2_navfn_planner/NavfnPlanner
[ros2-11] [planner_server-3] [INFO] [1785138456.857048233] [robot3.planner_server]: Configuring plugin GridBased of type NavfnPlanner
[ros2-11] [planner_server-3] [INFO] [1785138456.858695163] [robot3.planner_server]: Planner Server has GridBased  planners available.
[ros2-11] [lifecycle_manager-8] [INFO] [1785138456.881574468] [robot3.lifecycle_manager_navigation]: [34m[1mConfiguring behavior_server[0m[0m
[ros2-11] [behavior_server-4] [INFO] [1785138456.882092919] [robot3.behavior_server]: Configuring
[ros2-11] [behavior_server-4] [INFO] [1785138456.901618525] [robot3.behavior_server]: Creating behavior plugin spin of type nav2_behaviors/Spin
[ros2-11] [behavior_server-4] [INFO] [1785138456.902729781] [robot3.behavior_server]: Configuring spin
[ros2-11] [behavior_server-4] [INFO] [1785138456.910507527] [robot3.behavior_server]: Creating behavior plugin backup of type nav2_behaviors/BackUp
[ros2-11] [behavior_server-4] [INFO] [1785138456.912649890] [robot3.behavior_server]: Configuring backup
[ros2-11] [behavior_server-4] [INFO] [1785138456.923239873] [robot3.behavior_server]: Creating behavior plugin drive_on_heading of type nav2_behaviors/DriveOnHeading
[ros2-11] [behavior_server-4] [INFO] [1785138456.924184560] [robot3.behavior_server]: Configuring drive_on_heading
[ros2-11] [behavior_server-4] [INFO] [1785138456.934035604] [robot3.behavior_server]: Creating behavior plugin assisted_teleop of type nav2_behaviors/AssistedTeleop
[ros2-11] [behavior_server-4] [INFO] [1785138456.936056311] [robot3.behavior_server]: Configuring assisted_teleop
[ros2-11] [behavior_server-4] [INFO] [1785138456.947893737] [robot3.behavior_server]: Creating behavior plugin wait of type nav2_behaviors/Wait
[ros2-11] [behavior_server-4] [INFO] [1785138456.948843442] [robot3.behavior_server]: Configuring wait
[ros2-11] [lifecycle_manager-8] [INFO] [1785138456.960555623] [robot3.lifecycle_manager_navigation]: [34m[1mConfiguring bt_navigator[0m[0m
[ros2-11] [bt_navigator-5] [INFO] [1785138456.961020290] [robot3.bt_navigator]: Configuring
[ros2-11] [lifecycle_manager-8] [INFO] [1785138457.059318633] [robot3.lifecycle_manager_navigation]: [34m[1mConfiguring waypoint_follower[0m[0m
[ros2-11] [waypoint_follower-6] [INFO] [1785138457.059788137] [robot3.waypoint_follower]: Configuring
[ros2-11] [waypoint_follower-6] [INFO] [1785138457.082807530] [robot3.waypoint_follower]: Created waypoint_task_executor : wait_at_waypoint of type nav2_waypoint_follower::WaitAtWaypoint
[ros2-11] [lifecycle_manager-8] [INFO] [1785138457.085055230] [robot3.lifecycle_manager_navigation]: [34m[1mConfiguring velocity_smoother[0m[0m
[ros2-11] [velocity_smoother-7] [INFO] [1785138457.085562586] [robot3.velocity_smoother]: Configuring velocity smoother
[ros2-11] [lifecycle_manager-8] [INFO] [1785138457.093389487] [robot3.lifecycle_manager_navigation]: [34m[1mActivating controller_server[0m[0m
[ros2-11] [controller_server-1] [INFO] [1785138457.094125324] [robot3.controller_server]: Activating
[ros2-11] [controller_server-1] [INFO] [1785138457.094203379] [robot3.local_costmap.local_costmap]: Activating
[ros2-11] [controller_server-1] [INFO] [1785138457.094223733] [robot3.local_costmap.local_costmap]: Checking transform
[ros2-11] [controller_server-1] [INFO] [1785138457.094266556] [robot3.local_costmap.local_costmap]: Timed out waiting for transform from robot3/base_link to robot3/odom to become available, tf error: Invalid frame ID "robot3/odom" passed to canTransform argument target_frame - frame does not exist
[ros2-11] [controller_server-1] [INFO] [1785138457.594306890] [robot3.local_costmap.local_costmap]: Timed out waiting for transform from robot3/base_link to robot3/odom to become available, tf error: Invalid frame ID "robot3/odom" passed to canTransform argument target_frame - frame does not exist
[rviz2-3] [INFO] [1785138457.666840069] [rviz2]: Trying to create a map of size 275 x 241 using 1 swatches
[ros2-11] [controller_server-1] [INFO] [1785138458.094338071] [robot3.local_costmap.local_costmap]: Timed out waiting for transform from robot3/base_link to robot3/odom to become available, tf error: Invalid frame ID "robot3/odom" passed to canTransform argument target_frame - frame does not exist
[spawn_entity.py-7] [INFO] [1785138458.456625331] [spawn_entity]: Waiting for service /spawn_entity, timeout = 30
[spawn_entity.py-7] [INFO] [1785138458.456852892] [spawn_entity]: Waiting for service /spawn_entity
[spawn_entity.py-7] [INFO] [1785138458.460637612] [spawn_entity]: Calling service /spawn_entity
[ros2-11] [controller_server-1] [INFO] [1785138458.594299982] [robot3.local_costmap.local_costmap]: Timed out waiting for transform from robot3/base_link to robot3/odom to become available, tf error: Invalid frame ID "robot3/odom" passed to canTransform argument target_frame - frame does not exist
[spawn_entity.py-7] [INFO] [1785138458.774858302] [spawn_entity]: Spawn status: SpawnEntity: Successfully spawned entity [robot3]
[gzserver-1] [INFO] [1785138458.924471845] [robot3.diff_drive]: Wheel pair 1 separation set to [0.560000m]
[gzserver-1] [INFO] [1785138458.924912861] [robot3.diff_drive]: Wheel pair 1 diameter set to [0.165000m]
[gzserver-1] [INFO] [1785138458.931300393] [robot3.diff_drive]: Subscribed to [/robot3/cmd_vel]
[gzserver-1] [INFO] [1785138458.936832234] [robot3.diff_drive]: Advertise odometry on [/robot3/odom]
[INFO] [spawn_entity.py-7]: process has finished cleanly [pid 7310]
[gzserver-1] [INFO] [1785138458.978073570] [robot3.joint_state]: Going to publish joint [robot3/AGV_Body-v1_Revolute-2]
[gzserver-1] [INFO] [1785138458.978123718] [robot3.joint_state]: Going to publish joint [robot3/AGV_Body-v1_Revolute-3]
[ros2-11] [controller_server-1] [INFO] [1785138459.094320329] [robot3.local_costmap.local_costmap]: Timed out waiting for transform from robot3/base_link to robot3/odom to become available, tf error: Invalid frame ID "robot3/odom" passed to canTransform argument target_frame - frame does not exist
[amcl-9] [INFO] [1785138459.147174543] [amcl3]: createLaserObject
[ros2-11] [controller_server-1] [INFO] [1785138459.594303773] [robot3.local_costmap.local_costmap]: Timed out waiting for transform from robot3/base_link to robot3/odom to become available, tf error: Invalid frame ID "robot3/odom" passed to canTransform argument target_frame - frame does not exist
[amcl-9] [INFO] [1785138459.949051697] [amcl3]: Message Filter dropping message: frame 'robot3/laser_frame' at time 1.539 for reason 'the timestamp on the message is earlier than all the data in the transform cache'
[ros2-11] [controller_server-1] [INFO] [1785138460.094306294] [robot3.local_costmap.local_costmap]: Timed out waiting for transform from robot3/base_link to robot3/odom to become available, tf error: Invalid frame ID "robot3/odom" passed to canTransform argument target_frame - frame does not exist
[ros2-11] [controller_server-1] [INFO] [1785138460.594304677] [robot3.local_costmap.local_costmap]: Timed out waiting for transform from robot3/base_link to robot3/odom to become available, tf error: Invalid frame ID "robot3/odom" passed to canTransform argument target_frame - frame does not exist
[ros2-11] [controller_server-1] [INFO] [1785138461.094304557] [robot3.local_costmap.local_costmap]: Timed out waiting for transform from robot3/base_link to robot3/odom to become available, tf error: Invalid frame ID "robot3/odom" passed to canTransform argument target_frame - frame does not exist
[ros2-11] [controller_server-1] [INFO] [1785138461.594324554] [robot3.local_costmap.local_costmap]: Timed out waiting for transform from robot3/base_link to robot3/odom to become available, tf error: Invalid frame ID "robot3/odom" passed to canTransform argument target_frame - frame does not exist
[ros2-11] [controller_server-1] [INFO] [1785138462.094318177] [robot3.local_costmap.local_costmap]: Timed out waiting for transform from robot3/base_link to robot3/odom to become available, tf error: Invalid frame ID "robot3/odom" passed to canTransform argument target_frame - frame does not exist
[ros2-11] [controller_server-1] [INFO] [1785138462.594301931] [robot3.local_costmap.local_costmap]: Timed out waiting for transform from robot3/base_link to robot3/odom to become available, tf error: Invalid frame ID "robot3/odom" passed to canTransform argument target_frame - frame does not exist
[ros2-11] [controller_server-1] [INFO] [1785138463.094322977] [robot3.local_costmap.local_costmap]: Timed out waiting for transform from robot3/base_link to robot3/odom to become available, tf error: Invalid frame ID "robot3/odom" passed to canTransform argument target_frame - frame does not exist
[ros2-11] [controller_server-1] [INFO] [1785138463.594304794] [robot3.local_costmap.local_costmap]: Timed out waiting for transform from robot3/base_link to robot3/odom to become available, tf error: Invalid frame ID "robot3/odom" passed to canTransform argument target_frame - frame does not exist
[ros2-11] [controller_server-1] [INFO] [1785138464.094350275] [robot3.local_costmap.local_costmap]: Timed out waiting for transform from robot3/base_link to robot3/odom to become available, tf error: Invalid frame ID "robot3/odom" passed to canTransform argument target_frame - frame does not exist
[ros2-11] [controller_server-1] [INFO] [1785138464.594327988] [robot3.local_costmap.local_costmap]: Timed out waiting for transform from robot3/base_link to robot3/odom to become available, tf error: Invalid frame ID "robot3/odom" passed to canTransform argument target_frame - frame does not exist
[ros2-11] [controller_server-1] [INFO] [1785138465.094300377] [robot3.local_costmap.local_costmap]: Timed out waiting for transform from robot3/base_link to robot3/odom to become available, tf error: Invalid frame ID "robot3/odom" passed to canTransform argument target_frame - frame does not exist
[ros2-11] [controller_server-1] [INFO] [1785138465.594317704] [robot3.local_costmap.local_costmap]: Timed out waiting for transform from robot3/base_link to robot3/odom to become available, tf error: Invalid frame ID "robot3/odom" passed to canTransform argument target_frame - frame does not exist
[ros2-11] [controller_server-1] [INFO] [1785138466.094311954] [robot3.local_costmap.local_costmap]: Timed out waiting for transform from robot3/base_link to robot3/odom to become available, tf error: Invalid frame ID "robot3/odom" passed to canTransform argument target_frame - frame does not exist
[ros2-11] [controller_server-1] [INFO] [1785138466.594302377] [robot3.local_costmap.local_costmap]: Timed out waiting for transform from robot3/base_link to robot3/odom to become available, tf error: Invalid frame ID "robot3/odom" passed to canTransform argument target_frame - frame does not exist
[ros2-11] [controller_server-1] [INFO] [1785138467.094299418] [robot3.local_costmap.local_costmap]: Timed out waiting for transform from robot3/base_link to robot3/odom to become available, tf error: Invalid frame ID "robot3/odom" passed to canTransform argument target_frame - frame does not exist
[ros2-11] [controller_server-1] [INFO] [1785138467.594304692] [robot3.local_costmap.local_costmap]: Timed out waiting for transform from robot3/base_link to robot3/odom to become available, tf error: Invalid frame ID "robot3/odom" passed to canTransform argument target_frame - frame does not exist
[ros2-11] [controller_server-1] [INFO] [1785138468.094302411] [robot3.local_costmap.local_costmap]: Timed out waiting for transform from robot3/base_link to robot3/odom to become available, tf error: Invalid frame ID "robot3/odom" passed to canTransform argument target_frame - frame does not exist
[ros2-11] [controller_server-1] [INFO] [1785138468.594334518] [robot3.local_costmap.local_costmap]: Timed out waiting for transform from robot3/base_link to robot3/odom to become available, tf error: Invalid frame ID "robot3/odom" passed to canTransform argument target_frame - frame does not exist
[ros2-11] [controller_server-1] [INFO] [1785138469.094325030] [robot3.local_costmap.local_costmap]: Timed out waiting for transform from robot3/base_link to robot3/odom to become available, tf error: Invalid frame ID "robot3/odom" passed to canTransform argument target_frame - frame does not exist
[ros2-11] [controller_server-1] [INFO] [1785138469.594298925] [robot3.local_costmap.local_costmap]: Timed out waiting for transform from robot3/base_link to robot3/odom to become available, tf error: Invalid frame ID "robot3/odom" passed to canTransform argument target_frame - frame does not exist
[ros2-11] [controller_server-1] [INFO] [1785138470.094298422] [robot3.local_costmap.local_costmap]: Timed out waiting for transform from robot3/base_link to robot3/odom to become available, tf error: Invalid frame ID "robot3/odom" passed to canTransform argument target_frame - frame does not exist
[ros2-11] [controller_server-1] [INFO] [1785138470.594303918] [robot3.local_costmap.local_costmap]: Timed out waiting for transform from robot3/base_link to robot3/odom to become available, tf error: Invalid frame ID "robot3/odom" passed to canTransform argument target_frame - frame does not exist
[ros2-11] [controller_server-1] [INFO] [1785138471.094302719] [robot3.local_costmap.local_costmap]: Timed out waiting for transform from robot3/base_link to robot3/odom to become available, tf error: Invalid frame ID "robot3/odom" passed to canTransform argument target_frame - frame does not exist
[ros2-11] [controller_server-1] [INFO] [1785138471.594295487] [robot3.local_costmap.local_costmap]: Timed out waiting for transform from robot3/base_link to robot3/odom to become available, tf error: Invalid frame ID "robot3/odom" passed to canTransform argument target_frame - frame does not exist
[ros2-11] [controller_server-1] [INFO] [1785138472.094301367] [robot3.local_costmap.local_costmap]: Timed out waiting for transform from robot3/base_link to robot3/odom to become available, tf error: Invalid frame ID "robot3/odom" passed to canTransform argument target_frame - frame does not exist
[ros2-11] [controller_server-1] [INFO] [1785138472.594299526] [robot3.local_costmap.local_costmap]: Timed out waiting for transform from robot3/base_link to robot3/odom to become available, tf error: Invalid frame ID "robot3/odom" passed to canTransform argument target_frame - frame does not exist
[ros2-11] [controller_server-1] [INFO] [1785138473.094290957] [robot3.local_costmap.local_costmap]: Timed out waiting for transform from robot3/base_link to robot3/odom to become available, tf error: Invalid frame ID "robot3/odom" passed to canTransform argument target_frame - frame does not exist
[ros2-11] [controller_server-1] [INFO] [1785138473.594271245] [robot3.local_costmap.local_costmap]: Timed out waiting for transform from robot3/base_link to robot3/odom to become available, tf error: Invalid frame ID "robot3/odom" passed to canTransform argument target_frame - frame does not exist
[ros2-11] [controller_server-1] [INFO] [1785138474.094303235] [robot3.local_costmap.local_costmap]: Timed out waiting for transform from robot3/base_link to robot3/odom to become available, tf error: Invalid frame ID "robot3/odom" passed to canTransform argument target_frame - frame does not exist
[ros2-11] [controller_server-1] [INFO] [1785138474.594299322] [robot3.local_costmap.local_costmap]: Timed out waiting for transform from robot3/base_link to robot3/odom to become available, tf error: Invalid frame ID "robot3/odom" passed to canTransform argument target_frame - frame does not exist
[ros2-11] [controller_server-1] [INFO] [1785138475.094323179] [robot3.local_costmap.local_costmap]: Timed out waiting for transform from robot3/base_link to robot3/odom to become available, tf error: Invalid frame ID "robot3/odom" passed to canTransform argument target_frame - frame does not exist
[ros2-11] [controller_server-1] [INFO] [1785138475.594294776] [robot3.local_costmap.local_costmap]: Timed out waiting for transform from robot3/base_link to robot3/odom to become available, tf error: Invalid frame ID "robot3/odom" passed to canTransform argument target_frame - frame does not exist
[ros2-11] [controller_server-1] [INFO] [1785138476.094299058] [robot3.local_costmap.local_costmap]: Timed out waiting for transform from robot3/base_link to robot3/odom to become available, tf error: Invalid frame ID "robot3/odom" passed to canTransform argument target_frame - frame does not exist
[ros2-11] [controller_server-1] [INFO] [1785138476.594272269] [robot3.local_costmap.local_costmap]: Timed out waiting for transform from robot3/base_link to robot3/odom to become available, tf error: Invalid frame ID "robot3/odom" passed to canTransform argument target_frame - frame does not exist
[ros2-11] [controller_server-1] [INFO] [1785138477.094323130] [robot3.local_costmap.local_costmap]: Timed out waiting for transform from robot3/base_link to robot3/odom to become available, tf error: Invalid frame ID "robot3/odom" passed to canTransform argument target_frame - frame does not exist
[ros2-11] [controller_server-1] [INFO] [1785138477.594299334] [robot3.local_costmap.local_costmap]: Timed out waiting for transform from robot3/base_link to robot3/odom to become available, tf error: Invalid frame ID "robot3/odom" passed to canTransform argument target_frame - frame does not exist
[ros2-11] [controller_server-1] [INFO] [1785138478.094297949] [robot3.local_costmap.local_costmap]: Timed out waiting for transform from robot3/base_link to robot3/odom to become available, tf error: Invalid frame ID "robot3/odom" passed to canTransform argument target_frame - frame does not exist
[ros2-11] [controller_server-1] [INFO] [1785138478.594327362] [robot3.local_costmap.local_costmap]: Timed out waiting for transform from robot3/base_link to robot3/odom to become available, tf error: Invalid frame ID "robot3/odom" passed to canTransform argument target_frame - frame does not exist
[ros2-11] [controller_server-1] [INFO] [1785138479.094320878] [robot3.local_costmap.local_costmap]: Timed out waiting for transform from robot3/base_link to robot3/odom to become available, tf error: Invalid frame ID "robot3/odom" passed to canTransform argument target_frame - frame does not exist
[ros2-11] [controller_server-1] [INFO] [1785138479.594316425] [robot3.local_costmap.local_costmap]: Timed out waiting for transform from robot3/base_link to robot3/odom to become available, tf error: Invalid frame ID "robot3/odom" passed to canTransform argument target_frame - frame does not exist
[ros2-11] [controller_server-1] [INFO] [1785138480.094261474] [robot3.local_costmap.local_costmap]: Timed out waiting for transform from robot3/base_link to robot3/odom to become available, tf error: Invalid frame ID "robot3/odom" passed to canTransform argument target_frame - frame does not exist
[ros2-11] [controller_server-1] [INFO] [1785138480.594300445] [robot3.local_costmap.local_costmap]: Timed out waiting for transform from robot3/base_link to robot3/odom to become available, tf error: Invalid frame ID "robot3/odom" passed to canTransform argument target_frame - frame does not exist
[ros2-11] [controller_server-1] [INFO] [1785138481.094329926] [robot3.local_costmap.local_costmap]: Timed out waiting for transform from robot3/base_link to robot3/odom to become available, tf error: Invalid frame ID "robot3/odom" passed to canTransform argument target_frame - frame does not exist
[ros2-11] [controller_server-1] [INFO] [1785138481.594326795] [robot3.local_costmap.local_costmap]: Timed out waiting for transform from robot3/base_link to robot3/odom to become available, tf error: Invalid frame ID "robot3/odom" passed to canTransform argument target_frame - frame does not exist
[ros2-11] [controller_server-1] [INFO] [1785138482.094323556] [robot3.local_costmap.local_costmap]: Timed out waiting for transform from robot3/base_link to robot3/odom to become available, tf error: Invalid frame ID "robot3/odom" passed to canTransform argument target_frame - frame does not exist
[ros2-11] [controller_server-1] [INFO] [1785138482.594678298] [robot3.local_costmap.local_costmap]: Timed out waiting for transform from robot3/base_link to robot3/odom to become available, tf error: Invalid frame ID "robot3/odom" passed to canTransform argument target_frame - frame does not exist
[ros2-11] [controller_server-1] [INFO] [1785138483.094323068] [robot3.local_costmap.local_costmap]: Timed out waiting for transform from robot3/base_link to robot3/odom to become available, tf error: Invalid frame ID "robot3/odom" passed to canTransform argument target_frame - frame does not exist
[ros2-11] [controller_server-1] [INFO] [1785138483.594320283] [robot3.local_costmap.local_costmap]: Timed out waiting for transform from robot3/base_link to robot3/odom to become available, tf error: Invalid frame ID "robot3/odom" passed to canTransform argument target_frame - frame does not exist
[ros2-11] [controller_server-1] [INFO] [1785138484.094349987] [robot3.local_costmap.local_costmap]: Timed out waiting for transform from robot3/base_link to robot3/odom to become available, tf error: Invalid frame ID "robot3/odom" passed to canTransform argument target_frame - frame does not exist
[ros2-11] [controller_server-1] [INFO] [1785138484.594299722] [robot3.local_costmap.local_costmap]: Timed out waiting for transform from robot3/base_link to robot3/odom to become available, tf error: Invalid frame ID "robot3/odom" passed to canTransform argument target_frame - frame does not exist
[ros2-11] [controller_server-1] [INFO] [1785138485.094301689] [robot3.local_costmap.local_costmap]: Timed out waiting for transform from robot3/base_link to robot3/odom to become available, tf error: Invalid frame ID "robot3/odom" passed to canTransform argument target_frame - frame does not exist
[ros2-11] [controller_server-1] [INFO] [1785138485.594301665] [robot3.local_costmap.local_costmap]: Timed out waiting for transform from robot3/base_link to robot3/odom to become available, tf error: Invalid frame ID "robot3/odom" passed to canTransform argument target_frame - frame does not exist
[ros2-11] [controller_server-1] [INFO] [1785138486.094317896] [robot3.local_costmap.local_costmap]: Timed out waiting for transform from robot3/base_link to robot3/odom to become available, tf error: Invalid frame ID "robot3/odom" passed to canTransform argument target_frame - frame does not exist
[ros2-11] [controller_server-1] [INFO] [1785138486.594322663] [robot3.local_costmap.local_costmap]: Timed out waiting for transform from robot3/base_link to robot3/odom to become available, tf error: Invalid frame ID "robot3/odom" passed to canTransform argument target_frame - frame does not exist
[ros2-11] [controller_server-1] [INFO] [1785138487.094298745] [robot3.local_costmap.local_costmap]: Timed out waiting for transform from robot3/base_link to robot3/odom to become available, tf error: Invalid frame ID "robot3/odom" passed to canTransform argument target_frame - frame does not exist
[ros2-11] [controller_server-1] [INFO] [1785138487.594301188] [robot3.local_costmap.local_costmap]: Timed out waiting for transform from robot3/base_link to robot3/odom to become available, tf error: Invalid frame ID "robot3/odom" passed to canTransform argument target_frame - frame does not exist
[ros2-11] [controller_server-1] [INFO] [1785138488.094297020] [robot3.local_costmap.local_costmap]: Timed out waiting for transform from robot3/base_link to robot3/odom to become available, tf error: Invalid frame ID "robot3/odom" passed to canTransform argument target_frame - frame does not exist
[ros2-11] [controller_server-1] [INFO] [1785138488.594317159] [robot3.local_costmap.local_costmap]: Timed out waiting for transform from robot3/base_link to robot3/odom to become available, tf error: Invalid frame ID "robot3/odom" passed to canTransform argument target_frame - frame does not exist
[ros2-11] [controller_server-1] [INFO] [1785138489.094317856] [robot3.local_costmap.local_costmap]: Timed out waiting for transform from robot3/base_link to robot3/odom to become available, tf error: Invalid frame ID "robot3/odom" passed to canTransform argument target_frame - frame does not exist
[ros2-11] [controller_server-1] [INFO] [1785138489.594300357] [robot3.local_costmap.local_costmap]: Timed out waiting for transform from robot3/base_link to robot3/odom to become available, tf error: Invalid frame ID "robot3/odom" passed to canTransform argument target_frame - frame does not exist
[ros2-11] [controller_server-1] [INFO] [1785138490.094314672] [robot3.local_costmap.local_costmap]: Timed out waiting for transform from robot3/base_link to robot3/odom to become available, tf error: Invalid frame ID "robot3/odom" passed to canTransform argument target_frame - frame does not exist
[ros2-11] [controller_server-1] [INFO] [1785138490.594283511] [robot3.local_costmap.local_costmap]: Timed out waiting for transform from robot3/base_link to robot3/odom to become available, tf error: Invalid frame ID "robot3/odom" passed to canTransform argument target_frame - frame does not exist
[ros2-11] [controller_server-1] [INFO] [1785138491.094302388] [robot3.local_costmap.local_costmap]: Timed out waiting for transform from robot3/base_link to robot3/odom to become available, tf error: Invalid frame ID "robot3/odom" passed to canTransform argument target_frame - frame does not exist
[ros2-11] [controller_server-1] [INFO] [1785138491.594315508] [robot3.local_costmap.local_costmap]: Timed out waiting for transform from robot3/base_link to robot3/odom to become available, tf error: Invalid frame ID "robot3/odom" passed to canTransform argument target_frame - frame does not exist
[ros2-11] [controller_server-1] [INFO] [1785138492.094324470] [robot3.local_costmap.local_costmap]: Timed out waiting for transform from robot3/base_link to robot3/odom to become available, tf error: Invalid frame ID "robot3/odom" passed to canTransform argument target_frame - frame does not exist
[ros2-11] [controller_server-1] [INFO] [1785138492.594297218] [robot3.local_costmap.local_costmap]: Timed out waiting for transform from robot3/base_link to robot3/odom to become available, tf error: Invalid frame ID "robot3/odom" passed to canTransform argument target_frame - frame does not exist
[ros2-11] [controller_server-1] [INFO] [1785138493.094315885] [robot3.local_costmap.local_costmap]: Timed out waiting for transform from robot3/base_link to robot3/odom to become available, tf error: Invalid frame ID "robot3/odom" passed to canTransform argument target_frame - frame does not exist
[ros2-11] [controller_server-1] [INFO] [1785138493.594348878] [robot3.local_costmap.local_costmap]: Timed out waiting for transform from robot3/base_link to robot3/odom to become available, tf error: Invalid frame ID "robot3/odom" passed to canTransform argument target_frame - frame does not exist
[ros2-11] [controller_server-1] [INFO] [1785138494.094322591] [robot3.local_costmap.local_costmap]: Timed out waiting for transform from robot3/base_link to robot3/odom to become available, tf error: Invalid frame ID "robot3/odom" passed to canTransform argument target_frame - frame does not exist
[ros2-11] [controller_server-1] [INFO] [1785138494.594304168] [robot3.local_costmap.local_costmap]: Timed out waiting for transform from robot3/base_link to robot3/odom to become available, tf error: Invalid frame ID "robot3/odom" passed to canTransform argument target_frame - frame does not exist
[ros2-11] [controller_server-1] [INFO] [1785138495.094301159] [robot3.local_costmap.local_costmap]: Timed out waiting for transform from robot3/base_link to robot3/odom to become available, tf error: Invalid frame ID "robot3/odom" passed to canTransform argument target_frame - frame does not exist
[ros2-11] [controller_server-1] [INFO] [1785138495.594302680] [robot3.local_costmap.local_costmap]: Timed out waiting for transform from robot3/base_link to robot3/odom to become available, tf error: Invalid frame ID "robot3/odom" passed to canTransform argument target_frame - frame does not exist
[ros2-11] [controller_server-1] [INFO] [1785138496.094301574] [robot3.local_costmap.local_costmap]: Timed out waiting for transform from robot3/base_link to robot3/odom to become available, tf error: Invalid frame ID "robot3/odom" passed to canTransform argument target_frame - frame does not exist
[ros2-11] [controller_server-1] [INFO] [1785138496.594301851] [robot3.local_costmap.local_costmap]: Timed out waiting for transform from robot3/base_link to robot3/odom to become available, tf error: Invalid frame ID "robot3/odom" passed to canTransform argument target_frame - frame does not exist
[ros2-11] [controller_server-1] [INFO] [1785138497.094303009] [robot3.local_costmap.local_costmap]: Timed out waiting for transform from robot3/base_link to robot3/odom to become available, tf error: Invalid frame ID "robot3/odom" passed to canTransform argument target_frame - frame does not exist
[ros2-11] [controller_server-1] [INFO] [1785138497.594302156] [robot3.local_costmap.local_costmap]: Timed out waiting for transform from robot3/base_link to robot3/odom to become available, tf error: Invalid frame ID "robot3/odom" passed to canTransform argument target_frame - frame does not exist
[ros2-11] [controller_server-1] [INFO] [1785138498.094315139] [robot3.local_costmap.local_costmap]: Timed out waiting for transform from robot3/base_link to robot3/odom to become available, tf error: Invalid frame ID "robot3/odom" passed to canTransform argument target_frame - frame does not exist
[ros2-11] [controller_server-1] [INFO] [1785138498.594305835] [robot3.local_costmap.local_costmap]: Timed out waiting for transform from robot3/base_link to robot3/odom to become available, tf error: Invalid frame ID "robot3/odom" passed to canTransform argument target_frame - frame does not exist
[ros2-11] [controller_server-1] [INFO] [1785138499.094328524] [robot3.local_costmap.local_costmap]: Timed out waiting for transform from robot3/base_link to robot3/odom to become available, tf error: Invalid frame ID "robot3/odom" passed to canTransform argument target_frame - frame does not exist
[ros2-11] [controller_server-1] [INFO] [1785138499.594301582] [robot3.local_costmap.local_costmap]: Timed out waiting for transform from robot3/base_link to robot3/odom to become available, tf error: Invalid frame ID "robot3/odom" passed to canTransform argument target_frame - frame does not exist
[ros2-11] [controller_server-1] [INFO] [1785138500.094319062] [robot3.local_costmap.local_costmap]: Timed out waiting for transform from robot3/base_link to robot3/odom to become available, tf error: Invalid frame ID "robot3/odom" passed to canTransform argument target_frame - frame does not exist
[ros2-11] [controller_server-1] [INFO] [1785138500.594300355] [robot3.local_costmap.local_costmap]: Timed out waiting for transform from robot3/base_link to robot3/odom to become available, tf error: Invalid frame ID "robot3/odom" passed to canTransform argument target_frame - frame does not exist
[ros2-11] [controller_server-1] [INFO] [1785138501.094296806] [robot3.local_costmap.local_costmap]: Timed out waiting for transform from robot3/base_link to robot3/odom to become available, tf error: Invalid frame ID "robot3/odom" passed to canTransform argument target_frame - frame does not exist
[ros2-11] [controller_server-1] [INFO] [1785138501.594297579] [robot3.local_costmap.local_costmap]: Timed out waiting for transform from robot3/base_link to robot3/odom to become available, tf error: Invalid frame ID "robot3/odom" passed to canTransform argument target_frame - frame does not exist
[ros2-11] [controller_server-1] [INFO] [1785138502.094303476] [robot3.local_costmap.local_costmap]: Timed out waiting for transform from robot3/base_link to robot3/odom to become available, tf error: Invalid frame ID "robot3/odom" passed to canTransform argument target_frame - frame does not exist
[ros2-11] [controller_server-1] [INFO] [1785138502.594302463] [robot3.local_costmap.local_costmap]: Timed out waiting for transform from robot3/base_link to robot3/odom to become available, tf error: Invalid frame ID "robot3/odom" passed to canTransform argument target_frame - frame does not exist
[ros2-11] [controller_server-1] [INFO] [1785138503.094313344] [robot3.local_costmap.local_costmap]: Timed out waiting for transform from robot3/base_link to robot3/odom to become available, tf error: Invalid frame ID "robot3/odom" passed to canTransform argument target_frame - frame does not exist
[ros2-11] [controller_server-1] [INFO] [1785138503.594325409] [robot3.local_costmap.local_costmap]: Timed out waiting for transform from robot3/base_link to robot3/odom to become available, tf error: Invalid frame ID "robot3/odom" passed to canTransform argument target_frame - frame does not exist
[ros2-11] [controller_server-1] [INFO] [1785138504.094330123] [robot3.local_costmap.local_costmap]: Timed out waiting for transform from robot3/base_link to robot3/odom to become available, tf error: Invalid frame ID "robot3/odom" passed to canTransform argument target_frame - frame does not exist
[ros2-11] [controller_server-1] [INFO] [1785138504.594305165] [robot3.local_costmap.local_costmap]: Timed out waiting for transform from robot3/base_link to robot3/odom to become available, tf error: Invalid frame ID "robot3/odom" passed to canTransform argument target_frame - frame does not exist
[ros2-11] [controller_server-1] [INFO] [1785138505.094298924] [robot3.local_costmap.local_costmap]: Timed out waiting for transform from robot3/base_link to robot3/odom to become available, tf error: Invalid frame ID "robot3/odom" passed to canTransform argument target_frame - frame does not exist
[ros2-11] [controller_server-1] [INFO] [1785138505.594318561] [robot3.local_costmap.local_costmap]: Timed out waiting for transform from robot3/base_link to robot3/odom to become available, tf error: Invalid frame ID "robot3/odom" passed to canTransform argument target_frame - frame does not exist
[ros2-11] [controller_server-1] [INFO] [1785138506.094298231] [robot3.local_costmap.local_costmap]: Timed out waiting for transform from robot3/base_link to robot3/odom to become available, tf error: Invalid frame ID "robot3/odom" passed to canTransform argument target_frame - frame does not exist
[ros2-11] [controller_server-1] [INFO] [1785138506.594297520] [robot3.local_costmap.local_costmap]: Timed out waiting for transform from robot3/base_link to robot3/odom to become available, tf error: Invalid frame ID "robot3/odom" passed to canTransform argument target_frame - frame does not exist
[ros2-11] [controller_server-1] [INFO] [1785138507.094267380] [robot3.local_costmap.local_costmap]: Timed out waiting for transform from robot3/base_link to robot3/odom to become available, tf error: Invalid frame ID "robot3/odom" passed to canTransform argument target_frame - frame does not exist
[ros2-11] [controller_server-1] [INFO] [1785138507.594299935] [robot3.local_costmap.local_costmap]: Timed out waiting for transform from robot3/base_link to robot3/odom to become available, tf error: Invalid frame ID "robot3/odom" passed to canTransform argument target_frame - frame does not exist
[ros2-11] [controller_server-1] [INFO] [1785138508.094318823] [robot3.local_costmap.local_costmap]: Timed out waiting for transform from robot3/base_link to robot3/odom to become available, tf error: Invalid frame ID "robot3/odom" passed to canTransform argument target_frame - frame does not exist
[ros2-11] [controller_server-1] [INFO] [1785138508.594299861] [robot3.local_costmap.local_costmap]: Timed out waiting for transform from robot3/base_link to robot3/odom to become available, tf error: Invalid frame ID "robot3/odom" passed to canTransform argument target_frame - frame does not exist
[ros2-11] [controller_server-1] [INFO] [1785138509.094320458] [robot3.local_costmap.local_costmap]: Timed out waiting for transform from robot3/base_link to robot3/odom to become available, tf error: Invalid frame ID "robot3/odom" passed to canTransform argument target_frame - frame does not exist
[ros2-11] [controller_server-1] [INFO] [1785138509.594280159] [robot3.local_costmap.local_costmap]: Timed out waiting for transform from robot3/base_link to robot3/odom to become available, tf error: Invalid frame ID "robot3/odom" passed to canTransform argument target_frame - frame does not exist
[ros2-11] [controller_server-1] [INFO] [1785138510.094298425] [robot3.local_costmap.local_costmap]: Timed out waiting for transform from robot3/base_link to robot3/odom to become available, tf error: Invalid frame ID "robot3/odom" passed to canTransform argument target_frame - frame does not exist
[ros2-11] [controller_server-1] [INFO] [1785138510.594297263] [robot3.local_costmap.local_costmap]: Timed out waiting for transform from robot3/base_link to robot3/odom to become available, tf error: Invalid frame ID "robot3/odom" passed to canTransform argument target_frame - frame does not exist
[ros2-11] [controller_server-1] [INFO] [1785138511.094305623] [robot3.local_costmap.local_costmap]: Timed out waiting for transform from robot3/base_link to robot3/odom to become available, tf error: Invalid frame ID "robot3/odom" passed to canTransform argument target_frame - frame does not exist
[ros2-11] [controller_server-1] [INFO] [1785138511.594341292] [robot3.local_costmap.local_costmap]: Timed out waiting for transform from robot3/base_link to robot3/odom to become available, tf error: Invalid frame ID "robot3/odom" passed to canTransform argument target_frame - frame does not exist
[ros2-11] [controller_server-1] [INFO] [1785138512.094302442] [robot3.local_costmap.local_costmap]: Timed out waiting for transform from robot3/base_link to robot3/odom to become available, tf error: Invalid frame ID "robot3/odom" passed to canTransform argument target_frame - frame does not exist
[ros2-11] [controller_server-1] [INFO] [1785138512.594300516] [robot3.local_costmap.local_costmap]: Timed out waiting for transform from robot3/base_link to robot3/odom to become available, tf error: Invalid frame ID "robot3/odom" passed to canTransform argument target_frame - frame does not exist
[ros2-11] [controller_server-1] [INFO] [1785138513.094326129] [robot3.local_costmap.local_costmap]: Timed out waiting for transform from robot3/base_link to robot3/odom to become available, tf error: Invalid frame ID "robot3/odom" passed to canTransform argument target_frame - frame does not exist
[ros2-11] [controller_server-1] [INFO] [1785138513.594301150] [robot3.local_costmap.local_costmap]: Timed out waiting for transform from robot3/base_link to robot3/odom to become available, tf error: Invalid frame ID "robot3/odom" passed to canTransform argument target_frame - frame does not exist
[ros2-11] [controller_server-1] [INFO] [1785138514.094321607] [robot3.local_costmap.local_costmap]: Timed out waiting for transform from robot3/base_link to robot3/odom to become available, tf error: Invalid frame ID "robot3/odom" passed to canTransform argument target_frame - frame does not exist
[ros2-11] [controller_server-1] [INFO] [1785138514.594326411] [robot3.local_costmap.local_costmap]: Timed out waiting for transform from robot3/base_link to robot3/odom to become available, tf error: Invalid frame ID "robot3/odom" passed to canTransform argument target_frame - frame does not exist
[ros2-11] [controller_server-1] [INFO] [1785138515.094275049] [robot3.local_costmap.local_costmap]: Timed out waiting for transform from robot3/base_link to robot3/odom to become available, tf error: Invalid frame ID "robot3/odom" passed to canTransform argument target_frame - frame does not exist
[ros2-11] [controller_server-1] [INFO] [1785138515.594296971] [robot3.local_costmap.local_costmap]: Timed out waiting for transform from robot3/base_link to robot3/odom to become available, tf error: Invalid frame ID "robot3/odom" passed to canTransform argument target_frame - frame does not exist
[ros2-11] [controller_server-1] [INFO] [1785138516.094304158] [robot3.local_costmap.local_costmap]: Timed out waiting for transform from robot3/base_link to robot3/odom to become available, tf error: Invalid frame ID "robot3/odom" passed to canTransform argument target_frame - frame does not exist
[ros2-11] [controller_server-1] [INFO] [1785138516.594300546] [robot3.local_costmap.local_costmap]: Timed out waiting for transform from robot3/base_link to robot3/odom to become available, tf error: Invalid frame ID "robot3/odom" passed to canTransform argument target_frame - frame does not exist
[ros2-11] [controller_server-1] [INFO] [1785138517.094300337] [robot3.local_costmap.local_costmap]: Timed out waiting for transform from robot3/base_link to robot3/odom to become available, tf error: Invalid frame ID "robot3/odom" passed to canTransform argument target_frame - frame does not exist
[ros2-11] [controller_server-1] [INFO] [1785138517.594318460] [robot3.local_costmap.local_costmap]: Timed out waiting for transform from robot3/base_link to robot3/odom to become available, tf error: Invalid frame ID "robot3/odom" passed to canTransform argument target_frame - frame does not exist
[ros2-11] [controller_server-1] [INFO] [1785138518.094300386] [robot3.local_costmap.local_costmap]: Timed out waiting for transform from robot3/base_link to robot3/odom to become available, tf error: Invalid frame ID "robot3/odom" passed to canTransform argument target_frame - frame does not exist
[ros2-11] [controller_server-1] [INFO] [1785138518.594275159] [robot3.local_costmap.local_costmap]: Timed out waiting for transform from robot3/base_link to robot3/odom to become available, tf error: Invalid frame ID "robot3/odom" passed to canTransform argument target_frame - frame does not exist
[ros2-11] [controller_server-1] [INFO] [1785138519.094338294] [robot3.local_costmap.local_costmap]: Timed out waiting for transform from robot3/base_link to robot3/odom to become available, tf error: Invalid frame ID "robot3/odom" passed to canTransform argument target_frame - frame does not exist
[ros2-11] [controller_server-1] [INFO] [1785138519.594300908] [robot3.local_costmap.local_costmap]: Timed out waiting for transform from robot3/base_link to robot3/odom to become available, tf error: Invalid frame ID "robot3/odom" passed to canTransform argument target_frame - frame does not exist
[ros2-11] [controller_server-1] [INFO] [1785138520.094301567] [robot3.local_costmap.local_costmap]: Timed out waiting for transform from robot3/base_link to robot3/odom to become available, tf error: Invalid frame ID "robot3/odom" passed to canTransform argument target_frame - frame does not exist
[ros2-11] [controller_server-1] [INFO] [1785138520.594332709] [robot3.local_costmap.local_costmap]: Timed out waiting for transform from robot3/base_link to robot3/odom to become available, tf error: Invalid frame ID "robot3/odom" passed to canTransform argument target_frame - frame does not exist
[ros2-11] [controller_server-1] [INFO] [1785138521.094328958] [robot3.local_costmap.local_costmap]: Timed out waiting for transform from robot3/base_link to robot3/odom to become available, tf error: Invalid frame ID "robot3/odom" passed to canTransform argument target_frame - frame does not exist
[ros2-11] [controller_server-1] [INFO] [1785138521.594300207] [robot3.local_costmap.local_costmap]: Timed out waiting for transform from robot3/base_link to robot3/odom to become available, tf error: Invalid frame ID "robot3/odom" passed to canTransform argument target_frame - frame does not exist
[ros2-11] [controller_server-1] [INFO] [1785138522.094302789] [robot3.local_costmap.local_costmap]: Timed out waiting for transform from robot3/base_link to robot3/odom to become available, tf error: Invalid frame ID "robot3/odom" passed to canTransform argument target_frame - frame does not exist
[ros2-11] [controller_server-1] [INFO] [1785138522.594299602] [robot3.local_costmap.local_costmap]: Timed out waiting for transform from robot3/base_link to robot3/odom to become available, tf error: Invalid frame ID "robot3/odom" passed to canTransform argument target_frame - frame does not exist
[ros2-11] [controller_server-1] [INFO] [1785138523.094328654] [robot3.local_costmap.local_costmap]: Timed out waiting for transform from robot3/base_link to robot3/odom to become available, tf error: Invalid frame ID "robot3/odom" passed to canTransform argument target_frame - frame does not exist
[ros2-11] [controller_server-1] [INFO] [1785138523.594301062] [robot3.local_costmap.local_costmap]: Timed out waiting for transform from robot3/base_link to robot3/odom to become available, tf error: Invalid frame ID "robot3/odom" passed to canTransform argument target_frame - frame does not exist
[ros2-11] [controller_server-1] [INFO] [1785138524.094324830] [robot3.local_costmap.local_costmap]: Timed out waiting for transform from robot3/base_link to robot3/odom to become available, tf error: Invalid frame ID "robot3/odom" passed to canTransform argument target_frame - frame does not exist
[ros2-11] [controller_server-1] [INFO] [1785138524.594304147] [robot3.local_costmap.local_costmap]: Timed out waiting for transform from robot3/base_link to robot3/odom to become available, tf error: Invalid frame ID "robot3/odom" passed to canTransform argument target_frame - frame does not exist
[ros2-11] [controller_server-1] [INFO] [1785138525.094365228] [robot3.local_costmap.local_costmap]: Timed out waiting for transform from robot3/base_link to robot3/odom to become available, tf error: Invalid frame ID "robot3/odom" passed to canTransform argument target_frame - frame does not exist
[ros2-11] [controller_server-1] [INFO] [1785138525.594289758] [robot3.local_costmap.local_costmap]: Timed out waiting for transform from robot3/base_link to robot3/odom to become available, tf error: Invalid frame ID "robot3/odom" passed to canTransform argument target_frame - frame does not exist
[ros2-11] [controller_server-1] [INFO] [1785138526.094311768] [robot3.local_costmap.local_costmap]: Timed out waiting for transform from robot3/base_link to robot3/odom to become available, tf error: Invalid frame ID "robot3/odom" passed to canTransform argument target_frame - frame does not exist
[ros2-11] [controller_server-1] [INFO] [1785138526.594303528] [robot3.local_costmap.local_costmap]: Timed out waiting for transform from robot3/base_link to robot3/odom to become available, tf error: Invalid frame ID "robot3/odom" passed to canTransform argument target_frame - frame does not exist
[ros2-11] [controller_server-1] [INFO] [1785138527.094321091] [robot3.local_costmap.local_costmap]: Timed out waiting for transform from robot3/base_link to robot3/odom to become available, tf error: Invalid frame ID "robot3/odom" passed to canTransform argument target_frame - frame does not exist
[ros2-11] [controller_server-1] [INFO] [1785138527.594302793] [robot3.local_costmap.local_costmap]: Timed out waiting for transform from robot3/base_link to robot3/odom to become available, tf error: Invalid frame ID "robot3/odom" passed to canTransform argument target_frame - frame does not exist
[ros2-11] [controller_server-1] [INFO] [1785138528.094302074] [robot3.local_costmap.local_costmap]: Timed out waiting for transform from robot3/base_link to robot3/odom to become available, tf error: Invalid frame ID "robot3/odom" passed to canTransform argument target_frame - frame does not exist
[ros2-11] [controller_server-1] [INFO] [1785138528.594300000] [robot3.local_costmap.local_costmap]: Timed out waiting for transform from robot3/base_link to robot3/odom to become available, tf error: Invalid frame ID "robot3/odom" passed to canTransform argument target_frame - frame does not exist
[ros2-11] [controller_server-1] [INFO] [1785138529.094345874] [robot3.local_costmap.local_costmap]: Timed out waiting for transform from robot3/base_link to robot3/odom to become available, tf error: Invalid frame ID "robot3/odom" passed to canTransform argument target_frame - frame does not exist
[ros2-11] [controller_server-1] [INFO] [1785138529.594304040] [robot3.local_costmap.local_costmap]: Timed out waiting for transform from robot3/base_link to robot3/odom to become available, tf error: Invalid frame ID "robot3/odom" passed to canTransform argument target_frame - frame does not exist
[ros2-11] [controller_server-1] [INFO] [1785138530.094323043] [robot3.local_costmap.local_costmap]: Timed out waiting for transform from robot3/base_link to robot3/odom to become available, tf error: Invalid frame ID "robot3/odom" passed to canTransform argument target_frame - frame does not exist
[ros2-11] [controller_server-1] [INFO] [1785138530.594306191] [robot3.local_costmap.local_costmap]: Timed out waiting for transform from robot3/base_link to robot3/odom to become available, tf error: Invalid frame ID "robot3/odom" passed to canTransform argument target_frame - frame does not exist
[ros2-11] [controller_server-1] [INFO] [1785138531.094357858] [robot3.local_costmap.local_costmap]: Timed out waiting for transform from robot3/base_link to robot3/odom to become available, tf error: Invalid frame ID "robot3/odom" passed to canTransform argument target_frame - frame does not exist
[ros2-11] [controller_server-1] [INFO] [1785138531.594329595] [robot3.local_costmap.local_costmap]: Timed out waiting for transform from robot3/base_link to robot3/odom to become available, tf error: Invalid frame ID "robot3/odom" passed to canTransform argument target_frame - frame does not exist
[ros2-11] [controller_server-1] [INFO] [1785138532.094328295] [robot3.local_costmap.local_costmap]: Timed out waiting for transform from robot3/base_link to robot3/odom to become available, tf error: Invalid frame ID "robot3/odom" passed to canTransform argument target_frame - frame does not exist
[ros2-11] [controller_server-1] [INFO] [1785138532.594322884] [robot3.local_costmap.local_costmap]: Timed out waiting for transform from robot3/base_link to robot3/odom to become available, tf error: Invalid frame ID "robot3/odom" passed to canTransform argument target_frame - frame does not exist
[ros2-11] [controller_server-1] [INFO] [1785138533.094322403] [robot3.local_costmap.local_costmap]: Timed out waiting for transform from robot3/base_link to robot3/odom to become available, tf error: Invalid frame ID "robot3/odom" passed to canTransform argument target_frame - frame does not exist
[ros2-11] [controller_server-1] [INFO] [1785138533.594320114] [robot3.local_costmap.local_costmap]: Timed out waiting for transform from robot3/base_link to robot3/odom to become available, tf error: Invalid frame ID "robot3/odom" passed to canTransform argument target_frame - frame does not exist
[ros2-11] [controller_server-1] [INFO] [1785138534.094302082] [robot3.local_costmap.local_costmap]: Timed out waiting for transform from robot3/base_link to robot3/odom to become available, tf error: Invalid frame ID "robot3/odom" passed to canTransform argument target_frame - frame does not exist
[ros2-11] [controller_server-1] [INFO] [1785138534.594317886] [robot3.local_costmap.local_costmap]: Timed out waiting for transform from robot3/base_link to robot3/odom to become available, tf error: Invalid frame ID "robot3/odom" passed to canTransform argument target_frame - frame does not exist
[ros2-11] [controller_server-1] [INFO] [1785138535.094314414] [robot3.local_costmap.local_costmap]: Timed out waiting for transform from robot3/base_link to robot3/odom to become available, tf error: Invalid frame ID "robot3/odom" passed to canTransform argument target_frame - frame does not exist
[ros2-11] [controller_server-1] [INFO] [1785138535.594318245] [robot3.local_costmap.local_costmap]: Timed out waiting for transform from robot3/base_link to robot3/odom to become available, tf error: Invalid frame ID "robot3/odom" passed to canTransform argument target_frame - frame does not exist
[ros2-11] [controller_server-1] [INFO] [1785138536.094325510] [robot3.local_costmap.local_costmap]: Timed out waiting for transform from robot3/base_link to robot3/odom to become available, tf error: Invalid frame ID "robot3/odom" passed to canTransform argument target_frame - frame does not exist
[ros2-11] [controller_server-1] [INFO] [1785138536.594287214] [robot3.local_costmap.local_costmap]: Timed out waiting for transform from robot3/base_link to robot3/odom to become available, tf error: Invalid frame ID "robot3/odom" passed to canTransform argument target_frame - frame does not exist
[ros2-11] [controller_server-1] [INFO] [1785138537.094278331] [robot3.local_costmap.local_costmap]: Timed out waiting for transform from robot3/base_link to robot3/odom to become available, tf error: Invalid frame ID "robot3/odom" passed to canTransform argument target_frame - frame does not exist
[ros2-11] [controller_server-1] [INFO] [1785138537.594305296] [robot3.local_costmap.local_costmap]: Timed out waiting for transform from robot3/base_link to robot3/odom to become available, tf error: Invalid frame ID "robot3/odom" passed to canTransform argument target_frame - frame does not exist
[ros2-11] [controller_server-1] [INFO] [1785138538.094323056] [robot3.local_costmap.local_costmap]: Timed out waiting for transform from robot3/base_link to robot3/odom to become available, tf error: Invalid frame ID "robot3/odom" passed to canTransform argument target_frame - frame does not exist
[ros2-11] [controller_server-1] [INFO] [1785138538.594264764] [robot3.local_costmap.local_costmap]: Timed out waiting for transform from robot3/base_link to robot3/odom to become available, tf error: Invalid frame ID "robot3/odom" passed to canTransform argument target_frame - frame does not exist
[ros2-11] [controller_server-1] [INFO] [1785138539.094315424] [robot3.local_costmap.local_costmap]: Timed out waiting for transform from robot3/base_link to robot3/odom to become available, tf error: Invalid frame ID "robot3/odom" passed to canTransform argument target_frame - frame does not exist
[ros2-11] [controller_server-1] [INFO] [1785138539.594300287] [robot3.local_costmap.local_costmap]: Timed out waiting for transform from robot3/base_link to robot3/odom to become available, tf error: Invalid frame ID "robot3/odom" passed to canTransform argument target_frame - frame does not exist
[ros2-11] [controller_server-1] [INFO] [1785138540.094319849] [robot3.local_costmap.local_costmap]: Timed out waiting for transform from robot3/base_link to robot3/odom to become available, tf error: Invalid frame ID "robot3/odom" passed to canTransform argument target_frame - frame does not exist
[ros2-11] [controller_server-1] [INFO] [1785138540.594305082] [robot3.local_costmap.local_costmap]: Timed out waiting for transform from robot3/base_link to robot3/odom to become available, tf error: Invalid frame ID "robot3/odom" passed to canTransform argument target_frame - frame does not exist
[ros2-11] [controller_server-1] [INFO] [1785138541.094312838] [robot3.local_costmap.local_costmap]: Timed out waiting for transform from robot3/base_link to robot3/odom to become available, tf error: Invalid frame ID "robot3/odom" passed to canTransform argument target_frame - frame does not exist
[ros2-11] [controller_server-1] [INFO] [1785138541.594326642] [robot3.local_costmap.local_costmap]: Timed out waiting for transform from robot3/base_link to robot3/odom to become available, tf error: Invalid frame ID "robot3/odom" passed to canTransform argument target_frame - frame does not exist
[ros2-11] [controller_server-1] [INFO] [1785138542.094319846] [robot3.local_costmap.local_costmap]: Timed out waiting for transform from robot3/base_link to robot3/odom to become available, tf error: Invalid frame ID "robot3/odom" passed to canTransform argument target_frame - frame does not exist
[ros2-11] [controller_server-1] [INFO] [1785138542.594298695] [robot3.local_costmap.local_costmap]: Timed out waiting for transform from robot3/base_link to robot3/odom to become available, tf error: Invalid frame ID "robot3/odom" passed to canTransform argument target_frame - frame does not exist
[ros2-11] [controller_server-1] [INFO] [1785138543.094319436] [robot3.local_costmap.local_costmap]: Timed out waiting for transform from robot3/base_link to robot3/odom to become available, tf error: Invalid frame ID "robot3/odom" passed to canTransform argument target_frame - frame does not exist
[ros2-11] [controller_server-1] [INFO] [1785138543.594317532] [robot3.local_costmap.local_costmap]: Timed out waiting for transform from robot3/base_link to robot3/odom to become available, tf error: Invalid frame ID "robot3/odom" passed to canTransform argument target_frame - frame does not exist
[ros2-11] [controller_server-1] [INFO] [1785138544.094317176] [robot3.local_costmap.local_costmap]: Timed out waiting for transform from robot3/base_link to robot3/odom to become available, tf error: Invalid frame ID "robot3/odom" passed to canTransform argument target_frame - frame does not exist
[ros2-11] [controller_server-1] [INFO] [1785138544.594317186] [robot3.local_costmap.local_costmap]: Timed out waiting for transform from robot3/base_link to robot3/odom to become available, tf error: Invalid frame ID "robot3/odom" passed to canTransform argument target_frame - frame does not exist
[ros2-11] [controller_server-1] [INFO] [1785138545.094321579] [robot3.local_costmap.local_costmap]: Timed out waiting for transform from robot3/base_link to robot3/odom to become available, tf error: Invalid frame ID "robot3/odom" passed to canTransform argument target_frame - frame does not exist
[ros2-11] [controller_server-1] [INFO] [1785138545.594324729] [robot3.local_costmap.local_costmap]: Timed out waiting for transform from robot3/base_link to robot3/odom to become available, tf error: Invalid frame ID "robot3/odom" passed to canTransform argument target_frame - frame does not exist
[ros2-11] [controller_server-1] [INFO] [1785138546.094317733] [robot3.local_costmap.local_costmap]: Timed out waiting for transform from robot3/base_link to robot3/odom to become available, tf error: Invalid frame ID "robot3/odom" passed to canTransform argument target_frame - frame does not exist
[ros2-11] [controller_server-1] [INFO] [1785138546.594329421] [robot3.local_costmap.local_costmap]: Timed out waiting for transform from robot3/base_link to robot3/odom to become available, tf error: Invalid frame ID "robot3/odom" passed to canTransform argument target_frame - frame does not exist
[ros2-11] [controller_server-1] [INFO] [1785138547.094324167] [robot3.local_costmap.local_costmap]: Timed out waiting for transform from robot3/base_link to robot3/odom to become available, tf error: Invalid frame ID "robot3/odom" passed to canTransform argument target_frame - frame does not exist
[ros2-11] [controller_server-1] [INFO] [1785138547.594304091] [robot3.local_costmap.local_costmap]: Timed out waiting for transform from robot3/base_link to robot3/odom to become available, tf error: Invalid frame ID "robot3/odom" passed to canTransform argument target_frame - frame does not exist
[ros2-11] [controller_server-1] [INFO] [1785138548.094300748] [robot3.local_costmap.local_costmap]: Timed out waiting for transform from robot3/base_link to robot3/odom to become available, tf error: Invalid frame ID "robot3/odom" passed to canTransform argument target_frame - frame does not exist
[ros2-11] [controller_server-1] [INFO] [1785138548.594317721] [robot3.local_costmap.local_costmap]: Timed out waiting for transform from robot3/base_link to robot3/odom to become available, tf error: Invalid frame ID "robot3/odom" passed to canTransform argument target_frame - frame does not exist
[ros2-11] [controller_server-1] [INFO] [1785138549.094318956] [robot3.local_costmap.local_costmap]: Timed out waiting for transform from robot3/base_link to robot3/odom to become available, tf error: Invalid frame ID "robot3/odom" passed to canTransform argument target_frame - frame does not exist
[ros2-11] [controller_server-1] [INFO] [1785138549.594300909] [robot3.local_costmap.local_costmap]: Timed out waiting for transform from robot3/base_link to robot3/odom to become available, tf error: Invalid frame ID "robot3/odom" passed to canTransform argument target_frame - frame does not exist
[ros2-11] [controller_server-1] [INFO] [1785138550.094319475] [robot3.local_costmap.local_costmap]: Timed out waiting for transform from robot3/base_link to robot3/odom to become available, tf error: Invalid frame ID "robot3/odom" passed to canTransform argument target_frame - frame does not exist
[ros2-11] [controller_server-1] [INFO] [1785138550.594299771] [robot3.local_costmap.local_costmap]: Timed out waiting for transform from robot3/base_link to robot3/odom to become available, tf error: Invalid frame ID "robot3/odom" passed to canTransform argument target_frame - frame does not exist
[ros2-11] [controller_server-1] [INFO] [1785138551.094300308] [robot3.local_costmap.local_costmap]: Timed out waiting for transform from robot3/base_link to robot3/odom to become available, tf error: Invalid frame ID "robot3/odom" passed to canTransform argument target_frame - frame does not exist
[ros2-11] [controller_server-1] [INFO] [1785138551.594321543] [robot3.local_costmap.local_costmap]: Timed out waiting for transform from robot3/base_link to robot3/odom to become available, tf error: Invalid frame ID "robot3/odom" passed to canTransform argument target_frame - frame does not exist
[ros2-11] [controller_server-1] [INFO] [1785138552.094325665] [robot3.local_costmap.local_costmap]: Timed out waiting for transform from robot3/base_link to robot3/odom to become available, tf error: Invalid frame ID "robot3/odom" passed to canTransform argument target_frame - frame does not exist
[ros2-11] [controller_server-1] [INFO] [1785138552.594334333] [robot3.local_costmap.local_costmap]: Timed out waiting for transform from robot3/base_link to robot3/odom to become available, tf error: Invalid frame ID "robot3/odom" passed to canTransform argument target_frame - frame does not exist
[ros2-11] [controller_server-1] [INFO] [1785138553.094299362] [robot3.local_costmap.local_costmap]: Timed out waiting for transform from robot3/base_link to robot3/odom to become available, tf error: Invalid frame ID "robot3/odom" passed to canTransform argument target_frame - frame does not exist
[ros2-11] [controller_server-1] [INFO] [1785138553.594297856] [robot3.local_costmap.local_costmap]: Timed out waiting for transform from robot3/base_link to robot3/odom to become available, tf error: Invalid frame ID "robot3/odom" passed to canTransform argument target_frame - frame does not exist
[ros2-11] [controller_server-1] [INFO] [1785138554.094334148] [robot3.local_costmap.local_costmap]: Timed out waiting for transform from robot3/base_link to robot3/odom to become available, tf error: Invalid frame ID "robot3/odom" passed to canTransform argument target_frame - frame does not exist
[ros2-11] [controller_server-1] [INFO] [1785138554.594315901] [robot3.local_costmap.local_costmap]: Timed out waiting for transform from robot3/base_link to robot3/odom to become available, tf error: Invalid frame ID "robot3/odom" passed to canTransform argument target_frame - frame does not exist
[ros2-11] [controller_server-1] [INFO] [1785138555.094300507] [robot3.local_costmap.local_costmap]: Timed out waiting for transform from robot3/base_link to robot3/odom to become available, tf error: Invalid frame ID "robot3/odom" passed to canTransform argument target_frame - frame does not exist
[ros2-11] [controller_server-1] [INFO] [1785138555.594321779] [robot3.local_costmap.local_costmap]: Timed out waiting for transform from robot3/base_link to robot3/odom to become available, tf error: Invalid frame ID "robot3/odom" passed to canTransform argument target_frame - frame does not exist
[ros2-11] [controller_server-1] [INFO] [1785138556.094298240] [robot3.local_costmap.local_costmap]: Timed out waiting for transform from robot3/base_link to robot3/odom to become available, tf error: Invalid frame ID "robot3/odom" passed to canTransform argument target_frame - frame does not exist
[ros2-11] [controller_server-1] [INFO] [1785138556.594300633] [robot3.local_costmap.local_costmap]: Timed out waiting for transform from robot3/base_link to robot3/odom to become available, tf error: Invalid frame ID "robot3/odom" passed to canTransform argument target_frame - frame does not exist
[ros2-11] [controller_server-1] [INFO] [1785138557.094299502] [robot3.local_costmap.local_costmap]: Timed out waiting for transform from robot3/base_link to robot3/odom to become available, tf error: Invalid frame ID "robot3/odom" passed to canTransform argument target_frame - frame does not exist
[ros2-11] [controller_server-1] [INFO] [1785138557.594312963] [robot3.local_costmap.local_costmap]: Timed out waiting for transform from robot3/base_link to robot3/odom to become available, tf error: Invalid frame ID "robot3/odom" passed to canTransform argument target_frame - frame does not exist
[ros2-11] [controller_server-1] [INFO] [1785138558.094302017] [robot3.local_costmap.local_costmap]: Timed out waiting for transform from robot3/base_link to robot3/odom to become available, tf error: Invalid frame ID "robot3/odom" passed to canTransform argument target_frame - frame does not exist
[ros2-11] [controller_server-1] [INFO] [1785138558.594326015] [robot3.local_costmap.local_costmap]: Timed out waiting for transform from robot3/base_link to robot3/odom to become available, tf error: Invalid frame ID "robot3/odom" passed to canTransform argument target_frame - frame does not exist
[ros2-11] [controller_server-1] [INFO] [1785138559.094302898] [robot3.local_costmap.local_costmap]: Timed out waiting for transform from robot3/base_link to robot3/odom to become available, tf error: Invalid frame ID "robot3/odom" passed to canTransform argument target_frame - frame does not exist
[ros2-11] [controller_server-1] [INFO] [1785138559.594298883] [robot3.local_costmap.local_costmap]: Timed out waiting for transform from robot3/base_link to robot3/odom to become available, tf error: Invalid frame ID "robot3/odom" passed to canTransform argument target_frame - frame does not exist
[ros2-11] [controller_server-1] [INFO] [1785138560.094300149] [robot3.local_costmap.local_costmap]: Timed out waiting for transform from robot3/base_link to robot3/odom to become available, tf error: Invalid frame ID "robot3/odom" passed to canTransform argument target_frame - frame does not exist
[ros2-11] [controller_server-1] [INFO] [1785138560.594296953] [robot3.local_costmap.local_costmap]: Timed out waiting for transform from robot3/base_link to robot3/odom to become available, tf error: Invalid frame ID "robot3/odom" passed to canTransform argument target_frame - frame does not exist
[ros2-11] [controller_server-1] [INFO] [1785138561.094303790] [robot3.local_costmap.local_costmap]: Timed out waiting for transform from robot3/base_link to robot3/odom to become available, tf error: Invalid frame ID "robot3/odom" passed to canTransform argument target_frame - frame does not exist
[ros2-11] [controller_server-1] [INFO] [1785138561.594317464] [robot3.local_costmap.local_costmap]: Timed out waiting for transform from robot3/base_link to robot3/odom to become available, tf error: Invalid frame ID "robot3/odom" passed to canTransform argument target_frame - frame does not exist
[ros2-11] [controller_server-1] [INFO] [1785138562.094305177] [robot3.local_costmap.local_costmap]: Timed out waiting for transform from robot3/base_link to robot3/odom to become available, tf error: Invalid frame ID "robot3/odom" passed to canTransform argument target_frame - frame does not exist
[ros2-11] [controller_server-1] [INFO] [1785138562.594301097] [robot3.local_costmap.local_costmap]: Timed out waiting for transform from robot3/base_link to robot3/odom to become available, tf error: Invalid frame ID "robot3/odom" passed to canTransform argument target_frame - frame does not exist
[ros2-11] [controller_server-1] [INFO] [1785138563.094298146] [robot3.local_costmap.local_costmap]: Timed out waiting for transform from robot3/base_link to robot3/odom to become available, tf error: Invalid frame ID "robot3/odom" passed to canTransform argument target_frame - frame does not exist
[ros2-11] [controller_server-1] [INFO] [1785138563.594297106] [robot3.local_costmap.local_costmap]: Timed out waiting for transform from robot3/base_link to robot3/odom to become available, tf error: Invalid frame ID "robot3/odom" passed to canTransform argument target_frame - frame does not exist
[ros2-11] [controller_server-1] [INFO] [1785138564.094301203] [robot3.local_costmap.local_costmap]: Timed out waiting for transform from robot3/base_link to robot3/odom to become available, tf error: Invalid frame ID "robot3/odom" passed to canTransform argument target_frame - frame does not exist
[ros2-11] [controller_server-1] [INFO] [1785138564.594298411] [robot3.local_costmap.local_costmap]: Timed out waiting for transform from robot3/base_link to robot3/odom to become available, tf error: Invalid frame ID "robot3/odom" passed to canTransform argument target_frame - frame does not exist
[ros2-11] [controller_server-1] [INFO] [1785138565.094328189] [robot3.local_costmap.local_costmap]: Timed out waiting for transform from robot3/base_link to robot3/odom to become available, tf error: Invalid frame ID "robot3/odom" passed to canTransform argument target_frame - frame does not exist
[ros2-11] [controller_server-1] [INFO] [1785138565.594326668] [robot3.local_costmap.local_costmap]: Timed out waiting for transform from robot3/base_link to robot3/odom to become available, tf error: Invalid frame ID "robot3/odom" passed to canTransform argument target_frame - frame does not exist
[ros2-11] [controller_server-1] [INFO] [1785138566.094323006] [robot3.local_costmap.local_costmap]: Timed out waiting for transform from robot3/base_link to robot3/odom to become available, tf error: Invalid frame ID "robot3/odom" passed to canTransform argument target_frame - frame does not exist
[ros2-11] [controller_server-1] [INFO] [1785138566.594316290] [robot3.local_costmap.local_costmap]: Timed out waiting for transform from robot3/base_link to robot3/odom to become available, tf error: Invalid frame ID "robot3/odom" passed to canTransform argument target_frame - frame does not exist
[ros2-11] [controller_server-1] [INFO] [1785138567.094300533] [robot3.local_costmap.local_costmap]: Timed out waiting for transform from robot3/base_link to robot3/odom to become available, tf error: Invalid frame ID "robot3/odom" passed to canTransform argument target_frame - frame does not exist
[ros2-11] [controller_server-1] [INFO] [1785138567.594319180] [robot3.local_costmap.local_costmap]: Timed out waiting for transform from robot3/base_link to robot3/odom to become available, tf error: Invalid frame ID "robot3/odom" passed to canTransform argument target_frame - frame does not exist
[ros2-11] [controller_server-1] [INFO] [1785138568.094317949] [robot3.local_costmap.local_costmap]: Timed out waiting for transform from robot3/base_link to robot3/odom to become available, tf error: Invalid frame ID "robot3/odom" passed to canTransform argument target_frame - frame does not exist
[ros2-11] [controller_server-1] [INFO] [1785138568.594301487] [robot3.local_costmap.local_costmap]: Timed out waiting for transform from robot3/base_link to robot3/odom to become available, tf error: Invalid frame ID "robot3/odom" passed to canTransform argument target_frame - frame does not exist
[ros2-11] [controller_server-1] [INFO] [1785138569.094301084] [robot3.local_costmap.local_costmap]: Timed out waiting for transform from robot3/base_link to robot3/odom to become available, tf error: Invalid frame ID "robot3/odom" passed to canTransform argument target_frame - frame does not exist
[ros2-11] [controller_server-1] [INFO] [1785138569.594319100] [robot3.local_costmap.local_costmap]: Timed out waiting for transform from robot3/base_link to robot3/odom to become available, tf error: Invalid frame ID "robot3/odom" passed to canTransform argument target_frame - frame does not exist
[ros2-11] [controller_server-1] [INFO] [1785138570.094297036] [robot3.local_costmap.local_costmap]: Timed out waiting for transform from robot3/base_link to robot3/odom to become available, tf error: Invalid frame ID "robot3/odom" passed to canTransform argument target_frame - frame does not exist
[ros2-11] [controller_server-1] [INFO] [1785138570.594299551] [robot3.local_costmap.local_costmap]: Timed out waiting for transform from robot3/base_link to robot3/odom to become available, tf error: Invalid frame ID "robot3/odom" passed to canTransform argument target_frame - frame does not exist
[ros2-11] [controller_server-1] [INFO] [1785138571.094302685] [robot3.local_costmap.local_costmap]: Timed out waiting for transform from robot3/base_link to robot3/odom to become available, tf error: Invalid frame ID "robot3/odom" passed to canTransform argument target_frame - frame does not exist
[ros2-11] [controller_server-1] [INFO] [1785138571.594318916] [robot3.local_costmap.local_costmap]: Timed out waiting for transform from robot3/base_link to robot3/odom to become available, tf error: Invalid frame ID "robot3/odom" passed to canTransform argument target_frame - frame does not exist
[ros2-11] [controller_server-1] [INFO] [1785138572.094318595] [robot3.local_costmap.local_costmap]: Timed out waiting for transform from robot3/base_link to robot3/odom to become available, tf error: Invalid frame ID "robot3/odom" passed to canTransform argument target_frame - frame does not exist
[ros2-11] [controller_server-1] [INFO] [1785138572.594327648] [robot3.local_costmap.local_costmap]: Timed out waiting for transform from robot3/base_link to robot3/odom to become available, tf error: Invalid frame ID "robot3/odom" passed to canTransform argument target_frame - frame does not exist
[ros2-11] [controller_server-1] [INFO] [1785138573.094326050] [robot3.local_costmap.local_costmap]: Timed out waiting for transform from robot3/base_link to robot3/odom to become available, tf error: Invalid frame ID "robot3/odom" passed to canTransform argument target_frame - frame does not exist
[ros2-11] [controller_server-1] [INFO] [1785138573.594301400] [robot3.local_costmap.local_costmap]: Timed out waiting for transform from robot3/base_link to robot3/odom to become available, tf error: Invalid frame ID "robot3/odom" passed to canTransform argument target_frame - frame does not exist
[ros2-11] [controller_server-1] [INFO] [1785138574.094361017] [robot3.local_costmap.local_costmap]: Timed out waiting for transform from robot3/base_link to robot3/odom to become available, tf error: Invalid frame ID "robot3/odom" passed to canTransform argument target_frame - frame does not exist
[ros2-11] [controller_server-1] [INFO] [1785138574.594321163] [robot3.local_costmap.local_costmap]: Timed out waiting for transform from robot3/base_link to robot3/odom to become available, tf error: Invalid frame ID "robot3/odom" passed to canTransform argument target_frame - frame does not exist
[ros2-11] [controller_server-1] [INFO] [1785138575.094320154] [robot3.local_costmap.local_costmap]: Timed out waiting for transform from robot3/base_link to robot3/odom to become available, tf error: Invalid frame ID "robot3/odom" passed to canTransform argument target_frame - frame does not exist
[ros2-11] [controller_server-1] [INFO] [1785138575.594351736] [robot3.local_costmap.local_costmap]: Timed out waiting for transform from robot3/base_link to robot3/odom to become available, tf error: Invalid frame ID "robot3/odom" passed to canTransform argument target_frame - frame does not exist
[ros2-11] [controller_server-1] [INFO] [1785138576.094322785] [robot3.local_costmap.local_costmap]: Timed out waiting for transform from robot3/base_link to robot3/odom to become available, tf error: Invalid frame ID "robot3/odom" passed to canTransform argument target_frame - frame does not exist
[ros2-11] [controller_server-1] [INFO] [1785138576.594321693] [robot3.local_costmap.local_costmap]: Timed out waiting for transform from robot3/base_link to robot3/odom to become available, tf error: Invalid frame ID "robot3/odom" passed to canTransform argument target_frame - frame does not exist
[ros2-11] [controller_server-1] [INFO] [1785138577.094298657] [robot3.local_costmap.local_costmap]: Timed out waiting for transform from robot3/base_link to robot3/odom to become available, tf error: Invalid frame ID "robot3/odom" passed to canTransform argument target_frame - frame does not exist
[ros2-11] [controller_server-1] [INFO] [1785138577.594331770] [robot3.local_costmap.local_costmap]: Timed out waiting for transform from robot3/base_link to robot3/odom to become available, tf error: Invalid frame ID "robot3/odom" passed to canTransform argument target_frame - frame does not exist
[ros2-11] [controller_server-1] [INFO] [1785138578.094328026] [robot3.local_costmap.local_costmap]: Timed out waiting for transform from robot3/base_link to robot3/odom to become available, tf error: Invalid frame ID "robot3/odom" passed to canTransform argument target_frame - frame does not exist
[ros2-11] [controller_server-1] [INFO] [1785138578.594316214] [robot3.local_costmap.local_costmap]: Timed out waiting for transform from robot3/base_link to robot3/odom to become available, tf error: Invalid frame ID "robot3/odom" passed to canTransform argument target_frame - frame does not exist
[ros2-11] [controller_server-1] [INFO] [1785138579.094324396] [robot3.local_costmap.local_costmap]: Timed out waiting for transform from robot3/base_link to robot3/odom to become available, tf error: Invalid frame ID "robot3/odom" passed to canTransform argument target_frame - frame does not exist
[ros2-11] [controller_server-1] [INFO] [1785138579.594325868] [robot3.local_costmap.local_costmap]: Timed out waiting for transform from robot3/base_link to robot3/odom to become available, tf error: Invalid frame ID "robot3/odom" passed to canTransform argument target_frame - frame does not exist
[ros2-11] [controller_server-1] [INFO] [1785138580.094266579] [robot3.local_costmap.local_costmap]: Timed out waiting for transform from robot3/base_link to robot3/odom to become available, tf error: Invalid frame ID "robot3/odom" passed to canTransform argument target_frame - frame does not exist
[ros2-11] [controller_server-1] [INFO] [1785138580.594330333] [robot3.local_costmap.local_costmap]: Timed out waiting for transform from robot3/base_link to robot3/odom to become available, tf error: Invalid frame ID "robot3/odom" passed to canTransform argument target_frame - frame does not exist
[ros2-11] [controller_server-1] [INFO] [1785138581.094326706] [robot3.local_costmap.local_costmap]: Timed out waiting for transform from robot3/base_link to robot3/odom to become available, tf error: Invalid frame ID "robot3/odom" passed to canTransform argument target_frame - frame does not exist
[ros2-11] [controller_server-1] [INFO] [1785138581.594301772] [robot3.local_costmap.local_costmap]: Timed out waiting for transform from robot3/base_link to robot3/odom to become available, tf error: Invalid frame ID "robot3/odom" passed to canTransform argument target_frame - frame does not exist
[ros2-11] [controller_server-1] [INFO] [1785138582.094326912] [robot3.local_costmap.local_costmap]: Timed out waiting for transform from robot3/base_link to robot3/odom to become available, tf error: Invalid frame ID "robot3/odom" passed to canTransform argument target_frame - frame does not exist
[ros2-11] [controller_server-1] [INFO] [1785138582.594301741] [robot3.local_costmap.local_costmap]: Timed out waiting for transform from robot3/base_link to robot3/odom to become available, tf error: Invalid frame ID "robot3/odom" passed to canTransform argument target_frame - frame does not exist
[ros2-11] [controller_server-1] [INFO] [1785138583.094298528] [robot3.local_costmap.local_costmap]: Timed out waiting for transform from robot3/base_link to robot3/odom to become available, tf error: Invalid frame ID "robot3/odom" passed to canTransform argument target_frame - frame does not exist
[ros2-11] [controller_server-1] [INFO] [1785138583.594322896] [robot3.local_costmap.local_costmap]: Timed out waiting for transform from robot3/base_link to robot3/odom to become available, tf error: Invalid frame ID "robot3/odom" passed to canTransform argument target_frame - frame does not exist
[ros2-11] [controller_server-1] [INFO] [1785138584.094313728] [robot3.local_costmap.local_costmap]: Timed out waiting for transform from robot3/base_link to robot3/odom to become available, tf error: Invalid frame ID "robot3/odom" passed to canTransform argument target_frame - frame does not exist
[ros2-11] [controller_server-1] [INFO] [1785138584.594323235] [robot3.local_costmap.local_costmap]: Timed out waiting for transform from robot3/base_link to robot3/odom to become available, tf error: Invalid frame ID "robot3/odom" passed to canTransform argument target_frame - frame does not exist
[ros2-11] [controller_server-1] [INFO] [1785138585.094318679] [robot3.local_costmap.local_costmap]: Timed out waiting for transform from robot3/base_link to robot3/odom to become available, tf error: Invalid frame ID "robot3/odom" passed to canTransform argument target_frame - frame does not exist
[ros2-11] [controller_server-1] [INFO] [1785138585.594298608] [robot3.local_costmap.local_costmap]: Timed out waiting for transform from robot3/base_link to robot3/odom to become available, tf error: Invalid frame ID "robot3/odom" passed to canTransform argument target_frame - frame does not exist
[ros2-11] [controller_server-1] [INFO] [1785138586.094302387] [robot3.local_costmap.local_costmap]: Timed out waiting for transform from robot3/base_link to robot3/odom to become available, tf error: Invalid frame ID "robot3/odom" passed to canTransform argument target_frame - frame does not exist
[ros2-11] [controller_server-1] [INFO] [1785138586.594320969] [robot3.local_costmap.local_costmap]: Timed out waiting for transform from robot3/base_link to robot3/odom to become available, tf error: Invalid frame ID "robot3/odom" passed to canTransform argument target_frame - frame does not exist
[ros2-11] [controller_server-1] [INFO] [1785138587.094317545] [robot3.local_costmap.local_costmap]: Timed out waiting for transform from robot3/base_link to robot3/odom to become available, tf error: Invalid frame ID "robot3/odom" passed to canTransform argument target_frame - frame does not exist
[ros2-11] [controller_server-1] [INFO] [1785138587.594319461] [robot3.local_costmap.local_costmap]: Timed out waiting for transform from robot3/base_link to robot3/odom to become available, tf error: Invalid frame ID "robot3/odom" passed to canTransform argument target_frame - frame does not exist
[ros2-11] [controller_server-1] [INFO] [1785138588.094317383] [robot3.local_costmap.local_costmap]: Timed out waiting for transform from robot3/base_link to robot3/odom to become available, tf error: Invalid frame ID "robot3/odom" passed to canTransform argument target_frame - frame does not exist
[ros2-11] [controller_server-1] [INFO] [1785138588.594315437] [robot3.local_costmap.local_costmap]: Timed out waiting for transform from robot3/base_link to robot3/odom to become available, tf error: Invalid frame ID "robot3/odom" passed to canTransform argument target_frame - frame does not exist
[ros2-11] [controller_server-1] [INFO] [1785138589.094317855] [robot3.local_costmap.local_costmap]: Timed out waiting for transform from robot3/base_link to robot3/odom to become available, tf error: Invalid frame ID "robot3/odom" passed to canTransform argument target_frame - frame does not exist
[ros2-11] [controller_server-1] [INFO] [1785138589.594315656] [robot3.local_costmap.local_costmap]: Timed out waiting for transform from robot3/base_link to robot3/odom to become available, tf error: Invalid frame ID "robot3/odom" passed to canTransform argument target_frame - frame does not exist
[ros2-11] [controller_server-1] [INFO] [1785138590.094300397] [robot3.local_costmap.local_costmap]: Timed out waiting for transform from robot3/base_link to robot3/odom to become available, tf error: Invalid frame ID "robot3/odom" passed to canTransform argument target_frame - frame does not exist
[ros2-11] [controller_server-1] [INFO] [1785138590.594315703] [robot3.local_costmap.local_costmap]: Timed out waiting for transform from robot3/base_link to robot3/odom to become available, tf error: Invalid frame ID "robot3/odom" passed to canTransform argument target_frame - frame does not exist
[ros2-11] [controller_server-1] [INFO] [1785138591.094315283] [robot3.local_costmap.local_costmap]: Timed out waiting for transform from robot3/base_link to robot3/odom to become available, tf error: Invalid frame ID "robot3/odom" passed to canTransform argument target_frame - frame does not exist
[ros2-11] [controller_server-1] [INFO] [1785138591.594297569] [robot3.local_costmap.local_costmap]: Timed out waiting for transform from robot3/base_link to robot3/odom to become available, tf error: Invalid frame ID "robot3/odom" passed to canTransform argument target_frame - frame does not exist
[ros2-11] [controller_server-1] [INFO] [1785138592.094299136] [robot3.local_costmap.local_costmap]: Timed out waiting for transform from robot3/base_link to robot3/odom to become available, tf error: Invalid frame ID "robot3/odom" passed to canTransform argument target_frame - frame does not exist
[ros2-11] [controller_server-1] [INFO] [1785138592.594321498] [robot3.local_costmap.local_costmap]: Timed out waiting for transform from robot3/base_link to robot3/odom to become available, tf error: Invalid frame ID "robot3/odom" passed to canTransform argument target_frame - frame does not exist
[ros2-11] [controller_server-1] [INFO] [1785138593.094329441] [robot3.local_costmap.local_costmap]: Timed out waiting for transform from robot3/base_link to robot3/odom to become available, tf error: Invalid frame ID "robot3/odom" passed to canTransform argument target_frame - frame does not exist
[ros2-11] [controller_server-1] [INFO] [1785138593.594303473] [robot3.local_costmap.local_costmap]: Timed out waiting for transform from robot3/base_link to robot3/odom to become available, tf error: Invalid frame ID "robot3/odom" passed to canTransform argument target_frame - frame does not exist
[ros2-11] [controller_server-1] [INFO] [1785138594.094339462] [robot3.local_costmap.local_costmap]: Timed out waiting for transform from robot3/base_link to robot3/odom to become available, tf error: Invalid frame ID "robot3/odom" passed to canTransform argument target_frame - frame does not exist
[ros2-11] [controller_server-1] [INFO] [1785138594.594317892] [robot3.local_costmap.local_costmap]: Timed out waiting for transform from robot3/base_link to robot3/odom to become available, tf error: Invalid frame ID "robot3/odom" passed to canTransform argument target_frame - frame does not exist
[ros2-11] [controller_server-1] [INFO] [1785138595.094316825] [robot3.local_costmap.local_costmap]: Timed out waiting for transform from robot3/base_link to robot3/odom to become available, tf error: Invalid frame ID "robot3/odom" passed to canTransform argument target_frame - frame does not exist
[ros2-11] [controller_server-1] [INFO] [1785138595.594299390] [robot3.local_costmap.local_costmap]: Timed out waiting for transform from robot3/base_link to robot3/odom to become available, tf error: Invalid frame ID "robot3/odom" passed to canTransform argument target_frame - frame does not exist
[ros2-11] [controller_server-1] [INFO] [1785138596.094303562] [robot3.local_costmap.local_costmap]: Timed out waiting for transform from robot3/base_link to robot3/odom to become available, tf error: Invalid frame ID "robot3/odom" passed to canTransform argument target_frame - frame does not exist
[ros2-11] [controller_server-1] [INFO] [1785138596.594316993] [robot3.local_costmap.local_costmap]: Timed out waiting for transform from robot3/base_link to robot3/odom to become available, tf error: Invalid frame ID "robot3/odom" passed to canTransform argument target_frame - frame does not exist
[ros2-11] [controller_server-1] [INFO] [1785138597.094301298] [robot3.local_costmap.local_costmap]: Timed out waiting for transform from robot3/base_link to robot3/odom to become available, tf error: Invalid frame ID "robot3/odom" passed to canTransform argument target_frame - frame does not exist
[ros2-11] [controller_server-1] [INFO] [1785138597.594321192] [robot3.local_costmap.local_costmap]: Timed out waiting for transform from robot3/base_link to robot3/odom to become available, tf error: Invalid frame ID "robot3/odom" passed to canTransform argument target_frame - frame does not exist
[ros2-11] [controller_server-1] [INFO] [1785138598.094297490] [robot3.local_costmap.local_costmap]: Timed out waiting for transform from robot3/base_link to robot3/odom to become available, tf error: Invalid frame ID "robot3/odom" passed to canTransform argument target_frame - frame does not exist
[ros2-11] [controller_server-1] [INFO] [1785138598.594277905] [robot3.local_costmap.local_costmap]: Timed out waiting for transform from robot3/base_link to robot3/odom to become available, tf error: Invalid frame ID "robot3/odom" passed to canTransform argument target_frame - frame does not exist
[ros2-11] [controller_server-1] [INFO] [1785138599.094319092] [robot3.local_costmap.local_costmap]: Timed out waiting for transform from robot3/base_link to robot3/odom to become available, tf error: Invalid frame ID "robot3/odom" passed to canTransform argument target_frame - frame does not exist
[ros2-11] [controller_server-1] [INFO] [1785138599.594297590] [robot3.local_costmap.local_costmap]: Timed out waiting for transform from robot3/base_link to robot3/odom to become available, tf error: Invalid frame ID "robot3/odom" passed to canTransform argument target_frame - frame does not exist
[ros2-11] [controller_server-1] [INFO] [1785138600.094324440] [robot3.local_costmap.local_costmap]: Timed out waiting for transform from robot3/base_link to robot3/odom to become available, tf error: Invalid frame ID "robot3/odom" passed to canTransform argument target_frame - frame does not exist
[ros2-11] [controller_server-1] [INFO] [1785138600.594343717] [robot3.local_costmap.local_costmap]: Timed out waiting for transform from robot3/base_link to robot3/odom to become available, tf error: Invalid frame ID "robot3/odom" passed to canTransform argument target_frame - frame does not exist
[ros2-11] [controller_server-1] [INFO] [1785138601.094321819] [robot3.local_costmap.local_costmap]: Timed out waiting for transform from robot3/base_link to robot3/odom to become available, tf error: Invalid frame ID "robot3/odom" passed to canTransform argument target_frame - frame does not exist
[ros2-11] [controller_server-1] [INFO] [1785138601.594302974] [robot3.local_costmap.local_costmap]: Timed out waiting for transform from robot3/base_link to robot3/odom to become available, tf error: Invalid frame ID "robot3/odom" passed to canTransform argument target_frame - frame does not exist
[ros2-11] [controller_server-1] [INFO] [1785138602.094319025] [robot3.local_costmap.local_costmap]: Timed out waiting for transform from robot3/base_link to robot3/odom to become available, tf error: Invalid frame ID "robot3/odom" passed to canTransform argument target_frame - frame does not exist
[ros2-11] [controller_server-1] [INFO] [1785138602.594304554] [robot3.local_costmap.local_costmap]: Timed out waiting for transform from robot3/base_link to robot3/odom to become available, tf error: Invalid frame ID "robot3/odom" passed to canTransform argument target_frame - frame does not exist
[ros2-11] [controller_server-1] [INFO] [1785138603.094325130] [robot3.local_costmap.local_costmap]: Timed out waiting for transform from robot3/base_link to robot3/odom to become available, tf error: Invalid frame ID "robot3/odom" passed to canTransform argument target_frame - frame does not exist
[ros2-11] [controller_server-1] [INFO] [1785138603.594298523] [robot3.local_costmap.local_costmap]: Timed out waiting for transform from robot3/base_link to robot3/odom to become available, tf error: Invalid frame ID "robot3/odom" passed to canTransform argument target_frame - frame does not exist
[ros2-11] [controller_server-1] [INFO] [1785138604.094322464] [robot3.local_costmap.local_costmap]: Timed out waiting for transform from robot3/base_link to robot3/odom to become available, tf error: Invalid frame ID "robot3/odom" passed to canTransform argument target_frame - frame does not exist
[ros2-11] [controller_server-1] [INFO] [1785138604.594300778] [robot3.local_costmap.local_costmap]: Timed out waiting for transform from robot3/base_link to robot3/odom to become available, tf error: Invalid frame ID "robot3/odom" passed to canTransform argument target_frame - frame does not exist
[ros2-11] [controller_server-1] [INFO] [1785138605.094299436] [robot3.local_costmap.local_costmap]: Timed out waiting for transform from robot3/base_link to robot3/odom to become available, tf error: Invalid frame ID "robot3/odom" passed to canTransform argument target_frame - frame does not exist
[ros2-11] [controller_server-1] [INFO] [1785138605.594302907] [robot3.local_costmap.local_costmap]: Timed out waiting for transform from robot3/base_link to robot3/odom to become available, tf error: Invalid frame ID "robot3/odom" passed to canTransform argument target_frame - frame does not exist
[ros2-11] [controller_server-1] [INFO] [1785138606.094341382] [robot3.local_costmap.local_costmap]: Timed out waiting for transform from robot3/base_link to robot3/odom to become available, tf error: Invalid frame ID "robot3/odom" passed to canTransform argument target_frame - frame does not exist
[ros2-11] [controller_server-1] [INFO] [1785138606.594306818] [robot3.local_costmap.local_costmap]: Timed out waiting for transform from robot3/base_link to robot3/odom to become available, tf error: Invalid frame ID "robot3/odom" passed to canTransform argument target_frame - frame does not exist
[ros2-11] [controller_server-1] [INFO] [1785138607.094316026] [robot3.local_costmap.local_costmap]: Timed out waiting for transform from robot3/base_link to robot3/odom to become available, tf error: Invalid frame ID "robot3/odom" passed to canTransform argument target_frame - frame does not exist
[ros2-11] [controller_server-1] [INFO] [1785138607.594324442] [robot3.local_costmap.local_costmap]: Timed out waiting for transform from robot3/base_link to robot3/odom to become available, tf error: Invalid frame ID "robot3/odom" passed to canTransform argument target_frame - frame does not exist
[ros2-11] [controller_server-1] [INFO] [1785138608.094301995] [robot3.local_costmap.local_costmap]: Timed out waiting for transform from robot3/base_link to robot3/odom to become available, tf error: Invalid frame ID "robot3/odom" passed to canTransform argument target_frame - frame does not exist
[ros2-11] [controller_server-1] [INFO] [1785138608.594297534] [robot3.local_costmap.local_costmap]: Timed out waiting for transform from robot3/base_link to robot3/odom to become available, tf error: Invalid frame ID "robot3/odom" passed to canTransform argument target_frame - frame does not exist
[ros2-11] [controller_server-1] [INFO] [1785138609.094317882] [robot3.local_costmap.local_costmap]: Timed out waiting for transform from robot3/base_link to robot3/odom to become available, tf error: Invalid frame ID "robot3/odom" passed to canTransform argument target_frame - frame does not exist
[ros2-11] [controller_server-1] [INFO] [1785138609.594299578] [robot3.local_costmap.local_costmap]: Timed out waiting for transform from robot3/base_link to robot3/odom to become available, tf error: Invalid frame ID "robot3/odom" passed to canTransform argument target_frame - frame does not exist
[ros2-11] [controller_server-1] [INFO] [1785138610.094304801] [robot3.local_costmap.local_costmap]: Timed out waiting for transform from robot3/base_link to robot3/odom to become available, tf error: Invalid frame ID "robot3/odom" passed to canTransform argument target_frame - frame does not exist
[ros2-11] [controller_server-1] [INFO] [1785138610.594298482] [robot3.local_costmap.local_costmap]: Timed out waiting for transform from robot3/base_link to robot3/odom to become available, tf error: Invalid frame ID "robot3/odom" passed to canTransform argument target_frame - frame does not exist
[ros2-11] [controller_server-1] [INFO] [1785138611.094315467] [robot3.local_costmap.local_costmap]: Timed out waiting for transform from robot3/base_link to robot3/odom to become available, tf error: Invalid frame ID "robot3/odom" passed to canTransform argument target_frame - frame does not exist
[ros2-11] [controller_server-1] [INFO] [1785138611.594319426] [robot3.local_costmap.local_costmap]: Timed out waiting for transform from robot3/base_link to robot3/odom to become available, tf error: Invalid frame ID "robot3/odom" passed to canTransform argument target_frame - frame does not exist
[ros2-11] [controller_server-1] [INFO] [1785138612.094328031] [robot3.local_costmap.local_costmap]: Timed out waiting for transform from robot3/base_link to robot3/odom to become available, tf error: Invalid frame ID "robot3/odom" passed to canTransform argument target_frame - frame does not exist
[ros2-11] [controller_server-1] [INFO] [1785138612.594320204] [robot3.local_costmap.local_costmap]: Timed out waiting for transform from robot3/base_link to robot3/odom to become available, tf error: Invalid frame ID "robot3/odom" passed to canTransform argument target_frame - frame does not exist
[ros2-11] [controller_server-1] [INFO] [1785138613.094319416] [robot3.local_costmap.local_costmap]: Timed out waiting for transform from robot3/base_link to robot3/odom to become available, tf error: Invalid frame ID "robot3/odom" passed to canTransform argument target_frame - frame does not exist
[ros2-11] [controller_server-1] [INFO] [1785138613.594260979] [robot3.local_costmap.local_costmap]: Timed out waiting for transform from robot3/base_link to robot3/odom to become available, tf error: Invalid frame ID "robot3/odom" passed to canTransform argument target_frame - frame does not exist
[ros2-11] [controller_server-1] [INFO] [1785138614.094300865] [robot3.local_costmap.local_costmap]: Timed out waiting for transform from robot3/base_link to robot3/odom to become available, tf error: Invalid frame ID "robot3/odom" passed to canTransform argument target_frame - frame does not exist
[ros2-11] [controller_server-1] [INFO] [1785138614.594316530] [robot3.local_costmap.local_costmap]: Timed out waiting for transform from robot3/base_link to robot3/odom to become available, tf error: Invalid frame ID "robot3/odom" passed to canTransform argument target_frame - frame does not exist
[ros2-11] [controller_server-1] [INFO] [1785138615.094313556] [robot3.local_costmap.local_costmap]: Timed out waiting for transform from robot3/base_link to robot3/odom to become available, tf error: Invalid frame ID "robot3/odom" passed to canTransform argument target_frame - frame does not exist
[ros2-11] [controller_server-1] [INFO] [1785138615.594297010] [robot3.local_costmap.local_costmap]: Timed out waiting for transform from robot3/base_link to robot3/odom to become available, tf error: Invalid frame ID "robot3/odom" passed to canTransform argument target_frame - frame does not exist
[ros2-11] [controller_server-1] [INFO] [1785138616.094304009] [robot3.local_costmap.local_costmap]: Timed out waiting for transform from robot3/base_link to robot3/odom to become available, tf error: Invalid frame ID "robot3/odom" passed to canTransform argument target_frame - frame does not exist
[ros2-11] [controller_server-1] [INFO] [1785138616.594299807] [robot3.local_costmap.local_costmap]: Timed out waiting for transform from robot3/base_link to robot3/odom to become available, tf error: Invalid frame ID "robot3/odom" passed to canTransform argument target_frame - frame does not exist
[ros2-11] [controller_server-1] [INFO] [1785138617.094317040] [robot3.local_costmap.local_costmap]: Timed out waiting for transform from robot3/base_link to robot3/odom to become available, tf error: Invalid frame ID "robot3/odom" passed to canTransform argument target_frame - frame does not exist
[ros2-11] [controller_server-1] [INFO] [1785138617.594316277] [robot3.local_costmap.local_costmap]: Timed out waiting for transform from robot3/base_link to robot3/odom to become available, tf error: Invalid frame ID "robot3/odom" passed to canTransform argument target_frame - frame does not exist
[ros2-11] [controller_server-1] [INFO] [1785138618.094297354] [robot3.local_costmap.local_costmap]: Timed out waiting for transform from robot3/base_link to robot3/odom to become available, tf error: Invalid frame ID "robot3/odom" passed to canTransform argument target_frame - frame does not exist
[ros2-11] [controller_server-1] [INFO] [1785138618.594322039] [robot3.local_costmap.local_costmap]: Timed out waiting for transform from robot3/base_link to robot3/odom to become available, tf error: Invalid frame ID "robot3/odom" passed to canTransform argument target_frame - frame does not exist
[ros2-11] [controller_server-1] [INFO] [1785138619.094313662] [robot3.local_costmap.local_costmap]: Timed out waiting for transform from robot3/base_link to robot3/odom to become available, tf error: Invalid frame ID "robot3/odom" passed to canTransform argument target_frame - frame does not exist
[ros2-11] [controller_server-1] [INFO] [1785138619.594300190] [robot3.local_costmap.local_costmap]: Timed out waiting for transform from robot3/base_link to robot3/odom to become available, tf error: Invalid frame ID "robot3/odom" passed to canTransform argument target_frame - frame does not exist
[ros2-11] [controller_server-1] [INFO] [1785138620.094316742] [robot3.local_costmap.local_costmap]: Timed out waiting for transform from robot3/base_link to robot3/odom to become available, tf error: Invalid frame ID "robot3/odom" passed to canTransform argument target_frame - frame does not exist
[ros2-11] [controller_server-1] [INFO] [1785138620.594325057] [robot3.local_costmap.local_costmap]: Timed out waiting for transform from robot3/base_link to robot3/odom to become available, tf error: Invalid frame ID "robot3/odom" passed to canTransform argument target_frame - frame does not exist
[ros2-11] [controller_server-1] [INFO] [1785138621.094317569] [robot3.local_costmap.local_costmap]: Timed out waiting for transform from robot3/base_link to robot3/odom to become available, tf error: Invalid frame ID "robot3/odom" passed to canTransform argument target_frame - frame does not exist
[ros2-11] [controller_server-1] [INFO] [1785138621.594318787] [robot3.local_costmap.local_costmap]: Timed out waiting for transform from robot3/base_link to robot3/odom to become available, tf error: Invalid frame ID "robot3/odom" passed to canTransform argument target_frame - frame does not exist
[ros2-11] [controller_server-1] [INFO] [1785138622.094302975] [robot3.local_costmap.local_costmap]: Timed out waiting for transform from robot3/base_link to robot3/odom to become available, tf error: Invalid frame ID "robot3/odom" passed to canTransform argument target_frame - frame does not exist
[ros2-11] [controller_server-1] [INFO] [1785138622.594302031] [robot3.local_costmap.local_costmap]: Timed out waiting for transform from robot3/base_link to robot3/odom to become available, tf error: Invalid frame ID "robot3/odom" passed to canTransform argument target_frame - frame does not exist
[ros2-11] [controller_server-1] [INFO] [1785138623.094302364] [robot3.local_costmap.local_costmap]: Timed out waiting for transform from robot3/base_link to robot3/odom to become available, tf error: Invalid frame ID "robot3/odom" passed to canTransform argument target_frame - frame does not exist
[ros2-11] [controller_server-1] [INFO] [1785138623.594331810] [robot3.local_costmap.local_costmap]: Timed out waiting for transform from robot3/base_link to robot3/odom to become available, tf error: Invalid frame ID "robot3/odom" passed to canTransform argument target_frame - frame does not exist
[ros2-11] [controller_server-1] [INFO] [1785138624.094304332] [robot3.local_costmap.local_costmap]: Timed out waiting for transform from robot3/base_link to robot3/odom to become available, tf error: Invalid frame ID "robot3/odom" passed to canTransform argument target_frame - frame does not exist
[ros2-11] [controller_server-1] [INFO] [1785138624.594317270] [robot3.local_costmap.local_costmap]: Timed out waiting for transform from robot3/base_link to robot3/odom to become available, tf error: Invalid frame ID "robot3/odom" passed to canTransform argument target_frame - frame does not exist
[ros2-11] [controller_server-1] [INFO] [1785138625.094318333] [robot3.local_costmap.local_costmap]: Timed out waiting for transform from robot3/base_link to robot3/odom to become available, tf error: Invalid frame ID "robot3/odom" passed to canTransform argument target_frame - frame does not exist
[ros2-11] [controller_server-1] [INFO] [1785138625.594325530] [robot3.local_costmap.local_costmap]: Timed out waiting for transform from robot3/base_link to robot3/odom to become available, tf error: Invalid frame ID "robot3/odom" passed to canTransform argument target_frame - frame does not exist
[ros2-11] [controller_server-1] [INFO] [1785138626.094301472] [robot3.local_costmap.local_costmap]: Timed out waiting for transform from robot3/base_link to robot3/odom to become available, tf error: Invalid frame ID "robot3/odom" passed to canTransform argument target_frame - frame does not exist
[ros2-11] [controller_server-1] [INFO] [1785138626.594361504] [robot3.local_costmap.local_costmap]: Timed out waiting for transform from robot3/base_link to robot3/odom to become available, tf error: Invalid frame ID "robot3/odom" passed to canTransform argument target_frame - frame does not exist
[ros2-11] [controller_server-1] [INFO] [1785138627.094320941] [robot3.local_costmap.local_costmap]: Timed out waiting for transform from robot3/base_link to robot3/odom to become available, tf error: Invalid frame ID "robot3/odom" passed to canTransform argument target_frame - frame does not exist
[ros2-11] [controller_server-1] [INFO] [1785138627.594303659] [robot3.local_costmap.local_costmap]: Timed out waiting for transform from robot3/base_link to robot3/odom to become available, tf error: Invalid frame ID "robot3/odom" passed to canTransform argument target_frame - frame does not exist
[ros2-11] [controller_server-1] [INFO] [1785138628.094306360] [robot3.local_costmap.local_costmap]: Timed out waiting for transform from robot3/base_link to robot3/odom to become available, tf error: Invalid frame ID "robot3/odom" passed to canTransform argument target_frame - frame does not exist
[ros2-11] [controller_server-1] [INFO] [1785138628.594304656] [robot3.local_costmap.local_costmap]: Timed out waiting for transform from robot3/base_link to robot3/odom to become available, tf error: Invalid frame ID "robot3/odom" passed to canTransform argument target_frame - frame does not exist
[ros2-11] [controller_server-1] [INFO] [1785138629.094319882] [robot3.local_costmap.local_costmap]: Timed out waiting for transform from robot3/base_link to robot3/odom to become available, tf error: Invalid frame ID "robot3/odom" passed to canTransform argument target_frame - frame does not exist
[ros2-11] [controller_server-1] [INFO] [1785138629.594328429] [robot3.local_costmap.local_costmap]: Timed out waiting for transform from robot3/base_link to robot3/odom to become available, tf error: Invalid frame ID "robot3/odom" passed to canTransform argument target_frame - frame does not exist
[ros2-11] [controller_server-1] [INFO] [1785138630.094320617] [robot3.local_costmap.local_costmap]: Timed out waiting for transform from robot3/base_link to robot3/odom to become available, tf error: Invalid frame ID "robot3/odom" passed to canTransform argument target_frame - frame does not exist
[ros2-11] [controller_server-1] [INFO] [1785138630.594332521] [robot3.local_costmap.local_costmap]: Timed out waiting for transform from robot3/base_link to robot3/odom to become available, tf error: Invalid frame ID "robot3/odom" passed to canTransform argument target_frame - frame does not exist
[ros2-11] [controller_server-1] [INFO] [1785138631.094300904] [robot3.local_costmap.local_costmap]: Timed out waiting for transform from robot3/base_link to robot3/odom to become available, tf error: Invalid frame ID "robot3/odom" passed to canTransform argument target_frame - frame does not exist
[ros2-11] [controller_server-1] [INFO] [1785138631.594301385] [robot3.local_costmap.local_costmap]: Timed out waiting for transform from robot3/base_link to robot3/odom to become available, tf error: Invalid frame ID "robot3/odom" passed to canTransform argument target_frame - frame does not exist
[ros2-11] [controller_server-1] [INFO] [1785138632.094326311] [robot3.local_costmap.local_costmap]: Timed out waiting for transform from robot3/base_link to robot3/odom to become available, tf error: Invalid frame ID "robot3/odom" passed to canTransform argument target_frame - frame does not exist
[ros2-11] [controller_server-1] [INFO] [1785138632.594269166] [robot3.local_costmap.local_costmap]: Timed out waiting for transform from robot3/base_link to robot3/odom to become available, tf error: Invalid frame ID "robot3/odom" passed to canTransform argument target_frame - frame does not exist
[ros2-11] [controller_server-1] [INFO] [1785138633.094320441] [robot3.local_costmap.local_costmap]: Timed out waiting for transform from robot3/base_link to robot3/odom to become available, tf error: Invalid frame ID "robot3/odom" passed to canTransform argument target_frame - frame does not exist
[ros2-11] [controller_server-1] [INFO] [1785138633.594324894] [robot3.local_costmap.local_costmap]: Timed out waiting for transform from robot3/base_link to robot3/odom to become available, tf error: Invalid frame ID "robot3/odom" passed to canTransform argument target_frame - frame does not exist
[ros2-11] [controller_server-1] [INFO] [1785138634.094317158] [robot3.local_costmap.local_costmap]: Timed out waiting for transform from robot3/base_link to robot3/odom to become available, tf error: Invalid frame ID "robot3/odom" passed to canTransform argument target_frame - frame does not exist
[ros2-11] [controller_server-1] [INFO] [1785138634.594321188] [robot3.local_costmap.local_costmap]: Timed out waiting for transform from robot3/base_link to robot3/odom to become available, tf error: Invalid frame ID "robot3/odom" passed to canTransform argument target_frame - frame does not exist
[ros2-11] [controller_server-1] [INFO] [1785138635.094305608] [robot3.local_costmap.local_costmap]: Timed out waiting for transform from robot3/base_link to robot3/odom to become available, tf error: Invalid frame ID "robot3/odom" passed to canTransform argument target_frame - frame does not exist
[ros2-11] [controller_server-1] [INFO] [1785138635.594299865] [robot3.local_costmap.local_costmap]: Timed out waiting for transform from robot3/base_link to robot3/odom to become available, tf error: Invalid frame ID "robot3/odom" passed to canTransform argument target_frame - frame does not exist
[ros2-11] [controller_server-1] [INFO] [1785138636.094278373] [robot3.local_costmap.local_costmap]: Timed out waiting for transform from robot3/base_link to robot3/odom to become available, tf error: Invalid frame ID "robot3/odom" passed to canTransform argument target_frame - frame does not exist
[ros2-11] [controller_server-1] [INFO] [1785138636.594326174] [robot3.local_costmap.local_costmap]: Timed out waiting for transform from robot3/base_link to robot3/odom to become available, tf error: Invalid frame ID "robot3/odom" passed to canTransform argument target_frame - frame does not exist
[ros2-11] [controller_server-1] [INFO] [1785138637.094299877] [robot3.local_costmap.local_costmap]: Timed out waiting for transform from robot3/base_link to robot3/odom to become available, tf error: Invalid frame ID "robot3/odom" passed to canTransform argument target_frame - frame does not exist
[ros2-11] [controller_server-1] [INFO] [1785138637.594298572] [robot3.local_costmap.local_costmap]: Timed out waiting for transform from robot3/base_link to robot3/odom to become available, tf error: Invalid frame ID "robot3/odom" passed to canTransform argument target_frame - frame does not exist
[ros2-11] [controller_server-1] [INFO] [1785138638.094301882] [robot3.local_costmap.local_costmap]: Timed out waiting for transform from robot3/base_link to robot3/odom to become available, tf error: Invalid frame ID "robot3/odom" passed to canTransform argument target_frame - frame does not exist
[ros2-11] [controller_server-1] [INFO] [1785138638.594299548] [robot3.local_costmap.local_costmap]: Timed out waiting for transform from robot3/base_link to robot3/odom to become available, tf error: Invalid frame ID "robot3/odom" passed to canTransform argument target_frame - frame does not exist
[ros2-11] [controller_server-1] [INFO] [1785138639.094326891] [robot3.local_costmap.local_costmap]: Timed out waiting for transform from robot3/base_link to robot3/odom to become available, tf error: Invalid frame ID "robot3/odom" passed to canTransform argument target_frame - frame does not exist
[ros2-11] [controller_server-1] [INFO] [1785138639.594328002] [robot3.local_costmap.local_costmap]: Timed out waiting for transform from robot3/base_link to robot3/odom to become available, tf error: Invalid frame ID "robot3/odom" passed to canTransform argument target_frame - frame does not exist
[ros2-11] [controller_server-1] [INFO] [1785138640.094299734] [robot3.local_costmap.local_costmap]: Timed out waiting for transform from robot3/base_link to robot3/odom to become available, tf error: Invalid frame ID "robot3/odom" passed to canTransform argument target_frame - frame does not exist
[ros2-11] [controller_server-1] [INFO] [1785138640.594328440] [robot3.local_costmap.local_costmap]: Timed out waiting for transform from robot3/base_link to robot3/odom to become available, tf error: Invalid frame ID "robot3/odom" passed to canTransform argument target_frame - frame does not exist
[ros2-11] [controller_server-1] [INFO] [1785138641.094299172] [robot3.local_costmap.local_costmap]: Timed out waiting for transform from robot3/base_link to robot3/odom to become available, tf error: Invalid frame ID "robot3/odom" passed to canTransform argument target_frame - frame does not exist
[ros2-11] [controller_server-1] [INFO] [1785138641.594318770] [robot3.local_costmap.local_costmap]: Timed out waiting for transform from robot3/base_link to robot3/odom to become available, tf error: Invalid frame ID "robot3/odom" passed to canTransform argument target_frame - frame does not exist
[ros2-11] [controller_server-1] [INFO] [1785138642.094299407] [robot3.local_costmap.local_costmap]: Timed out waiting for transform from robot3/base_link to robot3/odom to become available, tf error: Invalid frame ID "robot3/odom" passed to canTransform argument target_frame - frame does not exist
[ros2-11] [controller_server-1] [INFO] [1785138642.594333386] [robot3.local_costmap.local_costmap]: Timed out waiting for transform from robot3/base_link to robot3/odom to become available, tf error: Invalid frame ID "robot3/odom" passed to canTransform argument target_frame - frame does not exist
[ros2-11] [controller_server-1] [INFO] [1785138643.094318157] [robot3.local_costmap.local_costmap]: Timed out waiting for transform from robot3/base_link to robot3/odom to become available, tf error: Invalid frame ID "robot3/odom" passed to canTransform argument target_frame - frame does not exist
[ros2-11] [controller_server-1] [INFO] [1785138643.594319007] [robot3.local_costmap.local_costmap]: Timed out waiting for transform from robot3/base_link to robot3/odom to become available, tf error: Invalid frame ID "robot3/odom" passed to canTransform argument target_frame - frame does not exist
[ros2-11] [controller_server-1] [INFO] [1785138644.094299207] [robot3.local_costmap.local_costmap]: Timed out waiting for transform from robot3/base_link to robot3/odom to become available, tf error: Invalid frame ID "robot3/odom" passed to canTransform argument target_frame - frame does not exist
[ros2-11] [controller_server-1] [INFO] [1785138644.594299393] [robot3.local_costmap.local_costmap]: Timed out waiting for transform from robot3/base_link to robot3/odom to become available, tf error: Invalid frame ID "robot3/odom" passed to canTransform argument target_frame - frame does not exist
[ros2-11] [controller_server-1] [INFO] [1785138645.094297837] [robot3.local_costmap.local_costmap]: Timed out waiting for transform from robot3/base_link to robot3/odom to become available, tf error: Invalid frame ID "robot3/odom" passed to canTransform argument target_frame - frame does not exist
[ros2-11] [controller_server-1] [INFO] [1785138645.594300475] [robot3.local_costmap.local_costmap]: Timed out waiting for transform from robot3/base_link to robot3/odom to become available, tf error: Invalid frame ID "robot3/odom" passed to canTransform argument target_frame - frame does not exist
[ros2-11] [controller_server-1] [INFO] [1785138646.094321263] [robot3.local_costmap.local_costmap]: Timed out waiting for transform from robot3/base_link to robot3/odom to become available, tf error: Invalid frame ID "robot3/odom" passed to canTransform argument target_frame - frame does not exist
[ros2-11] [controller_server-1] [INFO] [1785138646.594299658] [robot3.local_costmap.local_costmap]: Timed out waiting for transform from robot3/base_link to robot3/odom to become available, tf error: Invalid frame ID "robot3/odom" passed to canTransform argument target_frame - frame does not exist
[ros2-11] [controller_server-1] [INFO] [1785138647.094299115] [robot3.local_costmap.local_costmap]: Timed out waiting for transform from robot3/base_link to robot3/odom to become available, tf error: Invalid frame ID "robot3/odom" passed to canTransform argument target_frame - frame does not exist
[ros2-11] [controller_server-1] [INFO] [1785138647.594299166] [robot3.local_costmap.local_costmap]: Timed out waiting for transform from robot3/base_link to robot3/odom to become available, tf error: Invalid frame ID "robot3/odom" passed to canTransform argument target_frame - frame does not exist
[ros2-11] [controller_server-1] [INFO] [1785138648.094338070] [robot3.local_costmap.local_costmap]: Timed out waiting for transform from robot3/base_link to robot3/odom to become available, tf error: Invalid frame ID "robot3/odom" passed to canTransform argument target_frame - frame does not exist
[ros2-11] [controller_server-1] [INFO] [1785138648.594335272] [robot3.local_costmap.local_costmap]: Timed out waiting for transform from robot3/base_link to robot3/odom to become available, tf error: Invalid frame ID "robot3/odom" passed to canTransform argument target_frame - frame does not exist
[ros2-11] [controller_server-1] [INFO] [1785138649.094299622] [robot3.local_costmap.local_costmap]: Timed out waiting for transform from robot3/base_link to robot3/odom to become available, tf error: Invalid frame ID "robot3/odom" passed to canTransform argument target_frame - frame does not exist
[ros2-11] [controller_server-1] [INFO] [1785138649.594299269] [robot3.local_costmap.local_costmap]: Timed out waiting for transform from robot3/base_link to robot3/odom to become available, tf error: Invalid frame ID "robot3/odom" passed to canTransform argument target_frame - frame does not exist
[ros2-11] [controller_server-1] [INFO] [1785138650.094297693] [robot3.local_costmap.local_costmap]: Timed out waiting for transform from robot3/base_link to robot3/odom to become available, tf error: Invalid frame ID "robot3/odom" passed to canTransform argument target_frame - frame does not exist
[ros2-11] [controller_server-1] [INFO] [1785138650.594297370] [robot3.local_costmap.local_costmap]: Timed out waiting for transform from robot3/base_link to robot3/odom to become available, tf error: Invalid frame ID "robot3/odom" passed to canTransform argument target_frame - frame does not exist
[ros2-11] [controller_server-1] [INFO] [1785138651.094320239] [robot3.local_costmap.local_costmap]: Timed out waiting for transform from robot3/base_link to robot3/odom to become available, tf error: Invalid frame ID "robot3/odom" passed to canTransform argument target_frame - frame does not exist
[ros2-11] [controller_server-1] [INFO] [1785138651.594325945] [robot3.local_costmap.local_costmap]: Timed out waiting for transform from robot3/base_link to robot3/odom to become available, tf error: Invalid frame ID "robot3/odom" passed to canTransform argument target_frame - frame does not exist
[ros2-11] [controller_server-1] [INFO] [1785138652.094322065] [robot3.local_costmap.local_costmap]: Timed out waiting for transform from robot3/base_link to robot3/odom to become available, tf error: Invalid frame ID "robot3/odom" passed to canTransform argument target_frame - frame does not exist
[ros2-11] [controller_server-1] [INFO] [1785138652.594336477] [robot3.local_costmap.local_costmap]: Timed out waiting for transform from robot3/base_link to robot3/odom to become available, tf error: Invalid frame ID "robot3/odom" passed to canTransform argument target_frame - frame does not exist
[ros2-11] [controller_server-1] [INFO] [1785138653.094298349] [robot3.local_costmap.local_costmap]: Timed out waiting for transform from robot3/base_link to robot3/odom to become available, tf error: Invalid frame ID "robot3/odom" passed to canTransform argument target_frame - frame does not exist
[ros2-11] [controller_server-1] [INFO] [1785138653.594332939] [robot3.local_costmap.local_costmap]: Timed out waiting for transform from robot3/base_link to robot3/odom to become available, tf error: Invalid frame ID "robot3/odom" passed to canTransform argument target_frame - frame does not exist
[ros2-11] [controller_server-1] [INFO] [1785138654.094316190] [robot3.local_costmap.local_costmap]: Timed out waiting for transform from robot3/base_link to robot3/odom to become available, tf error: Invalid frame ID "robot3/odom" passed to canTransform argument target_frame - frame does not exist
[ros2-11] [controller_server-1] [INFO] [1785138654.594300878] [robot3.local_costmap.local_costmap]: Timed out waiting for transform from robot3/base_link to robot3/odom to become available, tf error: Invalid frame ID "robot3/odom" passed to canTransform argument target_frame - frame does not exist
[ros2-11] [controller_server-1] [INFO] [1785138655.094320687] [robot3.local_costmap.local_costmap]: Timed out waiting for transform from robot3/base_link to robot3/odom to become available, tf error: Invalid frame ID "robot3/odom" passed to canTransform argument target_frame - frame does not exist
[ros2-11] [controller_server-1] [INFO] [1785138655.594315360] [robot3.local_costmap.local_costmap]: Timed out waiting for transform from robot3/base_link to robot3/odom to become available, tf error: Invalid frame ID "robot3/odom" passed to canTransform argument target_frame - frame does not exist
[ros2-11] [controller_server-1] [INFO] [1785138656.094300933] [robot3.local_costmap.local_costmap]: Timed out waiting for transform from robot3/base_link to robot3/odom to become available, tf error: Invalid frame ID "robot3/odom" passed to canTransform argument target_frame - frame does not exist
[ros2-11] [controller_server-1] [INFO] [1785138656.594326027] [robot3.local_costmap.local_costmap]: Timed out waiting for transform from robot3/base_link to robot3/odom to become available, tf error: Invalid frame ID "robot3/odom" passed to canTransform argument target_frame - frame does not exist
[ros2-11] [controller_server-1] [INFO] [1785138657.094318200] [robot3.local_costmap.local_costmap]: Timed out waiting for transform from robot3/base_link to robot3/odom to become available, tf error: Invalid frame ID "robot3/odom" passed to canTransform argument target_frame - frame does not exist
[ros2-11] [controller_server-1] [INFO] [1785138657.594316259] [robot3.local_costmap.local_costmap]: Timed out waiting for transform from robot3/base_link to robot3/odom to become available, tf error: Invalid frame ID "robot3/odom" passed to canTransform argument target_frame - frame does not exist
[ros2-11] [controller_server-1] [INFO] [1785138658.094328541] [robot3.local_costmap.local_costmap]: Timed out waiting for transform from robot3/base_link to robot3/odom to become available, tf error: Invalid frame ID "robot3/odom" passed to canTransform argument target_frame - frame does not exist
[ros2-11] [controller_server-1] [INFO] [1785138658.594324273] [robot3.local_costmap.local_costmap]: Timed out waiting for transform from robot3/base_link to robot3/odom to become available, tf error: Invalid frame ID "robot3/odom" passed to canTransform argument target_frame - frame does not exist
[ros2-11] [controller_server-1] [INFO] [1785138659.094322860] [robot3.local_costmap.local_costmap]: Timed out waiting for transform from robot3/base_link to robot3/odom to become available, tf error: Invalid frame ID "robot3/odom" passed to canTransform argument target_frame - frame does not exist
[ros2-11] [controller_server-1] [INFO] [1785138659.594316144] [robot3.local_costmap.local_costmap]: Timed out waiting for transform from robot3/base_link to robot3/odom to become available, tf error: Invalid frame ID "robot3/odom" passed to canTransform argument target_frame - frame does not exist
[ros2-11] [controller_server-1] [INFO] [1785138660.094300387] [robot3.local_costmap.local_costmap]: Timed out waiting for transform from robot3/base_link to robot3/odom to become available, tf error: Invalid frame ID "robot3/odom" passed to canTransform argument target_frame - frame does not exist
[ros2-11] [controller_server-1] [INFO] [1785138660.594329288] [robot3.local_costmap.local_costmap]: Timed out waiting for transform from robot3/base_link to robot3/odom to become available, tf error: Invalid frame ID "robot3/odom" passed to canTransform argument target_frame - frame does not exist
[ros2-11] [controller_server-1] [INFO] [1785138661.094317069] [robot3.local_costmap.local_costmap]: Timed out waiting for transform from robot3/base_link to robot3/odom to become available, tf error: Invalid frame ID "robot3/odom" passed to canTransform argument target_frame - frame does not exist
[ros2-11] [controller_server-1] [INFO] [1785138661.594332105] [robot3.local_costmap.local_costmap]: Timed out waiting for transform from robot3/base_link to robot3/odom to become available, tf error: Invalid frame ID "robot3/odom" passed to canTransform argument target_frame - frame does not exist
[ros2-11] [controller_server-1] [INFO] [1785138662.094292189] [robot3.local_costmap.local_costmap]: Timed out waiting for transform from robot3/base_link to robot3/odom to become available, tf error: Invalid frame ID "robot3/odom" passed to canTransform argument target_frame - frame does not exist
[ros2-11] [controller_server-1] [INFO] [1785138662.594302059] [robot3.local_costmap.local_costmap]: Timed out waiting for transform from robot3/base_link to robot3/odom to become available, tf error: Invalid frame ID "robot3/odom" passed to canTransform argument target_frame - frame does not exist
[ros2-11] [controller_server-1] [INFO] [1785138663.094322733] [robot3.local_costmap.local_costmap]: Timed out waiting for transform from robot3/base_link to robot3/odom to become available, tf error: Invalid frame ID "robot3/odom" passed to canTransform argument target_frame - frame does not exist
[ros2-11] [controller_server-1] [INFO] [1785138663.594329755] [robot3.local_costmap.local_costmap]: Timed out waiting for transform from robot3/base_link to robot3/odom to become available, tf error: Invalid frame ID "robot3/odom" passed to canTransform argument target_frame - frame does not exist
[ros2-11] [controller_server-1] [INFO] [1785138664.094261900] [robot3.local_costmap.local_costmap]: Timed out waiting for transform from robot3/base_link to robot3/odom to become available, tf error: Invalid frame ID "robot3/odom" passed to canTransform argument target_frame - frame does not exist
[ros2-11] [controller_server-1] [INFO] [1785138664.594298477] [robot3.local_costmap.local_costmap]: Timed out waiting for transform from robot3/base_link to robot3/odom to become available, tf error: Invalid frame ID "robot3/odom" passed to canTransform argument target_frame - frame does not exist
[ros2-11] [controller_server-1] [INFO] [1785138665.094300545] [robot3.local_costmap.local_costmap]: Timed out waiting for transform from robot3/base_link to robot3/odom to become available, tf error: Invalid frame ID "robot3/odom" passed to canTransform argument target_frame - frame does not exist
[ros2-11] [controller_server-1] [INFO] [1785138665.594318685] [robot3.local_costmap.local_costmap]: Timed out waiting for transform from robot3/base_link to robot3/odom to become available, tf error: Invalid frame ID "robot3/odom" passed to canTransform argument target_frame - frame does not exist
[ros2-11] [controller_server-1] [INFO] [1785138666.094259702] [robot3.local_costmap.local_costmap]: Timed out waiting for transform from robot3/base_link to robot3/odom to become available, tf error: Invalid frame ID "robot3/odom" passed to canTransform argument target_frame - frame does not exist
[ros2-11] [controller_server-1] [INFO] [1785138666.594297282] [robot3.local_costmap.local_costmap]: Timed out waiting for transform from robot3/base_link to robot3/odom to become available, tf error: Invalid frame ID "robot3/odom" passed to canTransform argument target_frame - frame does not exist
[ros2-11] [controller_server-1] [INFO] [1785138667.094300877] [robot3.local_costmap.local_costmap]: Timed out waiting for transform from robot3/base_link to robot3/odom to become available, tf error: Invalid frame ID "robot3/odom" passed to canTransform argument target_frame - frame does not exist
[ros2-11] [controller_server-1] [INFO] [1785138667.594300547] [robot3.local_costmap.local_costmap]: Timed out waiting for transform from robot3/base_link to robot3/odom to become available, tf error: Invalid frame ID "robot3/odom" passed to canTransform argument target_frame - frame does not exist
[ros2-11] [controller_server-1] [INFO] [1785138668.094296318] [robot3.local_costmap.local_costmap]: Timed out waiting for transform from robot3/base_link to robot3/odom to become available, tf error: Invalid frame ID "robot3/odom" passed to canTransform argument target_frame - frame does not exist
[ros2-11] [controller_server-1] [INFO] [1785138668.594301160] [robot3.local_costmap.local_costmap]: Timed out waiting for transform from robot3/base_link to robot3/odom to become available, tf error: Invalid frame ID "robot3/odom" passed to canTransform argument target_frame - frame does not exist
[ros2-11] [controller_server-1] [INFO] [1785138669.094321079] [robot3.local_costmap.local_costmap]: Timed out waiting for transform from robot3/base_link to robot3/odom to become available, tf error: Invalid frame ID "robot3/odom" passed to canTransform argument target_frame - frame does not exist
[ros2-11] [controller_server-1] [INFO] [1785138669.594319616] [robot3.local_costmap.local_costmap]: Timed out waiting for transform from robot3/base_link to robot3/odom to become available, tf error: Invalid frame ID "robot3/odom" passed to canTransform argument target_frame - frame does not exist
[ros2-11] [controller_server-1] [INFO] [1785138670.094314078] [robot3.local_costmap.local_costmap]: Timed out waiting for transform from robot3/base_link to robot3/odom to become available, tf error: Invalid frame ID "robot3/odom" passed to canTransform argument target_frame - frame does not exist
[ros2-11] [controller_server-1] [INFO] [1785138670.594318432] [robot3.local_costmap.local_costmap]: Timed out waiting for transform from robot3/base_link to robot3/odom to become available, tf error: Invalid frame ID "robot3/odom" passed to canTransform argument target_frame - frame does not exist
[ros2-11] [controller_server-1] [INFO] [1785138671.094334978] [robot3.local_costmap.local_costmap]: Timed out waiting for transform from robot3/base_link to robot3/odom to become available, tf error: Invalid frame ID "robot3/odom" passed to canTransform argument target_frame - frame does not exist
[ros2-11] [controller_server-1] [INFO] [1785138671.594323790] [robot3.local_costmap.local_costmap]: Timed out waiting for transform from robot3/base_link to robot3/odom to become available, tf error: Invalid frame ID "robot3/odom" passed to canTransform argument target_frame - frame does not exist
[ros2-11] [controller_server-1] [INFO] [1785138672.094322978] [robot3.local_costmap.local_costmap]: Timed out waiting for transform from robot3/base_link to robot3/odom to become available, tf error: Invalid frame ID "robot3/odom" passed to canTransform argument target_frame - frame does not exist
[ros2-11] [controller_server-1] [INFO] [1785138672.594303147] [robot3.local_costmap.local_costmap]: Timed out waiting for transform from robot3/base_link to robot3/odom to become available, tf error: Invalid frame ID "robot3/odom" passed to canTransform argument target_frame - frame does not exist
[ros2-11] [controller_server-1] [INFO] [1785138673.094303905] [robot3.local_costmap.local_costmap]: Timed out waiting for transform from robot3/base_link to robot3/odom to become available, tf error: Invalid frame ID "robot3/odom" passed to canTransform argument target_frame - frame does not exist
[ros2-11] [controller_server-1] [INFO] [1785138673.594302525] [robot3.local_costmap.local_costmap]: Timed out waiting for transform from robot3/base_link to robot3/odom to become available, tf error: Invalid frame ID "robot3/odom" passed to canTransform argument target_frame - frame does not exist
[ros2-11] [controller_server-1] [INFO] [1785138674.094301204] [robot3.local_costmap.local_costmap]: Timed out waiting for transform from robot3/base_link to robot3/odom to become available, tf error: Invalid frame ID "robot3/odom" passed to canTransform argument target_frame - frame does not exist
[ros2-11] [controller_server-1] [INFO] [1785138674.594326228] [robot3.local_costmap.local_costmap]: Timed out waiting for transform from robot3/base_link to robot3/odom to become available, tf error: Invalid frame ID "robot3/odom" passed to canTransform argument target_frame - frame does not exist
[ros2-11] [controller_server-1] [INFO] [1785138675.094294476] [robot3.local_costmap.local_costmap]: Timed out waiting for transform from robot3/base_link to robot3/odom to become available, tf error: Invalid frame ID "robot3/odom" passed to canTransform argument target_frame - frame does not exist
[ros2-11] [controller_server-1] [INFO] [1785138675.594301804] [robot3.local_costmap.local_costmap]: Timed out waiting for transform from robot3/base_link to robot3/odom to become available, tf error: Invalid frame ID "robot3/odom" passed to canTransform argument target_frame - frame does not exist
[ros2-11] [controller_server-1] [INFO] [1785138676.094339884] [robot3.local_costmap.local_costmap]: Timed out waiting for transform from robot3/base_link to robot3/odom to become available, tf error: Invalid frame ID "robot3/odom" passed to canTransform argument target_frame - frame does not exist
[ros2-11] [controller_server-1] [INFO] [1785138676.594342150] [robot3.local_costmap.local_costmap]: Timed out waiting for transform from robot3/base_link to robot3/odom to become available, tf error: Invalid frame ID "robot3/odom" passed to canTransform argument target_frame - frame does not exist
[ros2-11] [controller_server-1] [INFO] [1785138677.094301710] [robot3.local_costmap.local_costmap]: Timed out waiting for transform from robot3/base_link to robot3/odom to become available, tf error: Invalid frame ID "robot3/odom" passed to canTransform argument target_frame - frame does not exist
[ros2-11] [controller_server-1] [INFO] [1785138677.594297095] [robot3.local_costmap.local_costmap]: Timed out waiting for transform from robot3/base_link to robot3/odom to become available, tf error: Invalid frame ID "robot3/odom" passed to canTransform argument target_frame - frame does not exist
[ros2-11] [controller_server-1] [INFO] [1785138678.094319732] [robot3.local_costmap.local_costmap]: Timed out waiting for transform from robot3/base_link to robot3/odom to become available, tf error: Invalid frame ID "robot3/odom" passed to canTransform argument target_frame - frame does not exist
[ros2-11] [controller_server-1] [INFO] [1785138678.594302104] [robot3.local_costmap.local_costmap]: Timed out waiting for transform from robot3/base_link to robot3/odom to become available, tf error: Invalid frame ID "robot3/odom" passed to canTransform argument target_frame - frame does not exist
[ros2-11] [controller_server-1] [INFO] [1785138679.094298446] [robot3.local_costmap.local_costmap]: Timed out waiting for transform from robot3/base_link to robot3/odom to become available, tf error: Invalid frame ID "robot3/odom" passed to canTransform argument target_frame - frame does not exist
[ros2-11] [controller_server-1] [INFO] [1785138679.594297647] [robot3.local_costmap.local_costmap]: Timed out waiting for transform from robot3/base_link to robot3/odom to become available, tf error: Invalid frame ID "robot3/odom" passed to canTransform argument target_frame - frame does not exist
[ros2-11] [controller_server-1] [INFO] [1785138680.094301976] [robot3.local_costmap.local_costmap]: Timed out waiting for transform from robot3/base_link to robot3/odom to become available, tf error: Invalid frame ID "robot3/odom" passed to canTransform argument target_frame - frame does not exist
[ros2-11] [controller_server-1] [INFO] [1785138680.594298257] [robot3.local_costmap.local_costmap]: Timed out waiting for transform from robot3/base_link to robot3/odom to become available, tf error: Invalid frame ID "robot3/odom" passed to canTransform argument target_frame - frame does not exist
[ros2-11] [controller_server-1] [INFO] [1785138681.094317899] [robot3.local_costmap.local_costmap]: Timed out waiting for transform from robot3/base_link to robot3/odom to become available, tf error: Invalid frame ID "robot3/odom" passed to canTransform argument target_frame - frame does not exist
[ros2-11] [controller_server-1] [INFO] [1785138681.594317360] [robot3.local_costmap.local_costmap]: Timed out waiting for transform from robot3/base_link to robot3/odom to become available, tf error: Invalid frame ID "robot3/odom" passed to canTransform argument target_frame - frame does not exist
[ros2-11] [controller_server-1] [INFO] [1785138682.094304292] [robot3.local_costmap.local_costmap]: Timed out waiting for transform from robot3/base_link to robot3/odom to become available, tf error: Invalid frame ID "robot3/odom" passed to canTransform argument target_frame - frame does not exist
[ros2-11] [controller_server-1] [INFO] [1785138682.594319011] [robot3.local_costmap.local_costmap]: Timed out waiting for transform from robot3/base_link to robot3/odom to become available, tf error: Invalid frame ID "robot3/odom" passed to canTransform argument target_frame - frame does not exist
[ros2-11] [controller_server-1] [INFO] [1785138683.094318619] [robot3.local_costmap.local_costmap]: Timed out waiting for transform from robot3/base_link to robot3/odom to become available, tf error: Invalid frame ID "robot3/odom" passed to canTransform argument target_frame - frame does not exist
[ros2-11] [controller_server-1] [INFO] [1785138683.594322731] [robot3.local_costmap.local_costmap]: Timed out waiting for transform from robot3/base_link to robot3/odom to become available, tf error: Invalid frame ID "robot3/odom" passed to canTransform argument target_frame - frame does not exist
[ros2-11] [controller_server-1] [INFO] [1785138684.094316132] [robot3.local_costmap.local_costmap]: Timed out waiting for transform from robot3/base_link to robot3/odom to become available, tf error: Invalid frame ID "robot3/odom" passed to canTransform argument target_frame - frame does not exist
[ros2-11] [controller_server-1] [INFO] [1785138684.594340268] [robot3.local_costmap.local_costmap]: Timed out waiting for transform from robot3/base_link to robot3/odom to become available, tf error: Invalid frame ID "robot3/odom" passed to canTransform argument target_frame - frame does not exist
[ros2-11] [controller_server-1] [INFO] [1785138685.094300902] [robot3.local_costmap.local_costmap]: Timed out waiting for transform from robot3/base_link to robot3/odom to become available, tf error: Invalid frame ID "robot3/odom" passed to canTransform argument target_frame - frame does not exist
[ros2-11] [controller_server-1] [INFO] [1785138685.594321299] [robot3.local_costmap.local_costmap]: Timed out waiting for transform from robot3/base_link to robot3/odom to become available, tf error: Invalid frame ID "robot3/odom" passed to canTransform argument target_frame - frame does not exist
[ros2-11] [controller_server-1] [INFO] [1785138686.094342452] [robot3.local_costmap.local_costmap]: Timed out waiting for transform from robot3/base_link to robot3/odom to become available, tf error: Invalid frame ID "robot3/odom" passed to canTransform argument target_frame - frame does not exist
[ros2-11] [controller_server-1] [INFO] [1785138686.594326539] [robot3.local_costmap.local_costmap]: Timed out waiting for transform from robot3/base_link to robot3/odom to become available, tf error: Invalid frame ID "robot3/odom" passed to canTransform argument target_frame - frame does not exist
[ros2-11] [controller_server-1] [INFO] [1785138687.094302436] [robot3.local_costmap.local_costmap]: Timed out waiting for transform from robot3/base_link to robot3/odom to become available, tf error: Invalid frame ID "robot3/odom" passed to canTransform argument target_frame - frame does not exist
[ros2-11] [controller_server-1] [INFO] [1785138687.594302029] [robot3.local_costmap.local_costmap]: Timed out waiting for transform from robot3/base_link to robot3/odom to become available, tf error: Invalid frame ID "robot3/odom" passed to canTransform argument target_frame - frame does not exist
[ros2-11] [controller_server-1] [INFO] [1785138688.094298532] [robot3.local_costmap.local_costmap]: Timed out waiting for transform from robot3/base_link to robot3/odom to become available, tf error: Invalid frame ID "robot3/odom" passed to canTransform argument target_frame - frame does not exist
[ros2-11] [controller_server-1] [INFO] [1785138688.594326307] [robot3.local_costmap.local_costmap]: Timed out waiting for transform from robot3/base_link to robot3/odom to become available, tf error: Invalid frame ID "robot3/odom" passed to canTransform argument target_frame - frame does not exist
[ros2-11] [controller_server-1] [INFO] [1785138689.094317257] [robot3.local_costmap.local_costmap]: Timed out waiting for transform from robot3/base_link to robot3/odom to become available, tf error: Invalid frame ID "robot3/odom" passed to canTransform argument target_frame - frame does not exist
[ros2-11] [controller_server-1] [INFO] [1785138689.594281454] [robot3.local_costmap.local_costmap]: Timed out waiting for transform from robot3/base_link to robot3/odom to become available, tf error: Invalid frame ID "robot3/odom" passed to canTransform argument target_frame - frame does not exist
[ros2-11] [controller_server-1] [INFO] [1785138690.094326282] [robot3.local_costmap.local_costmap]: Timed out waiting for transform from robot3/base_link to robot3/odom to become available, tf error: Invalid frame ID "robot3/odom" passed to canTransform argument target_frame - frame does not exist
[ros2-11] [controller_server-1] [INFO] [1785138690.594290166] [robot3.local_costmap.local_costmap]: Timed out waiting for transform from robot3/base_link to robot3/odom to become available, tf error: Invalid frame ID "robot3/odom" passed to canTransform argument target_frame - frame does not exist
[ros2-11] [controller_server-1] [INFO] [1785138691.094301271] [robot3.local_costmap.local_costmap]: Timed out waiting for transform from robot3/base_link to robot3/odom to become available, tf error: Invalid frame ID "robot3/odom" passed to canTransform argument target_frame - frame does not exist
[ros2-11] [controller_server-1] [INFO] [1785138691.594327571] [robot3.local_costmap.local_costmap]: Timed out waiting for transform from robot3/base_link to robot3/odom to become available, tf error: Invalid frame ID "robot3/odom" passed to canTransform argument target_frame - frame does not exist
[ros2-11] [controller_server-1] [INFO] [1785138692.094316405] [robot3.local_costmap.local_costmap]: Timed out waiting for transform from robot3/base_link to robot3/odom to become available, tf error: Invalid frame ID "robot3/odom" passed to canTransform argument target_frame - frame does not exist
[ros2-11] [controller_server-1] [INFO] [1785138692.594318621] [robot3.local_costmap.local_costmap]: Timed out waiting for transform from robot3/base_link to robot3/odom to become available, tf error: Invalid frame ID "robot3/odom" passed to canTransform argument target_frame - frame does not exist
[ros2-11] [controller_server-1] [INFO] [1785138693.094329574] [robot3.local_costmap.local_costmap]: Timed out waiting for transform from robot3/base_link to robot3/odom to become available, tf error: Invalid frame ID "robot3/odom" passed to canTransform argument target_frame - frame does not exist
[ros2-11] [controller_server-1] [INFO] [1785138693.594304569] [robot3.local_costmap.local_costmap]: Timed out waiting for transform from robot3/base_link to robot3/odom to become available, tf error: Invalid frame ID "robot3/odom" passed to canTransform argument target_frame - frame does not exist
[ros2-11] [controller_server-1] [INFO] [1785138694.094323571] [robot3.local_costmap.local_costmap]: Timed out waiting for transform from robot3/base_link to robot3/odom to become available, tf error: Invalid frame ID "robot3/odom" passed to canTransform argument target_frame - frame does not exist
[ros2-11] [controller_server-1] [INFO] [1785138694.594319719] [robot3.local_costmap.local_costmap]: Timed out waiting for transform from robot3/base_link to robot3/odom to become available, tf error: Invalid frame ID "robot3/odom" passed to canTransform argument target_frame - frame does not exist
[ros2-11] [controller_server-1] [INFO] [1785138695.094321621] [robot3.local_costmap.local_costmap]: Timed out waiting for transform from robot3/base_link to robot3/odom to become available, tf error: Invalid frame ID "robot3/odom" passed to canTransform argument target_frame - frame does not exist
[ros2-11] [controller_server-1] [INFO] [1785138695.594317305] [robot3.local_costmap.local_costmap]: Timed out waiting for transform from robot3/base_link to robot3/odom to become available, tf error: Invalid frame ID "robot3/odom" passed to canTransform argument target_frame - frame does not exist
[ros2-11] [controller_server-1] [INFO] [1785138696.094313519] [robot3.local_costmap.local_costmap]: Timed out waiting for transform from robot3/base_link to robot3/odom to become available, tf error: Invalid frame ID "robot3/odom" passed to canTransform argument target_frame - frame does not exist
[ros2-11] [controller_server-1] [INFO] [1785138696.594296320] [robot3.local_costmap.local_costmap]: Timed out waiting for transform from robot3/base_link to robot3/odom to become available, tf error: Invalid frame ID "robot3/odom" passed to canTransform argument target_frame - frame does not exist
[ros2-11] [controller_server-1] [INFO] [1785138697.094297138] [robot3.local_costmap.local_costmap]: Timed out waiting for transform from robot3/base_link to robot3/odom to become available, tf error: Invalid frame ID "robot3/odom" passed to canTransform argument target_frame - frame does not exist
[ros2-11] [controller_server-1] [INFO] [1785138697.594298354] [robot3.local_costmap.local_costmap]: Timed out waiting for transform from robot3/base_link to robot3/odom to become available, tf error: Invalid frame ID "robot3/odom" passed to canTransform argument target_frame - frame does not exist
[ros2-11] [controller_server-1] [INFO] [1785138698.094381458] [robot3.local_costmap.local_costmap]: Timed out waiting for transform from robot3/base_link to robot3/odom to become available, tf error: Invalid frame ID "robot3/odom" passed to canTransform argument target_frame - frame does not exist
[ros2-11] [controller_server-1] [INFO] [1785138698.594320676] [robot3.local_costmap.local_costmap]: Timed out waiting for transform from robot3/base_link to robot3/odom to become available, tf error: Invalid frame ID "robot3/odom" passed to canTransform argument target_frame - frame does not exist
[ros2-11] [controller_server-1] [INFO] [1785138699.094299017] [robot3.local_costmap.local_costmap]: Timed out waiting for transform from robot3/base_link to robot3/odom to become available, tf error: Invalid frame ID "robot3/odom" passed to canTransform argument target_frame - frame does not exist
[ros2-11] [controller_server-1] [INFO] [1785138699.594266126] [robot3.local_costmap.local_costmap]: Timed out waiting for transform from robot3/base_link to robot3/odom to become available, tf error: Invalid frame ID "robot3/odom" passed to canTransform argument target_frame - frame does not exist
[ros2-11] [controller_server-1] [INFO] [1785138700.094302569] [robot3.local_costmap.local_costmap]: Timed out waiting for transform from robot3/base_link to robot3/odom to become available, tf error: Invalid frame ID "robot3/odom" passed to canTransform argument target_frame - frame does not exist
[ros2-11] [controller_server-1] [INFO] [1785138700.594318470] [robot3.local_costmap.local_costmap]: Timed out waiting for transform from robot3/base_link to robot3/odom to become available, tf error: Invalid frame ID "robot3/odom" passed to canTransform argument target_frame - frame does not exist
[ros2-11] [controller_server-1] [INFO] [1785138701.094328959] [robot3.local_costmap.local_costmap]: Timed out waiting for transform from robot3/base_link to robot3/odom to become available, tf error: Invalid frame ID "robot3/odom" passed to canTransform argument target_frame - frame does not exist
[ros2-11] [controller_server-1] [INFO] [1785138701.594255154] [robot3.local_costmap.local_costmap]: Timed out waiting for transform from robot3/base_link to robot3/odom to become available, tf error: Invalid frame ID "robot3/odom" passed to canTransform argument target_frame - frame does not exist
[ros2-11] [controller_server-1] [INFO] [1785138702.094274874] [robot3.local_costmap.local_costmap]: Timed out waiting for transform from robot3/base_link to robot3/odom to become available, tf error: Invalid frame ID "robot3/odom" passed to canTransform argument target_frame - frame does not exist
[ros2-11] [controller_server-1] [INFO] [1785138702.594299555] [robot3.local_costmap.local_costmap]: Timed out waiting for transform from robot3/base_link to robot3/odom to become available, tf error: Invalid frame ID "robot3/odom" passed to canTransform argument target_frame - frame does not exist
[ros2-11] [controller_server-1] [INFO] [1785138703.094306758] [robot3.local_costmap.local_costmap]: Timed out waiting for transform from robot3/base_link to robot3/odom to become available, tf error: Invalid frame ID "robot3/odom" passed to canTransform argument target_frame - frame does not exist
[ros2-11] [controller_server-1] [INFO] [1785138703.594318651] [robot3.local_costmap.local_costmap]: Timed out waiting for transform from robot3/base_link to robot3/odom to become available, tf error: Invalid frame ID "robot3/odom" passed to canTransform argument target_frame - frame does not exist
[ros2-11] [controller_server-1] [INFO] [1785138704.094299809] [robot3.local_costmap.local_costmap]: Timed out waiting for transform from robot3/base_link to robot3/odom to become available, tf error: Invalid frame ID "robot3/odom" passed to canTransform argument target_frame - frame does not exist
[ros2-11] [controller_server-1] [INFO] [1785138704.594280215] [robot3.local_costmap.local_costmap]: Timed out waiting for transform from robot3/base_link to robot3/odom to become available, tf error: Invalid frame ID "robot3/odom" passed to canTransform argument target_frame - frame does not exist
[ros2-11] [controller_server-1] [INFO] [1785138705.094297040] [robot3.local_costmap.local_costmap]: Timed out waiting for transform from robot3/base_link to robot3/odom to become available, tf error: Invalid frame ID "robot3/odom" passed to canTransform argument target_frame - frame does not exist
[ros2-11] [controller_server-1] [INFO] [1785138705.594303019] [robot3.local_costmap.local_costmap]: Timed out waiting for transform from robot3/base_link to robot3/odom to become available, tf error: Invalid frame ID "robot3/odom" passed to canTransform argument target_frame - frame does not exist
[ros2-11] [controller_server-1] [INFO] [1785138706.094301828] [robot3.local_costmap.local_costmap]: Timed out waiting for transform from robot3/base_link to robot3/odom to become available, tf error: Invalid frame ID "robot3/odom" passed to canTransform argument target_frame - frame does not exist
[ros2-11] [controller_server-1] [INFO] [1785138706.594297719] [robot3.local_costmap.local_costmap]: Timed out waiting for transform from robot3/base_link to robot3/odom to become available, tf error: Invalid frame ID "robot3/odom" passed to canTransform argument target_frame - frame does not exist
[ros2-11] [controller_server-1] [INFO] [1785138707.094322813] [robot3.local_costmap.local_costmap]: Timed out waiting for transform from robot3/base_link to robot3/odom to become available, tf error: Invalid frame ID "robot3/odom" passed to canTransform argument target_frame - frame does not exist
[ros2-11] [controller_server-1] [INFO] [1785138707.594318054] [robot3.local_costmap.local_costmap]: Timed out waiting for transform from robot3/base_link to robot3/odom to become available, tf error: Invalid frame ID "robot3/odom" passed to canTransform argument target_frame - frame does not exist
[ros2-11] [controller_server-1] [INFO] [1785138708.094302625] [robot3.local_costmap.local_costmap]: Timed out waiting for transform from robot3/base_link to robot3/odom to become available, tf error: Invalid frame ID "robot3/odom" passed to canTransform argument target_frame - frame does not exist
[ros2-11] [controller_server-1] [INFO] [1785138708.594325064] [robot3.local_costmap.local_costmap]: Timed out waiting for transform from robot3/base_link to robot3/odom to become available, tf error: Invalid frame ID "robot3/odom" passed to canTransform argument target_frame - frame does not exist
[ros2-11] [controller_server-1] [INFO] [1785138709.094327648] [robot3.local_costmap.local_costmap]: Timed out waiting for transform from robot3/base_link to robot3/odom to become available, tf error: Invalid frame ID "robot3/odom" passed to canTransform argument target_frame - frame does not exist
[ros2-11] [controller_server-1] [INFO] [1785138709.594320466] [robot3.local_costmap.local_costmap]: Timed out waiting for transform from robot3/base_link to robot3/odom to become available, tf error: Invalid frame ID "robot3/odom" passed to canTransform argument target_frame - frame does not exist
[ros2-11] [controller_server-1] [INFO] [1785138710.094319813] [robot3.local_costmap.local_costmap]: Timed out waiting for transform from robot3/base_link to robot3/odom to become available, tf error: Invalid frame ID "robot3/odom" passed to canTransform argument target_frame - frame does not exist
[ros2-11] [controller_server-1] [INFO] [1785138710.594321293] [robot3.local_costmap.local_costmap]: Timed out waiting for transform from robot3/base_link to robot3/odom to become available, tf error: Invalid frame ID "robot3/odom" passed to canTransform argument target_frame - frame does not exist
[ros2-11] [controller_server-1] [INFO] [1785138711.094320170] [robot3.local_costmap.local_costmap]: Timed out waiting for transform from robot3/base_link to robot3/odom to become available, tf error: Invalid frame ID "robot3/odom" passed to canTransform argument target_frame - frame does not exist
[ros2-11] [controller_server-1] [INFO] [1785138711.594385966] [robot3.local_costmap.local_costmap]: Timed out waiting for transform from robot3/base_link to robot3/odom to become available, tf error: Invalid frame ID "robot3/odom" passed to canTransform argument target_frame - frame does not exist
[ros2-11] [controller_server-1] [INFO] [1785138712.094297172] [robot3.local_costmap.local_costmap]: Timed out waiting for transform from robot3/base_link to robot3/odom to become available, tf error: Invalid frame ID "robot3/odom" passed to canTransform argument target_frame - frame does not exist
[ros2-11] [controller_server-1] [INFO] [1785138712.594298538] [robot3.local_costmap.local_costmap]: Timed out waiting for transform from robot3/base_link to robot3/odom to become available, tf error: Invalid frame ID "robot3/odom" passed to canTransform argument target_frame - frame does not exist
[ros2-11] [controller_server-1] [INFO] [1785138713.094319010] [robot3.local_costmap.local_costmap]: Timed out waiting for transform from robot3/base_link to robot3/odom to become available, tf error: Invalid frame ID "robot3/odom" passed to canTransform argument target_frame - frame does not exist
[ros2-11] [controller_server-1] [INFO] [1785138713.594276385] [robot3.local_costmap.local_costmap]: Timed out waiting for transform from robot3/base_link to robot3/odom to become available, tf error: Invalid frame ID "robot3/odom" passed to canTransform argument target_frame - frame does not exist
[ros2-11] [controller_server-1] [INFO] [1785138714.094297686] [robot3.local_costmap.local_costmap]: Timed out waiting for transform from robot3/base_link to robot3/odom to become available, tf error: Invalid frame ID "robot3/odom" passed to canTransform argument target_frame - frame does not exist
[ros2-11] [controller_server-1] [INFO] [1785138714.594315181] [robot3.local_costmap.local_costmap]: Timed out waiting for transform from robot3/base_link to robot3/odom to become available, tf error: Invalid frame ID "robot3/odom" passed to canTransform argument target_frame - frame does not exist
[ros2-11] [controller_server-1] [INFO] [1785138715.094299850] [robot3.local_costmap.local_costmap]: Timed out waiting for transform from robot3/base_link to robot3/odom to become available, tf error: Invalid frame ID "robot3/odom" passed to canTransform argument target_frame - frame does not exist
[ros2-11] [controller_server-1] [INFO] [1785138715.594300864] [robot3.local_costmap.local_costmap]: Timed out waiting for transform from robot3/base_link to robot3/odom to become available, tf error: Invalid frame ID "robot3/odom" passed to canTransform argument target_frame - frame does not exist
[ros2-11] [controller_server-1] [INFO] [1785138716.094301921] [robot3.local_costmap.local_costmap]: Timed out waiting for transform from robot3/base_link to robot3/odom to become available, tf error: Invalid frame ID "robot3/odom" passed to canTransform argument target_frame - frame does not exist
[ros2-11] [controller_server-1] [INFO] [1785138716.594324858] [robot3.local_costmap.local_costmap]: Timed out waiting for transform from robot3/base_link to robot3/odom to become available, tf error: Invalid frame ID "robot3/odom" passed to canTransform argument target_frame - frame does not exist
[ros2-11] [controller_server-1] [INFO] [1785138717.094287144] [robot3.local_costmap.local_costmap]: Timed out waiting for transform from robot3/base_link to robot3/odom to become available, tf error: Invalid frame ID "robot3/odom" passed to canTransform argument target_frame - frame does not exist
[ros2-11] [controller_server-1] [INFO] [1785138717.594323125] [robot3.local_costmap.local_costmap]: Timed out waiting for transform from robot3/base_link to robot3/odom to become available, tf error: Invalid frame ID "robot3/odom" passed to canTransform argument target_frame - frame does not exist
[ros2-11] [controller_server-1] [INFO] [1785138718.094320180] [robot3.local_costmap.local_costmap]: Timed out waiting for transform from robot3/base_link to robot3/odom to become available, tf error: Invalid frame ID "robot3/odom" passed to canTransform argument target_frame - frame does not exist
[ros2-11] [controller_server-1] [INFO] [1785138718.594321109] [robot3.local_costmap.local_costmap]: Timed out waiting for transform from robot3/base_link to robot3/odom to become available, tf error: Invalid frame ID "robot3/odom" passed to canTransform argument target_frame - frame does not exist
[ros2-11] [controller_server-1] [INFO] [1785138719.094321080] [robot3.local_costmap.local_costmap]: Timed out waiting for transform from robot3/base_link to robot3/odom to become available, tf error: Invalid frame ID "robot3/odom" passed to canTransform argument target_frame - frame does not exist
[ros2-11] [controller_server-1] [INFO] [1785138719.594314640] [robot3.local_costmap.local_costmap]: Timed out waiting for transform from robot3/base_link to robot3/odom to become available, tf error: Invalid frame ID "robot3/odom" passed to canTransform argument target_frame - frame does not exist
[ros2-11] [controller_server-1] [INFO] [1785138720.094299200] [robot3.local_costmap.local_costmap]: Timed out waiting for transform from robot3/base_link to robot3/odom to become available, tf error: Invalid frame ID "robot3/odom" passed to canTransform argument target_frame - frame does not exist
[ros2-11] [controller_server-1] [INFO] [1785138720.594320334] [robot3.local_costmap.local_costmap]: Timed out waiting for transform from robot3/base_link to robot3/odom to become available, tf error: Invalid frame ID "robot3/odom" passed to canTransform argument target_frame - frame does not exist
[ros2-11] [controller_server-1] [INFO] [1785138721.094324773] [robot3.local_costmap.local_costmap]: Timed out waiting for transform from robot3/base_link to robot3/odom to become available, tf error: Invalid frame ID "robot3/odom" passed to canTransform argument target_frame - frame does not exist
[ros2-11] [controller_server-1] [INFO] [1785138721.594324685] [robot3.local_costmap.local_costmap]: Timed out waiting for transform from robot3/base_link to robot3/odom to become available, tf error: Invalid frame ID "robot3/odom" passed to canTransform argument target_frame - frame does not exist
[ros2-11] [controller_server-1] [INFO] [1785138722.094304659] [robot3.local_costmap.local_costmap]: Timed out waiting for transform from robot3/base_link to robot3/odom to become available, tf error: Invalid frame ID "robot3/odom" passed to canTransform argument target_frame - frame does not exist
[ros2-11] [controller_server-1] [INFO] [1785138722.594300486] [robot3.local_costmap.local_costmap]: Timed out waiting for transform from robot3/base_link to robot3/odom to become available, tf error: Invalid frame ID "robot3/odom" passed to canTransform argument target_frame - frame does not exist
[ros2-11] [controller_server-1] [INFO] [1785138723.094329184] [robot3.local_costmap.local_costmap]: Timed out waiting for transform from robot3/base_link to robot3/odom to become available, tf error: Invalid frame ID "robot3/odom" passed to canTransform argument target_frame - frame does not exist
[ros2-11] [controller_server-1] [INFO] [1785138723.594321883] [robot3.local_costmap.local_costmap]: Timed out waiting for transform from robot3/base_link to robot3/odom to become available, tf error: Invalid frame ID "robot3/odom" passed to canTransform argument target_frame - frame does not exist
[ros2-11] [controller_server-1] [INFO] [1785138724.094322845] [robot3.local_costmap.local_costmap]: Timed out waiting for transform from robot3/base_link to robot3/odom to become available, tf error: Invalid frame ID "robot3/odom" passed to canTransform argument target_frame - frame does not exist
[ros2-11] [controller_server-1] [INFO] [1785138724.594302672] [robot3.local_costmap.local_costmap]: Timed out waiting for transform from robot3/base_link to robot3/odom to become available, tf error: Invalid frame ID "robot3/odom" passed to canTransform argument target_frame - frame does not exist
[ros2-11] [controller_server-1] [INFO] [1785138725.094301582] [robot3.local_costmap.local_costmap]: Timed out waiting for transform from robot3/base_link to robot3/odom to become available, tf error: Invalid frame ID "robot3/odom" passed to canTransform argument target_frame - frame does not exist
[ros2-11] [controller_server-1] [INFO] [1785138725.594304634] [robot3.local_costmap.local_costmap]: Timed out waiting for transform from robot3/base_link to robot3/odom to become available, tf error: Invalid frame ID "robot3/odom" passed to canTransform argument target_frame - frame does not exist
[ros2-11] [controller_server-1] [INFO] [1785138726.094301772] [robot3.local_costmap.local_costmap]: Timed out waiting for transform from robot3/base_link to robot3/odom to become available, tf error: Invalid frame ID "robot3/odom" passed to canTransform argument target_frame - frame does not exist
[ros2-11] [controller_server-1] [INFO] [1785138726.594303624] [robot3.local_costmap.local_costmap]: Timed out waiting for transform from robot3/base_link to robot3/odom to become available, tf error: Invalid frame ID "robot3/odom" passed to canTransform argument target_frame - frame does not exist
[ros2-11] [controller_server-1] [INFO] [1785138727.094298987] [robot3.local_costmap.local_costmap]: Timed out waiting for transform from robot3/base_link to robot3/odom to become available, tf error: Invalid frame ID "robot3/odom" passed to canTransform argument target_frame - frame does not exist
[ros2-11] [controller_server-1] [INFO] [1785138727.594280616] [robot3.local_costmap.local_costmap]: Timed out waiting for transform from robot3/base_link to robot3/odom to become available, tf error: Invalid frame ID "robot3/odom" passed to canTransform argument target_frame - frame does not exist
[ros2-11] [controller_server-1] [INFO] [1785138728.094318218] [robot3.local_costmap.local_costmap]: Timed out waiting for transform from robot3/base_link to robot3/odom to become available, tf error: Invalid frame ID "robot3/odom" passed to canTransform argument target_frame - frame does not exist
[ros2-11] [controller_server-1] [INFO] [1785138728.594300231] [robot3.local_costmap.local_costmap]: Timed out waiting for transform from robot3/base_link to robot3/odom to become available, tf error: Invalid frame ID "robot3/odom" passed to canTransform argument target_frame - frame does not exist
[ros2-11] [controller_server-1] [INFO] [1785138729.094286681] [robot3.local_costmap.local_costmap]: Timed out waiting for transform from robot3/base_link to robot3/odom to become available, tf error: Invalid frame ID "robot3/odom" passed to canTransform argument target_frame - frame does not exist
[ros2-11] [controller_server-1] [INFO] [1785138729.594300062] [robot3.local_costmap.local_costmap]: Timed out waiting for transform from robot3/base_link to robot3/odom to become available, tf error: Invalid frame ID "robot3/odom" passed to canTransform argument target_frame - frame does not exist
[ros2-11] [controller_server-1] [INFO] [1785138730.094325858] [robot3.local_costmap.local_costmap]: Timed out waiting for transform from robot3/base_link to robot3/odom to become available, tf error: Invalid frame ID "robot3/odom" passed to canTransform argument target_frame - frame does not exist
[ros2-11] [controller_server-1] [INFO] [1785138730.594299638] [robot3.local_costmap.local_costmap]: Timed out waiting for transform from robot3/base_link to robot3/odom to become available, tf error: Invalid frame ID "robot3/odom" passed to canTransform argument target_frame - frame does not exist
[ros2-11] [controller_server-1] [INFO] [1785138731.094302446] [robot3.local_costmap.local_costmap]: Timed out waiting for transform from robot3/base_link to robot3/odom to become available, tf error: Invalid frame ID "robot3/odom" passed to canTransform argument target_frame - frame does not exist
[ros2-11] [controller_server-1] [INFO] [1785138731.594299221] [robot3.local_costmap.local_costmap]: Timed out waiting for transform from robot3/base_link to robot3/odom to become available, tf error: Invalid frame ID "robot3/odom" passed to canTransform argument target_frame - frame does not exist
[ros2-11] [controller_server-1] [INFO] [1785138732.094306741] [robot3.local_costmap.local_costmap]: Timed out waiting for transform from robot3/base_link to robot3/odom to become available, tf error: Invalid frame ID "robot3/odom" passed to canTransform argument target_frame - frame does not exist
[ros2-11] [controller_server-1] [INFO] [1785138732.594323028] [robot3.local_costmap.local_costmap]: Timed out waiting for transform from robot3/base_link to robot3/odom to become available, tf error: Invalid frame ID "robot3/odom" passed to canTransform argument target_frame - frame does not exist
[ros2-11] [controller_server-1] [INFO] [1785138733.094318683] [robot3.local_costmap.local_costmap]: Timed out waiting for transform from robot3/base_link to robot3/odom to become available, tf error: Invalid frame ID "robot3/odom" passed to canTransform argument target_frame - frame does not exist
[ros2-11] [controller_server-1] [INFO] [1785138733.594298832] [robot3.local_costmap.local_costmap]: Timed out waiting for transform from robot3/base_link to robot3/odom to become available, tf error: Invalid frame ID "robot3/odom" passed to canTransform argument target_frame - frame does not exist
[ros2-11] [controller_server-1] [INFO] [1785138734.094301397] [robot3.local_costmap.local_costmap]: Timed out waiting for transform from robot3/base_link to robot3/odom to become available, tf error: Invalid frame ID "robot3/odom" passed to canTransform argument target_frame - frame does not exist
[ros2-11] [controller_server-1] [INFO] [1785138734.594298789] [robot3.local_costmap.local_costmap]: Timed out waiting for transform from robot3/base_link to robot3/odom to become available, tf error: Invalid frame ID "robot3/odom" passed to canTransform argument target_frame - frame does not exist
[ros2-11] [controller_server-1] [INFO] [1785138735.094298580] [robot3.local_costmap.local_costmap]: Timed out waiting for transform from robot3/base_link to robot3/odom to become available, tf error: Invalid frame ID "robot3/odom" passed to canTransform argument target_frame - frame does not exist
[ros2-11] [controller_server-1] [INFO] [1785138735.594321732] [robot3.local_costmap.local_costmap]: Timed out waiting for transform from robot3/base_link to robot3/odom to become available, tf error: Invalid frame ID "robot3/odom" passed to canTransform argument target_frame - frame does not exist
[ros2-11] [controller_server-1] [INFO] [1785138736.094320818] [robot3.local_costmap.local_costmap]: Timed out waiting for transform from robot3/base_link to robot3/odom to become available, tf error: Invalid frame ID "robot3/odom" passed to canTransform argument target_frame - frame does not exist
[ros2-11] [controller_server-1] [INFO] [1785138736.594328215] [robot3.local_costmap.local_costmap]: Timed out waiting for transform from robot3/base_link to robot3/odom to become available, tf error: Invalid frame ID "robot3/odom" passed to canTransform argument target_frame - frame does not exist
[ros2-11] [controller_server-1] [INFO] [1785138737.094331985] [robot3.local_costmap.local_costmap]: Timed out waiting for transform from robot3/base_link to robot3/odom to become available, tf error: Invalid frame ID "robot3/odom" passed to canTransform argument target_frame - frame does not exist
[ros2-11] [controller_server-1] [INFO] [1785138737.594364208] [robot3.local_costmap.local_costmap]: Timed out waiting for transform from robot3/base_link to robot3/odom to become available, tf error: Invalid frame ID "robot3/odom" passed to canTransform argument target_frame - frame does not exist
[ros2-11] [controller_server-1] [INFO] [1785138738.094306846] [robot3.local_costmap.local_costmap]: Timed out waiting for transform from robot3/base_link to robot3/odom to become available, tf error: Invalid frame ID "robot3/odom" passed to canTransform argument target_frame - frame does not exist
[ros2-11] [controller_server-1] [INFO] [1785138738.594302981] [robot3.local_costmap.local_costmap]: Timed out waiting for transform from robot3/base_link to robot3/odom to become available, tf error: Invalid frame ID "robot3/odom" passed to canTransform argument target_frame - frame does not exist
[ros2-11] [controller_server-1] [INFO] [1785138739.094291066] [robot3.local_costmap.local_costmap]: Timed out waiting for transform from robot3/base_link to robot3/odom to become available, tf error: Invalid frame ID "robot3/odom" passed to canTransform argument target_frame - frame does not exist
[ros2-11] [controller_server-1] [INFO] [1785138739.594335336] [robot3.local_costmap.local_costmap]: Timed out waiting for transform from robot3/base_link to robot3/odom to become available, tf error: Invalid frame ID "robot3/odom" passed to canTransform argument target_frame - frame does not exist
[ros2-11] [controller_server-1] [INFO] [1785138740.094321294] [robot3.local_costmap.local_costmap]: Timed out waiting for transform from robot3/base_link to robot3/odom to become available, tf error: Invalid frame ID "robot3/odom" passed to canTransform argument target_frame - frame does not exist
[ros2-11] [controller_server-1] [INFO] [1785138740.594297840] [robot3.local_costmap.local_costmap]: Timed out waiting for transform from robot3/base_link to robot3/odom to become available, tf error: Invalid frame ID "robot3/odom" passed to canTransform argument target_frame - frame does not exist
[ros2-11] [controller_server-1] [INFO] [1785138741.094332228] [robot3.local_costmap.local_costmap]: Timed out waiting for transform from robot3/base_link to robot3/odom to become available, tf error: Invalid frame ID "robot3/odom" passed to canTransform argument target_frame - frame does not exist
[ros2-11] [controller_server-1] [INFO] [1785138741.594317741] [robot3.local_costmap.local_costmap]: Timed out waiting for transform from robot3/base_link to robot3/odom to become available, tf error: Invalid frame ID "robot3/odom" passed to canTransform argument target_frame - frame does not exist
[ros2-11] [controller_server-1] [INFO] [1785138742.094302175] [robot3.local_costmap.local_costmap]: Timed out waiting for transform from robot3/base_link to robot3/odom to become available, tf error: Invalid frame ID "robot3/odom" passed to canTransform argument target_frame - frame does not exist
[ros2-11] [controller_server-1] [INFO] [1785138742.594301169] [robot3.local_costmap.local_costmap]: Timed out waiting for transform from robot3/base_link to robot3/odom to become available, tf error: Invalid frame ID "robot3/odom" passed to canTransform argument target_frame - frame does not exist
[ros2-11] [controller_server-1] [INFO] [1785138743.094320282] [robot3.local_costmap.local_costmap]: Timed out waiting for transform from robot3/base_link to robot3/odom to become available, tf error: Invalid frame ID "robot3/odom" passed to canTransform argument target_frame - frame does not exist
[ros2-11] [controller_server-1] [INFO] [1785138743.594275062] [robot3.local_costmap.local_costmap]: Timed out waiting for transform from robot3/base_link to robot3/odom to become available, tf error: Invalid frame ID "robot3/odom" passed to canTransform argument target_frame - frame does not exist
[ros2-11] [controller_server-1] [INFO] [1785138744.094298869] [robot3.local_costmap.local_costmap]: Timed out waiting for transform from robot3/base_link to robot3/odom to become available, tf error: Invalid frame ID "robot3/odom" passed to canTransform argument target_frame - frame does not exist
[ros2-11] [controller_server-1] [INFO] [1785138744.594298346] [robot3.local_costmap.local_costmap]: Timed out waiting for transform from robot3/base_link to robot3/odom to become available, tf error: Invalid frame ID "robot3/odom" passed to canTransform argument target_frame - frame does not exist
[ros2-11] [controller_server-1] [INFO] [1785138745.094325818] [robot3.local_costmap.local_costmap]: Timed out waiting for transform from robot3/base_link to robot3/odom to become available, tf error: Invalid frame ID "robot3/odom" passed to canTransform argument target_frame - frame does not exist
[ros2-11] [controller_server-1] [INFO] [1785138745.594300268] [robot3.local_costmap.local_costmap]: Timed out waiting for transform from robot3/base_link to robot3/odom to become available, tf error: Invalid frame ID "robot3/odom" passed to canTransform argument target_frame - frame does not exist
[ros2-11] [controller_server-1] [INFO] [1785138746.094299437] [robot3.local_costmap.local_costmap]: Timed out waiting for transform from robot3/base_link to robot3/odom to become available, tf error: Invalid frame ID "robot3/odom" passed to canTransform argument target_frame - frame does not exist
[ros2-11] [controller_server-1] [INFO] [1785138746.594298225] [robot3.local_costmap.local_costmap]: Timed out waiting for transform from robot3/base_link to robot3/odom to become available, tf error: Invalid frame ID "robot3/odom" passed to canTransform argument target_frame - frame does not exist
[ros2-11] [controller_server-1] [INFO] [1785138747.094318159] [robot3.local_costmap.local_costmap]: Timed out waiting for transform from robot3/base_link to robot3/odom to become available, tf error: Invalid frame ID "robot3/odom" passed to canTransform argument target_frame - frame does not exist
[ros2-11] [controller_server-1] [INFO] [1785138747.594302977] [robot3.local_costmap.local_costmap]: Timed out waiting for transform from robot3/base_link to robot3/odom to become available, tf error: Invalid frame ID "robot3/odom" passed to canTransform argument target_frame - frame does not exist
[ros2-11] [controller_server-1] [INFO] [1785138748.094327097] [robot3.local_costmap.local_costmap]: Timed out waiting for transform from robot3/base_link to robot3/odom to become available, tf error: Invalid frame ID "robot3/odom" passed to canTransform argument target_frame - frame does not exist
[ros2-11] [controller_server-1] [INFO] [1785138748.594322101] [robot3.local_costmap.local_costmap]: Timed out waiting for transform from robot3/base_link to robot3/odom to become available, tf error: Invalid frame ID "robot3/odom" passed to canTransform argument target_frame - frame does not exist
[ros2-11] [controller_server-1] [INFO] [1785138749.094317747] [robot3.local_costmap.local_costmap]: Timed out waiting for transform from robot3/base_link to robot3/odom to become available, tf error: Invalid frame ID "robot3/odom" passed to canTransform argument target_frame - frame does not exist
[ros2-11] [controller_server-1] [INFO] [1785138749.594305015] [robot3.local_costmap.local_costmap]: Timed out waiting for transform from robot3/base_link to robot3/odom to become available, tf error: Invalid frame ID "robot3/odom" passed to canTransform argument target_frame - frame does not exist
[ros2-11] [controller_server-1] [INFO] [1785138750.094298466] [robot3.local_costmap.local_costmap]: Timed out waiting for transform from robot3/base_link to robot3/odom to become available, tf error: Invalid frame ID "robot3/odom" passed to canTransform argument target_frame - frame does not exist
[ros2-11] [controller_server-1] [INFO] [1785138750.594323377] [robot3.local_costmap.local_costmap]: Timed out waiting for transform from robot3/base_link to robot3/odom to become available, tf error: Invalid frame ID "robot3/odom" passed to canTransform argument target_frame - frame does not exist
[ros2-11] [controller_server-1] [INFO] [1785138751.094282696] [robot3.local_costmap.local_costmap]: Timed out waiting for transform from robot3/base_link to robot3/odom to become available, tf error: Invalid frame ID "robot3/odom" passed to canTransform argument target_frame - frame does not exist
[ros2-11] [controller_server-1] [INFO] [1785138751.594262252] [robot3.local_costmap.local_costmap]: Timed out waiting for transform from robot3/base_link to robot3/odom to become available, tf error: Invalid frame ID "robot3/odom" passed to canTransform argument target_frame - frame does not exist
[ros2-11] [controller_server-1] [INFO] [1785138752.094298035] [robot3.local_costmap.local_costmap]: Timed out waiting for transform from robot3/base_link to robot3/odom to become available, tf error: Invalid frame ID "robot3/odom" passed to canTransform argument target_frame - frame does not exist
[ros2-11] [controller_server-1] [INFO] [1785138752.594298764] [robot3.local_costmap.local_costmap]: Timed out waiting for transform from robot3/base_link to robot3/odom to become available, tf error: Invalid frame ID "robot3/odom" passed to canTransform argument target_frame - frame does not exist
[ros2-11] [controller_server-1] [INFO] [1785138753.094295321] [robot3.local_costmap.local_costmap]: Timed out waiting for transform from robot3/base_link to robot3/odom to become available, tf error: Invalid frame ID "robot3/odom" passed to canTransform argument target_frame - frame does not exist
[ros2-11] [controller_server-1] [INFO] [1785138753.594320498] [robot3.local_costmap.local_costmap]: Timed out waiting for transform from robot3/base_link to robot3/odom to become available, tf error: Invalid frame ID "robot3/odom" passed to canTransform argument target_frame - frame does not exist
[ros2-11] [controller_server-1] [INFO] [1785138754.094305130] [robot3.local_costmap.local_costmap]: Timed out waiting for transform from robot3/base_link to robot3/odom to become available, tf error: Invalid frame ID "robot3/odom" passed to canTransform argument target_frame - frame does not exist
[ros2-11] [controller_server-1] [INFO] [1785138754.594301383] [robot3.local_costmap.local_costmap]: Timed out waiting for transform from robot3/base_link to robot3/odom to become available, tf error: Invalid frame ID "robot3/odom" passed to canTransform argument target_frame - frame does not exist
[ros2-11] [controller_server-1] [INFO] [1785138755.094324512] [robot3.local_costmap.local_costmap]: Timed out waiting for transform from robot3/base_link to robot3/odom to become available, tf error: Invalid frame ID "robot3/odom" passed to canTransform argument target_frame - frame does not exist
[ros2-11] [controller_server-1] [INFO] [1785138755.594320065] [robot3.local_costmap.local_costmap]: Timed out waiting for transform from robot3/base_link to robot3/odom to become available, tf error: Invalid frame ID "robot3/odom" passed to canTransform argument target_frame - frame does not exist
[ros2-11] [controller_server-1] [INFO] [1785138756.094276842] [robot3.local_costmap.local_costmap]: Timed out waiting for transform from robot3/base_link to robot3/odom to become available, tf error: Invalid frame ID "robot3/odom" passed to canTransform argument target_frame - frame does not exist
[ros2-11] [controller_server-1] [INFO] [1785138756.594300702] [robot3.local_costmap.local_costmap]: Timed out waiting for transform from robot3/base_link to robot3/odom to become available, tf error: Invalid frame ID "robot3/odom" passed to canTransform argument target_frame - frame does not exist
[ros2-11] [controller_server-1] [INFO] [1785138757.094304039] [robot3.local_costmap.local_costmap]: Timed out waiting for transform from robot3/base_link to robot3/odom to become available, tf error: Invalid frame ID "robot3/odom" passed to canTransform argument target_frame - frame does not exist
[ros2-11] [controller_server-1] [INFO] [1785138757.594320002] [robot3.local_costmap.local_costmap]: Timed out waiting for transform from robot3/base_link to robot3/odom to become available, tf error: Invalid frame ID "robot3/odom" passed to canTransform argument target_frame - frame does not exist
[ros2-11] [controller_server-1] [INFO] [1785138758.094303721] [robot3.local_costmap.local_costmap]: Timed out waiting for transform from robot3/base_link to robot3/odom to become available, tf error: Invalid frame ID "robot3/odom" passed to canTransform argument target_frame - frame does not exist
[ros2-11] [controller_server-1] [INFO] [1785138758.594318930] [robot3.local_costmap.local_costmap]: Timed out waiting for transform from robot3/base_link to robot3/odom to become available, tf error: Invalid frame ID "robot3/odom" passed to canTransform argument target_frame - frame does not exist
[ros2-11] [controller_server-1] [INFO] [1785138759.094300733] [robot3.local_costmap.local_costmap]: Timed out waiting for transform from robot3/base_link to robot3/odom to become available, tf error: Invalid frame ID "robot3/odom" passed to canTransform argument target_frame - frame does not exist
[ros2-11] [controller_server-1] [INFO] [1785138759.594271077] [robot3.local_costmap.local_costmap]: Timed out waiting for transform from robot3/base_link to robot3/odom to become available, tf error: Invalid frame ID "robot3/odom" passed to canTransform argument target_frame - frame does not exist
[ros2-11] [controller_server-1] [INFO] [1785138760.094300687] [robot3.local_costmap.local_costmap]: Timed out waiting for transform from robot3/base_link to robot3/odom to become available, tf error: Invalid frame ID "robot3/odom" passed to canTransform argument target_frame - frame does not exist
[ros2-11] [controller_server-1] [INFO] [1785138760.594318484] [robot3.local_costmap.local_costmap]: Timed out waiting for transform from robot3/base_link to robot3/odom to become available, tf error: Invalid frame ID "robot3/odom" passed to canTransform argument target_frame - frame does not exist
[ros2-11] [controller_server-1] [INFO] [1785138761.094326815] [robot3.local_costmap.local_costmap]: Timed out waiting for transform from robot3/base_link to robot3/odom to become available, tf error: Invalid frame ID "robot3/odom" passed to canTransform argument target_frame - frame does not exist
[ros2-11] [controller_server-1] [INFO] [1785138761.594303640] [robot3.local_costmap.local_costmap]: Timed out waiting for transform from robot3/base_link to robot3/odom to become available, tf error: Invalid frame ID "robot3/odom" passed to canTransform argument target_frame - frame does not exist
[ros2-11] [controller_server-1] [INFO] [1785138762.094320430] [robot3.local_costmap.local_costmap]: Timed out waiting for transform from robot3/base_link to robot3/odom to become available, tf error: Invalid frame ID "robot3/odom" passed to canTransform argument target_frame - frame does not exist
[ros2-11] [controller_server-1] [INFO] [1785138762.594322316] [robot3.local_costmap.local_costmap]: Timed out waiting for transform from robot3/base_link to robot3/odom to become available, tf error: Invalid frame ID "robot3/odom" passed to canTransform argument target_frame - frame does not exist
[ros2-11] [controller_server-1] [INFO] [1785138763.094340412] [robot3.local_costmap.local_costmap]: Timed out waiting for transform from robot3/base_link to robot3/odom to become available, tf error: Invalid frame ID "robot3/odom" passed to canTransform argument target_frame - frame does not exist
[ros2-11] [controller_server-1] [INFO] [1785138763.594321241] [robot3.local_costmap.local_costmap]: Timed out waiting for transform from robot3/base_link to robot3/odom to become available, tf error: Invalid frame ID "robot3/odom" passed to canTransform argument target_frame - frame does not exist
[ros2-11] [controller_server-1] [INFO] [1785138764.094325246] [robot3.local_costmap.local_costmap]: Timed out waiting for transform from robot3/base_link to robot3/odom to become available, tf error: Invalid frame ID "robot3/odom" passed to canTransform argument target_frame - frame does not exist
[ros2-11] [controller_server-1] [INFO] [1785138764.594331648] [robot3.local_costmap.local_costmap]: Timed out waiting for transform from robot3/base_link to robot3/odom to become available, tf error: Invalid frame ID "robot3/odom" passed to canTransform argument target_frame - frame does not exist
[ros2-11] [controller_server-1] [INFO] [1785138765.094300260] [robot3.local_costmap.local_costmap]: Timed out waiting for transform from robot3/base_link to robot3/odom to become available, tf error: Invalid frame ID "robot3/odom" passed to canTransform argument target_frame - frame does not exist
[ros2-11] [controller_server-1] [INFO] [1785138765.594321171] [robot3.local_costmap.local_costmap]: Timed out waiting for transform from robot3/base_link to robot3/odom to become available, tf error: Invalid frame ID "robot3/odom" passed to canTransform argument target_frame - frame does not exist
[ros2-11] [controller_server-1] [INFO] [1785138766.094305041] [robot3.local_costmap.local_costmap]: Timed out waiting for transform from robot3/base_link to robot3/odom to become available, tf error: Invalid frame ID "robot3/odom" passed to canTransform argument target_frame - frame does not exist
[ros2-11] [controller_server-1] [INFO] [1785138766.594300485] [robot3.local_costmap.local_costmap]: Timed out waiting for transform from robot3/base_link to robot3/odom to become available, tf error: Invalid frame ID "robot3/odom" passed to canTransform argument target_frame - frame does not exist
[ros2-11] [controller_server-1] [INFO] [1785138767.094354300] [robot3.local_costmap.local_costmap]: Timed out waiting for transform from robot3/base_link to robot3/odom to become available, tf error: Invalid frame ID "robot3/odom" passed to canTransform argument target_frame - frame does not exist
[ros2-11] [controller_server-1] [INFO] [1785138767.594362423] [robot3.local_costmap.local_costmap]: Timed out waiting for transform from robot3/base_link to robot3/odom to become available, tf error: Invalid frame ID "robot3/odom" passed to canTransform argument target_frame - frame does not exist
[ros2-11] [controller_server-1] [INFO] [1785138768.094317869] [robot3.local_costmap.local_costmap]: Timed out waiting for transform from robot3/base_link to robot3/odom to become available, tf error: Invalid frame ID "robot3/odom" passed to canTransform argument target_frame - frame does not exist
[ros2-11] [controller_server-1] [INFO] [1785138768.594341857] [robot3.local_costmap.local_costmap]: Timed out waiting for transform from robot3/base_link to robot3/odom to become available, tf error: Invalid frame ID "robot3/odom" passed to canTransform argument target_frame - frame does not exist
[ros2-11] [controller_server-1] [INFO] [1785138769.094330465] [robot3.local_costmap.local_costmap]: Timed out waiting for transform from robot3/base_link to robot3/odom to become available, tf error: Invalid frame ID "robot3/odom" passed to canTransform argument target_frame - frame does not exist
[ros2-11] [controller_server-1] [INFO] [1785138769.594320189] [robot3.local_costmap.local_costmap]: Timed out waiting for transform from robot3/base_link to robot3/odom to become available, tf error: Invalid frame ID "robot3/odom" passed to canTransform argument target_frame - frame does not exist
[ros2-11] [controller_server-1] [INFO] [1785138770.094301581] [robot3.local_costmap.local_costmap]: Timed out waiting for transform from robot3/base_link to robot3/odom to become available, tf error: Invalid frame ID "robot3/odom" passed to canTransform argument target_frame - frame does not exist
[ros2-11] [controller_server-1] [INFO] [1785138770.594317645] [robot3.local_costmap.local_costmap]: Timed out waiting for transform from robot3/base_link to robot3/odom to become available, tf error: Invalid frame ID "robot3/odom" passed to canTransform argument target_frame - frame does not exist
[ros2-11] [controller_server-1] [INFO] [1785138771.094296239] [robot3.local_costmap.local_costmap]: Timed out waiting for transform from robot3/base_link to robot3/odom to become available, tf error: Invalid frame ID "robot3/odom" passed to canTransform argument target_frame - frame does not exist
[ros2-11] [controller_server-1] [INFO] [1785138771.594301422] [robot3.local_costmap.local_costmap]: Timed out waiting for transform from robot3/base_link to robot3/odom to become available, tf error: Invalid frame ID "robot3/odom" passed to canTransform argument target_frame - frame does not exist
[ros2-11] [controller_server-1] [INFO] [1785138772.094300998] [robot3.local_costmap.local_costmap]: Timed out waiting for transform from robot3/base_link to robot3/odom to become available, tf error: Invalid frame ID "robot3/odom" passed to canTransform argument target_frame - frame does not exist
[ros2-11] [controller_server-1] [INFO] [1785138772.594326931] [robot3.local_costmap.local_costmap]: Timed out waiting for transform from robot3/base_link to robot3/odom to become available, tf error: Invalid frame ID "robot3/odom" passed to canTransform argument target_frame - frame does not exist
[ros2-11] [controller_server-1] [INFO] [1785138773.094305330] [robot3.local_costmap.local_costmap]: Timed out waiting for transform from robot3/base_link to robot3/odom to become available, tf error: Invalid frame ID "robot3/odom" passed to canTransform argument target_frame - frame does not exist
[ros2-11] [controller_server-1] [INFO] [1785138773.594298102] [robot3.local_costmap.local_costmap]: Timed out waiting for transform from robot3/base_link to robot3/odom to become available, tf error: Invalid frame ID "robot3/odom" passed to canTransform argument target_frame - frame does not exist
[ros2-11] [controller_server-1] [INFO] [1785138774.094300603] [robot3.local_costmap.local_costmap]: Timed out waiting for transform from robot3/base_link to robot3/odom to become available, tf error: Invalid frame ID "robot3/odom" passed to canTransform argument target_frame - frame does not exist
[ros2-11] [controller_server-1] [INFO] [1785138774.594323494] [robot3.local_costmap.local_costmap]: Timed out waiting for transform from robot3/base_link to robot3/odom to become available, tf error: Invalid frame ID "robot3/odom" passed to canTransform argument target_frame - frame does not exist
[ros2-11] [controller_server-1] [INFO] [1785138775.094303406] [robot3.local_costmap.local_costmap]: Timed out waiting for transform from robot3/base_link to robot3/odom to become available, tf error: Invalid frame ID "robot3/odom" passed to canTransform argument target_frame - frame does not exist
[ros2-11] [controller_server-1] [INFO] [1785138775.594329686] [robot3.local_costmap.local_costmap]: Timed out waiting for transform from robot3/base_link to robot3/odom to become available, tf error: Invalid frame ID "robot3/odom" passed to canTransform argument target_frame - frame does not exist
[ros2-11] [controller_server-1] [INFO] [1785138776.094302693] [robot3.local_costmap.local_costmap]: Timed out waiting for transform from robot3/base_link to robot3/odom to become available, tf error: Invalid frame ID "robot3/odom" passed to canTransform argument target_frame - frame does not exist
[ros2-11] [controller_server-1] [INFO] [1785138776.594324688] [robot3.local_costmap.local_costmap]: Timed out waiting for transform from robot3/base_link to robot3/odom to become available, tf error: Invalid frame ID "robot3/odom" passed to canTransform argument target_frame - frame does not exist
[ros2-11] [controller_server-1] [INFO] [1785138777.094341491] [robot3.local_costmap.local_costmap]: Timed out waiting for transform from robot3/base_link to robot3/odom to become available, tf error: Invalid frame ID "robot3/odom" passed to canTransform argument target_frame - frame does not exist
[ros2-11] [controller_server-1] [INFO] [1785138777.594304150] [robot3.local_costmap.local_costmap]: Timed out waiting for transform from robot3/base_link to robot3/odom to become available, tf error: Invalid frame ID "robot3/odom" passed to canTransform argument target_frame - frame does not exist
[ros2-11] [controller_server-1] [INFO] [1785138778.094328472] [robot3.local_costmap.local_costmap]: Timed out waiting for transform from robot3/base_link to robot3/odom to become available, tf error: Invalid frame ID "robot3/odom" passed to canTransform argument target_frame - frame does not exist
[ros2-11] [controller_server-1] [INFO] [1785138778.594321345] [robot3.local_costmap.local_costmap]: Timed out waiting for transform from robot3/base_link to robot3/odom to become available, tf error: Invalid frame ID "robot3/odom" passed to canTransform argument target_frame - frame does not exist
[ros2-11] [controller_server-1] [INFO] [1785138779.094354188] [robot3.local_costmap.local_costmap]: Timed out waiting for transform from robot3/base_link to robot3/odom to become available, tf error: Invalid frame ID "robot3/odom" passed to canTransform argument target_frame - frame does not exist
[ros2-11] [controller_server-1] [INFO] [1785138779.594287103] [robot3.local_costmap.local_costmap]: Timed out waiting for transform from robot3/base_link to robot3/odom to become available, tf error: Invalid frame ID "robot3/odom" passed to canTransform argument target_frame - frame does not exist
[ros2-11] [controller_server-1] [INFO] [1785138780.094282945] [robot3.local_costmap.local_costmap]: Timed out waiting for transform from robot3/base_link to robot3/odom to become available, tf error: Invalid frame ID "robot3/odom" passed to canTransform argument target_frame - frame does not exist
[ros2-11] [controller_server-1] [INFO] [1785138780.594325568] [robot3.local_costmap.local_costmap]: Timed out waiting for transform from robot3/base_link to robot3/odom to become available, tf error: Invalid frame ID "robot3/odom" passed to canTransform argument target_frame - frame does not exist
[ros2-11] [controller_server-1] [INFO] [1785138781.094316338] [robot3.local_costmap.local_costmap]: Timed out waiting for transform from robot3/base_link to robot3/odom to become available, tf error: Invalid frame ID "robot3/odom" passed to canTransform argument target_frame - frame does not exist
[ros2-11] [controller_server-1] [INFO] [1785138781.594304654] [robot3.local_costmap.local_costmap]: Timed out waiting for transform from robot3/base_link to robot3/odom to become available, tf error: Invalid frame ID "robot3/odom" passed to canTransform argument target_frame - frame does not exist
[ros2-11] [controller_server-1] [INFO] [1785138782.094323506] [robot3.local_costmap.local_costmap]: Timed out waiting for transform from robot3/base_link to robot3/odom to become available, tf error: Invalid frame ID "robot3/odom" passed to canTransform argument target_frame - frame does not exist
[ros2-11] [controller_server-1] [INFO] [1785138782.594323944] [robot3.local_costmap.local_costmap]: Timed out waiting for transform from robot3/base_link to robot3/odom to become available, tf error: Invalid frame ID "robot3/odom" passed to canTransform argument target_frame - frame does not exist
[ros2-11] [controller_server-1] [INFO] [1785138783.094329107] [robot3.local_costmap.local_costmap]: Timed out waiting for transform from robot3/base_link to robot3/odom to become available, tf error: Invalid frame ID "robot3/odom" passed to canTransform argument target_frame - frame does not exist
[ros2-11] [controller_server-1] [INFO] [1785138783.594298696] [robot3.local_costmap.local_costmap]: Timed out waiting for transform from robot3/base_link to robot3/odom to become available, tf error: Invalid frame ID "robot3/odom" passed to canTransform argument target_frame - frame does not exist
[ros2-11] [controller_server-1] [INFO] [1785138784.094356332] [robot3.local_costmap.local_costmap]: Timed out waiting for transform from robot3/base_link to robot3/odom to become available, tf error: Invalid frame ID "robot3/odom" passed to canTransform argument target_frame - frame does not exist
[ros2-11] [controller_server-1] [INFO] [1785138784.594319086] [robot3.local_costmap.local_costmap]: Timed out waiting for transform from robot3/base_link to robot3/odom to become available, tf error: Invalid frame ID "robot3/odom" passed to canTransform argument target_frame - frame does not exist
[ros2-11] [controller_server-1] [INFO] [1785138785.094301966] [robot3.local_costmap.local_costmap]: Timed out waiting for transform from robot3/base_link to robot3/odom to become available, tf error: Invalid frame ID "robot3/odom" passed to canTransform argument target_frame - frame does not exist
[ros2-11] [controller_server-1] [INFO] [1785138785.594326332] [robot3.local_costmap.local_costmap]: Timed out waiting for transform from robot3/base_link to robot3/odom to become available, tf error: Invalid frame ID "robot3/odom" passed to canTransform argument target_frame - frame does not exist
[ros2-11] [controller_server-1] [INFO] [1785138786.094321701] [robot3.local_costmap.local_costmap]: Timed out waiting for transform from robot3/base_link to robot3/odom to become available, tf error: Invalid frame ID "robot3/odom" passed to canTransform argument target_frame - frame does not exist
[ros2-11] [controller_server-1] [INFO] [1785138786.594301745] [robot3.local_costmap.local_costmap]: Timed out waiting for transform from robot3/base_link to robot3/odom to become available, tf error: Invalid frame ID "robot3/odom" passed to canTransform argument target_frame - frame does not exist
[ros2-11] [controller_server-1] [INFO] [1785138787.094303527] [robot3.local_costmap.local_costmap]: Timed out waiting for transform from robot3/base_link to robot3/odom to become available, tf error: Invalid frame ID "robot3/odom" passed to canTransform argument target_frame - frame does not exist
[ros2-11] [controller_server-1] [INFO] [1785138787.594325804] [robot3.local_costmap.local_costmap]: Timed out waiting for transform from robot3/base_link to robot3/odom to become available, tf error: Invalid frame ID "robot3/odom" passed to canTransform argument target_frame - frame does not exist
[ros2-11] [controller_server-1] [INFO] [1785138788.094302500] [robot3.local_costmap.local_costmap]: Timed out waiting for transform from robot3/base_link to robot3/odom to become available, tf error: Invalid frame ID "robot3/odom" passed to canTransform argument target_frame - frame does not exist
[ros2-11] [controller_server-1] [INFO] [1785138788.594299878] [robot3.local_costmap.local_costmap]: Timed out waiting for transform from robot3/base_link to robot3/odom to become available, tf error: Invalid frame ID "robot3/odom" passed to canTransform argument target_frame - frame does not exist
[ros2-11] [controller_server-1] [INFO] [1785138789.094301147] [robot3.local_costmap.local_costmap]: Timed out waiting for transform from robot3/base_link to robot3/odom to become available, tf error: Invalid frame ID "robot3/odom" passed to canTransform argument target_frame - frame does not exist
[ros2-11] [controller_server-1] [INFO] [1785138789.594298683] [robot3.local_costmap.local_costmap]: Timed out waiting for transform from robot3/base_link to robot3/odom to become available, tf error: Invalid frame ID "robot3/odom" passed to canTransform argument target_frame - frame does not exist
[ros2-11] [controller_server-1] [INFO] [1785138790.094321532] [robot3.local_costmap.local_costmap]: Timed out waiting for transform from robot3/base_link to robot3/odom to become available, tf error: Invalid frame ID "robot3/odom" passed to canTransform argument target_frame - frame does not exist
[ros2-11] [controller_server-1] [INFO] [1785138790.594299100] [robot3.local_costmap.local_costmap]: Timed out waiting for transform from robot3/base_link to robot3/odom to become available, tf error: Invalid frame ID "robot3/odom" passed to canTransform argument target_frame - frame does not exist
[ros2-11] [controller_server-1] [INFO] [1785138791.094334570] [robot3.local_costmap.local_costmap]: Timed out waiting for transform from robot3/base_link to robot3/odom to become available, tf error: Invalid frame ID "robot3/odom" passed to canTransform argument target_frame - frame does not exist
[ros2-11] [controller_server-1] [INFO] [1785138791.594298334] [robot3.local_costmap.local_costmap]: Timed out waiting for transform from robot3/base_link to robot3/odom to become available, tf error: Invalid frame ID "robot3/odom" passed to canTransform argument target_frame - frame does not exist
[ros2-11] [controller_server-1] [INFO] [1785138792.094316446] [robot3.local_costmap.local_costmap]: Timed out waiting for transform from robot3/base_link to robot3/odom to become available, tf error: Invalid frame ID "robot3/odom" passed to canTransform argument target_frame - frame does not exist
[ros2-11] [controller_server-1] [INFO] [1785138792.594318281] [robot3.local_costmap.local_costmap]: Timed out waiting for transform from robot3/base_link to robot3/odom to become available, tf error: Invalid frame ID "robot3/odom" passed to canTransform argument target_frame - frame does not exist
[ros2-11] [controller_server-1] [INFO] [1785138793.094306809] [robot3.local_costmap.local_costmap]: Timed out waiting for transform from robot3/base_link to robot3/odom to become available, tf error: Invalid frame ID "robot3/odom" passed to canTransform argument target_frame - frame does not exist
[ros2-11] [controller_server-1] [INFO] [1785138793.594302033] [robot3.local_costmap.local_costmap]: Timed out waiting for transform from robot3/base_link to robot3/odom to become available, tf error: Invalid frame ID "robot3/odom" passed to canTransform argument target_frame - frame does not exist
[ros2-11] [controller_server-1] [INFO] [1785138794.094327526] [robot3.local_costmap.local_costmap]: Timed out waiting for transform from robot3/base_link to robot3/odom to become available, tf error: Invalid frame ID "robot3/odom" passed to canTransform argument target_frame - frame does not exist
[ros2-11] [controller_server-1] [INFO] [1785138794.594299609] [robot3.local_costmap.local_costmap]: Timed out waiting for transform from robot3/base_link to robot3/odom to become available, tf error: Invalid frame ID "robot3/odom" passed to canTransform argument target_frame - frame does not exist
[ros2-11] [controller_server-1] [INFO] [1785138795.094319009] [robot3.local_costmap.local_costmap]: Timed out waiting for transform from robot3/base_link to robot3/odom to become available, tf error: Invalid frame ID "robot3/odom" passed to canTransform argument target_frame - frame does not exist
[ros2-11] [controller_server-1] [INFO] [1785138795.594320644] [robot3.local_costmap.local_costmap]: Timed out waiting for transform from robot3/base_link to robot3/odom to become available, tf error: Invalid frame ID "robot3/odom" passed to canTransform argument target_frame - frame does not exist
[ros2-11] [controller_server-1] [INFO] [1785138796.094324588] [robot3.local_costmap.local_costmap]: Timed out waiting for transform from robot3/base_link to robot3/odom to become available, tf error: Invalid frame ID "robot3/odom" passed to canTransform argument target_frame - frame does not exist
[ros2-11] [controller_server-1] [INFO] [1785138796.594298741] [robot3.local_costmap.local_costmap]: Timed out waiting for transform from robot3/base_link to robot3/odom to become available, tf error: Invalid frame ID "robot3/odom" passed to canTransform argument target_frame - frame does not exist
[ros2-11] [controller_server-1] [INFO] [1785138797.094364915] [robot3.local_costmap.local_costmap]: Timed out waiting for transform from robot3/base_link to robot3/odom to become available, tf error: Invalid frame ID "robot3/odom" passed to canTransform argument target_frame - frame does not exist
[ros2-11] [controller_server-1] [INFO] [1785138797.594302651] [robot3.local_costmap.local_costmap]: Timed out waiting for transform from robot3/base_link to robot3/odom to become available, tf error: Invalid frame ID "robot3/odom" passed to canTransform argument target_frame - frame does not exist
[ros2-11] [controller_server-1] [INFO] [1785138798.094301612] [robot3.local_costmap.local_costmap]: Timed out waiting for transform from robot3/base_link to robot3/odom to become available, tf error: Invalid frame ID "robot3/odom" passed to canTransform argument target_frame - frame does not exist
[ros2-11] [controller_server-1] [INFO] [1785138798.594340716] [robot3.local_costmap.local_costmap]: Timed out waiting for transform from robot3/base_link to robot3/odom to become available, tf error: Invalid frame ID "robot3/odom" passed to canTransform argument target_frame - frame does not exist
[ros2-11] [controller_server-1] [INFO] [1785138799.094303896] [robot3.local_costmap.local_costmap]: Timed out waiting for transform from robot3/base_link to robot3/odom to become available, tf error: Invalid frame ID "robot3/odom" passed to canTransform argument target_frame - frame does not exist
[ros2-11] [controller_server-1] [INFO] [1785138799.594321511] [robot3.local_costmap.local_costmap]: Timed out waiting for transform from robot3/base_link to robot3/odom to become available, tf error: Invalid frame ID "robot3/odom" passed to canTransform argument target_frame - frame does not exist
[ros2-11] [controller_server-1] [INFO] [1785138800.094303550] [robot3.local_costmap.local_costmap]: Timed out waiting for transform from robot3/base_link to robot3/odom to become available, tf error: Invalid frame ID "robot3/odom" passed to canTransform argument target_frame - frame does not exist
[ros2-11] [controller_server-1] [INFO] [1785138800.594301027] [robot3.local_costmap.local_costmap]: Timed out waiting for transform from robot3/base_link to robot3/odom to become available, tf error: Invalid frame ID "robot3/odom" passed to canTransform argument target_frame - frame does not exist
[ros2-11] [controller_server-1] [INFO] [1785138801.094340498] [robot3.local_costmap.local_costmap]: Timed out waiting for transform from robot3/base_link to robot3/odom to become available, tf error: Invalid frame ID "robot3/odom" passed to canTransform argument target_frame - frame does not exist
[ros2-11] [controller_server-1] [INFO] [1785138801.594298794] [robot3.local_costmap.local_costmap]: Timed out waiting for transform from robot3/base_link to robot3/odom to become available, tf error: Invalid frame ID "robot3/odom" passed to canTransform argument target_frame - frame does not exist
[ros2-11] [controller_server-1] [INFO] [1785138802.094340076] [robot3.local_costmap.local_costmap]: Timed out waiting for transform from robot3/base_link to robot3/odom to become available, tf error: Invalid frame ID "robot3/odom" passed to canTransform argument target_frame - frame does not exist
[ros2-11] [controller_server-1] [INFO] [1785138802.594306078] [robot3.local_costmap.local_costmap]: Timed out waiting for transform from robot3/base_link to robot3/odom to become available, tf error: Invalid frame ID "robot3/odom" passed to canTransform argument target_frame - frame does not exist
[ros2-11] [controller_server-1] [INFO] [1785138803.094302073] [robot3.local_costmap.local_costmap]: Timed out waiting for transform from robot3/base_link to robot3/odom to become available, tf error: Invalid frame ID "robot3/odom" passed to canTransform argument target_frame - frame does not exist
[ros2-11] [controller_server-1] [INFO] [1785138803.594302974] [robot3.local_costmap.local_costmap]: Timed out waiting for transform from robot3/base_link to robot3/odom to become available, tf error: Invalid frame ID "robot3/odom" passed to canTransform argument target_frame - frame does not exist
[ros2-11] [controller_server-1] [INFO] [1785138804.094324920] [robot3.local_costmap.local_costmap]: Timed out waiting for transform from robot3/base_link to robot3/odom to become available, tf error: Invalid frame ID "robot3/odom" passed to canTransform argument target_frame - frame does not exist
[ros2-11] [controller_server-1] [INFO] [1785138804.594271451] [robot3.local_costmap.local_costmap]: Timed out waiting for transform from robot3/base_link to robot3/odom to become available, tf error: Invalid frame ID "robot3/odom" passed to canTransform argument target_frame - frame does not exist
[ros2-11] [controller_server-1] [INFO] [1785138805.094328031] [robot3.local_costmap.local_costmap]: Timed out waiting for transform from robot3/base_link to robot3/odom to become available, tf error: Invalid frame ID "robot3/odom" passed to canTransform argument target_frame - frame does not exist
[ros2-11] [controller_server-1] [INFO] [1785138805.594329486] [robot3.local_costmap.local_costmap]: Timed out waiting for transform from robot3/base_link to robot3/odom to become available, tf error: Invalid frame ID "robot3/odom" passed to canTransform argument target_frame - frame does not exist
[ros2-11] [controller_server-1] [INFO] [1785138806.094322869] [robot3.local_costmap.local_costmap]: Timed out waiting for transform from robot3/base_link to robot3/odom to become available, tf error: Invalid frame ID "robot3/odom" passed to canTransform argument target_frame - frame does not exist
[ros2-11] [controller_server-1] [INFO] [1785138806.594323325] [robot3.local_costmap.local_costmap]: Timed out waiting for transform from robot3/base_link to robot3/odom to become available, tf error: Invalid frame ID "robot3/odom" passed to canTransform argument target_frame - frame does not exist
[ros2-11] [controller_server-1] [INFO] [1785138807.094300992] [robot3.local_costmap.local_costmap]: Timed out waiting for transform from robot3/base_link to robot3/odom to become available, tf error: Invalid frame ID "robot3/odom" passed to canTransform argument target_frame - frame does not exist
[ros2-11] [controller_server-1] [INFO] [1785138807.594297830] [robot3.local_costmap.local_costmap]: Timed out waiting for transform from robot3/base_link to robot3/odom to become available, tf error: Invalid frame ID "robot3/odom" passed to canTransform argument target_frame - frame does not exist
[ros2-11] [controller_server-1] [INFO] [1785138808.094297052] [robot3.local_costmap.local_costmap]: Timed out waiting for transform from robot3/base_link to robot3/odom to become available, tf error: Invalid frame ID "robot3/odom" passed to canTransform argument target_frame - frame does not exist
[ros2-11] [controller_server-1] [INFO] [1785138808.594298133] [robot3.local_costmap.local_costmap]: Timed out waiting for transform from robot3/base_link to robot3/odom to become available, tf error: Invalid frame ID "robot3/odom" passed to canTransform argument target_frame - frame does not exist
[ros2-11] [controller_server-1] [INFO] [1785138809.094301342] [robot3.local_costmap.local_costmap]: Timed out waiting for transform from robot3/base_link to robot3/odom to become available, tf error: Invalid frame ID "robot3/odom" passed to canTransform argument target_frame - frame does not exist
[ros2-11] [controller_server-1] [INFO] [1785138809.594319490] [robot3.local_costmap.local_costmap]: Timed out waiting for transform from robot3/base_link to robot3/odom to become available, tf error: Invalid frame ID "robot3/odom" passed to canTransform argument target_frame - frame does not exist
[ros2-11] [controller_server-1] [INFO] [1785138810.094300897] [robot3.local_costmap.local_costmap]: Timed out waiting for transform from robot3/base_link to robot3/odom to become available, tf error: Invalid frame ID "robot3/odom" passed to canTransform argument target_frame - frame does not exist
[ros2-11] [controller_server-1] [INFO] [1785138810.594299230] [robot3.local_costmap.local_costmap]: Timed out waiting for transform from robot3/base_link to robot3/odom to become available, tf error: Invalid frame ID "robot3/odom" passed to canTransform argument target_frame - frame does not exist
[ros2-11] [controller_server-1] [INFO] [1785138811.094369770] [robot3.local_costmap.local_costmap]: Timed out waiting for transform from robot3/base_link to robot3/odom to become available, tf error: Invalid frame ID "robot3/odom" passed to canTransform argument target_frame - frame does not exist
[ros2-11] [controller_server-1] [INFO] [1785138811.594302972] [robot3.local_costmap.local_costmap]: Timed out waiting for transform from robot3/base_link to robot3/odom to become available, tf error: Invalid frame ID "robot3/odom" passed to canTransform argument target_frame - frame does not exist
[ros2-11] [controller_server-1] [INFO] [1785138812.094348624] [robot3.local_costmap.local_costmap]: Timed out waiting for transform from robot3/base_link to robot3/odom to become available, tf error: Invalid frame ID "robot3/odom" passed to canTransform argument target_frame - frame does not exist
[ros2-11] [controller_server-1] [INFO] [1785138812.594298981] [robot3.local_costmap.local_costmap]: Timed out waiting for transform from robot3/base_link to robot3/odom to become available, tf error: Invalid frame ID "robot3/odom" passed to canTransform argument target_frame - frame does not exist
[ros2-11] [controller_server-1] [INFO] [1785138813.094299627] [robot3.local_costmap.local_costmap]: Timed out waiting for transform from robot3/base_link to robot3/odom to become available, tf error: Invalid frame ID "robot3/odom" passed to canTransform argument target_frame - frame does not exist
[ros2-11] [controller_server-1] [INFO] [1785138813.594329237] [robot3.local_costmap.local_costmap]: Timed out waiting for transform from robot3/base_link to robot3/odom to become available, tf error: Invalid frame ID "robot3/odom" passed to canTransform argument target_frame - frame does not exist
[ros2-11] [controller_server-1] [INFO] [1785138814.094301964] [robot3.local_costmap.local_costmap]: Timed out waiting for transform from robot3/base_link to robot3/odom to become available, tf error: Invalid frame ID "robot3/odom" passed to canTransform argument target_frame - frame does not exist
[ros2-11] [controller_server-1] [INFO] [1785138814.594323130] [robot3.local_costmap.local_costmap]: Timed out waiting for transform from robot3/base_link to robot3/odom to become available, tf error: Invalid frame ID "robot3/odom" passed to canTransform argument target_frame - frame does not exist
[ros2-11] [controller_server-1] [INFO] [1785138815.094301522] [robot3.local_costmap.local_costmap]: Timed out waiting for transform from robot3/base_link to robot3/odom to become available, tf error: Invalid frame ID "robot3/odom" passed to canTransform argument target_frame - frame does not exist
[ros2-11] [controller_server-1] [INFO] [1785138815.594318478] [robot3.local_costmap.local_costmap]: Timed out waiting for transform from robot3/base_link to robot3/odom to become available, tf error: Invalid frame ID "robot3/odom" passed to canTransform argument target_frame - frame does not exist
[ros2-11] [controller_server-1] [INFO] [1785138816.094322550] [robot3.local_costmap.local_costmap]: Timed out waiting for transform from robot3/base_link to robot3/odom to become available, tf error: Invalid frame ID "robot3/odom" passed to canTransform argument target_frame - frame does not exist
[ros2-11] [controller_server-1] [INFO] [1785138816.594298684] [robot3.local_costmap.local_costmap]: Timed out waiting for transform from robot3/base_link to robot3/odom to become available, tf error: Invalid frame ID "robot3/odom" passed to canTransform argument target_frame - frame does not exist
[ros2-11] [controller_server-1] [INFO] [1785138817.094302735] [robot3.local_costmap.local_costmap]: Timed out waiting for transform from robot3/base_link to robot3/odom to become available, tf error: Invalid frame ID "robot3/odom" passed to canTransform argument target_frame - frame does not exist
[ros2-11] [controller_server-1] [INFO] [1785138817.594316216] [robot3.local_costmap.local_costmap]: Timed out waiting for transform from robot3/base_link to robot3/odom to become available, tf error: Invalid frame ID "robot3/odom" passed to canTransform argument target_frame - frame does not exist
[ros2-11] [controller_server-1] [INFO] [1785138818.094300051] [robot3.local_costmap.local_costmap]: Timed out waiting for transform from robot3/base_link to robot3/odom to become available, tf error: Invalid frame ID "robot3/odom" passed to canTransform argument target_frame - frame does not exist
[ros2-11] [controller_server-1] [INFO] [1785138818.594327007] [robot3.local_costmap.local_costmap]: Timed out waiting for transform from robot3/base_link to robot3/odom to become available, tf error: Invalid frame ID "robot3/odom" passed to canTransform argument target_frame - frame does not exist
[ros2-11] [controller_server-1] [INFO] [1785138819.094298035] [robot3.local_costmap.local_costmap]: Timed out waiting for transform from robot3/base_link to robot3/odom to become available, tf error: Invalid frame ID "robot3/odom" passed to canTransform argument target_frame - frame does not exist
[ros2-11] [controller_server-1] [INFO] [1785138819.594315788] [robot3.local_costmap.local_costmap]: Timed out waiting for transform from robot3/base_link to robot3/odom to become available, tf error: Invalid frame ID "robot3/odom" passed to canTransform argument target_frame - frame does not exist
[ros2-11] [controller_server-1] [INFO] [1785138820.094317962] [robot3.local_costmap.local_costmap]: Timed out waiting for transform from robot3/base_link to robot3/odom to become available, tf error: Invalid frame ID "robot3/odom" passed to canTransform argument target_frame - frame does not exist
[ros2-11] [controller_server-1] [INFO] [1785138820.594317495] [robot3.local_costmap.local_costmap]: Timed out waiting for transform from robot3/base_link to robot3/odom to become available, tf error: Invalid frame ID "robot3/odom" passed to canTransform argument target_frame - frame does not exist
[ros2-11] [controller_server-1] [INFO] [1785138821.094335506] [robot3.local_costmap.local_costmap]: Timed out waiting for transform from robot3/base_link to robot3/odom to become available, tf error: Invalid frame ID "robot3/odom" passed to canTransform argument target_frame - frame does not exist
[ros2-11] [controller_server-1] [INFO] [1785138821.594299427] [robot3.local_costmap.local_costmap]: Timed out waiting for transform from robot3/base_link to robot3/odom to become available, tf error: Invalid frame ID "robot3/odom" passed to canTransform argument target_frame - frame does not exist
[ros2-11] [controller_server-1] [INFO] [1785138822.094329261] [robot3.local_costmap.local_costmap]: Timed out waiting for transform from robot3/base_link to robot3/odom to become available, tf error: Invalid frame ID "robot3/odom" passed to canTransform argument target_frame - frame does not exist
[ros2-11] [controller_server-1] [INFO] [1785138822.594321056] [robot3.local_costmap.local_costmap]: Timed out waiting for transform from robot3/base_link to robot3/odom to become available, tf error: Invalid frame ID "robot3/odom" passed to canTransform argument target_frame - frame does not exist
[ros2-11] [controller_server-1] [INFO] [1785138823.094299358] [robot3.local_costmap.local_costmap]: Timed out waiting for transform from robot3/base_link to robot3/odom to become available, tf error: Invalid frame ID "robot3/odom" passed to canTransform argument target_frame - frame does not exist
[ros2-11] [controller_server-1] [INFO] [1785138823.594304350] [robot3.local_costmap.local_costmap]: Timed out waiting for transform from robot3/base_link to robot3/odom to become available, tf error: Invalid frame ID "robot3/odom" passed to canTransform argument target_frame - frame does not exist
[ros2-11] [controller_server-1] [INFO] [1785138824.094304967] [robot3.local_costmap.local_costmap]: Timed out waiting for transform from robot3/base_link to robot3/odom to become available, tf error: Invalid frame ID "robot3/odom" passed to canTransform argument target_frame - frame does not exist
[ros2-11] [controller_server-1] [INFO] [1785138824.594318033] [robot3.local_costmap.local_costmap]: Timed out waiting for transform from robot3/base_link to robot3/odom to become available, tf error: Invalid frame ID "robot3/odom" passed to canTransform argument target_frame - frame does not exist
[ros2-11] [controller_server-1] [INFO] [1785138825.094325830] [robot3.local_costmap.local_costmap]: Timed out waiting for transform from robot3/base_link to robot3/odom to become available, tf error: Invalid frame ID "robot3/odom" passed to canTransform argument target_frame - frame does not exist
[ros2-11] [controller_server-1] [INFO] [1785138825.594325794] [robot3.local_costmap.local_costmap]: Timed out waiting for transform from robot3/base_link to robot3/odom to become available, tf error: Invalid frame ID "robot3/odom" passed to canTransform argument target_frame - frame does not exist
[ros2-11] [controller_server-1] [INFO] [1785138826.094322182] [robot3.local_costmap.local_costmap]: Timed out waiting for transform from robot3/base_link to robot3/odom to become available, tf error: Invalid frame ID "robot3/odom" passed to canTransform argument target_frame - frame does not exist
[ros2-11] [controller_server-1] [INFO] [1785138826.594320839] [robot3.local_costmap.local_costmap]: Timed out waiting for transform from robot3/base_link to robot3/odom to become available, tf error: Invalid frame ID "robot3/odom" passed to canTransform argument target_frame - frame does not exist
[ros2-11] [controller_server-1] [INFO] [1785138827.094290899] [robot3.local_costmap.local_costmap]: Timed out waiting for transform from robot3/base_link to robot3/odom to become available, tf error: Invalid frame ID "robot3/odom" passed to canTransform argument target_frame - frame does not exist
[ros2-11] [controller_server-1] [INFO] [1785138827.594323268] [robot3.local_costmap.local_costmap]: Timed out waiting for transform from robot3/base_link to robot3/odom to become available, tf error: Invalid frame ID "robot3/odom" passed to canTransform argument target_frame - frame does not exist
[ros2-11] [controller_server-1] [INFO] [1785138828.094302447] [robot3.local_costmap.local_costmap]: Timed out waiting for transform from robot3/base_link to robot3/odom to become available, tf error: Invalid frame ID "robot3/odom" passed to canTransform argument target_frame - frame does not exist
[ros2-11] [controller_server-1] [INFO] [1785138828.594300479] [robot3.local_costmap.local_costmap]: Timed out waiting for transform from robot3/base_link to robot3/odom to become available, tf error: Invalid frame ID "robot3/odom" passed to canTransform argument target_frame - frame does not exist
[ros2-11] [controller_server-1] [INFO] [1785138829.094297403] [robot3.local_costmap.local_costmap]: Timed out waiting for transform from robot3/base_link to robot3/odom to become available, tf error: Invalid frame ID "robot3/odom" passed to canTransform argument target_frame - frame does not exist
[ros2-11] [controller_server-1] [INFO] [1785138829.594320364] [robot3.local_costmap.local_costmap]: Timed out waiting for transform from robot3/base_link to robot3/odom to become available, tf error: Invalid frame ID "robot3/odom" passed to canTransform argument target_frame - frame does not exist
[ros2-11] [controller_server-1] [INFO] [1785138830.094299513] [robot3.local_costmap.local_costmap]: Timed out waiting for transform from robot3/base_link to robot3/odom to become available, tf error: Invalid frame ID "robot3/odom" passed to canTransform argument target_frame - frame does not exist
[ros2-11] [controller_server-1] [INFO] [1785138830.594298142] [robot3.local_costmap.local_costmap]: Timed out waiting for transform from robot3/base_link to robot3/odom to become available, tf error: Invalid frame ID "robot3/odom" passed to canTransform argument target_frame - frame does not exist
[ros2-11] [controller_server-1] [INFO] [1785138831.094322761] [robot3.local_costmap.local_costmap]: Timed out waiting for transform from robot3/base_link to robot3/odom to become available, tf error: Invalid frame ID "robot3/odom" passed to canTransform argument target_frame - frame does not exist
[ros2-11] [controller_server-1] [INFO] [1785138831.594299677] [robot3.local_costmap.local_costmap]: Timed out waiting for transform from robot3/base_link to robot3/odom to become available, tf error: Invalid frame ID "robot3/odom" passed to canTransform argument target_frame - frame does not exist
[ros2-11] [controller_server-1] [INFO] [1785138832.094269987] [robot3.local_costmap.local_costmap]: Timed out waiting for transform from robot3/base_link to robot3/odom to become available, tf error: Invalid frame ID "robot3/odom" passed to canTransform argument target_frame - frame does not exist
[ros2-11] [controller_server-1] [INFO] [1785138832.594316714] [robot3.local_costmap.local_costmap]: Timed out waiting for transform from robot3/base_link to robot3/odom to become available, tf error: Invalid frame ID "robot3/odom" passed to canTransform argument target_frame - frame does not exist
[ros2-11] [controller_server-1] [INFO] [1785138833.094297185] [robot3.local_costmap.local_costmap]: Timed out waiting for transform from robot3/base_link to robot3/odom to become available, tf error: Invalid frame ID "robot3/odom" passed to canTransform argument target_frame - frame does not exist
[ros2-11] [controller_server-1] [INFO] [1785138833.594298828] [robot3.local_costmap.local_costmap]: Timed out waiting for transform from robot3/base_link to robot3/odom to become available, tf error: Invalid frame ID "robot3/odom" passed to canTransform argument target_frame - frame does not exist
[ros2-11] [controller_server-1] [INFO] [1785138834.094297587] [robot3.local_costmap.local_costmap]: Timed out waiting for transform from robot3/base_link to robot3/odom to become available, tf error: Invalid frame ID "robot3/odom" passed to canTransform argument target_frame - frame does not exist
[ros2-11] [controller_server-1] [INFO] [1785138834.594302623] [robot3.local_costmap.local_costmap]: Timed out waiting for transform from robot3/base_link to robot3/odom to become available, tf error: Invalid frame ID "robot3/odom" passed to canTransform argument target_frame - frame does not exist
[ros2-11] [controller_server-1] [INFO] [1785138835.094302513] [robot3.local_costmap.local_costmap]: Timed out waiting for transform from robot3/base_link to robot3/odom to become available, tf error: Invalid frame ID "robot3/odom" passed to canTransform argument target_frame - frame does not exist
[ros2-11] [controller_server-1] [INFO] [1785138835.594322245] [robot3.local_costmap.local_costmap]: Timed out waiting for transform from robot3/base_link to robot3/odom to become available, tf error: Invalid frame ID "robot3/odom" passed to canTransform argument target_frame - frame does not exist
[ros2-11] [controller_server-1] [INFO] [1785138836.094358243] [robot3.local_costmap.local_costmap]: Timed out waiting for transform from robot3/base_link to robot3/odom to become available, tf error: Invalid frame ID "robot3/odom" passed to canTransform argument target_frame - frame does not exist
[ros2-11] [controller_server-1] [INFO] [1785138836.594301552] [robot3.local_costmap.local_costmap]: Timed out waiting for transform from robot3/base_link to robot3/odom to become available, tf error: Invalid frame ID "robot3/odom" passed to canTransform argument target_frame - frame does not exist
[ros2-11] [controller_server-1] [INFO] [1785138837.094321198] [robot3.local_costmap.local_costmap]: Timed out waiting for transform from robot3/base_link to robot3/odom to become available, tf error: Invalid frame ID "robot3/odom" passed to canTransform argument target_frame - frame does not exist
[ros2-11] [controller_server-1] [INFO] [1785138837.594318866] [robot3.local_costmap.local_costmap]: Timed out waiting for transform from robot3/base_link to robot3/odom to become available, tf error: Invalid frame ID "robot3/odom" passed to canTransform argument target_frame - frame does not exist
[ros2-11] [controller_server-1] [INFO] [1785138838.094253683] [robot3.local_costmap.local_costmap]: Timed out waiting for transform from robot3/base_link to robot3/odom to become available, tf error: Invalid frame ID "robot3/odom" passed to canTransform argument target_frame - frame does not exist
[ros2-11] [controller_server-1] [INFO] [1785138838.594297717] [robot3.local_costmap.local_costmap]: Timed out waiting for transform from robot3/base_link to robot3/odom to become available, tf error: Invalid frame ID "robot3/odom" passed to canTransform argument target_frame - frame does not exist
[ros2-11] [controller_server-1] [INFO] [1785138839.094300053] [robot3.local_costmap.local_costmap]: Timed out waiting for transform from robot3/base_link to robot3/odom to become available, tf error: Invalid frame ID "robot3/odom" passed to canTransform argument target_frame - frame does not exist
[ros2-11] [controller_server-1] [INFO] [1785138839.594318962] [robot3.local_costmap.local_costmap]: Timed out waiting for transform from robot3/base_link to robot3/odom to become available, tf error: Invalid frame ID "robot3/odom" passed to canTransform argument target_frame - frame does not exist
[ros2-11] [controller_server-1] [INFO] [1785138840.094301524] [robot3.local_costmap.local_costmap]: Timed out waiting for transform from robot3/base_link to robot3/odom to become available, tf error: Invalid frame ID "robot3/odom" passed to canTransform argument target_frame - frame does not exist
[ros2-11] [controller_server-1] [INFO] [1785138840.594332731] [robot3.local_costmap.local_costmap]: Timed out waiting for transform from robot3/base_link to robot3/odom to become available, tf error: Invalid frame ID "robot3/odom" passed to canTransform argument target_frame - frame does not exist
[ros2-11] [controller_server-1] [INFO] [1785138841.094303476] [robot3.local_costmap.local_costmap]: Timed out waiting for transform from robot3/base_link to robot3/odom to become available, tf error: Invalid frame ID "robot3/odom" passed to canTransform argument target_frame - frame does not exist
[ros2-11] [controller_server-1] [INFO] [1785138841.594325357] [robot3.local_costmap.local_costmap]: Timed out waiting for transform from robot3/base_link to robot3/odom to become available, tf error: Invalid frame ID "robot3/odom" passed to canTransform argument target_frame - frame does not exist
[ros2-11] [controller_server-1] [INFO] [1785138842.094320618] [robot3.local_costmap.local_costmap]: Timed out waiting for transform from robot3/base_link to robot3/odom to become available, tf error: Invalid frame ID "robot3/odom" passed to canTransform argument target_frame - frame does not exist
[ros2-11] [controller_server-1] [INFO] [1785138842.594300607] [robot3.local_costmap.local_costmap]: Timed out waiting for transform from robot3/base_link to robot3/odom to become available, tf error: Invalid frame ID "robot3/odom" passed to canTransform argument target_frame - frame does not exist
[ros2-11] [controller_server-1] [INFO] [1785138843.094301240] [robot3.local_costmap.local_costmap]: Timed out waiting for transform from robot3/base_link to robot3/odom to become available, tf error: Invalid frame ID "robot3/odom" passed to canTransform argument target_frame - frame does not exist
[ros2-11] [controller_server-1] [INFO] [1785138843.594322214] [robot3.local_costmap.local_costmap]: Timed out waiting for transform from robot3/base_link to robot3/odom to become available, tf error: Invalid frame ID "robot3/odom" passed to canTransform argument target_frame - frame does not exist
[ros2-11] [controller_server-1] [INFO] [1785138844.094324086] [robot3.local_costmap.local_costmap]: Timed out waiting for transform from robot3/base_link to robot3/odom to become available, tf error: Invalid frame ID "robot3/odom" passed to canTransform argument target_frame - frame does not exist
[ros2-11] [controller_server-1] [INFO] [1785138844.594306666] [robot3.local_costmap.local_costmap]: Timed out waiting for transform from robot3/base_link to robot3/odom to become available, tf error: Invalid frame ID "robot3/odom" passed to canTransform argument target_frame - frame does not exist
[ros2-11] [controller_server-1] [INFO] [1785138845.094303163] [robot3.local_costmap.local_costmap]: Timed out waiting for transform from robot3/base_link to robot3/odom to become available, tf error: Invalid frame ID "robot3/odom" passed to canTransform argument target_frame - frame does not exist
[ros2-11] [controller_server-1] [INFO] [1785138845.594303694] [robot3.local_costmap.local_costmap]: Timed out waiting for transform from robot3/base_link to robot3/odom to become available, tf error: Invalid frame ID "robot3/odom" passed to canTransform argument target_frame - frame does not exist
[ros2-11] [controller_server-1] [INFO] [1785138846.094306993] [robot3.local_costmap.local_costmap]: Timed out waiting for transform from robot3/base_link to robot3/odom to become available, tf error: Invalid frame ID "robot3/odom" passed to canTransform argument target_frame - frame does not exist
[ros2-11] [controller_server-1] [INFO] [1785138846.594256990] [robot3.local_costmap.local_costmap]: Timed out waiting for transform from robot3/base_link to robot3/odom to become available, tf error: Invalid frame ID "robot3/odom" passed to canTransform argument target_frame - frame does not exist
[ros2-11] [controller_server-1] [INFO] [1785138847.094333474] [robot3.local_costmap.local_costmap]: Timed out waiting for transform from robot3/base_link to robot3/odom to become available, tf error: Invalid frame ID "robot3/odom" passed to canTransform argument target_frame - frame does not exist
[ros2-11] [controller_server-1] [INFO] [1785138847.594324775] [robot3.local_costmap.local_costmap]: Timed out waiting for transform from robot3/base_link to robot3/odom to become available, tf error: Invalid frame ID "robot3/odom" passed to canTransform argument target_frame - frame does not exist
[ros2-11] [controller_server-1] [INFO] [1785138848.094335710] [robot3.local_costmap.local_costmap]: Timed out waiting for transform from robot3/base_link to robot3/odom to become available, tf error: Invalid frame ID "robot3/odom" passed to canTransform argument target_frame - frame does not exist
[ros2-11] [controller_server-1] [INFO] [1785138848.594305109] [robot3.local_costmap.local_costmap]: Timed out waiting for transform from robot3/base_link to robot3/odom to become available, tf error: Invalid frame ID "robot3/odom" passed to canTransform argument target_frame - frame does not exist
[ros2-11] [controller_server-1] [INFO] [1785138849.094307163] [robot3.local_costmap.local_costmap]: Timed out waiting for transform from robot3/base_link to robot3/odom to become available, tf error: Invalid frame ID "robot3/odom" passed to canTransform argument target_frame - frame does not exist
[ros2-11] [controller_server-1] [INFO] [1785138849.594317968] [robot3.local_costmap.local_costmap]: Timed out waiting for transform from robot3/base_link to robot3/odom to become available, tf error: Invalid frame ID "robot3/odom" passed to canTransform argument target_frame - frame does not exist
[ros2-11] [controller_server-1] [INFO] [1785138850.094323501] [robot3.local_costmap.local_costmap]: Timed out waiting for transform from robot3/base_link to robot3/odom to become available, tf error: Invalid frame ID "robot3/odom" passed to canTransform argument target_frame - frame does not exist
[ros2-11] [controller_server-1] [INFO] [1785138850.594299914] [robot3.local_costmap.local_costmap]: Timed out waiting for transform from robot3/base_link to robot3/odom to become available, tf error: Invalid frame ID "robot3/odom" passed to canTransform argument target_frame - frame does not exist
[ros2-11] [controller_server-1] [INFO] [1785138851.094276228] [robot3.local_costmap.local_costmap]: Timed out waiting for transform from robot3/base_link to robot3/odom to become available, tf error: Invalid frame ID "robot3/odom" passed to canTransform argument target_frame - frame does not exist
[ros2-11] [controller_server-1] [INFO] [1785138851.594319715] [robot3.local_costmap.local_costmap]: Timed out waiting for transform from robot3/base_link to robot3/odom to become available, tf error: Invalid frame ID "robot3/odom" passed to canTransform argument target_frame - frame does not exist
[ros2-11] [controller_server-1] [INFO] [1785138852.094334329] [robot3.local_costmap.local_costmap]: Timed out waiting for transform from robot3/base_link to robot3/odom to become available, tf error: Invalid frame ID "robot3/odom" passed to canTransform argument target_frame - frame does not exist
[ros2-11] [controller_server-1] [INFO] [1785138852.594333549] [robot3.local_costmap.local_costmap]: Timed out waiting for transform from robot3/base_link to robot3/odom to become available, tf error: Invalid frame ID "robot3/odom" passed to canTransform argument target_frame - frame does not exist
[ros2-11] [controller_server-1] [INFO] [1785138853.094314356] [robot3.local_costmap.local_costmap]: Timed out waiting for transform from robot3/base_link to robot3/odom to become available, tf error: Invalid frame ID "robot3/odom" passed to canTransform argument target_frame - frame does not exist
[ros2-11] [controller_server-1] [INFO] [1785138853.594327333] [robot3.local_costmap.local_costmap]: Timed out waiting for transform from robot3/base_link to robot3/odom to become available, tf error: Invalid frame ID "robot3/odom" passed to canTransform argument target_frame - frame does not exist
[ros2-11] [controller_server-1] [INFO] [1785138854.094301193] [robot3.local_costmap.local_costmap]: Timed out waiting for transform from robot3/base_link to robot3/odom to become available, tf error: Invalid frame ID "robot3/odom" passed to canTransform argument target_frame - frame does not exist
[ros2-11] [controller_server-1] [INFO] [1785138854.594306946] [robot3.local_costmap.local_costmap]: Timed out waiting for transform from robot3/base_link to robot3/odom to become available, tf error: Invalid frame ID "robot3/odom" passed to canTransform argument target_frame - frame does not exist
[ros2-11] [controller_server-1] [INFO] [1785138855.094322239] [robot3.local_costmap.local_costmap]: Timed out waiting for transform from robot3/base_link to robot3/odom to become available, tf error: Invalid frame ID "robot3/odom" passed to canTransform argument target_frame - frame does not exist
[ros2-11] [controller_server-1] [INFO] [1785138855.594327760] [robot3.local_costmap.local_costmap]: Timed out waiting for transform from robot3/base_link to robot3/odom to become available, tf error: Invalid frame ID "robot3/odom" passed to canTransform argument target_frame - frame does not exist
[ros2-11] [controller_server-1] [INFO] [1785138856.094297224] [robot3.local_costmap.local_costmap]: Timed out waiting for transform from robot3/base_link to robot3/odom to become available, tf error: Invalid frame ID "robot3/odom" passed to canTransform argument target_frame - frame does not exist
[ros2-11] [controller_server-1] [INFO] [1785138856.594301961] [robot3.local_costmap.local_costmap]: Timed out waiting for transform from robot3/base_link to robot3/odom to become available, tf error: Invalid frame ID "robot3/odom" passed to canTransform argument target_frame - frame does not exist
[ros2-11] [controller_server-1] [INFO] [1785138857.094329978] [robot3.local_costmap.local_costmap]: Timed out waiting for transform from robot3/base_link to robot3/odom to become available, tf error: Invalid frame ID "robot3/odom" passed to canTransform argument target_frame - frame does not exist
[ros2-11] [controller_server-1] [INFO] [1785138857.594268737] [robot3.local_costmap.local_costmap]: Timed out waiting for transform from robot3/base_link to robot3/odom to become available, tf error: Invalid frame ID "robot3/odom" passed to canTransform argument target_frame - frame does not exist
[ros2-11] [controller_server-1] [INFO] [1785138858.094302191] [robot3.local_costmap.local_costmap]: Timed out waiting for transform from robot3/base_link to robot3/odom to become available, tf error: Invalid frame ID "robot3/odom" passed to canTransform argument target_frame - frame does not exist
[ros2-11] [controller_server-1] [INFO] [1785138858.594300193] [robot3.local_costmap.local_costmap]: Timed out waiting for transform from robot3/base_link to robot3/odom to become available, tf error: Invalid frame ID "robot3/odom" passed to canTransform argument target_frame - frame does not exist
[ros2-11] [controller_server-1] [INFO] [1785138859.094298687] [robot3.local_costmap.local_costmap]: Timed out waiting for transform from robot3/base_link to robot3/odom to become available, tf error: Invalid frame ID "robot3/odom" passed to canTransform argument target_frame - frame does not exist
[ros2-11] [controller_server-1] [INFO] [1785138859.594320103] [robot3.local_costmap.local_costmap]: Timed out waiting for transform from robot3/base_link to robot3/odom to become available, tf error: Invalid frame ID "robot3/odom" passed to canTransform argument target_frame - frame does not exist
[ros2-11] [controller_server-1] [INFO] [1785138860.094299069] [robot3.local_costmap.local_costmap]: Timed out waiting for transform from robot3/base_link to robot3/odom to become available, tf error: Invalid frame ID "robot3/odom" passed to canTransform argument target_frame - frame does not exist
[ros2-11] [controller_server-1] [INFO] [1785138860.594299653] [robot3.local_costmap.local_costmap]: Timed out waiting for transform from robot3/base_link to robot3/odom to become available, tf error: Invalid frame ID "robot3/odom" passed to canTransform argument target_frame - frame does not exist
[ros2-11] [controller_server-1] [INFO] [1785138861.094321157] [robot3.local_costmap.local_costmap]: Timed out waiting for transform from robot3/base_link to robot3/odom to become available, tf error: Invalid frame ID "robot3/odom" passed to canTransform argument target_frame - frame does not exist
[ros2-11] [controller_server-1] [INFO] [1785138861.594322570] [robot3.local_costmap.local_costmap]: Timed out waiting for transform from robot3/base_link to robot3/odom to become available, tf error: Invalid frame ID "robot3/odom" passed to canTransform argument target_frame - frame does not exist
[ros2-11] [controller_server-1] [INFO] [1785138862.094298747] [robot3.local_costmap.local_costmap]: Timed out waiting for transform from robot3/base_link to robot3/odom to become available, tf error: Invalid frame ID "robot3/odom" passed to canTransform argument target_frame - frame does not exist
[ros2-11] [controller_server-1] [INFO] [1785138862.594307276] [robot3.local_costmap.local_costmap]: Timed out waiting for transform from robot3/base_link to robot3/odom to become available, tf error: Invalid frame ID "robot3/odom" passed to canTransform argument target_frame - frame does not exist
[ros2-11] [controller_server-1] [INFO] [1785138863.094295440] [robot3.local_costmap.local_costmap]: Timed out waiting for transform from robot3/base_link to robot3/odom to become available, tf error: Invalid frame ID "robot3/odom" passed to canTransform argument target_frame - frame does not exist
[ros2-11] [controller_server-1] [INFO] [1785138863.594333197] [robot3.local_costmap.local_costmap]: Timed out waiting for transform from robot3/base_link to robot3/odom to become available, tf error: Invalid frame ID "robot3/odom" passed to canTransform argument target_frame - frame does not exist
[ros2-11] [controller_server-1] [INFO] [1785138864.094329264] [robot3.local_costmap.local_costmap]: Timed out waiting for transform from robot3/base_link to robot3/odom to become available, tf error: Invalid frame ID "robot3/odom" passed to canTransform argument target_frame - frame does not exist
[ros2-11] [controller_server-1] [INFO] [1785138864.594299210] [robot3.local_costmap.local_costmap]: Timed out waiting for transform from robot3/base_link to robot3/odom to become available, tf error: Invalid frame ID "robot3/odom" passed to canTransform argument target_frame - frame does not exist
[ros2-11] [controller_server-1] [INFO] [1785138865.094299346] [robot3.local_costmap.local_costmap]: Timed out waiting for transform from robot3/base_link to robot3/odom to become available, tf error: Invalid frame ID "robot3/odom" passed to canTransform argument target_frame - frame does not exist
[ros2-11] [controller_server-1] [INFO] [1785138865.594324614] [robot3.local_costmap.local_costmap]: Timed out waiting for transform from robot3/base_link to robot3/odom to become available, tf error: Invalid frame ID "robot3/odom" passed to canTransform argument target_frame - frame does not exist
[ros2-11] [controller_server-1] [INFO] [1785138866.094300950] [robot3.local_costmap.local_costmap]: Timed out waiting for transform from robot3/base_link to robot3/odom to become available, tf error: Invalid frame ID "robot3/odom" passed to canTransform argument target_frame - frame does not exist
[ros2-11] [controller_server-1] [INFO] [1785138866.594302310] [robot3.local_costmap.local_costmap]: Timed out waiting for transform from robot3/base_link to robot3/odom to become available, tf error: Invalid frame ID "robot3/odom" passed to canTransform argument target_frame - frame does not exist
[ros2-11] [controller_server-1] [INFO] [1785138867.094303733] [robot3.local_costmap.local_costmap]: Timed out waiting for transform from robot3/base_link to robot3/odom to become available, tf error: Invalid frame ID "robot3/odom" passed to canTransform argument target_frame - frame does not exist
[ros2-11] [controller_server-1] [INFO] [1785138867.594301510] [robot3.local_costmap.local_costmap]: Timed out waiting for transform from robot3/base_link to robot3/odom to become available, tf error: Invalid frame ID "robot3/odom" passed to canTransform argument target_frame - frame does not exist
[ros2-11] [controller_server-1] [INFO] [1785138868.094328203] [robot3.local_costmap.local_costmap]: Timed out waiting for transform from robot3/base_link to robot3/odom to become available, tf error: Invalid frame ID "robot3/odom" passed to canTransform argument target_frame - frame does not exist
[ros2-11] [controller_server-1] [INFO] [1785138868.594305292] [robot3.local_costmap.local_costmap]: Timed out waiting for transform from robot3/base_link to robot3/odom to become available, tf error: Invalid frame ID "robot3/odom" passed to canTransform argument target_frame - frame does not exist
[ros2-11] [controller_server-1] [INFO] [1785138869.094317516] [robot3.local_costmap.local_costmap]: Timed out waiting for transform from robot3/base_link to robot3/odom to become available, tf error: Invalid frame ID "robot3/odom" passed to canTransform argument target_frame - frame does not exist
[ros2-11] [controller_server-1] [INFO] [1785138869.594322317] [robot3.local_costmap.local_costmap]: Timed out waiting for transform from robot3/base_link to robot3/odom to become available, tf error: Invalid frame ID "robot3/odom" passed to canTransform argument target_frame - frame does not exist
[ros2-11] [controller_server-1] [INFO] [1785138870.094305392] [robot3.local_costmap.local_costmap]: Timed out waiting for transform from robot3/base_link to robot3/odom to become available, tf error: Invalid frame ID "robot3/odom" passed to canTransform argument target_frame - frame does not exist
[ros2-11] [controller_server-1] [INFO] [1785138870.594317786] [robot3.local_costmap.local_costmap]: Timed out waiting for transform from robot3/base_link to robot3/odom to become available, tf error: Invalid frame ID "robot3/odom" passed to canTransform argument target_frame - frame does not exist
[ros2-11] [controller_server-1] [INFO] [1785138871.094272874] [robot3.local_costmap.local_costmap]: Timed out waiting for transform from robot3/base_link to robot3/odom to become available, tf error: Invalid frame ID "robot3/odom" passed to canTransform argument target_frame - frame does not exist
[ros2-11] [controller_server-1] [INFO] [1785138871.594277320] [robot3.local_costmap.local_costmap]: Timed out waiting for transform from robot3/base_link to robot3/odom to become available, tf error: Invalid frame ID "robot3/odom" passed to canTransform argument target_frame - frame does not exist
[ros2-11] [controller_server-1] [INFO] [1785138872.094307381] [robot3.local_costmap.local_costmap]: Timed out waiting for transform from robot3/base_link to robot3/odom to become available, tf error: Invalid frame ID "robot3/odom" passed to canTransform argument target_frame - frame does not exist
[ros2-11] [controller_server-1] [INFO] [1785138872.594311860] [robot3.local_costmap.local_costmap]: Timed out waiting for transform from robot3/base_link to robot3/odom to become available, tf error: Invalid frame ID "robot3/odom" passed to canTransform argument target_frame - frame does not exist
[ros2-11] [controller_server-1] [INFO] [1785138873.094318715] [robot3.local_costmap.local_costmap]: Timed out waiting for transform from robot3/base_link to robot3/odom to become available, tf error: Invalid frame ID "robot3/odom" passed to canTransform argument target_frame - frame does not exist
[ros2-11] [controller_server-1] [INFO] [1785138873.594303185] [robot3.local_costmap.local_costmap]: Timed out waiting for transform from robot3/base_link to robot3/odom to become available, tf error: Invalid frame ID "robot3/odom" passed to canTransform argument target_frame - frame does not exist
[ros2-11] [controller_server-1] [INFO] [1785138874.094304361] [robot3.local_costmap.local_costmap]: Timed out waiting for transform from robot3/base_link to robot3/odom to become available, tf error: Invalid frame ID "robot3/odom" passed to canTransform argument target_frame - frame does not exist
[ros2-11] [controller_server-1] [INFO] [1785138874.594321667] [robot3.local_costmap.local_costmap]: Timed out waiting for transform from robot3/base_link to robot3/odom to become available, tf error: Invalid frame ID "robot3/odom" passed to canTransform argument target_frame - frame does not exist
[ros2-11] [controller_server-1] [INFO] [1785138875.094313302] [robot3.local_costmap.local_costmap]: Timed out waiting for transform from robot3/base_link to robot3/odom to become available, tf error: Invalid frame ID "robot3/odom" passed to canTransform argument target_frame - frame does not exist
[ros2-11] [controller_server-1] [INFO] [1785138875.594304976] [robot3.local_costmap.local_costmap]: Timed out waiting for transform from robot3/base_link to robot3/odom to become available, tf error: Invalid frame ID "robot3/odom" passed to canTransform argument target_frame - frame does not exist
[ros2-11] [controller_server-1] [INFO] [1785138876.094301898] [robot3.local_costmap.local_costmap]: Timed out waiting for transform from robot3/base_link to robot3/odom to become available, tf error: Invalid frame ID "robot3/odom" passed to canTransform argument target_frame - frame does not exist
[ros2-11] [controller_server-1] [INFO] [1785138876.594301154] [robot3.local_costmap.local_costmap]: Timed out waiting for transform from robot3/base_link to robot3/odom to become available, tf error: Invalid frame ID "robot3/odom" passed to canTransform argument target_frame - frame does not exist
[ros2-11] [controller_server-1] [INFO] [1785138877.094299015] [robot3.local_costmap.local_costmap]: Timed out waiting for transform from robot3/base_link to robot3/odom to become available, tf error: Invalid frame ID "robot3/odom" passed to canTransform argument target_frame - frame does not exist
[ros2-11] [controller_server-1] [INFO] [1785138877.594330872] [robot3.local_costmap.local_costmap]: Timed out waiting for transform from robot3/base_link to robot3/odom to become available, tf error: Invalid frame ID "robot3/odom" passed to canTransform argument target_frame - frame does not exist
[ros2-11] [controller_server-1] [INFO] [1785138878.094343486] [robot3.local_costmap.local_costmap]: Timed out waiting for transform from robot3/base_link to robot3/odom to become available, tf error: Invalid frame ID "robot3/odom" passed to canTransform argument target_frame - frame does not exist
[ros2-11] [controller_server-1] [INFO] [1785138878.594322426] [robot3.local_costmap.local_costmap]: Timed out waiting for transform from robot3/base_link to robot3/odom to become available, tf error: Invalid frame ID "robot3/odom" passed to canTransform argument target_frame - frame does not exist
[ros2-11] [controller_server-1] [INFO] [1785138879.094321747] [robot3.local_costmap.local_costmap]: Timed out waiting for transform from robot3/base_link to robot3/odom to become available, tf error: Invalid frame ID "robot3/odom" passed to canTransform argument target_frame - frame does not exist
[ros2-11] [controller_server-1] [INFO] [1785138879.594299546] [robot3.local_costmap.local_costmap]: Timed out waiting for transform from robot3/base_link to robot3/odom to become available, tf error: Invalid frame ID "robot3/odom" passed to canTransform argument target_frame - frame does not exist
[ros2-11] [controller_server-1] [INFO] [1785138880.094324267] [robot3.local_costmap.local_costmap]: Timed out waiting for transform from robot3/base_link to robot3/odom to become available, tf error: Invalid frame ID "robot3/odom" passed to canTransform argument target_frame - frame does not exist
[ros2-11] [controller_server-1] [INFO] [1785138880.594327637] [robot3.local_costmap.local_costmap]: Timed out waiting for transform from robot3/base_link to robot3/odom to become available, tf error: Invalid frame ID "robot3/odom" passed to canTransform argument target_frame - frame does not exist
[ros2-11] [controller_server-1] [INFO] [1785138881.094320733] [robot3.local_costmap.local_costmap]: Timed out waiting for transform from robot3/base_link to robot3/odom to become available, tf error: Invalid frame ID "robot3/odom" passed to canTransform argument target_frame - frame does not exist
[ros2-11] [controller_server-1] [INFO] [1785138881.594323288] [robot3.local_costmap.local_costmap]: Timed out waiting for transform from robot3/base_link to robot3/odom to become available, tf error: Invalid frame ID "robot3/odom" passed to canTransform argument target_frame - frame does not exist
[ros2-11] [controller_server-1] [INFO] [1785138882.094322485] [robot3.local_costmap.local_costmap]: Timed out waiting for transform from robot3/base_link to robot3/odom to become available, tf error: Invalid frame ID "robot3/odom" passed to canTransform argument target_frame - frame does not exist
[ros2-11] [controller_server-1] [INFO] [1785138882.594312559] [robot3.local_costmap.local_costmap]: Timed out waiting for transform from robot3/base_link to robot3/odom to become available, tf error: Invalid frame ID "robot3/odom" passed to canTransform argument target_frame - frame does not exist
[ros2-11] [controller_server-1] [INFO] [1785138883.094320487] [robot3.local_costmap.local_costmap]: Timed out waiting for transform from robot3/base_link to robot3/odom to become available, tf error: Invalid frame ID "robot3/odom" passed to canTransform argument target_frame - frame does not exist
[ros2-11] [controller_server-1] [INFO] [1785138883.594322166] [robot3.local_costmap.local_costmap]: Timed out waiting for transform from robot3/base_link to robot3/odom to become available, tf error: Invalid frame ID "robot3/odom" passed to canTransform argument target_frame - frame does not exist
[ros2-11] [controller_server-1] [INFO] [1785138884.094321503] [robot3.local_costmap.local_costmap]: Timed out waiting for transform from robot3/base_link to robot3/odom to become available, tf error: Invalid frame ID "robot3/odom" passed to canTransform argument target_frame - frame does not exist
[ros2-11] [controller_server-1] [INFO] [1785138884.594385804] [robot3.local_costmap.local_costmap]: Timed out waiting for transform from robot3/base_link to robot3/odom to become available, tf error: Invalid frame ID "robot3/odom" passed to canTransform argument target_frame - frame does not exist
[ros2-11] [controller_server-1] [INFO] [1785138885.094323062] [robot3.local_costmap.local_costmap]: Timed out waiting for transform from robot3/base_link to robot3/odom to become available, tf error: Invalid frame ID "robot3/odom" passed to canTransform argument target_frame - frame does not exist
[ros2-11] [controller_server-1] [INFO] [1785138885.594303011] [robot3.local_costmap.local_costmap]: Timed out waiting for transform from robot3/base_link to robot3/odom to become available, tf error: Invalid frame ID "robot3/odom" passed to canTransform argument target_frame - frame does not exist
[ros2-11] [controller_server-1] [INFO] [1785138886.094302775] [robot3.local_costmap.local_costmap]: Timed out waiting for transform from robot3/base_link to robot3/odom to become available, tf error: Invalid frame ID "robot3/odom" passed to canTransform argument target_frame - frame does not exist
[ros2-11] [controller_server-1] [INFO] [1785138886.594301012] [robot3.local_costmap.local_costmap]: Timed out waiting for transform from robot3/base_link to robot3/odom to become available, tf error: Invalid frame ID "robot3/odom" passed to canTransform argument target_frame - frame does not exist
[ros2-11] [controller_server-1] [INFO] [1785138887.094328884] [robot3.local_costmap.local_costmap]: Timed out waiting for transform from robot3/base_link to robot3/odom to become available, tf error: Invalid frame ID "robot3/odom" passed to canTransform argument target_frame - frame does not exist
[ros2-11] [controller_server-1] [INFO] [1785138887.594328034] [robot3.local_costmap.local_costmap]: Timed out waiting for transform from robot3/base_link to robot3/odom to become available, tf error: Invalid frame ID "robot3/odom" passed to canTransform argument target_frame - frame does not exist
[ros2-11] [controller_server-1] [INFO] [1785138888.094324144] [robot3.local_costmap.local_costmap]: Timed out waiting for transform from robot3/base_link to robot3/odom to become available, tf error: Invalid frame ID "robot3/odom" passed to canTransform argument target_frame - frame does not exist
[ros2-11] [controller_server-1] [INFO] [1785138888.594317753] [robot3.local_costmap.local_costmap]: Timed out waiting for transform from robot3/base_link to robot3/odom to become available, tf error: Invalid frame ID "robot3/odom" passed to canTransform argument target_frame - frame does not exist
[ros2-11] [controller_server-1] [INFO] [1785138889.094315816] [robot3.local_costmap.local_costmap]: Timed out waiting for transform from robot3/base_link to robot3/odom to become available, tf error: Invalid frame ID "robot3/odom" passed to canTransform argument target_frame - frame does not exist
[ros2-11] [controller_server-1] [INFO] [1785138889.594304271] [robot3.local_costmap.local_costmap]: Timed out waiting for transform from robot3/base_link to robot3/odom to become available, tf error: Invalid frame ID "robot3/odom" passed to canTransform argument target_frame - frame does not exist
[ros2-11] [controller_server-1] [INFO] [1785138890.094328368] [robot3.local_costmap.local_costmap]: Timed out waiting for transform from robot3/base_link to robot3/odom to become available, tf error: Invalid frame ID "robot3/odom" passed to canTransform argument target_frame - frame does not exist
[ros2-11] [controller_server-1] [INFO] [1785138890.594301068] [robot3.local_costmap.local_costmap]: Timed out waiting for transform from robot3/base_link to robot3/odom to become available, tf error: Invalid frame ID "robot3/odom" passed to canTransform argument target_frame - frame does not exist
[ros2-11] [controller_server-1] [INFO] [1785138891.094333469] [robot3.local_costmap.local_costmap]: Timed out waiting for transform from robot3/base_link to robot3/odom to become available, tf error: Invalid frame ID "robot3/odom" passed to canTransform argument target_frame - frame does not exist
[ros2-11] [controller_server-1] [INFO] [1785138891.594329586] [robot3.local_costmap.local_costmap]: Timed out waiting for transform from robot3/base_link to robot3/odom to become available, tf error: Invalid frame ID "robot3/odom" passed to canTransform argument target_frame - frame does not exist
[ros2-11] [controller_server-1] [INFO] [1785138892.094322086] [robot3.local_costmap.local_costmap]: Timed out waiting for transform from robot3/base_link to robot3/odom to become available, tf error: Invalid frame ID "robot3/odom" passed to canTransform argument target_frame - frame does not exist
[ros2-11] [controller_server-1] [INFO] [1785138892.594304170] [robot3.local_costmap.local_costmap]: Timed out waiting for transform from robot3/base_link to robot3/odom to become available, tf error: Invalid frame ID "robot3/odom" passed to canTransform argument target_frame - frame does not exist
[ros2-11] [controller_server-1] [INFO] [1785138893.094300603] [robot3.local_costmap.local_costmap]: Timed out waiting for transform from robot3/base_link to robot3/odom to become available, tf error: Invalid frame ID "robot3/odom" passed to canTransform argument target_frame - frame does not exist
[ros2-11] [controller_server-1] [INFO] [1785138893.594319277] [robot3.local_costmap.local_costmap]: Timed out waiting for transform from robot3/base_link to robot3/odom to become available, tf error: Invalid frame ID "robot3/odom" passed to canTransform argument target_frame - frame does not exist
[ros2-11] [controller_server-1] [INFO] [1785138894.094314426] [robot3.local_costmap.local_costmap]: Timed out waiting for transform from robot3/base_link to robot3/odom to become available, tf error: Invalid frame ID "robot3/odom" passed to canTransform argument target_frame - frame does not exist
[ros2-11] [controller_server-1] [INFO] [1785138894.594300599] [robot3.local_costmap.local_costmap]: Timed out waiting for transform from robot3/base_link to robot3/odom to become available, tf error: Invalid frame ID "robot3/odom" passed to canTransform argument target_frame - frame does not exist
[ros2-11] [controller_server-1] [INFO] [1785138895.094319786] [robot3.local_costmap.local_costmap]: Timed out waiting for transform from robot3/base_link to robot3/odom to become available, tf error: Invalid frame ID "robot3/odom" passed to canTransform argument target_frame - frame does not exist
[ros2-11] [controller_server-1] [INFO] [1785138895.594324355] [robot3.local_costmap.local_costmap]: Timed out waiting for transform from robot3/base_link to robot3/odom to become available, tf error: Invalid frame ID "robot3/odom" passed to canTransform argument target_frame - frame does not exist
[ros2-11] [controller_server-1] [INFO] [1785138896.094317361] [robot3.local_costmap.local_costmap]: Timed out waiting for transform from robot3/base_link to robot3/odom to become available, tf error: Invalid frame ID "robot3/odom" passed to canTransform argument target_frame - frame does not exist
[ros2-11] [controller_server-1] [INFO] [1785138896.594323921] [robot3.local_costmap.local_costmap]: Timed out waiting for transform from robot3/base_link to robot3/odom to become available, tf error: Invalid frame ID "robot3/odom" passed to canTransform argument target_frame - frame does not exist
[ros2-11] [controller_server-1] [INFO] [1785138897.094339075] [robot3.local_costmap.local_costmap]: Timed out waiting for transform from robot3/base_link to robot3/odom to become available, tf error: Invalid frame ID "robot3/odom" passed to canTransform argument target_frame - frame does not exist
[ros2-11] [controller_server-1] [INFO] [1785138897.594298070] [robot3.local_costmap.local_costmap]: Timed out waiting for transform from robot3/base_link to robot3/odom to become available, tf error: Invalid frame ID "robot3/odom" passed to canTransform argument target_frame - frame does not exist
[ros2-11] [controller_server-1] [INFO] [1785138898.094306769] [robot3.local_costmap.local_costmap]: Timed out waiting for transform from robot3/base_link to robot3/odom to become available, tf error: Invalid frame ID "robot3/odom" passed to canTransform argument target_frame - frame does not exist
[ros2-11] [controller_server-1] [INFO] [1785138898.594319142] [robot3.local_costmap.local_costmap]: Timed out waiting for transform from robot3/base_link to robot3/odom to become available, tf error: Invalid frame ID "robot3/odom" passed to canTransform argument target_frame - frame does not exist
